[{
  "corequisites": [],
  "course_name": "INTRODUCTION TO AEROSPACE ENGINEERING",
  "course_number": "AAE 210",
  "credits": "4",
  "description": "Focuses on engineering fundamentals of aeronautics and astronautics, including an introduction to aerodynamics, propulsion, structures, orbital mechanics and mission planning. Presents current industry practices in aerospace vehicle specifications, manufacturing, flight testing and certification.",
  "prerequisites": [["ENGR 211", "ENGR 211H"]]
}, {
  "corequisites": [],
  "course_name": "AEROSPACE APPLICATIONS IN MECHANICAL ENGINEERING",
  "course_number": "AAE 411",
  "credits": "4",
  "description": "Explores the fundamentals of mechanical engineering applications to aerospace. Features an overview of modern aircraft and spacecraft analysis, with an emphasis on performance, stability, structures, materials, FAA and FAR standards and current professional practices in the conceptual design of aerospace vehicles. Integrates course topics into students projects.",
  "prerequisites": [["AAE 210"], ["ME 217"], ["ME 330", "ME 330H", "NSE 330"]]
}, {
  "corequisites": [],
  "course_name": "SPACE SYSTEMS ENGINEERING",
  "course_number": "AAE 412",
  "credits": "4",
  "description": "Introduces current practices for space systems engineering for Earth-orbiting and interplanetary spacecraft. Discusses fundamentals of space mission design, space environment, astronautics, flight dynamics, guidance and navigation, stability and control, thermal control, power, communications, and propulsion.",
  "prerequisites": [["AAE 210"], ["ME 217"], ["ME 373", "ME 373H"]]
}, {
  "corequisites": [],
  "course_name": "AERO VEHICLES COMPONENTS DESIGN",
  "course_number": "AAE 413",
  "credits": "4",
  "description": "Develop mechanical design of aircraft subcomponents. Analyze and model aircraft components and evaluate their integration on aircraft. Apply real-world aircraft component design project with associated deliverables to customer, including basic requirements for Federal Aviation Administration (FAA) certification.",
  "prerequisites": [["AAE 210"], ["ME 217"], ["ME 316"], ["ME 330", "ME 330H", "NSE 330"], ["ME 373", "ME 373H"]]
}, {
  "corequisites": [],
  "course_name": "UAV ENGINEERING",
  "course_number": "AAE 415",
  "credits": "4",
  "description": "Develop a strong foundation in Unmanned Aerial Vehicles (UAV) systems technologies. Engineering evaluation of UAV systems, subcomponents, aircraft missions, operations and Federal Aviation Administration (FAA) requirements. Apply actual UAV models and subsystems to a real-world project on UAV deployment for humanitarian and environmental missions. Write a technical report as a team-project, developing and demonstrating critical thinking and engineering reporting skills in the subject. CROSSLISTED as AAE 415/HEST 415.",
  "prerequisites": [["AAE 210"], ["ME 217"], ["ME 316"], ["ME 330", "ME 330H", "NSE 330"], ["ME 373", "ME 373H"]]
}, {
  "corequisites": [],
  "course_name": "ROCKET PROPULSION",
  "course_number": "AAE 462",
  "credits": "4",
  "description": "Studies rocket propulsion concepts, building on fundamentals of thermodynamics, fluid dynamics, heat transfer, and chemistry. Analyzes and designs liquid, solid, and hybrid propellant rockets, and explores electric and nuclear propulsion systems. Investigates and discusses social, environmental, and ethical issues around rocketry.",
  "prerequisites": [["ME 330", "ME 330H", "NSE 330"], ["AAE 210", "ME 461"]]
}, {
  "corequisites": [],
  "course_name": "SPACE SYSTEMS ENGINEERING",
  "course_number": "AAE 512",
  "credits": "4",
  "description": "Introduces current practices for space systems engineering for Earth-orbiting and interplanetary spacecraft. Discusses fundamentals of space mission design, space environment, astronautics, flight dynamics, guidance and navigation, stability and control, thermal control, power, communications, and propulsion.",
  "prerequisites": []
}, {
  "corequisites": [],
  "course_name": "ROCKET PROPULSION",
  "course_number": "AAE 562",
  "credits": "4",
  "description": "Studies rocket propulsion concepts, building on fundamentals of thermodynamics, fluid dynamics, heat transfer, and chemistry. Analyzes and designs liquid, solid, and hybrid propellant rockets, and explores electric and nuclear propulsion systems. Investigates and discusses social, environmental, and ethical issues around rocketry.",
  "prerequisites": []
}]