[{
  "corequisites": [],
  "course_name": "LEADERSHIP",
  "course_number": "AGRI 002",
  "credits": "0",
  "description": "Provides students with basic personal and interpersonal leadership skills that can be used within and outside of a work setting. Through practice, the leadership experience helps students explore motivation, decision-making, time management, power, team building, conflict, ethics, dealing with change, communication skills, and diversity issues.",
  "prerequisites": []
}, {
  "corequisites": [],
  "course_name": "SPECIAL TOPICS",
  "course_number": "AGRI 199",
  "credits": "1-3",
  "description": "",
  "prerequisites": []
}, {
  "corequisites": [],
  "course_name": "SPECIAL TOPICS",
  "course_number": "AGRI 299",
  "credits": "1-4",
  "description": "Targeted courses that focus on specific topics in agriculture and natural resources. Topics may vary from term to term and from year to year. May be repeated for credit when topics differ.",
  "prerequisites": []
}, {
  "corequisites": [],
  "course_name": "SPECIAL TOPICS",
  "course_number": "AGRI 399",
  "credits": "1-4",
  "description": "",
  "prerequisites": []
}, {
  "corequisites": [],
  "course_name": "INDEPENDENT STUDIES",
  "course_number": "AGRI 402",
  "credits": "1-16",
  "description": "",
  "prerequisites": []
}, {
  "corequisites": [],
  "course_name": "SEMINAR",
  "course_number": "AGRI 407",
  "credits": "1-16",
  "description": "",
  "prerequisites": []
}, {
  "corequisites": [],
  "course_name": "INTRODUCTION TO ORGANIC FOOD PRODUCTION",
  "course_number": "AGRI 420",
  "credits": "3",
  "description": "History of organic farming, advantages and disadvantages, review of long-term studies comparing organic and conventional production systems, a review of the federal organic production guidelines, methods and applications for organic production facilities, crop nutrition, compost and manure utilization, organic amendments, organic field crop production, organic gardening, organic livestock production, weed and pest control in organic systems, and marketing of organic produce.",
  "prerequisites": [["CROP 200", "SOIL 205", "SOIL 205H", "CSS 205", "CSS 305", "BI 204", "BI 213", "BI 213H"]]
}, {
  "corequisites": [],
  "course_name": "EXPLORING WORLD AGRICULTURE",
  "course_number": "AGRI 438",
  "credits": "2",
  "description": "Global practices of food production are highly diverse. However, there are also many common global issues related to agriculture, food, and natural resources. Speakers with international backgrounds and experiences will present material, as well as student teams who will research a topic of personal interest. In addition, opportunities for global study, internship, and research will be explored.",
  "prerequisites": []
}, {
  "corequisites": [],
  "course_name": "SPECIAL TOPICS",
  "course_number": "AGRI 499",
  "credits": "1-4",
  "description": "",
  "prerequisites": []
}, {
  "corequisites": [],
  "course_name": "ORGANIC AGRICULTURE CAPSTONE",
  "course_number": "AGRI 506",
  "credits": "3",
  "description": "",
  "prerequisites": []
}, {
  "corequisites": [],
  "course_name": "INTRODUCTION TO ORGANIC FOOD PRODUCTION",
  "course_number": "AGRI 520",
  "credits": "3",
  "description": "History of organic farming, advantages and disadvantages, review of long-term studies comparing organic and conventional production systems, a review of the federal organic production guidelines, methods and applications for organic production facilities, crop nutrition, compost and manure utilization, organic amendments, organic field crop production, organic gardening, organic livestock production, weed and pest control in organic systems, and marketing of organic produce.",
  "prerequisites": []
}, {
  "corequisites": [],
  "course_name": "SPECIAL TOPICS",
  "course_number": "AGRI 599",
  "credits": "1-4",
  "description": "Targeted courses that focus on specific topics in agricultural science. Topics may vary from term to term and from year to year. May be repeated for credit when topics differ.",
  "prerequisites": []
}]