[{
  "corequisites": [],
  "course_name": "RESEARCH",
  "course_number": "AI 501",
  "credits": "1-16",
  "description": "",
  "prerequisites": []
}, {
  "corequisites": [],
  "course_name": "THESIS",
  "course_number": "AI 503",
  "credits": "1-16",
  "description": "",
  "prerequisites": []
}, {
  "corequisites": [],
  "course_name": "READING AND CONFERENCE",
  "course_number": "AI 505",
  "credits": "1-16",
  "description": "",
  "prerequisites": []
}, {
  "corequisites": [],
  "course_name": "PROJECTS",
  "course_number": "AI 506",
  "credits": "1-16",
  "description": "",
  "prerequisites": []
}, {
  "corequisites": [],
  "course_name": "SEMINAR",
  "course_number": "AI 507",
  "credits": "1-16",
  "description": "",
  "prerequisites": []
}, {
  "corequisites": [],
  "course_name": "OCCUPATIONAL INTERNSHIP",
  "course_number": "AI 510",
  "credits": "1-4",
  "description": "",
  "prerequisites": []
}, {
  "corequisites": [],
  "course_name": "BIG IDEAS IN AI",
  "course_number": "AI 530",
  "credits": "3",
  "description": "Introduces the major ideas and subtopics in the field of Artificial Intelligence (AI) including philosophical foundations, heuristic search, optimization, knowledge representation, reasoning under uncertainty, machine learning, computer vision, natural language processing, sequential decision making, and social and ethical issues. Covers the historical context as well as recent advances.",
  "prerequisites": []
}, {
  "corequisites": [],
  "course_name": "ARTIFICIAL INTELLIGENCE",
  "course_number": "AI 531",
  "credits": "4",
  "description": "Intelligent agents. Problem-solving as heuristic search. Adversarial search. Constraint satisfaction methods; Arc-consistency. Knowledge representation and reasoning. Propositional logic. Reasoning with propositional logic: algorithms for satisfiability. First-order logic. Proof theory, model theory, resolution refutation, forward and backward chaining, representing events and actions.",
  "prerequisites": []
}, {
  "corequisites": [],
  "course_name": "INTELLIGENT AGENTS AND DECISION MAKING",
  "course_number": "AI 533",
  "credits": "4",
  "description": "Representations of agents, execution architectures. Planning: non-linear planning, graphplan, SATplan. Scheduling and resource management. Probabilistic agents. Dynamic belief networks. Dynamic programming (value iteration and policy iteration). Reinforcement learning: Prioritized sweeping, Q learning, value function approximation and SARSA (lamda), policy gradient methods.",
  "prerequisites": []
}, {
  "corequisites": [],
  "course_name": "MACHINE LEARNING",
  "course_number": "AI 534",
  "credits": "4",
  "description": "Continuous representations. Bias-variance tradeoff. Computational learning theory. Gaussian probabilistic models. Linear discriminants. Support vector machines. Neural networks. Ensemble methods. Feature extraction and dimensionality reduction methods. Factor analysis. Principle component analysis. Independent component analysis. Cost-sensitive learning.",
  "prerequisites": []
}, {
  "corequisites": [],
  "course_name": "DEEP LEARNING",
  "course_number": "AI 535",
  "credits": "4",
  "description": "An introduction to the concepts and algorithms in deep learning; basic feedforward neural networks, convolutional neural networks, recurrent neural networks including long short-term memory models, deep belief nets, autoencoders and deep networks applications in computer vision, natural language processing and reinforcement learning.",
  "prerequisites": [["CS 534", "AI 534", "ROB 537"]]
}, {
  "corequisites": [],
  "course_name": "PROBABILISTIC GRAPHICAL MODELS",
  "course_number": "AI 536",
  "credits": "4",
  "description": "Representation of probabilistic graphical models, both directed (Bayesian networks) and undirected (Markov networks). Exact and approximate inference techniques. Parameter and structure learning from data.",
  "prerequisites": []
}, {
  "corequisites": [],
  "course_name": "COMPUTER VISION I",
  "course_number": "AI 537",
  "credits": "3",
  "description": "An introduction to low-level computer vision and visual geometry. Topics of interest include the following: detection of interest points and edges, matching points and edges, color models, projective geometry, camera calibration, epipolar geometry, homography, image stitching, and multitarget tracking.",
  "prerequisites": []
}, {
  "corequisites": [],
  "course_name": "SELECTED TOPICS IN ARTIFICIAL INTELLIGENCE",
  "course_number": "AI 539",
  "credits": "0-5",
  "description": "",
  "prerequisites": []
}, {
  "corequisites": [],
  "course_name": "APPLIED MATRIX ANALYSIS",
  "course_number": "AI 586",
  "credits": "4",
  "description": "Focuses on the why and how advanced matrix analysis tools can solve signal processing (SP) and machine learning (ML) problems. Covers both the fundamental concepts of advanced linear algebra and their applications in the broad areas of signal processing and machine learning. Offers an in-depth close look at a series of core tasks in SP and ML that are enabled by analytical and computational tools in matrix analysis. Introduces frontier research in nonnegative matrix factorization and tensor analysis.",
  "prerequisites": []
}, {
  "corequisites": [],
  "course_name": "RESEARCH",
  "course_number": "AI 601",
  "credits": "1-16",
  "description": "",
  "prerequisites": []
}, {
  "corequisites": [],
  "course_name": "THESIS",
  "course_number": "AI 603",
  "credits": "1-16",
  "description": "",
  "prerequisites": []
}, {
  "corequisites": [],
  "course_name": "READING AND CONFERENCE",
  "course_number": "AI 605",
  "credits": "1-16",
  "description": "",
  "prerequisites": []
}, {
  "corequisites": [],
  "course_name": "SEMINAR",
  "course_number": "AI 607",
  "credits": "1-16",
  "description": "",
  "prerequisites": []
}, {
  "corequisites": [],
  "course_name": "COMPUTER VISION II",
  "course_number": "AI 637",
  "credits": "4",
  "description": "An introduction to recent advances in visual recognition, including object detection, semantic segmentation, multimodal parsing of images and text, image captioning, face recognition, and human activity recognition. Covers common formulations of these problems, including energy minimization on graphical models, and supervised machine learning approaches to low- and high-level recognition tasks.",
  "prerequisites": [["CS 535", "AI 535", "CS 537", "AI 537"]]
}]