[{
  "corequisites": [],
  "course_name": "SPECIAL TOPICS",
  "course_number": "AJ 199",
  "credits": "1-3",
  "description": "",
  "prerequisites": []
}, {
  "corequisites": [],
  "course_name": "SPECIAL TOPICS",
  "course_number": "AJ 299",
  "credits": "1-3",
  "description": "",
  "prerequisites": []
}, {
  "corequisites": [],
  "course_name": "WORKSHOP",
  "course_number": "AJ 308",
  "credits": "1-3",
  "description": "",
  "prerequisites": []
}, {
  "corequisites": [],
  "course_name": "MEDIA STORYTELLING",
  "course_number": "AJ 311",
  "credits": "3",
  "description": "Introduction to community journalism, with a focus on developing storytelling methodologies for a variety of media in firsthand reporting praxis.",
  "prerequisites": [["WR 121", "WR 121H", "WR 121Z", "WR 121H"]]
}, {
  "corequisites": [],
  "course_name": "ADVANCED MEDIA STORYTELLING",
  "course_number": "AJ 312",
  "credits": "3",
  "description": "Continued praxis in journalistic storytelling, with an emphasis on developing intensive hard news stories and photojournalistic essay packages through reporting government agencies.",
  "prerequisites": [["AJ 311"]]
}, {
  "corequisites": [],
  "course_name": "PROFESSIONAL PRACTICES IN APPLIED JOURNALISM",
  "course_number": "AJ 313",
  "credits": "3",
  "description": "Faculty, staff and students connect to generate in-depth critiques of polished journalistic projects, culminating in the production and distribution of a best practices job kit.",
  "prerequisites": [["AJ 311"], ["AJ 312"]]
}, {
  "corequisites": [],
  "course_name": "INDEPENDENT STUDY",
  "course_number": "AJ 402",
  "credits": "1-16",
  "description": "",
  "prerequisites": []
}, {
  "corequisites": [],
  "course_name": "WORKSHOP",
  "course_number": "AJ 408",
  "credits": "1-3",
  "description": "",
  "prerequisites": []
}, {
  "corequisites": [],
  "course_name": "INTERNSHIP",
  "course_number": "AJ 410",
  "credits": "1-6",
  "description": "Students seeking to obtain the Applied Journalism Minor must complete three sections of AJ 410 Internship, to include reporting, production and/or editorial duties at Orange Media Network (OMN).",
  "prerequisites": []
}, {
  "corequisites": [],
  "course_name": "MEDIA LAW AND ETHICS",
  "course_number": "AJ 490",
  "credits": "3",
  "description": "Exploring case studies and other analyses germane to the most relevant and pressing legal and ethical issues in contemporary journalism.",
  "prerequisites": [["AJ 311"]]
}]