[{
  "corequisites": [],
  "course_name": "*INTRODUCTION TO ANTHROPOLOGY",
  "course_number": "ANTH 101",
  "credits": "3",
  "description": "Located at the intersection of the humanities and the sciences, anthropology strives for a holistic understanding of the human condition. This course introduces students to the basic concepts, theories and methods of anthropology, including its four main sub-fields: archaeology, biological anthropology, cultural anthropology, and linguistic anthropology. The course is driven by fundamental questions, including: What is culture? How do anthropologists study human populations, both past and present? How can this field help us better understand contemporary human problems?",
  "prerequisites": []
}, {
  "corequisites": [],
  "course_name": "*LANGUAGE",
  "course_number": "ANTH 159",
  "credits": "RACE",
  "description": "Unpack language, race and racism--as well as the intersections between those ideas-- as cornerstones to understanding identity and society as inherently socially constructed notions. CROSSLISTED as ANTH 159/ES 159/WLC 159. (Bacc Core Course)",
  "prerequisites": []
}, {
  "corequisites": [],
  "course_name": "SPECIAL STUDIES",
  "course_number": "ANTH 199",
  "credits": "1-3",
  "description": "",
  "prerequisites": []
}, {
  "corequisites": [],
  "course_name": "INNOVATION FOR SOCIAL IMPACT",
  "course_number": "ANTH 201",
  "credits": "3",
  "description": "Introduces methods for designing solutions to address needs of low-resource or other vulnerable peoples using tools from engineering and social sciences, and investigates techniques to bring ideas to market sustainably through social entrepreneurship. Multidisciplinary teams will step through the design process, including detailed needs assessment and customer discovery, critique and application of theoretical frameworks, exploration of the diffusion process and relevant system/institutions, prototyping, plans for technical and user experience testing, and considering implementation. CROSSLISTED as ANTH 201/HEST 201.",
  "prerequisites": []
}, {
  "corequisites": [],
  "course_name": "*WESTERN CULTURE STUDY ABROAD",
  "course_number": "ANTH 208",
  "credits": "3",
  "description": "Overseas study of the history and contemporary form of important features of Western culture.",
  "prerequisites": []
}, {
  "corequisites": [],
  "course_name": "*INTRODUCTION TO CULTURAL ANTHROPOLOGY",
  "course_number": "ANTH 210",
  "credits": "3",
  "description": "Defines culture and how the concept of culture developed in Anthropology, including how anthropologists study culture via fieldwork. Discusses how language impacts culture and how globalization has impacted languages and cultures worldwide. Includes discussion on how race is seen from a non-Western perspective. Uses an anthropological perspective to consider religion, human political history, economic processes, sexuality, and health care practices. (Bacc Core Course)",
  "prerequisites": []
}, {
  "corequisites": [],
  "course_name": "TIME TRAVELERS",
  "course_number": "ANTH 230",
  "credits": "3",
  "description": "Introduction to the historical developments of modern archaeology. The often romanticized public image of archaeology will be contrasted with scientific reality. The nature of archaeological data, modern field methods, analytical techniques, and theoretical background will be reviewed in order to illustrate how the unwritten record of human cultural behavior is deciphered. (SS)",
  "prerequisites": []
}, {
  "corequisites": [],
  "course_name": "INTRODUCTION TO BIOLOGICAL ANTHROPOLOGY",
  "course_number": "ANTH 240",
  "credits": "3",
  "description": "An investigation of the origin of modern people (Homo sapiens) in a historical context; review of key discoveries and current research on the relationships between humans and other primates; exploration of contrasting views of humanity. (SS)",
  "prerequisites": []
}, {
  "corequisites": [],
  "course_name": "*LANGUAGE IN THE USA",
  "course_number": "ANTH 251",
  "credits": "3",
  "description": "Examines the linguistic aspects of ethnic, class, and gender differences in the United States of America, with a focus on language attitudes. Uses both oral and written materials and quantitative and qualitative approaches.",
  "prerequisites": []
}, {
  "corequisites": [],
  "course_name": "*LANGUAGE IN THE USA",
  "course_number": "ANTH 251H",
  "credits": "3",
  "description": "Examines the linguistic aspects of ethnic, class, and gender differences in the United States of America, with a focus on language attitudes. Uses both oral and written materials and quantitative and qualitative approaches.",
  "prerequisites": []
}, {
  "corequisites": [],
  "course_name": "*FOOD IN AMERICAN CULTURE",
  "course_number": "ANTH 261",
  "credits": "3",
  "description": "Fosters understanding of the meanings of foods and foodways in American culture. Uses food as a lens to explore general topic areas such as work, family, ecology, and identity. Critically examines core issues that shape and have shaped American culture. CROSSLISTED as ANTH 261/FCSJ 261. (Bacc Core Course) (SS)",
  "prerequisites": []
}, {
  "corequisites": [],
  "course_name": "*PRIMATE ADAPTATION AND EVOLUTION",
  "course_number": "ANTH 284",
  "credits": "4",
  "description": "Introduces students to our closest living relatives, the primates. Uses theories and concepts from evolutionary biology to explore the diverse anatomical and behavioral adaptations of different primate species. Explores the relationships between anatomy, behavior, and ecology on the individual and community level. Provides an evolutionary and ecological framework with which to view primates (including humans) and all living organisms.",
  "prerequisites": []
}, {
  "corequisites": [],
  "course_name": "*PEOPLES OF THE WORLD-NORTH AMERICA",
  "course_number": "ANTH 311",
  "credits": "3",
  "description": "Survey of peoples around the world. Early settlement, cultural history, ecological adaptations, population, family and gender roles, religious ideology, political and economic systems, modern social changes, and contemporary issues pertaining to indigenous peoples in culturally distinct regions of the world. Emphasis is placed on dispelling stereotypic images, both past and present. (NC) (Bacc Core Course)",
  "prerequisites": []
}, {
  "corequisites": [],
  "course_name": "*PEOPLES WORLD-NORTH AMERICA",
  "course_number": "ANTH 311H",
  "credits": "3",
  "description": "Survey of peoples around the world. Early settlement, cultural history, ecological adaptations, population, family and gender roles, religious ideology, political and economic systems, modern social changes, and contemporary issues pertaining to indigenous peoples in culturally distinct regions of the world. Emphasis is placed on dispelling stereotypic images, both past and present. (NC) (Bacc Core Course)",
  "prerequisites": []
}, {
  "corequisites": [],
  "course_name": "*PEOPLES WORLD-EUROPE",
  "course_number": "ANTH 312",
  "credits": "3",
  "description": "Survey of peoples around the world. Early settlement, cultural history, ecological adaptations, population, family and gender roles, religious ideology, political and economic systems, modern social changes, and contemporary issues pertaining to indigenous peoples in culturally distinct regions of the world. Emphasis is placed on dispelling stereotypic images, both past and present. (Bacc Core Course)",
  "prerequisites": []
}, {
  "corequisites": [],
  "course_name": "*PEOPLES WORLD-EUROPE",
  "course_number": "ANTH 312H",
  "credits": "3",
  "description": "Survey of peoples around the world. Early settlement, cultural history, ecological adaptations, population, family and gender roles, religious ideology, political and economic systems, modern social changes, and contemporary issues pertaining to indigenous peoples in culturally distinct regions of the world. Emphasis is placed on dispelling stereotypic images, both past and present. (Bacc Core Course)",
  "prerequisites": []
}, {
  "corequisites": [],
  "course_name": "*PEOPLES OF THE WORLD-LATIN AMERICA",
  "course_number": "ANTH 313",
  "credits": "3",
  "description": "Survey of peoples around the world. Early settlement, cultural history, ecological adaptations, population, family and gender roles, religious ideology, political and economic systems, modern social changes, and contemporary issues pertaining to indigenous peoples in culturally distinct regions of the world. Emphasis is placed on dispelling stereotypic images, both past and present. (NC) (Bacc Core Course)",
  "prerequisites": []
}, {
  "corequisites": [],
  "course_name": "*PEOPLES OF THE WORLD-LATIN AMERICA",
  "course_number": "ANTH 313H",
  "credits": "3",
  "description": "Survey of peoples around the world. Early settlement, cultural history, ecological adaptations, population, family and gender roles, religious ideology, political and economic systems, modern social changes, and contemporary issues pertaining to indigenous peoples in culturally distinct regions of the world. Emphasis is placed on dispelling stereotypic images, both past and present. (NC) (Bacc Core Course)",
  "prerequisites": []
}, {
  "corequisites": [],
  "course_name": "*PEOPLES OF THE WORLD-MIDDLE EAST",
  "course_number": "ANTH 314",
  "credits": "3",
  "description": "Survey of peoples around the world. Early settlement, cultural history, ecological adaptations, population, family and gender roles, religious ideology, political and economic systems, modern social changes, and contemporary issues pertaining to indigenous peoples in culturally distinct regions of the world. Emphasis is placed on dispelling stereotypic images, both past and present. (NC) (Bacc Core Course)",
  "prerequisites": []
}, {
  "corequisites": [],
  "course_name": "*PEOPLES OF THE WORLD-MIDDLE EAST",
  "course_number": "ANTH 314H",
  "credits": "3",
  "description": "Survey of peoples around the world. Early settlement, cultural history, ecological adaptations, population, family and gender roles, religious ideology, political and economic systems, modern social changes, and contemporary issues pertaining to indigenous peoples in culturally distinct regions of the world. Emphasis is placed on dispelling stereotypic images, both past and present. (NC) (Bacc Core Course)",
  "prerequisites": []
}, {
  "corequisites": [],
  "course_name": "*PEOPLES OF THE WORLD-AFRICA",
  "course_number": "ANTH 315",
  "credits": "3",
  "description": "Survey of peoples around the world. Early settlement, cultural history, ecological adaptations, population, family and gender roles, religious ideology, political and economic systems, modern social changes, and contemporary issues pertaining to indigenous peoples in culturally distinct regions of the world. Emphasis is placed on dispelling stereotypic images, both past and present. (NC) (Bacc Core Course)",
  "prerequisites": []
}, {
  "corequisites": [],
  "course_name": "*PEOPLES OF THE WORLD-AFRICA",
  "course_number": "ANTH 315H",
  "credits": "3",
  "description": "Survey of peoples around the world. Early settlement, cultural history, ecological adaptations, population, family and gender roles, religious ideology, political and economic systems, modern social changes, and contemporary issues pertaining to indigenous peoples in culturally distinct regions of the world. Emphasis is placed on dispelling stereotypic images, both past and present. (NC) (Bacc Core Course)",
  "prerequisites": []
}, {
  "corequisites": [],
  "course_name": "*PEOPLES OF THE WORLD-PACIFIC",
  "course_number": "ANTH 317",
  "credits": "3",
  "description": "Survey of peoples around the world. Early settlement, cultural history, ecological adaptations, population, family and gender roles, religious ideology, political and economic systems, modern social changes, and contemporary issues pertaining to indigenous peoples in culturally distinct regions of the world. Emphasis is placed on dispelling stereotypic images, both past and present. (NC) (Bacc Core Course)",
  "prerequisites": []
}, {
  "corequisites": [],
  "course_name": "*PEOPLES OF THE WORLD-CHINA",
  "course_number": "ANTH 318",
  "credits": "3",
  "description": "Survey of peoples around the world. Early settlement, cultural history, ecological adaptations, population, family and gender roles, religious ideology, political and economic systems, modern social changes, and contemporary issues pertaining to indigenous peoples in culturally distinct regions of the world. Emphasis is placed on dispelling stereotypic images, both past and present. (NC) (Bacc Core Course)",
  "prerequisites": []
}, {
  "corequisites": [],
  "course_name": "*PEOPLES OF THE WORLD-CHINA",
  "course_number": "ANTH 318H",
  "credits": "3",
  "description": "Survey of peoples around the world. Early settlement, cultural history, ecological adaptations, population, family and gender roles, religious ideology, political and economic systems, modern social changes, and contemporary issues pertaining to indigenous peoples in culturally distinct regions of the world. Emphasis is placed on dispelling stereotypic images, both past and present. (NC) (Bacc Core Course)",
  "prerequisites": [["ANTH 110", "ANTH 210"]]
}, {
  "corequisites": [],
  "course_name": "*PEOPLES OF THE WORLD-JAPAN AND KOREA",
  "course_number": "ANTH 319",
  "credits": "3",
  "description": "Survey of peoples around the world. Early settlement, cultural history, ecological adaptations, population, family and gender roles, religious ideology, political and economic systems, modern social changes, and contemporary issues pertaining to indigenous peoples in culturally distinct regions of the world. Emphasis is placed on dispelling stereotypic images, both past and present. (NC) (Bacc Core Course)",
  "prerequisites": []
}, {
  "corequisites": [],
  "course_name": "*MARITIME CULTURES AND LIFE-WAYS",
  "course_number": "ANTH 320",
  "credits": "3",
  "description": "Introduces a selection of rich maritime non-western living traditions through intensive study of the literature, ethnographic films and anthropological lectures. The UNESCO convention on intangible cultural heritage domain of knowledge concerning nature and the universe is a grounding point. This domain includes cultural knowledge, skills, and practices that have been developed by cultural groups through interacting with the natural environment. Examines a range of material for key cultural features and concepts and critically reflects on the diversity of maritime cultures and cultural survival.",
  "prerequisites": []
}, {
  "corequisites": [],
  "course_name": "*EVOLUTION OF PEOPLE",
  "course_number": "ANTH 330",
  "credits": "TECHNOLOGY",
  "description": "Overview of the evolution and prehistory of the human species, including the development and interaction of human biology, technology, and society.",
  "prerequisites": []
}, {
  "corequisites": [],
  "course_name": "*EVOLUTION OF PEOPLE",
  "course_number": "ANTH 330H",
  "credits": "TECHNOLOGY",
  "description": "Overview of the evolution and prehistory of the human species, including the development and interaction of human biology, technology, and society.",
  "prerequisites": []
}, {
  "corequisites": [],
  "course_name": "MESOAMERICAN PREHISTORY",
  "course_number": "ANTH 331",
  "credits": "3",
  "description": "Explores the archaeology and prehistory of Mesoamerica from Paleo-Indian times through the Olmec, Maya, Zapotec, and Aztec cultures to the Spanish Conquest. Themes include the transition to settled agriculture, emergence of social inequality and political authority, the role of the natural environment, and the rich cultural heritage of Mesoamerican civilizations.",
  "prerequisites": []
}, {
  "corequisites": [],
  "course_name": "ARCHAEOLOGICAL INFERENCE",
  "course_number": "ANTH 332",
  "credits": "4",
  "description": "In this course on archaeological inference, or the thought process of forming our understanding about the past, we will take a guided tour of the main stages of archaeological research design and try our hand at making archaeological inferences. We begin by learning about the basic conceptual problems in the study of the past, then, we engage with the theories and models used to address them, and finally we apply this knowledge in hands-on analytical activities during the laboratory sessions with archaeological artifacts. Lec/lab.",
  "prerequisites": [["ANTH 230"]]
}, {
  "corequisites": [],
  "course_name": "*BIOLOGICAL AND CULTURAL CONSTRUCTIONS OF RACE",
  "course_number": "ANTH 345",
  "credits": "3",
  "description": "The social, cultural, and historical context of human biological diversity in the United States. Students become acquainted with primary resources relating to biological diversity within the modern human species and will offer a critical perspective on racial/ethnic categorization of that diversity.",
  "prerequisites": []
}, {
  "corequisites": [],
  "course_name": "*BIOLOGICAL AND CULTURAL CONSTRUCTIONS OF RACE",
  "course_number": "ANTH 345H",
  "credits": "3",
  "description": "The social, cultural, and historical context of human biological diversity in the United States. Students become acquainted with primary resources relating to biological diversity within the modern human species and will offer a critical perspective on racial/ethnic categorization of that diversity.",
  "prerequisites": []
}, {
  "corequisites": [],
  "course_name": "LANGUAGE",
  "course_number": "ANTH 350",
  "credits": "CULTURE",
  "description": "An examination of the communicative functions of language and the role of language in the construction of social relations. Covers the origins, structure, and diversity of language. Explores the relationships between language and thought and the use of linguistic models in the study of culture. (SS)",
  "prerequisites": []
}, {
  "corequisites": [],
  "course_name": "LANGUAGE",
  "course_number": "ANTH 350H",
  "credits": "CULTURE",
  "description": "An examination of the communicative functions of language and the role of language in the construction of social relations. Covers the origins, structure, and diversity of language. Explores the relationships between language and thought and the use of linguistic models in the study of culture. (SS)",
  "prerequisites": []
}, {
  "corequisites": [],
  "course_name": "*ANTHROPOLOGY",
  "course_number": "ANTH 352",
  "credits": "HEALTH",
  "description": "Engages medical and environmental anthropology research to critically explore the values, meanings and ideologies associated with ecological and public health issues in given localities throughout the world. Drawing on theory from relevant literature and ethnographic case studies from around the world (including North America, Latin America, Africa, Oceania, and China), covers key topics related to how people are affected by, and respond to, environmental change.",
  "prerequisites": []
}, {
  "corequisites": [],
  "course_name": "*FOOD JUSTICE",
  "course_number": "ANTH 361",
  "credits": "4",
  "description": "Contemporary food systems are examined from a cultural and social justice perspective. The human right to food as recognized by the United Nations serves as the justice grounding point. Impediments to realizing the right to food will be examined in national and international contexts. CROSSLISTED as ANTH 361/FCSJ 361.",
  "prerequisites": []
}, {
  "corequisites": [],
  "course_name": "*FOOD JUSTICE",
  "course_number": "ANTH 361H",
  "credits": "4",
  "description": "Contemporary food systems are examined from a cultural and social justice perspective. The human right to food as recognized by the United Nations serves as the justice grounding point. Impediments to realizing the right to food will be examined in national and international contexts. CROSSLISTED as ANTH 361/FCSJ 361.",
  "prerequisites": []
}, {
  "corequisites": [],
  "course_name": "^ANTHROPOLOGICAL THEORIES",
  "course_number": "ANTH 370",
  "credits": "4",
  "description": "Covers foundational theories, concepts, and approaches in anthropology as a means to understanding how anthropologists past and present use theory. Compares and contrasts prominent theories and their application to current events and situations.",
  "prerequisites": [["ANTH 101", "ANTH 210"]]
}, {
  "corequisites": [],
  "course_name": "RESEARCH METHODS IN CULTURAL ANTHROPOLOGY",
  "course_number": "ANTH 371",
  "credits": "4",
  "description": "Designed for anthropology majors, this course involves students in learning about and practicing anthropological research methods. Students practice ethnographic fieldwork by conducting participant observation and interviews, writing fieldnotes, analyzing real-life material for cultural values and power differences, and writing up a research paper.",
  "prerequisites": [["ANTH 101", "ANTH 210"]]
}, {
  "corequisites": [],
  "course_name": "*SOCIAL NETWORKS AND SOCIETY",
  "course_number": "ANTH 372",
  "credits": "3",
  "description": "Introduces the foundational theory and concepts of social network analysis (SNA) and explores practical applications of SNA in environmental science, public health, business, politics, education, and public life. Also explores how the Internet, social media, and other information and communication technologies are affecting social networks and culture in the 21st century. (Bacc Core Course)",
  "prerequisites": []
}, {
  "corequisites": [],
  "course_name": "APPROACHES TO SOCIAL JUSTICE",
  "course_number": "ANTH 373",
  "credits": "3",
  "description": "Study various ways of thinking about social justice and evaluate these in case studies and current events. Write a research paper on the theoretical and practical aspects of a social justice issue.",
  "prerequisites": []
}, {
  "corequisites": [],
  "course_name": "*ANTHROPOLOGY AND GLOBAL HEALTH",
  "course_number": "ANTH 374",
  "credits": "3",
  "description": "Examines historical and contemporary issues in gender health with emphasis on politics, globalization, and the complex outcomes of interventions in diverse cultural settings. Articulates a critical and evidence-based perspective on complex global health issues.",
  "prerequisites": []
}, {
  "corequisites": [],
  "course_name": "*ANTHROPOLOGY AND GLOBAL HEALTH",
  "course_number": "ANTH 374H",
  "credits": "3",
  "description": "Examines historical and contemporary issues in gender health with emphasis on politics, globalization, and the complex outcomes of interventions in diverse cultural settings. Articulates a critical and evidence-based perspective on complex global health issues.",
  "prerequisites": []
}, {
  "corequisites": [],
  "course_name": "*GLOBAL CONFLICTS: ANTHROPOLOGICAL PERSPECTIVES",
  "course_number": "ANTH 380",
  "credits": "3",
  "description": "Introduction to global conflicts. Investigates the origins of global conflicts in cultures of militarism and analyzes the historical connections of militarism with capitalism, colonialism, patriarchy, and other structures of power. Explores anthropological, historical, and interdisciplinary methods to explain the implications and wide-ranging consequences of global conflicts and militarisms and to analyze how they forge relations between people in distant places. Applies concepts and frameworks from the humanities and social sciences to generate critical and original analyses of global conflicts. Analyzes global resistance to conflict and militarization and develops creative alternatives to conflict in dialogue with peers.",
  "prerequisites": []
}, {
  "corequisites": [],
  "course_name": "*GLOBAL CONFLICTS: ANTHROPOLOGICAL PERSPECTIVES",
  "course_number": "ANTH 380H",
  "credits": "3",
  "description": "Introduction to global conflicts. Investigates the origins of global conflicts in cultures of militarism and analyzes the historical connections of militarism with capitalism, colonialism, patriarchy, and other structures of power. Explores anthropological, historical, and interdisciplinary methods to explain the implications and wide-ranging consequences of global conflicts and militarisms and to analyze how they forge relations between people in distant places. Applies concepts and frameworks from the humanities and social sciences to generate critical and original analyses of global conflicts. Analyzes global resistance to conflict and militarization and develops creative alternatives to conflict in dialogue with peers.",
  "prerequisites": []
}, {
  "corequisites": [],
  "course_name": "*INTRODUCTION TO MEDICAL ANTHROPOLOGY",
  "course_number": "ANTH 383",
  "credits": "3",
  "description": "Examines human health and healing systems from evolutionary and cross-cultural perspectives. Using a case study approach, explores individual- and population-level experiences of illness and healing, while providing the tools to evaluate global disease patterns and international health promotion and education programs.",
  "prerequisites": []
}, {
  "corequisites": [],
  "course_name": "*INTRODUCTION TO MEDICAL ANTHROPOLOGY",
  "course_number": "ANTH 383H",
  "credits": "3",
  "description": "Examines human health and healing systems from evolutionary and cross-cultural perspectives. Using a case study approach, explores individual- and population-level experiences of illness and healing, while providing the tools to evaluate global disease patterns and international health promotion and education programs.",
  "prerequisites": []
}, {
  "corequisites": [],
  "course_name": "SPECIAL TOPICS",
  "course_number": "ANTH 399",
  "credits": "1-16",
  "description": "",
  "prerequisites": []
}, {
  "corequisites": [],
  "course_name": "SPECIAL TOPICS",
  "course_number": "ANTH 399H",
  "credits": "1-16",
  "description": "",
  "prerequisites": []
}, {
  "corequisites": [],
  "course_name": "RESEARCH",
  "course_number": "ANTH 401",
  "credits": "1-6",
  "description": "",
  "prerequisites": []
}, {
  "corequisites": [],
  "course_name": "INDEPENDENT STUDY",
  "course_number": "ANTH 402",
  "credits": "1-6",
  "description": "",
  "prerequisites": []
}, {
  "corequisites": [],
  "course_name": "THESIS",
  "course_number": "ANTH 403",
  "credits": "1-6",
  "description": "",
  "prerequisites": []
}, {
  "corequisites": [],
  "course_name": "READING AND CONFERENCE",
  "course_number": "ANTH 405",
  "credits": "1-6",
  "description": "",
  "prerequisites": []
}, {
  "corequisites": [],
  "course_name": "READING AND CONFERENCE",
  "course_number": "ANTH 405H",
  "credits": "1-6",
  "description": "",
  "prerequisites": []
}, {
  "corequisites": [],
  "course_name": "PROJECTS",
  "course_number": "ANTH 406",
  "credits": "1-6",
  "description": "",
  "prerequisites": []
}, {
  "corequisites": [],
  "course_name": "SEMINAR",
  "course_number": "ANTH 407",
  "credits": "1-3",
  "description": "",
  "prerequisites": []
}, {
  "corequisites": [],
  "course_name": "SEMINAR",
  "course_number": "ANTH 407H",
  "credits": "1-3",
  "description": "",
  "prerequisites": []
}, {
  "corequisites": [],
  "course_name": "PRACTICUM",
  "course_number": "ANTH 409",
  "credits": "1-16",
  "description": "",
  "prerequisites": []
}, {
  "corequisites": [],
  "course_name": "INTERNSHIP",
  "course_number": "ANTH 410",
  "credits": "1-16",
  "description": "Opportunities for students at junior and first-term senior class levels to take advantage of off-campus work experiences during regular term sessions for academic credit. Allows students to broaden and deepen their understanding and appreciation of the value of their academic activity. Internship is supervised and evaluated by individual faculty members.",
  "prerequisites": []
}, {
  "corequisites": [],
  "course_name": "WORLD CULTURES--TOPICS",
  "course_number": "ANTH 420",
  "credits": "4",
  "description": "",
  "prerequisites": []
}, {
  "corequisites": [],
  "course_name": "ANALYSIS OF LITHIC TECHNOLOGIES",
  "course_number": "ANTH 421",
  "credits": "4",
  "description": "Covers the principles, procedures, and purpose of archaeological lithic analysis and the anthropological interpretation of lithic technologies used by prehistoric hunter-gatherers.",
  "prerequisites": [["ANTH 230"]]
}, {
  "corequisites": [],
  "course_name": "HISTORIC MATERIALS ANALYSIS",
  "course_number": "ANTH 422",
  "credits": "3",
  "description": "Introduction to the analytical and descriptive methods and techniques used by historical archeologists to study late 18th through 20th century machine and handmade objects.",
  "prerequisites": [["ANTH 230"]]
}, {
  "corequisites": [],
  "course_name": "CERAMIC ANALYSIS IN ARCHAEOLOGY",
  "course_number": "ANTH 425",
  "credits": "4",
  "description": "Provides fundamental practical skills and theoretical perspectives for the analysis and interpretation of archaeological ceramics. On the practical side, students will learn both basic and advanced techniques for describing and analyzing pottery assemblages encountered by field archaeologists. On the theoretical side, the course will explore the diversity of research questions in which pottery can play a critical role, as well as the various ways in which ceramic data can be interpreted.",
  "prerequisites": [["ANTH 230"]]
}, {
  "corequisites": [],
  "course_name": "TOPICS IN ARCHAEOLOGY",
  "course_number": "ANTH 430",
  "credits": "1-4",
  "description": "Recent advances in archaeology and their application to special fields of study. Topics vary from term to term.",
  "prerequisites": [["ANTH 230", "ANTH 330", "ANTH 330H"]]
}, {
  "corequisites": [],
  "course_name": "*DOMESTICATION",
  "course_number": "ANTH 432",
  "credits": "URBANIZATION",
  "description": "Reviews the development of culture in the Old and New Worlds with special emphasis placed on the when, where, and how of early domestication of plants and animals. Examines the process of urbanization.",
  "prerequisites": []
}, {
  "corequisites": [],
  "course_name": "*DOMESTICATION",
  "course_number": "ANTH 432H",
  "credits": "URBANIZATION",
  "description": "Reviews the development of culture in the Old and New Worlds with special emphasis placed on the when, where, and how of early domestication of plants and animals. Examines the process of urbanization.",
  "prerequisites": []
}, {
  "corequisites": [],
  "course_name": "FIRST AMERICANS",
  "course_number": "ANTH 433",
  "credits": "LAST",
  "description": "The initial human occupation of the Western Hemisphere is explored with particular emphasis on northeast Siberian cultural progenitors, routes and timing of entry into the Americas, population dispersal theory, the paleoenvironmental record, and human cultural responses to the conditions of the last frontier prior to 8,000 years ago.",
  "prerequisites": []
}, {
  "corequisites": [],
  "course_name": "NORTH AMERICA AFTER THE ICE AGE",
  "course_number": "ANTH 434",
  "credits": "4",
  "description": "The development of regional hunting and gathering adaptive strategies in North America from 8000 B.C. to the historic period are examined against a backdrop of changing climate, natural disasters, population growth, and human invention.",
  "prerequisites": []
}, {
  "corequisites": [],
  "course_name": "CULTURAL RESOURCES: POLICY AND PROCEDURES",
  "course_number": "ANTH 435",
  "credits": "4",
  "description": "Description and analysis of requirements and demands of cultural resource management. Historical development of cultural resource laws and appropriate field techniques and strategies to implement legislation.",
  "prerequisites": [["ANTH 230"]]
}, {
  "corequisites": [],
  "course_name": "NORTHWEST PREHISTORY",
  "course_number": "ANTH 436",
  "credits": "4",
  "description": "Materials and theories relating to prehistoric aboriginal cultures of the Northwest. Evaluation of different theories on the origins and adaptations of prehistoric populations to ecological zones within the Northwest; comparisons of the cultural development through prehistoric times of the Columbia Plateau, intermontane and coastal zones of Oregon, Washington, and British Columbia. Special emphasis on the theories of origin, subsequent development of prehistoric cultures in the Northwest, and the present circumstances of archaeology in the Northwest.",
  "prerequisites": []
}, {
  "corequisites": [],
  "course_name": "GEOARCHAEOLOGY",
  "course_number": "ANTH 437",
  "credits": "4",
  "description": "Provides an introduction to geoarchaeological concepts and methods. Emphasis will be placed on the use of geoscientific perspectives and datasets to solve archaeological problems.",
  "prerequisites": [["ANTH 230"]]
}, {
  "corequisites": [],
  "course_name": "ARCHAEOLOGY FIELD SCHOOL",
  "course_number": "ANTH 438",
  "credits": "10-12",
  "description": "Practical skills, archaeological methods and techniques including use of equipment, site surveying and mapping techniques, site excavation strategies, record keeping, field cataloging, report writing, and field camp management.",
  "prerequisites": []
}, {
  "corequisites": [],
  "course_name": "ARCHAEOLOGY OF FORAGERS",
  "course_number": "ANTH 439",
  "credits": "4",
  "description": "Provides an in-depth review of the concepts and approaches employed to study cultural aspects of past foraging peoples using archaeological research methods and theoretical perspectives.",
  "prerequisites": []
}, {
  "corequisites": [],
  "course_name": "TOPICS IN PHYSICAL ANTHROPOLOGY",
  "course_number": "ANTH 440",
  "credits": "1-4",
  "description": "",
  "prerequisites": [["ANTH 240", "ANTH 330", "ANTH 330H"]]
}, {
  "corequisites": [],
  "course_name": "HUMAN EVOLUTION",
  "course_number": "ANTH 441",
  "credits": "4",
  "description": "The evolutionary history of the primate order as it is represented by fossils of the Paleocene through the Holocene. Special attention given to development of the Hominoids in the Miocene, the Australopithecines in the Pliocene, and members of the genus Homo in the Pleistocene. Lec/lab.",
  "prerequisites": [["ANTH 110", "ANTH 210"], ["ANTH 240"]]
}, {
  "corequisites": [],
  "course_name": "HUMAN ADAPTABILITY",
  "course_number": "ANTH 442",
  "credits": "4",
  "description": "Overview of human biology and its various subfields, applications of human biology in areas of nutrition, health, growth, adaptation, and demography. Understanding adaptive variations among populations and individuals in responses to environment, disease, and nutritional stress.",
  "prerequisites": [["ANTH 240"]]
}, {
  "corequisites": [],
  "course_name": "HUMAN OSTEOLOGY LAB",
  "course_number": "ANTH 443",
  "credits": "4",
  "description": "Identification and analysis of human skeletal materials in an archaeological context.",
  "prerequisites": [["ANTH 240"]]
}, {
  "corequisites": [],
  "course_name": "NUTRITIONAL ANTHROPOLOGY",
  "course_number": "ANTH 444",
  "credits": "4",
  "description": "Examines human nutrition and food systems from comparative, biocultural and evolutionary perspectives. Long-term evolutionary processes are examined within an ecological framework as significant factors affecting human biology and susceptibility to diet-related disease. An emphasis on anthropological methods in nutritional assessment including anthropometry, paleodietary assessment and nutritional participant-observation will provide students with the tools to evaluate human diet from skeletal and fossil collections through contemporary cross-cultural populations.",
  "prerequisites": [["ANTH 240", "ANTH 330", "ANTH 330H"]]
}, {
  "corequisites": [],
  "course_name": "FORENSIC ANTHROPOLOGY",
  "course_number": "ANTH 446",
  "credits": "4",
  "description": "Concepts and practices in the use of anthropology in legal matters and police cases, especially involving identification of human remains.",
  "prerequisites": [["ANTH 443"]]
}, {
  "corequisites": [],
  "course_name": "*ARCTIC PERSPECTIVES ON GLOBAL PROBLEMS",
  "course_number": "ANTH 447",
  "credits": "4",
  "description": "The Arctic is on the frontline of today's most pressing global problems. This course uses Arctic perspectives to explore issues affecting us all: climate change, environmental conservation, traditional ecological knowledge, development, energy extraction, indigenous rights, and indigenous media. Using insights from Arctic perspectives, we will plot pathways toward potential solutions. (Bacc Core Course)",
  "prerequisites": []
}, {
  "corequisites": [],
  "course_name": "*ARCTIC PERSPECTIVES ON GLOBAL PROBLEMS",
  "course_number": "ANTH 447H",
  "credits": "4",
  "description": "The Arctic is on the frontline of today's most pressing problems. This course uses Arctic perspectives to explore issues affecting us all: climate change, environmental conservation, traditional ecological knowledge, development, energy extraction, indigenous rights, and indigenous media. Using insights from Arctic perspectives, we will plot pathways toward potential solutions. (Bacc Core Course)",
  "prerequisites": []
}, {
  "corequisites": [],
  "course_name": "EVOLUTIONARY MEDICINE",
  "course_number": "ANTH 448",
  "credits": "4",
  "description": "Evolutionary medicine is founded on the idea that many challenges to human health can be accounted for by discordances between contemporary environments and those under which humans evolved. This course examines ways anthropologists may help to reframe questions about diseases within long-term, evolutionary contexts.",
  "prerequisites": [["ANTH 110", "ANTH 210"], ["ANTH 240", "ANTH 330", "ANTH 330H"]]
}, {
  "corequisites": [],
  "course_name": "BIOCULTURAL PERSPECTIVES ON HUMAN REPRODUCTION",
  "course_number": "ANTH 449",
  "credits": "4",
  "description": "Examines human reproduction and sexuality from the perspective of the New Biocultural Synthesis, a theoretical approach in anthropology that examines the interface of evolved biological, sociocultural and political-economic factors that interact to produce complex human behaviors and biologies. Topics are presented from a life-history perspective where questions related to human reproduction and evolutionary history are examined across the lifespan from mating and conception through elderhood and menopause. Lec/lab.",
  "prerequisites": []
}, {
  "corequisites": [],
  "course_name": "FOLKLORE AND EXPRESSIVE CULTURE",
  "course_number": "ANTH 452",
  "credits": "4",
  "description": "The study of folklore/popular culture in its social and historical context. Examines content, structure, communicative potential, and performative aspects of various forms of oral and written expression. Includes familiarization with the analysis of myths, legends, tall tales, proverbs, riddles, and play languages. (FA)",
  "prerequisites": []
}, {
  "corequisites": [["ES 345"]],
  "course_name": "KALAPUYA PEOPLES CULTURE AND HISTORY STUDIES",
  "course_number": "ANTH 454",
  "credits": "4",
  "description": "Presents and analyzes the deep history and cultural contexts of the Kalapuya peoples of western Oregon from multiple academic disciplines, including anthropology, history, linguistics, archaeology, geography, and environmental studies. Addresses historic and prehistoric themes including Traditional Ecological Knowledge (TEK), arts and crafts (material culture), settler colonization, treaties & removal, reservation life, federal Indian policy, termination & restoration, and survivance of contemporary cultural identity. CROSSLISTED as ANTH 454/ES 454.",
  "prerequisites": [["ES 241", "ES 241H"]]
}, {
  "corequisites": [],
  "course_name": "REPRODUCTIVE JUSTICE: A SERVICE LEARNING COURSE",
  "course_number": "ANTH 455",
  "credits": "4",
  "description": "Reproductive Justice is a service-learning course that aims to bridge theory and practice in reproductive health and social justice by developing connections between the university campus and members of the local community.",
  "prerequisites": []
}, {
  "corequisites": [],
  "course_name": "ANTHROPOLOGY OF SCIENCE",
  "course_number": "ANTH 458",
  "credits": "TECHNOLOGY",
  "description": "Introduces the cross-disciplinary field of Science and Technology Studies (STS), also called social studies of Science, Technology and Society. Examines how science and technology shape social-cultural and environmental changes, and conversely how social-cultural and environmental changes shape science and technology. Reviews science, technology and society from various perspectives in the humanities and social sciences, including anthropology, sociology, history, philosophy/ethics, and political science.",
  "prerequisites": []
}, {
  "corequisites": [],
  "course_name": "LANGUAGE",
  "course_number": "ANTH 459",
  "credits": "RACE",
  "description": "Unpack language, race and racism--as well as the intersections between those ideas-- as cornerstones to understanding identity and society as inherently socially constructed ideas. Better understand how racism is produced and reproduced in talk and text (this will include symbols and signs), especially in the context of the denial of racism. Focuses on the language of racism, and more specifically, types of discourse that construct Whiteness as dominant over Color. CROSSLISTED as ANTH 459/ES 459/WLC 459.",
  "prerequisites": []
}, {
  "corequisites": [],
  "course_name": "ETHNOGRAPHIC FIELD SCHOOL",
  "course_number": "ANTH 460",
  "credits": "6",
  "description": "Involves an intensive field experience, learning and developing practical skills for operating socially and culturally in another culture. Students engage in anthropological and mixed research topics, methods, and analysis, such as research ethics, research design, participant observation, ethnographic interviewing, community mapping, qualitative and quantitative data analysis.",
  "prerequisites": []
}, {
  "corequisites": [],
  "course_name": "NEUROANTHROPOLOGY",
  "course_number": "ANTH 461",
  "credits": "4",
  "description": "The emerging interdisciplinary field of neuroanthropology combines anthropological understandings of human biological and cultural variation with recent findings in neuroscience. Key topics include socialization and enculturation, addiction, ritual, depression, and psychiatric disorders.",
  "prerequisites": [["ANTH 240", "ANTH 345", "ANTH 383", "ANTH 383H"]]
}, {
  "corequisites": [],
  "course_name": "*RURAL ANTHROPOLOGY",
  "course_number": "ANTH 466",
  "credits": "4",
  "description": "Concentrates on study of the socio-cultural dynamics in rural communities as they develop in national and global contexts of political and economic change. Includes anthropological readings on rural issues in domestic and international contexts and a research paper on a contemporary rural issue. (Bacc Core Course)",
  "prerequisites": []
}, {
  "corequisites": [],
  "course_name": "ENERGY IN CULTURAL PERSPECTIVE",
  "course_number": "ANTH 469",
  "credits": "4",
  "description": "Examines historical and current trends in energy around the globe. Course themes include the role of energy in economic development, cultural innovation in energy production, social problems that arise from energy shortages or the uneven distribution of energy resources and social and cultural changes required as societies attempt to reduce their dependence on fossil fuels.",
  "prerequisites": [["ANTH 110", "ANTH 210"]]
}, {
  "corequisites": [],
  "course_name": "TOPICS IN CULTURAL ANTHROPOLOGY",
  "course_number": "ANTH 470",
  "credits": "1-16",
  "description": "Covers recent advances in cultural anthropology and their applications to the field. Topics vary from term to term.",
  "prerequisites": []
}, {
  "corequisites": [],
  "course_name": "CONTEMPORARY NATIVE ISSUES",
  "course_number": "ANTH 472",
  "credits": "4",
  "description": "Examines the background of Indian treaties and reservations with discussions of present issues such as health care, education, the Indian Child Welfare Act, fishing rights, and religious freedom.",
  "prerequisites": []
}, {
  "corequisites": [],
  "course_name": "*GENDER",
  "course_number": "ANTH 473",
  "credits": "ETHNICITY",
  "description": "Study of the practices and ideologies of gender as they intersect with those of ethnicity, race, class, and culture.",
  "prerequisites": []
}, {
  "corequisites": [],
  "course_name": "*GENDER",
  "course_number": "ANTH 473H",
  "credits": "ETHNICITY",
  "description": "Study of the practices and ideologies of gender as they intersect with those of ethnicity, race, class, and culture.",
  "prerequisites": []
}, {
  "corequisites": [],
  "course_name": "ANTHROPOLOGY IN PRACTICE",
  "course_number": "ANTH 475",
  "credits": "4",
  "description": "Capstone course for Anthropology majors. Discusses the use of anthropological skills and methods to solve real-world problems. Addresses professional opportunities for anthropologists; provides career development opportunities; and assesses learning outcomes for Anthropology majors.",
  "prerequisites": []
}, {
  "corequisites": [],
  "course_name": "ECOLOGICAL ANTHROPOLOGY",
  "course_number": "ANTH 477",
  "credits": "4",
  "description": "Examines past and present interactions between humans and their environments. Emphasizes the concept of system and process of human adaptation.",
  "prerequisites": []
}, {
  "corequisites": [],
  "course_name": "*ANTHROPOLOGY OF TOURISM",
  "course_number": "ANTH 478",
  "credits": "4",
  "description": "Tourism is among the world's largest industries. Seeks to understand the relationships between the industry and the other cultural productions. Explores the cultural practices and impacts of tourism in relation to both host and guest communities, and travel as cultural practice.",
  "prerequisites": []
}, {
  "corequisites": [],
  "course_name": "ANTHROPOLOGY OF MIGRATION",
  "course_number": "ANTH 479",
  "credits": "4",
  "description": "Focuses on the multiple aspects of population movements around the globe. Investigates the history of recent human migration; current theories, trends and policies; as well as issues of immigrant incorporation and anti-immigrant politics.",
  "prerequisites": []
}, {
  "corequisites": [],
  "course_name": "*NATURAL RESOURCES AND COMMUNITY VALUES",
  "course_number": "ANTH 481",
  "credits": "3",
  "description": "Investigates relations between human communities and the values of community members. Resource issues integrate concepts from social science, economics, and ecology. (Bacc Core Course)",
  "prerequisites": []
}, {
  "corequisites": [],
  "course_name": "*NATURAL RESOURCES AND COMMUNITY VALUES",
  "course_number": "ANTH 481H",
  "credits": "3",
  "description": "Investigates relations between human communities and the values of community members. Resource issues integrate concepts from social science, economics, and ecology. (Bacc Core Course)",
  "prerequisites": []
}, {
  "corequisites": [],
  "course_name": "*ANTHROPOLOGY OF INTERNATIONAL DEVELOPMENT",
  "course_number": "ANTH 482",
  "credits": "4",
  "description": "Examines the ideological and theoretical bases of world assistance programs and their effects on different sectors and classes, including women. Causes of world hunger in terms of agronomic, mainstream economic and radical economic paradigms are developed and contrasted.",
  "prerequisites": []
}, {
  "corequisites": [],
  "course_name": "*WEALTH AND POVERTY",
  "course_number": "ANTH 484",
  "credits": "4",
  "description": "Summarizes the distribution of wealth observed cross-culturally and through time. Determines the relation between wealth distribution and economic productivity. Shows the impact of industrialization and economic wealth distribution in Western civilization and cross-culturally. Evaluates how cultural practices affect wealth distribution in Western and non-Western societies. (Bacc Core Course)",
  "prerequisites": []
}, {
  "corequisites": [],
  "course_name": "CAPSTONE IN SOCIAL JUSTICE",
  "course_number": "ANTH 485",
  "credits": "2",
  "description": "Working with an advisor from the Social Justice minor, conduct research to synthesize and extend analysis of a particular social justice issue, building on three previous papers or projects. Results are presented in a 10-15 page paper and a public poster, presentation or website. CROSSLISTED as ANTH 485/ES 485/WGSS 485.",
  "prerequisites": [["ANTH 373", "ES 373", "WGSS 373", "WLC 373"], ["ANTH 410", "ES 410", "WGSS 410", "WLC 410"]]
}, {
  "corequisites": [],
  "course_name": "ANTHROPOLOGY OF FOOD",
  "course_number": "ANTH 486",
  "credits": "4",
  "description": "The role of food in human cultures, both past and present. Includes discussion of different food procurement styles, social movements and the political economy of food. Looks at the symbolic aspects of food as well as its relationship with the environment. CROSSLISTED as ANTH 486/FCSJ 486 and ANTH 586/FCSJ 586.",
  "prerequisites": []
}, {
  "corequisites": [],
  "course_name": "TOPICS IN METHODOLOGY",
  "course_number": "ANTH 490",
  "credits": "1-4",
  "description": "Recent advances in anthropological methodologies and their application to special fields of study. Topics vary from term to term.",
  "prerequisites": []
}, {
  "corequisites": [],
  "course_name": "ARCHAEOLOGICAL LABORATORY METHODS",
  "course_number": "ANTH 492",
  "credits": "1-3",
  "description": "Provides information on the basics of archaeological laboratory work. Students learn the day-to-day operations of a lab, how to classify and catalog artifacts, and how to do artifact analysis, research hypothesis.",
  "prerequisites": []
}, {
  "corequisites": [],
  "course_name": "ARCHAEOLOGICAL FIELD METHODS",
  "course_number": "ANTH 497",
  "credits": "1-3",
  "description": "Archaeological field strategies emphasizing reconnaissance and survey. Application of field equipment and project management.",
  "prerequisites": []
}, {
  "corequisites": [],
  "course_name": "ORAL NARRATIVE",
  "course_number": "ANTH 498",
  "credits": "3",
  "description": "Methodology course focused on the collection and processing of multiple speech genres, including personal narrative, oral history, folklore, and songs. Attention is given to ethics, legal issues, different forms of transcription, and the politics of representation.",
  "prerequisites": [["ANTH 350"]]
}, {
  "corequisites": [],
  "course_name": "SPECIAL TOPICS IN ANTHROPOLOGY",
  "course_number": "ANTH 499",
  "credits": "1-16",
  "description": "",
  "prerequisites": []
}, {
  "corequisites": [],
  "course_name": "SPECIAL TOPICS IN ANTHROPOLOGY",
  "course_number": "ANTH 499H",
  "credits": "1-16",
  "description": "",
  "prerequisites": []
}, {
  "corequisites": [],
  "course_name": "RESEARCH",
  "course_number": "ANTH 501",
  "credits": "1-6",
  "description": "",
  "prerequisites": []
}, {
  "corequisites": [],
  "course_name": "INDEPENDENT STUDY",
  "course_number": "ANTH 502",
  "credits": "1-6",
  "description": "",
  "prerequisites": []
}, {
  "corequisites": [],
  "course_name": "THESIS",
  "course_number": "ANTH 503",
  "credits": "1-12",
  "description": "",
  "prerequisites": []
}, {
  "corequisites": [],
  "course_name": "READING AND CONFERENCE",
  "course_number": "ANTH 505",
  "credits": "1-6",
  "description": "",
  "prerequisites": []
}, {
  "corequisites": [],
  "course_name": "PROJECTS",
  "course_number": "ANTH 506",
  "credits": "1-6",
  "description": "",
  "prerequisites": []
}, {
  "corequisites": [],
  "course_name": "SEMINAR",
  "course_number": "ANTH 507",
  "credits": "1-3",
  "description": "",
  "prerequisites": []
}, {
  "corequisites": [],
  "course_name": "PRACTICUM",
  "course_number": "ANTH 509",
  "credits": "1-16",
  "description": "",
  "prerequisites": []
}, {
  "corequisites": [],
  "course_name": "GRADUATE INTERNSHIP",
  "course_number": "ANTH 510",
  "credits": "1-16",
  "description": "Opportunities for students at junior and first-term senior class levels to take advantage of off-campus work experiences during regular term sessions for academic credit. Allows students to broaden and deepen their understanding and appreciation of the value of their academic activity. Internship is supervised and evaluated by individual faculty members.",
  "prerequisites": []
}, {
  "corequisites": [],
  "course_name": "ADVANCED RESEARCH LITERATURE REVIEW",
  "course_number": "ANTH 515",
  "credits": "3",
  "description": "Provides graduate students with knowledge and experience in the advanced literature review process including construction of the literature review as product. One of the primary skills graduate students must master is advanced review of a body of literature for the research project. Mastery of the literature review process influences quality and sophistication of claims developed to justify research, with the written review clearly delineating the unique contribution of the student’s research and the knowledge gap that it fills. The literature review as a product is a strong written argument that builds a case from credible evidence based on previous research.",
  "prerequisites": []
}, {
  "corequisites": [],
  "course_name": "ANALYSIS OF LITHIC TECHNOLOGIES",
  "course_number": "ANTH 521",
  "credits": "4",
  "description": "Covers the principles, procedures, and purpose of archaeological lithic analysis and the anthropological interpretation of lithic technologies used by prehistoric hunter-gatherers.",
  "prerequisites": []
}, {
  "corequisites": [],
  "course_name": "CERAMIC ANALYSIS IN ARCHAEOLOGY",
  "course_number": "ANTH 525",
  "credits": "4",
  "description": "Provides fundamental practical skills and theoretical perspectives for the analysis and interpretation of archaeological ceramics. On the practical side, students will learn both basic and advanced techniques for describing and analyzing pottery assemblages encountered by field archaeologists. On the theoretical side, the course will explore the diversity of research questions in which pottery can play a critical role, as well as the various ways in which ceramic data can be interpreted.",
  "prerequisites": []
}, {
  "corequisites": [],
  "course_name": "TOPICS IN ARCHAEOLOGY",
  "course_number": "ANTH 530",
  "credits": "1-4",
  "description": "Recent advances in archaeology and their application to special fields of study. Topics vary from term to term.",
  "prerequisites": []
}, {
  "corequisites": [],
  "course_name": "ARCHAEOLOGICAL THEORY",
  "course_number": "ANTH 531",
  "credits": "4",
  "description": "Historical development of archaeological field techniques and theoretical concepts with an emphasis on modern method and theory in North American archaeology.",
  "prerequisites": []
}, {
  "corequisites": [],
  "course_name": "FIRST AMERICANS",
  "course_number": "ANTH 533",
  "credits": "LAST",
  "description": "The initial human occupation of the Western Hemisphere is explored with particular emphasis on northeast Siberian cultural progenitors, routes and timing of entry into the Americas, population dispersal theory, the paleoenvironmental record, and human cultural responses to the conditions of the last frontier prior to 8,000 years ago.",
  "prerequisites": []
}, {
  "corequisites": [],
  "course_name": "CULTURAL RESOURCES: POLICY AND PROCEDURES",
  "course_number": "ANTH 535",
  "credits": "4",
  "description": "Description and analysis of requirements and demands of cultural resource management. Historical development of cultural resource laws and appropriate field techniques and strategies to implement legislation.",
  "prerequisites": []
}, {
  "corequisites": [],
  "course_name": "NORTHWEST PREHISTORY",
  "course_number": "ANTH 536",
  "credits": "4",
  "description": "Materials and theories relating to prehistoric aboriginal cultures of the Northwest. Evaluation of different theories on the origins and adaptations of prehistoric populations to ecological zones within the Northwest; comparisons of the cultural development through prehistoric times of the Columbia Plateau, intermontane and coastal zones of Oregon, Washington, and British Columbia. Special emphasis on the theories of origin, subsequent development of prehistoric cultures in the Northwest, and the present circumstances of archaeology in the Northwest.",
  "prerequisites": []
}, {
  "corequisites": [],
  "course_name": "GEOARCHAEOLOGY",
  "course_number": "ANTH 537",
  "credits": "4",
  "description": "Provides an introduction to geoarchaeological concepts and methods. Emphasis will be placed on the use of geoscientific perspectives and datasets to solve archaeological problems.",
  "prerequisites": []
}, {
  "corequisites": [],
  "course_name": "ARCHAEOLOGY FIELD SCHOOL",
  "course_number": "ANTH 538",
  "credits": "1-10",
  "description": "Practical skills, archaeological methods and techniques including use of equipment, site surveying and mapping techniques, site excavation strategies, record keeping, field cataloging, report writing, and field camp management.",
  "prerequisites": []
}, {
  "corequisites": [],
  "course_name": "ARCHAEOLOGY OF FORAGERS",
  "course_number": "ANTH 539",
  "credits": "4",
  "description": "Provides an in-depth review of the concepts and approaches employed to study cultural aspects of past foraging peoples using archaeological research methods and theoretical perspectives.",
  "prerequisites": []
}, {
  "corequisites": [],
  "course_name": "TOPICS IN PHYSICAL ANTHROPOLOGY",
  "course_number": "ANTH 540",
  "credits": "1-4",
  "description": "",
  "prerequisites": []
}, {
  "corequisites": [],
  "course_name": "HUMAN EVOLUTION",
  "course_number": "ANTH 541",
  "credits": "4",
  "description": "The evolutionary history of the primate order as it is represented by fossils of the Paleocene through the Holocene. Special attention given to development of the Hominoids in the Miocene, the Australopithecines in the Pliocene, and members of the genus Homo in the Pleistocene. Lec/lab.",
  "prerequisites": []
}, {
  "corequisites": [],
  "course_name": "HUMAN ADAPTABILITY",
  "course_number": "ANTH 542",
  "credits": "4",
  "description": "Overview of human biology and its various sub fields, applications of human biology in areas of nutrition, health, growth, adaptation, and demography. Understanding adaptive variations among populations and individuals in responses to environment, disease, and nutritional stress.",
  "prerequisites": []
}, {
  "corequisites": [],
  "course_name": "HUMAN OSTEOLOGY LAB",
  "course_number": "ANTH 543",
  "credits": "4",
  "description": "Identification and analysis of human skeletal materials in an archaeological context.",
  "prerequisites": []
}, {
  "corequisites": [],
  "course_name": "NUTRITIONAL ANTHROPOLOGY",
  "course_number": "ANTH 544",
  "credits": "4",
  "description": "Examines human nutrition and food systems from comparative, biocultural and evolutionary perspectives. Long-term evolutionary processes are examined within an ecological framework as significant factors affecting human biology and susceptibility to diet-related disease. An emphasis on anthropological methods in nutritional assessment including anthropometry, paleodietary assessment and nutritional participant-observation will provide students with the tools to evaluate human diet from skeletal and fossil collections through contemporary cross-cultural populations.",
  "prerequisites": []
}, {
  "corequisites": [],
  "course_name": "FORENSIC ANTHROPOLOGY",
  "course_number": "ANTH 546",
  "credits": "4",
  "description": "Concepts and practices in the use of anthropology in legal matters and police cases, especially involving identification of human remains.",
  "prerequisites": []
}, {
  "corequisites": [],
  "course_name": "METHODS IN FOOD IN CULTURE AND SOCIAL JUSTICE STUDIES",
  "course_number": "ANTH 547",
  "credits": "4",
  "description": "Exposes graduate students to the methodological approaches and methods used in guiding empirical research on the socio-cultural aspects of food, focusing on vulnerable populations, food security, procurement, foodways, disasters, and climate change. Methodological approaches and methods as evidenced in peer-reviewed publications is the grounding for the course. CROSSLISTED as ANTH 547/FCSJ 547.",
  "prerequisites": []
}, {
  "corequisites": [],
  "course_name": "EVOLUTIONARY MEDICINE",
  "course_number": "ANTH 548",
  "credits": "4",
  "description": "Evolutionary medicine is founded on the idea that many challenges to human health can be accounted for by discordances between contemporary environments and those under which humans evolved. This course examines ways anthropologists may help to reframe questions about diseases within long-term, evolutionary contexts.",
  "prerequisites": []
}, {
  "corequisites": [],
  "course_name": "FOLKLORE AND EXPRESSIVE CULTURE",
  "course_number": "ANTH 552",
  "credits": "4",
  "description": "The study of folklore/popular culture in its social and historical context. Examines content, structure, communicative potential, and performative aspects of various forms of oral and written expression. Includes familiarization with the analysis of myths, legends, tall tales, proverbs, riddles, and play languages.",
  "prerequisites": []
}, {
  "corequisites": [],
  "course_name": "KALAPUYA PEOPLES CULTURE AND HISTORY STUDIES",
  "course_number": "ANTH 554",
  "credits": "4",
  "description": "Presents and analyzes the deep history and cultural contexts of the Kalapuya peoples of western Oregon from multiple academic disciplines, including anthropology, history, linguistics, archaeology, geography, and environmental studies. Addresses historic and prehistoric themes including Traditional Ecological Knowledge (TEK), arts and crafts (material culture), settler colonization, treaties & removal, reservation life, federal Indian policy, termination & restoration, and survivance of contemporary cultural identity. CROSSLISTED as ANTH 554/ES 554.",
  "prerequisites": []
}, {
  "corequisites": [],
  "course_name": "REPRODUCTIVE JUSTICE: A SERVICE LEARNING COURSE",
  "course_number": "ANTH 555",
  "credits": "4",
  "description": "Reproductive Justice is a service-learning course that aims to bridge theory and practice in reproductive health and social justice by developing connections between the university campus and members of the local community.",
  "prerequisites": []
}, {
  "corequisites": [],
  "course_name": "SOCIAL NETWORK ANALYSIS: METHODS AND THEORY",
  "course_number": "ANTH 556",
  "credits": "4",
  "description": "An introduction to social network analysis (SNA), focusing on the methods of research design, data collection, and analysis. Students will learn key concepts and theories of SNA, apply these concepts to research projects in their chosen field, develop methods for collecting network data, and perform qualitative and quantitative analysis of these networks. Readings draw on studies of social networks from a variety of disciplines, including anthropology, sociology, environmental studies, public health, and political science.",
  "prerequisites": []
}, {
  "corequisites": [],
  "course_name": "ANTHROPOLOGY OF SCIENCE",
  "course_number": "ANTH 558",
  "credits": "TECHNOLOGY",
  "description": "Introduces the cross-disciplinary field of Science and Technology Studies (STS), also called social studies of Science, Technology and Society. Examines how science and technology shape social-cultural and environmental changes, and conversely how social-cultural and environmental changes shape science and technology. Reviews science, technology and society from various perspectives in the humanities and social sciences, including anthropology, sociology, history, philosophy/ethics, and political science.",
  "prerequisites": []
}, {
  "corequisites": [],
  "course_name": "LANGUAGE",
  "course_number": "ANTH 559",
  "credits": "RACE",
  "description": "Unpack language, race and racism--as well as the intersections between those ideas-- as cornerstones to understanding identity and society as inherently socially constructed ideas. Better understand how racism is produced and reproduced in talk and text (this will include symbols and signs), especially in the context of the denial of racism. Focuses on the language of racism, and more specifically, types of discourse that construct Whiteness as dominant over Color. CROSSLISTED as ANTH 559/ES 559/WLC 559.",
  "prerequisites": []
}, {
  "corequisites": [],
  "course_name": "ETHNOGRAPHIC FIELD SCHOOL",
  "course_number": "ANTH 560",
  "credits": "6",
  "description": "Involves an intensive field experience, learning and developing practical skills for operating socially and culturally in another culture. Students engage in anthropological and mixed research topics, methods, and analysis, such as research ethics, research design, participant observation, ethnographic interviewing, community mapping, qualitative and quantitative data analysis.",
  "prerequisites": []
}, {
  "corequisites": [],
  "course_name": "NEUROANTHROPOLOGY",
  "course_number": "ANTH 561",
  "credits": "4",
  "description": "The emerging interdisciplinary field of neuroanthropology combines anthropological understandings of human biological and cultural variation with recent findings in neuroscience. Key topics include socialization and enculturation, addiction, ritual, depression, and psychiatric disorders.",
  "prerequisites": []
}, {
  "corequisites": [],
  "course_name": "RURAL ANTHROPOLOGY",
  "course_number": "ANTH 566",
  "credits": "4",
  "description": "Concentrates on study of socio-cultural dynamics in rural communities as they develop in national and global contexts of political and economic change. Includes anthropological readings on rural issues in domestic and international contexts and a research paper on a contemporary rural issue.",
  "prerequisites": []
}, {
  "corequisites": [],
  "course_name": "AGRI-FOOD MOVEMENTS",
  "course_number": "ANTH 567",
  "credits": "4",
  "description": "Investigates the origins and contemporary status of producer and consumer food movements including, but not limited to, organics, agricultural labor movements, animal welfare, vegetarian and vegan movements, farmers' markets, and permaculture.",
  "prerequisites": []
}, {
  "corequisites": [],
  "course_name": "ENERGY IN CULTURAL PERSPECTIVE",
  "course_number": "ANTH 569",
  "credits": "4",
  "description": "Examines historical and current trends in energy around the globe. Course themes include the role of energy in economic development, cultural innovation in energy production, social problems that arise from energy shortages or the uneven distribution of energy resources and social and cultural changes required as societies attempt to reduce their dependence on fossil fuels.",
  "prerequisites": []
}, {
  "corequisites": [],
  "course_name": "TOPICS IN CULTURAL ANTHROPOLOGY",
  "course_number": "ANTH 570",
  "credits": "1-16",
  "description": "Covers recent advances in cultural anthropology and their applications to the field. Topics vary from term to term.",
  "prerequisites": []
}, {
  "corequisites": [],
  "course_name": "CONTEMPORARY NATIVE ISSUES",
  "course_number": "ANTH 572",
  "credits": "4",
  "description": "Examines the background of Native treaties and reservations with discussions of present issues such as health care, education, the Indian Child Welfare Act, fishing rights, and religious freedom.",
  "prerequisites": []
}, {
  "corequisites": [],
  "course_name": "GENDER",
  "course_number": "ANTH 573",
  "credits": "ETHNICITY",
  "description": "Study of the practices and ideologies of gender as they intersect with those of ethnicity, race, class, and culture.",
  "prerequisites": []
}, {
  "corequisites": [],
  "course_name": "CROSS-CULTURAL HEALTH AND HEALING",
  "course_number": "ANTH 574",
  "credits": "4",
  "description": "A comprehensive overview of current issues in global health with particular emphasis on social, cultural, and behavioral interventions. Explores issues of health and development in the international context, focusing on such issues as inequality, structural adjustment, economic development, and community-based approaches to health care, specific cultural beliefs and practices, and the influences of people's perceptions of health, illness, and healing.",
  "prerequisites": []
}, {
  "corequisites": [],
  "course_name": "THEORY OF CULTURE",
  "course_number": "ANTH 575",
  "credits": "4",
  "description": "Core ideas in the discipline of anthropology. Examination of the contributions to anthropological method and theory of the major schools of thought in the history of anthropology.",
  "prerequisites": []
}, {
  "corequisites": [],
  "course_name": "ADVANCED ANTHROPOLOGICAL THEORY SEMINAR",
  "course_number": "ANTH 576",
  "credits": "4",
  "description": "Investigates theories used by current anthropologists to explicate issues of concern in a world of movement, fragmentation, global-local interactions, individuation via state and media unequal power relations, and neoliberal agendas. Students will participate in discussions, essays and a paper that links these theories to their research topics for theses or dissertations.",
  "prerequisites": []
}, {
  "corequisites": [],
  "course_name": "ECOLOGICAL ANTHROPOLOGY",
  "course_number": "ANTH 577",
  "credits": "4",
  "description": "Examines past and present interactions between humans and their environments. Emphasizes the concept of system and process of human adaptation.",
  "prerequisites": []
}, {
  "corequisites": [],
  "course_name": "ANTHROPOLOGY OF MIGRATION",
  "course_number": "ANTH 579",
  "credits": "4",
  "description": "Focuses on the multiple aspects of population movements around the globe. Investigates the history of recent human migration; current theories, trends and policies; as well as issues of immigrant incorporation and anti-immigrant politics.",
  "prerequisites": []
}, {
  "corequisites": [],
  "course_name": "TOPICS IN APPLIED ANTHROPOLOGY",
  "course_number": "ANTH 580",
  "credits": "1-4",
  "description": "",
  "prerequisites": []
}, {
  "corequisites": [],
  "course_name": "NATURAL RESOURCES AND COMMUNITY VALUES",
  "course_number": "ANTH 581",
  "credits": "4",
  "description": "Investigates relations between human communities and the values of community members. Resource issues integrate concepts from social science, economics, and ecology.",
  "prerequisites": []
}, {
  "corequisites": [],
  "course_name": "ANTHROPOLOGY OF INTERNATIONAL DEVELOPMENT",
  "course_number": "ANTH 582",
  "credits": "4",
  "description": "Examines the ideological and theoretical bases of world assistance programs and their effects on different sectors and classes, including women. Causes of world hunger in terms of agronomic, mainstream economic and radical economic paradigms are developed and contrasted.",
  "prerequisites": []
}, {
  "corequisites": [],
  "course_name": "ADVANCED MEDICAL ANTHROPOLOGY",
  "course_number": "ANTH 583",
  "credits": "4",
  "description": "An overview of anthropological studies of the health of human communities from a biological and behavioral perspective. Topics include prehistory of disease, cultural perspectives on causation of disease and approaches to healing; anthropological approach to international health issues; and case studies.",
  "prerequisites": []
}, {
  "corequisites": [],
  "course_name": "WEALTH AND POVERTY",
  "course_number": "ANTH 584",
  "credits": "4",
  "description": "Summarizes the distribution of wealth observed cross-culturally and through time. Determines the relation between wealth distribution and economic productivity. Shows the impact of industrialization and economic wealth distribution in Western civilization and cross-culturally. Evaluates how cultural practices affect wealth distribution in Western and non-Western societies.",
  "prerequisites": []
}, {
  "corequisites": [],
  "course_name": "USES OF ANTHROPOLOGY",
  "course_number": "ANTH 585",
  "credits": "4",
  "description": "Examines the practical applications of anthropological knowledge in historical and contemporary contexts. Focuses on planned social change and roles of anthropologists in interdisciplinary research and nonacademic settings such as international business, industrial relations, economic and technological development, education, legal institutions, environmental change, minority relations, health care, and cultural preservation. Emphasizes relevance to public policy and ethical issues associated with applications of anthropological knowledge.",
  "prerequisites": []
}, {
  "corequisites": [],
  "course_name": "ANTHROPOLOGY OF FOOD",
  "course_number": "ANTH 586",
  "credits": "4",
  "description": "The role of food in human cultures, both past and present. Includes discussion of different food procurement styles, social movements and the political economy of food. Looks at the symbolic aspects of food as well as its relationship with the environment. CROSSLISTED as ANTH 486/FCSJ 486 and ANTH 586/FCSJ 586.",
  "prerequisites": []
}, {
  "corequisites": [],
  "course_name": "LANGUAGE IN GLOBAL CONTEXT",
  "course_number": "ANTH 587",
  "credits": "4",
  "description": "Deals with practical uses of linguistics in the global political arena. Explores use of official vs. unofficial languages, language standardization, the preservation of dying languages; problems in learning first and second languages, and the relevance of linguistic knowledge to education and cross-cultural communication.",
  "prerequisites": []
}, {
  "corequisites": [],
  "course_name": "TOPICS IN METHODOLOGY",
  "course_number": "ANTH 590",
  "credits": "1-4",
  "description": "Recent advances in anthropological methodologies and their application to special fields of study. Topics vary from term to term.",
  "prerequisites": []
}, {
  "corequisites": [],
  "course_name": "ETHNOGRAPHIC METHODS",
  "course_number": "ANTH 591",
  "credits": "4",
  "description": "Cultural descriptions are produced through systematic observation, elicitation, and analysis to achieve proximity to the insider's point of view. Covers techniques of interviewing, validating, and interpreting cultural data. Allows students to practice what they have learned.",
  "prerequisites": []
}, {
  "corequisites": [],
  "course_name": "ARCHAEOLOGICAL LABORATORY METHODS",
  "course_number": "ANTH 592",
  "credits": "1-3",
  "description": "Provides information on the basics of archaeological laboratory work. Students learn the day-to-day operations of a lab, how to classify and catalog artifacts, and how to do artifact analysis.",
  "prerequisites": []
}, {
  "corequisites": [],
  "course_name": "STATISTICAL APPLICATIONS IN ANTHROPOLOGY",
  "course_number": "ANTH 593",
  "credits": "4",
  "description": "Develops the skills necessary to use statistical software to analyze and interpret numerical data. Covers descriptive statistics, correlation, and multivariate statistical procedures. Evaluate the adequacy of data for parametric and nonparametric statistical tests.",
  "prerequisites": []
}, {
  "corequisites": [],
  "course_name": "ANTHROPOLOGICAL RESEARCH DESIGN",
  "course_number": "ANTH 595",
  "credits": "4",
  "description": "Critical examination of research design and methodology in anthropology; analysis of methods and procedures of research in the subfields of anthropology.",
  "prerequisites": []
}, {
  "corequisites": [],
  "course_name": "ARCHAEOLOGICAL FIELD METHODS",
  "course_number": "ANTH 597",
  "credits": "1-3",
  "description": "Archaeological field strategies emphasizing reconnaissance and survey. Application of field equipment and project management.",
  "prerequisites": []
}, {
  "corequisites": [],
  "course_name": "ORAL TRADITIONS",
  "course_number": "ANTH 598",
  "credits": "3",
  "description": "Method of examining unwritten culture preserved in speech, including local history, folklore, and songs passed from one generation to another. May include the use of life history, genealogy, and other means of collecting information. Attention is given to ethics, legal issues, and the process of transcription.",
  "prerequisites": []
}, {
  "corequisites": [],
  "course_name": "SPECIAL TOPICS IN ANTHROPOLOGY",
  "course_number": "ANTH 599",
  "credits": "1-16",
  "description": "",
  "prerequisites": []
}, {
  "corequisites": [],
  "course_name": "RESEARCH",
  "course_number": "ANTH 601",
  "credits": "1-16",
  "description": "",
  "prerequisites": []
}, {
  "corequisites": [],
  "course_name": "INDEPENDENT STUDY",
  "course_number": "ANTH 602",
  "credits": "1-6",
  "description": "",
  "prerequisites": []
}, {
  "corequisites": [],
  "course_name": "THESIS",
  "course_number": "ANTH 603",
  "credits": "1-16",
  "description": "",
  "prerequisites": []
}, {
  "corequisites": [],
  "course_name": "READING AND CONFERENCE",
  "course_number": "ANTH 605",
  "credits": "1-16",
  "description": "",
  "prerequisites": []
}, {
  "corequisites": [],
  "course_name": "PROJECTS",
  "course_number": "ANTH 606",
  "credits": "1-16",
  "description": "",
  "prerequisites": []
}, {
  "corequisites": [],
  "course_name": "SEMINAR",
  "course_number": "ANTH 607",
  "credits": "1-16",
  "description": "",
  "prerequisites": []
}, {
  "corequisites": [],
  "course_name": "INTERNSHIP",
  "course_number": "ANTH 610",
  "credits": "1-16",
  "description": "",
  "prerequisites": []
}, {
  "corequisites": [],
  "course_name": "ANTHROPOLOGICAL RESEARCH DESIGN",
  "course_number": "ANTH 695",
  "credits": "4",
  "description": "Doctoral student seminar focused on the research process, from the selection of a research topic, to the choice of appropriate methods for data collection and analysis, to the submission of a research proposal. Class assignments will result in completion of a research proposal. Seminal discussion will focus on problem formulation, statement of objectives, theoretical background, methodological approach, analytical techniques, ethical responsibilities, justification for the research, data analysis and interpretation, and budgetary concerns.",
  "prerequisites": []
}, {
  "corequisites": [],
  "course_name": "SPECIAL TOPICS",
  "course_number": "ANTH 699",
  "credits": "1-16",
  "description": "",
  "prerequisites": []
}, {
  "corequisites": [],
  "course_name": "WORKSHOPS",
  "course_number": "ANTH 808",
  "credits": "1-16",
  "description": "",
  "prerequisites": []
}]