[{
  "corequisites": [],
  "course_name": "ARE JUNIOR SEMINAR",
  "course_number": "ARE 301",
  "credits": "1",
  "description": "Professional practices of architectural engineering.",
  "prerequisites": []
}, {
  "corequisites": [],
  "course_name": "ARCHITECTURE STUDIO",
  "course_number": "ARE 310",
  "credits": "4",
  "description": "Introduces basic concepts, methods, and skills of architectural design in a project-based studio environment. Emphasizes recognition of design as a process, not a product, including the roles of divergent thinking and iteration. Explores concepts of circulation, structure, space, air, and light will be explored, focusing on integration of architectural and engineering design principles. Explores various ways to represent and present ideas, such as with hand sketches, computer drawing, and physical and digital models.",
  "prerequisites": []
}, {
  "corequisites": [],
  "course_name": "FLUID MECHANICS",
  "course_number": "ARE 311",
  "credits": "4",
  "description": "Focuses on fluid properties, fluid statics, fluid motion, conservation of mass, momentum and energy for incompressible fluids, dimensional analysis, civil engineering applications.",
  "prerequisites": [["MTH 256", "MTH 256H"], ["ENGR 211", "ENGR 211H"], ["PH 213", "PH 213H"]]
}, {
  "corequisites": [],
  "course_name": "FUNDAMENTALS OF HEATING",
  "course_number": "ARE 341",
  "credits": "VENTILATING",
  "description": "Provides fundamental theories and knowledge to design energy-efficient and sustainable HVAC systems. Provides foundations for engineering students who will design and operate mechanical systems that promote energy saving, occupant comfort, and health in buildings. Discusses basic approaches to analyzing building mechanical systems. Applies scientific theories and analysis techniques of thermodynamics and heat transfer, to critically evaluate building environmental quality, heating and cooling loads, energy and mass transfer in HVAC systems, building envelope, and occupied spaces.",
  "prerequisites": [["ARE 311", "CE 311", "ME 311", "ME 311H", "NSE 311", "NSE 311H"]]
}, {
  "corequisites": [],
  "course_name": "FUNDAMENTALS FOR LIGHTING DESIGN",
  "course_number": "ARE 361",
  "credits": "4",
  "description": "Demonstrate critical thinking about illuminating engineering and applied lighting in the built environment. Explore lighting terminology, photometric quantities and units, the visual response of the human eye and brain, luminous radiative transfer, lighting equipment, elementary lighting design procedures, and basic lighting calculations.",
  "prerequisites": [["CEM 471"]]
}, {
  "corequisites": [],
  "course_name": "READING AND CONFERENCE",
  "course_number": "ARE 405",
  "credits": "1-16",
  "description": "",
  "prerequisites": []
}, {
  "corequisites": [],
  "course_name": "PROJECTS",
  "course_number": "ARE 406",
  "credits": "1-16",
  "description": "",
  "prerequisites": []
}, {
  "corequisites": [],
  "course_name": "^ARCHITECTURAL ENGINEERING PROFESSIONAL PRACTICE",
  "course_number": "ARE 418",
  "credits": "4",
  "description": "Explores principles and methods of solving architectural engineering problems in a studio setting, with considerations of space, form, function, and technology.",
  "prerequisites": [["ARE 361"], ["ARE 341"], ["CE 382"], ["ARE 461", "ARE 441", "CE 383", "CE 481"]]
}, {
  "corequisites": [],
  "course_name": "^ARCHITECTURAL ENGINEERING DESIGN",
  "course_number": "ARE 419",
  "credits": "3",
  "description": "A capstone design project experience exposing students to problems and issues similar to those encountered in the practice of architectural engineering. Use of Building Information Modeling (BIM) in design, construction management, and integration of architectural, structural, mechanical, electrical and lighting systems.",
  "prerequisites": [["ARE 418"]]
}, {
  "corequisites": [],
  "course_name": "HEATING",
  "course_number": "ARE 441",
  "credits": "VENTILATING",
  "description": "Introduces both theory and applied design approaches to and procedures for designing Heating, Ventilating, and Air Conditioning (HVAC) systems and equipment in buildings.",
  "prerequisites": [["ARE 341"]]
}, {
  "corequisites": [],
  "course_name": "ADVANCED BUILDING CONSTRUCTION METHODS",
  "course_number": "ARE 451",
  "credits": "4",
  "description": "Advanced building construction methods, including integration of building components in building envelopes.",
  "prerequisites": [["CEM 442"]]
}, {
  "corequisites": [],
  "course_name": "LIGHTING DESIGN FOR THE BUILT ENVIRONMENT I",
  "course_number": "ARE 461",
  "credits": "3",
  "description": "Builds upon ARE 361 to advance critical skills in illuminating engineering and applied lighting for the built environment, emphasizing integration between the lighting design process, technical fundamentals, and application to design. Extends depth in photometry by calculating illuminance with diffuse radiative transfer. Establishes design criteria, employs computer-based calculations as a verification tool, and creates solutions compliant with compulsory standards.",
  "prerequisites": [["ARE 361"]]
}, {
  "corequisites": [],
  "course_name": "LIGHTING DESIGN FOR THE BUILT ENVIRONMENT II",
  "course_number": "ARE 462",
  "credits": "4",
  "description": "Builds upon ARE 461, extending lighting design skills and technical knowledge in applied illuminating engineering to produce defensible solutions to open ended engineering problems. Prioritize and balance competing criteria that addresses lighting requirements for the visual experience (e.g., vision, visual comfort, psychological reinforcement, color quality) and human health, while accounting for energy use and complying with compulsory standards. Demonstrate facility with the lighting design process, luminaire photometry, applied colorimetry, and software-based simulation.",
  "prerequisites": [["ARE 461"]]
}, {
  "corequisites": [],
  "course_name": "SPECIAL TOPICS",
  "course_number": "ARE 499",
  "credits": "1-16",
  "description": "",
  "prerequisites": []
}, {
  "corequisites": [],
  "course_name": "RESEARCH",
  "course_number": "ARE 501",
  "credits": "1-16",
  "description": "",
  "prerequisites": []
}, {
  "corequisites": [],
  "course_name": "THESIS",
  "course_number": "ARE 503",
  "credits": "1-16",
  "description": "",
  "prerequisites": []
}, {
  "corequisites": [],
  "course_name": "READING AND CONFERENCE",
  "course_number": "ARE 505",
  "credits": "1-16",
  "description": "",
  "prerequisites": []
}, {
  "corequisites": [],
  "course_name": "PROJECTS",
  "course_number": "ARE 506",
  "credits": "1-16",
  "description": "",
  "prerequisites": []
}, {
  "corequisites": [],
  "course_name": "SPECIAL TOPICS",
  "course_number": "ARE 599",
  "credits": "0-16",
  "description": "",
  "prerequisites": []
}, {
  "corequisites": [],
  "course_name": "RESEARCH",
  "course_number": "ARE 601",
  "credits": "1-16",
  "description": "",
  "prerequisites": []
}, {
  "corequisites": [],
  "course_name": "THESIS",
  "course_number": "ARE 603",
  "credits": "1-16",
  "description": "",
  "prerequisites": []
}, {
  "corequisites": [],
  "course_name": "READING AND CONFERENCE",
  "course_number": "ARE 605",
  "credits": "1-16",
  "description": "",
  "prerequisites": []
}, {
  "corequisites": [],
  "course_name": "SPECIAL TOPICS",
  "course_number": "ARE 699",
  "credits": "1-16",
  "description": "",
  "prerequisites": []
}]