[{
  "corequisites": [],
  "course_name": "FIRST-YEAR AMERICAN SIGN LANGUAGE",
  "course_number": "ASL 111",
  "credits": "4",
  "description": "A beginning course to learn the basics of American Sign Language. The course focuses on the ASL language and its uses of syntax, grammar, vocabulary, facial expressions and deaf culture.",
  "prerequisites": []
}, {
  "corequisites": [],
  "course_name": "FIRST-YEAR AMERICAN SIGN LANGUAGE",
  "course_number": "ASL 112",
  "credits": "4",
  "description": "A continuation of ASL 111 with the development of structures, receptive/expressive skills and vocabulary. Native and/or bilingual speakers of ASL will not receive credit for ASL 111, ASL 112, ASL 113.",
  "prerequisites": [["ASL 111"]]
}, {
  "corequisites": [],
  "course_name": "FIRST-YEAR AMERICAN SIGN LANGUAGE",
  "course_number": "ASL 113",
  "credits": "4",
  "description": "A continuation of ASL 111 and ASL 112 with the further development of structures, receptive/expressive skills and vocabulary. Native and/or bilingual speakers of ASL will not receive credit for ASL 111, ASL 112, ASL 113.",
  "prerequisites": [["ASL 112"]]
}, {
  "corequisites": [],
  "course_name": "SECOND-YEAR AMERICAN SIGN LANGUAGE",
  "course_number": "ASL 211",
  "credits": "4",
  "description": "A continuation of the first-year ASL courses with the further development of structures, receptive/expressive skills and vocabulary. Native and/or bilingual speakers of ASL will not receive credit for ASL 211, ASL 212, ASL 213.",
  "prerequisites": [["ASL 113"]]
}, {
  "corequisites": [],
  "course_name": "SECOND-YEAR AMERICAN SIGN LANGUAGE",
  "course_number": "ASL 212",
  "credits": "4",
  "description": "A continuation of the second-year ASL series with the further development of structures, receptive/expressive skills and vocabulary. Native and/or bilingual speakers of ASL will not receive credit for ASL 211, ASL 212, ASL 213.",
  "prerequisites": [["ASL 211"]]
}, {
  "corequisites": [],
  "course_name": "SECOND-YEAR AMERICAN SIGN LANGUAGE",
  "course_number": "ASL 213",
  "credits": "4",
  "description": "A continuation of the second-year ASL series with the further development of structures, receptive/expressive skills and vocabulary. Native and/or bilingual speakers of ASL will not receive credit for ASL 211, ASL 212, ASL 213.",
  "prerequisites": [["ASL 212"]]
}]