[{
  "corequisites": [],
  "course_name": "UNDERGRADUATE RESEARCH",
  "course_number": "ATS 003",
  "credits": "0",
  "description": "Engage in research activities appropriate to the discipline; and through the research experience, acquire skills, techniques, and knowledge relevant to the field of study. In consultation with a faculty mentor, engage in research activity, and make and execute a plan for a project.",
  "prerequisites": []
}, {
  "corequisites": [],
  "course_name": "INTERNSHIP",
  "course_number": "ATS 004",
  "credits": "0",
  "description": "Provides basic personal and professional skills that can be used within and outside of a work setting. Through practice, this experience guides students in building and maintaining positive professional relationships, networking/mentoring relationships, and enhances students’ understanding of the connection between theory and practice in their respective disciplines.",
  "prerequisites": []
}, {
  "corequisites": [],
  "course_name": "+*CLIMATE SCIENCE",
  "course_number": "ATS 201",
  "credits": "4",
  "description": "Examines physical laws that govern Earth’s climate and interactions with chemical and biological processes on land, in the atmosphere, oceans, and cryosphere. Analyzes past, present, and potential future climate changes due to natural and human causes using observations, paleoclimate data, models, and laboratory exercises. Explores impacts of climate change on natural and human systems, economics, ethics, and solutions.",
  "prerequisites": []
}, {
  "corequisites": [],
  "course_name": "+*CLIMATE SCIENCE",
  "course_number": "ATS 201H",
  "credits": "4",
  "description": "Examines physical laws that govern Earth’s climate and interactions with chemical and biological processes on land, in the atmosphere, oceans, and cryosphere. Analyzes past, present, and potential future climate changes due to natural and human causes using observations, paleoclimate data, models, and laboratory exercises. Explores impacts of climate change on natural and human systems, economics, ethics, and solutions.",
  "prerequisites": []
}, {
  "corequisites": [],
  "course_name": "OBSERVING CLIMATE",
  "course_number": "ATS 295",
  "credits": "3",
  "description": "Explores various climate-related variables in the environment, emphasizing hands-on experiences and team-based observations. Deploys relevant instruments in collaborative teams. Documents procedures and assesses sources of uncertainty in measurement processes. Integrates qualitative and quantitative scientific observations, synthesizing them with theoretical concepts. Aims to decolonialize concepts of climate observations and foster inclusion across disciplines and cultures.",
  "prerequisites": [["ATS 201", "ATS 201H", "ATS 310"]]
}, {
  "corequisites": [],
  "course_name": "CLIMATE DATA ANALYSIS",
  "course_number": "ATS 301",
  "credits": "4",
  "description": "Quantitative methods to characterize the physical climate system and detect change. Interpret data based on source timescale, and statistics; communicate conclusions and uncertainties regarding past climate and future changes.",
  "prerequisites": [["ATS 201", "ATS 201H"], ["ST 351", "ST 351H"]]
}, {
  "corequisites": [],
  "course_name": "MATHEMATICAL APPLICATIONS IN THE EARTH SCIENCES",
  "course_number": "ATS 302",
  "credits": "4",
  "description": "An introductory survey of mathematical applications in climate science, meteorology, oceanography, geology, and geophysics. Topics may include conservation laws, harmonic motion, exponential growth/decay, linear approximations, numerical methods, waves, diffusion, fluid flow, systems of equations, inverse problems, and data analysis.",
  "prerequisites": [["MTH 252", "MTH 252H"]]
}, {
  "corequisites": [],
  "course_name": "METEOROLOGY",
  "course_number": "ATS 310",
  "credits": "4",
  "description": "The study of the atmosphere, in particular atmospheric phenomena that we experience as weather. Key physical concepts in meteorology are introduced and explored. The physics of the atmosphere necessary to understand why atmospheric phenomena occur and how these are forecast is discussed. Meteorological data from observations and models will be analyzed to explore concepts introduced in the context of the weather we experience.",
  "prerequisites": [["MTH 251", "MTH 251H"], ["PH 201", "PH 201H", "PH 211", "PH 211H"], ["PH 202", "PH 202H", "PH 212", "PH 212H", "CH 121", "CH 231", "CH 231H"]]
}, {
  "corequisites": [],
  "course_name": "*SNOW",
  "course_number": "ATS 341",
  "credits": "SMOKE",
  "description": "Climate change will alter mountain snowpack, water availability, coastal storms, erosion, and sea level in the Pacific Northwest. Increasing temperatures and changing precipitation patterns will lead to more extreme drought and flooding events, wildfire seasons, and insect and disease outbreaks in forests. These changes will impact the region's natural resource economy; heritage and quality of life; water, transportation, and energy infrastructure; and health and social systems. Case studies of past extreme years highlight the close interrelationships between the climate, the natural and built environment, and the health and well-being of the Pacific Northwest’s residents.",
  "prerequisites": []
}, {
  "corequisites": [],
  "course_name": "*FROZEN: OUR ICY PLANET IN CLIMATE AND SOCIETAL CONTEXT",
  "course_number": "ATS 342",
  "credits": "3",
  "description": "Explores the components of the Earth system that include frozen water, such as glaciers, ice caps, snow pack, permafrost and sea ice, which comprise the cryosphere. Introduces their global distribution, processes that control their seasonality, and their role in the Earth system. Assesses the geophysics and societal implication of the changing cryosphere of Planet Earth. Develops critical inquiry skills to understand environmental change and formulate responses to this.",
  "prerequisites": []
}, {
  "corequisites": [],
  "course_name": "SPECIAL TOPICS",
  "course_number": "ATS 399",
  "credits": "1-16",
  "description": "",
  "prerequisites": []
}, {
  "corequisites": [],
  "course_name": "SPECIAL TOPICS",
  "course_number": "ATS 399H",
  "credits": "1-16",
  "description": "",
  "prerequisites": []
}, {
  "corequisites": [],
  "course_name": "RESEARCH",
  "course_number": "ATS 401",
  "credits": "1-16",
  "description": "",
  "prerequisites": []
}, {
  "corequisites": [],
  "course_name": "THESIS",
  "course_number": "ATS 403",
  "credits": "1-16",
  "description": "",
  "prerequisites": []
}, {
  "corequisites": [],
  "course_name": "READING AND CONFERENCE",
  "course_number": "ATS 405",
  "credits": "1-16",
  "description": "",
  "prerequisites": []
}, {
  "corequisites": [],
  "course_name": "PROJECTS",
  "course_number": "ATS 406",
  "credits": "1-16",
  "description": "",
  "prerequisites": []
}, {
  "corequisites": [],
  "course_name": "SEMINAR",
  "course_number": "ATS 407",
  "credits": "1",
  "description": "",
  "prerequisites": []
}, {
  "corequisites": [],
  "course_name": "WORKSHOP",
  "course_number": "ATS 408",
  "credits": "1-12",
  "description": "",
  "prerequisites": []
}, {
  "corequisites": [],
  "course_name": "INTERNSHIP",
  "course_number": "ATS 410",
  "credits": "1-12",
  "description": "",
  "prerequisites": []
}, {
  "corequisites": [],
  "course_name": "THERMODYNAMICS AND CLOUD MICROPHYSICS",
  "course_number": "ATS 411",
  "credits": "4",
  "description": "Thermodynamic processes in the atmosphere, and an introduction to cloud microphysics.",
  "prerequisites": [["MTH 254", "MTH 254H"], ["PH 213", "PH 213H"]]
}, {
  "corequisites": [],
  "course_name": "ATMOSPHERIC RADIATION",
  "course_number": "ATS 412",
  "credits": "3",
  "description": "Examines properties of radiation and the electromagnetic spectrum. Explores reflection and refraction; radiative properties of natural surfaces; thermal emission; atmospheric transmission and emission; absorption by atmospheric gases; broadband fluxes and heating rates; introduction to the radiative transfer equation; scattering and absorption by particles.",
  "prerequisites": [["MTH 254", "MTH 254H", "ATS 302"], ["PH 202", "PH 212", "PH 212H"]]
}, {
  "corequisites": [],
  "course_name": "ATMOSPHERIC DYNAMICS",
  "course_number": "ATS 415",
  "credits": "4",
  "description": "Derivation of the equations and physical constraints governing atmospheric motions, including conservation laws and their atmospheric applications. Primitive equations: non-linear differential equations used to approximate atmospheric flow. Various types of balanced flows. Vertical atmospheric motion and its causes. Circulation, vorticity, and divergence. Quasi-geostrophic motions and adjustment to geostrophic balance. Atmospheric waves: theory, development, and propagation. Synoptic-scale Rossby waves. Baroclinic instability. General circulation of the atmosphere.",
  "prerequisites": [["ATS 301"], ["ATS 310"], ["ATS 302", "MTH 254", "MTH 254H"], ["PH 202", "PH 212", "PH 212H"]]
}, {
  "corequisites": [],
  "course_name": "WEATHER SYSTEM DYNAMICS AND FORECASTING",
  "course_number": "ATS 417",
  "credits": "4",
  "description": "Dynamics of weather systems and basic forecasting methods. Mid-latitude storm formation and structure; basic dynamical equations and applications to real-time weather; map analysis; description and interpretation of weather prediction models; forecasting methods; Pacific NW weather.",
  "prerequisites": [["ATS 310", "ME 311", "ME 311H", "NSE 311", "NSE 311H", "BEE 311", "CE 311", "ARE 311"]]
}, {
  "corequisites": [],
  "course_name": "CLIMATE PHYSICS",
  "course_number": "ATS 420",
  "credits": "4",
  "description": "Physics-based analyses of climate past, present, and future. Detailed explorations of the energy balance and radiative transfer at the top of the atmosphere, within the atmosphere, and at the Earth's surface. Hydrologic cycle. Ice and climate. Radiative-convective equilibrium. General circulation of the atmosphere and ocean. History and evolution of Earth's climate. Climate sensitivity and feedbacks. Climate variability. Natural and anthropogenic climate change.",
  "prerequisites": [["MTH 252", "MTH 252H"], ["PH 202", "PH 212", "PH 212H"], ["ATS 301", "PH 365"], ["PH 366"], ["ATS 310", "PH 315"]]
}, {
  "corequisites": [],
  "course_name": "CLIMATE MODELING",
  "course_number": "ATS 421",
  "credits": "4",
  "description": "Numerical models of the physics, chemistry, biology, and geology of the climate system. A range of climate models from a simple, single equation to complex state-of-the-science systems used for future projections. Theoretical concepts will be linked to practical applications through hands-on programming exercises and data analysis.",
  "prerequisites": [["ATS 420"], ["ATS 301", "PH 365"], ["PH 366"], ["MTH 254", "MTH 254H", "ATS 302"]]
}, {
  "corequisites": [],
  "course_name": "^NORTHWEST CLIMATE AND WEATHER",
  "course_number": "ATS 441",
  "credits": "4",
  "description": "A survey of climate and weather phenomena that are consequential in the northwestern United States. The Pacific Ocean, the North Pacific jet and storm track, mountain and coastal meteorology, and topographic features like the region’s mountains and Columbia River Gorge all affect the climate and weather of the Northwest, which in turn affect the region’s hydrologic characteristics, vegetation, and numerous other natural and human systems. Preexisting content knowledge and analytical skills are used to produce a comprehensive written report and oral presentation for a regional stakeholder.",
  "prerequisites": [["ATS 301"], ["ATS 420"]]
}, {
  "corequisites": [],
  "course_name": "SPECIAL TOPICS",
  "course_number": "ATS 499",
  "credits": "0-4",
  "description": "",
  "prerequisites": []
}, {
  "corequisites": [],
  "course_name": "RESEARCH",
  "course_number": "ATS 501",
  "credits": "1-16",
  "description": "",
  "prerequisites": []
}, {
  "corequisites": [],
  "course_name": "THESIS",
  "course_number": "ATS 503",
  "credits": "1-16",
  "description": "",
  "prerequisites": []
}, {
  "corequisites": [],
  "course_name": "READING AND CONFERENCE",
  "course_number": "ATS 505",
  "credits": "1-16",
  "description": "",
  "prerequisites": []
}, {
  "corequisites": [],
  "course_name": "PROJECTS",
  "course_number": "ATS 506",
  "credits": "1-16",
  "description": "",
  "prerequisites": []
}, {
  "corequisites": [],
  "course_name": "SEMINAR",
  "course_number": "ATS 507",
  "credits": "1",
  "description": "",
  "prerequisites": []
}, {
  "corequisites": [],
  "course_name": "WORKSHOP",
  "course_number": "ATS 508",
  "credits": "1-12",
  "description": "",
  "prerequisites": []
}, {
  "corequisites": [],
  "course_name": "THERMODYNAMICS AND CLOUD MICROPHYSICS",
  "course_number": "ATS 511",
  "credits": "4",
  "description": "Thermodynamic processes in the atmosphere, and an introduction to cloud microphysics.",
  "prerequisites": []
}, {
  "corequisites": [],
  "course_name": "ATMOSPHERIC RADIATION",
  "course_number": "ATS 512",
  "credits": "3",
  "description": "Examines properties of radiation and the electromagnetic spectrum. Explores reflection and refraction; radiative properties of natural surfaces; thermal emission; atmospheric transmission and emission; absorption by atmospheric gases; broadband fluxes and heating rates; introduction to the radiative transfer equation; scattering and absorption by particles.",
  "prerequisites": []
}, {
  "corequisites": [],
  "course_name": "ATMOSPHERIC DYNAMICS",
  "course_number": "ATS 515",
  "credits": "4",
  "description": "Derivation of the equations and physical constraints governing atmospheric motions, including conservation laws and their atmospheric applications. Primitive equations: non-linear differential equations used to approximate atmospheric flow. Various types of balanced flows. Vertical atmospheric motion and its causes. Circulation, vorticity, and divergence. Quasi-geostrophic motions and adjustment to geostrophic balance. Atmospheric waves: theory, development, and propagation. Synoptic-scale Rossby waves. Baroclinic instability. General circulation of the atmosphere.",
  "prerequisites": [["OEAS 530"]]
}, {
  "corequisites": [],
  "course_name": "WEATHER SYSTEM DYNAMICS AND FORECASTING",
  "course_number": "ATS 517",
  "credits": "4",
  "description": "Dynamics of weather systems and basic forecasting methods. Mid-latitude storm formation and structure; basic dynamical equations and applications to real-time weather; map analysis; description and interpretation of weather prediction models; forecasting methods; Pacific NW weather.",
  "prerequisites": [["OEAS 530"]]
}, {
  "corequisites": [],
  "course_name": "CLIMATE PHYSICS",
  "course_number": "ATS 520",
  "credits": "4",
  "description": "Physics-based analyses of climate past, present, and future. Detailed explorations of the energy balance and radiative transfer at the top of the atmosphere, within the atmosphere, and at the Earth's surface. Hydrologic cycle. Ice and climate. Radiative-convective equilibrium. General circulation of the atmosphere and ocean. History and evolution of Earth's climate. Climate sensitivity and feedbacks. Climate variability. Natural and anthropogenic climate change.",
  "prerequisites": [["OEAS 530"]]
}, {
  "corequisites": [],
  "course_name": "CLIMATE MODELING",
  "course_number": "ATS 521",
  "credits": "4",
  "description": "Numerical models of the physics, chemistry, biology, and geology of the climate system. A range of climate models from a simple, single equation to complex state-of-the-science systems used for future projections. Theoretical concepts will be linked to practical applications through hands-on programming exercises and data analysis.",
  "prerequisites": [["ATS 520", "OEAS 530"]]
}, {
  "corequisites": [],
  "course_name": "NORTHWEST CLIMATE AND WEATHER",
  "course_number": "ATS 541",
  "credits": "4",
  "description": "A survey of climate and weather phenomena that are consequential in the northwestern United States. The Pacific Ocean, the North Pacific jet and storm track, mountain and coastal meteorology, and topographic features like the region’s mountains and Columbia River Gorge all affect the climate and weather of the Northwest, which in turn affect the region’s hydrologic characteristics, vegetation, and numerous other natural and human systems. Preexisting content knowledge and analytical skills are used to produce a comprehensive written report and oral presentation for a regional stakeholder.",
  "prerequisites": [["OEAS 530", "ATS 520"]]
}, {
  "corequisites": [],
  "course_name": "SPECIAL TOPICS",
  "course_number": "ATS 599",
  "credits": "1-4",
  "description": "",
  "prerequisites": []
}, {
  "corequisites": [],
  "course_name": "RESEARCH",
  "course_number": "ATS 601",
  "credits": "1-16",
  "description": "",
  "prerequisites": []
}, {
  "corequisites": [],
  "course_name": "THESIS",
  "course_number": "ATS 603",
  "credits": "1-16",
  "description": "",
  "prerequisites": []
}, {
  "corequisites": [],
  "course_name": "READING AND CONFERENCE",
  "course_number": "ATS 605",
  "credits": "1-16",
  "description": "",
  "prerequisites": []
}, {
  "corequisites": [],
  "course_name": "PROJECTS",
  "course_number": "ATS 606",
  "credits": "1-16",
  "description": "",
  "prerequisites": []
}, {
  "corequisites": [],
  "course_name": "SEMINAR",
  "course_number": "ATS 607",
  "credits": "1",
  "description": "",
  "prerequisites": []
}, {
  "corequisites": [],
  "course_name": "WORKSHOP",
  "course_number": "ATS 608",
  "credits": "1-12",
  "description": "",
  "prerequisites": []
}, {
  "corequisites": [],
  "course_name": "LARGE-SCALE INTERACTIONS OF THE OCEAN AND ATMOSPHERE",
  "course_number": "ATS 615",
  "credits": "3",
  "description": "Ocean-atmosphere circulations in the time-mean and seasonal cycles, equatorial wave modes, El Nino-Southern Oscillation, Madden-Julian oscillation, teleconnections and atmospheric bridges, mid-latitude air-sea interactions, Pacific and Atlantic decadal variability, the North Atlantic oscillation/Arctic oscillation.",
  "prerequisites": [["ATS 515", "OC 670"]]
}, {
  "corequisites": [],
  "course_name": "SPECIAL TOPICS",
  "course_number": "ATS 699",
  "credits": "1-4",
  "description": "",
  "prerequisites": []
}]