[{
  "corequisites": [],
  "course_name": "LEADERSHIP",
  "course_number": "BA 002",
  "credits": "0",
  "description": "Provides students with basic personal and interpersonal leadership skills that can be used within and outside of a work setting. Through practice, the leadership experience help students explore motivation, decision-making, time management, power, team building, conflict, ethics, dealing with change, communication skills, and diversity issues.",
  "prerequisites": []
}, {
  "corequisites": [],
  "course_name": "INTERNSHIP",
  "course_number": "BA 004",
  "credits": "0",
  "description": "Provides basic personal and professional skills that can be used within and outside of a work setting. Through practice, this experience guides students in building and maintaining positive professional relationships, networking/mentoring relationships, and enhances students’ understanding of the connection between theory and practice in their respective disciplines.",
  "prerequisites": []
}, {
  "corequisites": [],
  "course_name": "BUSINESS NOW",
  "course_number": "BA 101",
  "credits": "6",
  "description": "Presents an integrated view of both established and entrepreneurial business organizations by studying their common processes and characteristics. Introduces theory and develops basic skills in the areas of management, finance, accounting and marketing. NO LONGER TAUGHT. REPLACED WITH COMMON COURSE NUMBER BA 101Z.",
  "prerequisites": []
}, {
  "corequisites": [["BA 131"]],
  "course_name": "INTRODUCTION TO BUSINESS",
  "course_number": "BA 101Z",
  "credits": "4",
  "description": "Presents an integrated view of both established and entrepreneurial businesses by studying their common characteristics and processes in a global context. Introduces theory and develops basic skills in the areas of accounting, finance, management, and marketing, with an emphasis on social responsibility and ethical practices. Explores how businesses can create value for themselves and society by addressing environmental and social challenges.",
  "prerequisites": []
}, {
  "corequisites": [["BA 101Z"]],
  "course_name": "MICROSOFT EXCEL",
  "course_number": "BA 131",
  "credits": "2",
  "description": "Provides technology fundamentals required to excel in college-level academic work focusing on MS Excel.",
  "prerequisites": []
}, {
  "corequisites": [],
  "course_name": "FINANCIAL LITERACY FOR COLLEGE LIFE",
  "course_number": "BA 140",
  "credits": "2",
  "description": "Helps you learn the fundamentals of personal finance. It is crucial you are prepared to be prudent managers of your financial resources, enabling you to achieve long- and short-term financial goals and security. In addition, this course will examine how your background experiences, values, goals, and decisions can impact your financial future.",
  "prerequisites": []
}, {
  "corequisites": [],
  "course_name": "EXPLORING ENTREPRENEURSHIP",
  "course_number": "BA 150",
  "credits": "1",
  "description": "Explore business concepts while designing a start-up company. Listen to inspirational speakers, practice networking skills and learn business etiquette as part of the Business Beavs in Action summer camp.",
  "prerequisites": []
}, {
  "corequisites": [],
  "course_name": "EXPLORING SOCIAL ENTREPRENEURSHIP",
  "course_number": "BA 152",
  "credits": "1",
  "description": "Provides an immersive experience regarding responsible business practices. In addition, from an entrepreneurial prospective, students have the opportunity to explore ways in which real social change is being conducted worldwide.",
  "prerequisites": []
}, {
  "corequisites": [],
  "course_name": "EXPLORING MARKETING",
  "course_number": "BA 154",
  "credits": "1",
  "description": "Students will understand the process of developing and executing a marketing plan in the context of a business model. Each student will participate in a Case Study conducting a small business-marketing plan.",
  "prerequisites": []
}, {
  "corequisites": [],
  "course_name": "B-ENGAGED",
  "course_number": "BA 160",
  "credits": "3",
  "description": "Understand and accomplish college-level academic work and explore OSU resources and options that will enhance your college experience and success. Opportunity to connect with faculty and peers with common interests in a supportive learning environment.",
  "prerequisites": []
}, {
  "corequisites": [],
  "course_name": "B-ENGAGED",
  "course_number": "BA 160H",
  "credits": "3",
  "description": "Understand and accomplish college-level academic work and explore OSU resources and options that will enhance your college experience and success. Opportunity to connect with faculty and peers with common interests in a supportive learning environment.",
  "prerequisites": []
}, {
  "corequisites": [],
  "course_name": "INNOVATION NATION--AWARENESS TO ACTION",
  "course_number": "BA 161",
  "credits": "3",
  "description": "First course in a two-course sequence. Begins a conversation on self-management, offering opportunities for active reflection on critical skill sets necessary for success in today's global market. Builds a foundation of entrepreneurial knowledge and gaining a competitive edge while becoming aware of your role in managing your own career.",
  "prerequisites": []
}, {
  "corequisites": [],
  "course_name": "INNOVATION NATION--AWARENESS TO ACTION",
  "course_number": "BA 161H",
  "credits": "3",
  "description": "First course in a two-course sequence. Begins a conversation on self-management, offering opportunities for active reflection on critical skill sets necessary for success in today's global market. Builds a foundation of entrepreneurial knowledge and gaining a competitive edge while becoming aware of your role in managing your own career.",
  "prerequisites": []
}, {
  "corequisites": [],
  "course_name": "INNOVATION NATION--IDEAS TO REALITY",
  "course_number": "BA 162",
  "credits": "3",
  "description": "Second course in a two-course sequence. Topics include evaluating entrepreneurial capabilities, creativity and innovation, opportunity recognition, impression management, and responsible business practices. Continues a conversation on self-management, offering opportunities for active reflection on critical skill sets necessary for success in today's global market.",
  "prerequisites": [["BA 161", "BA 161H"]]
}, {
  "corequisites": [],
  "course_name": "INNOVATION NATION--IDEAS TO REALITY",
  "course_number": "BA 162H",
  "credits": "3",
  "description": "Second course in a two-course sequence. Topics include evaluating entrepreneurial capabilities, creativity and innovation, opportunity recognition, impression management, and responsible business practices. Continues a conversation on self-management, offering opportunities for active reflection on critical skill sets necessary for success in today's global market.",
  "prerequisites": [["BA 161", "BA 161H"]]
}, {
  "corequisites": [],
  "course_name": "B-ENGAGED",
  "course_number": "BA 163",
  "credits": "3",
  "description": "The first term is a critical time for college students. B-Engaged helps the student transition to the OSU academic community and college learning expectations. B-Engaged will help the student understand and accomplish college-level academic work and explore OSU resources and options that will enhance their college experience and success. Additionally, B-Engaged is the student's opportunity to connect with a faculty member and peers with common interests in a supportive learning environment.",
  "prerequisites": []
}, {
  "corequisites": [],
  "course_name": "LAUNCH PAD I",
  "course_number": "BA 167",
  "credits": "3",
  "description": "Begins a conversation on self-management, offering opportunities for active reflection on critical skill sets necessary for success in today's global market. Focused on building a foundation of entrepreneurial knowledge and gaining a competitive edge while becoming aware of your role in managing your own career. BA 167/BA 168 presents an integrated view of both established and entrepreneurial business organizations by studying their common processes and characteristics. The series introduces theory and develops basic skills in the areas of management, finance, accounting, and marketing.",
  "prerequisites": []
}, {
  "corequisites": [],
  "course_name": "LAUNCH PAD II",
  "course_number": "BA 168",
  "credits": "3",
  "description": "Continues the conversation on self-management, focused on building a foundation of entrepreneurial knowledge and gaining a competitive edge while becoming aware of your role in managing your own career. BA 167/BA 168 presents an integrated view of both established and entrepreneurial business organizations by studying their common processes and characteristics. The series introduces theory and develops basic skills in the areas of management, finance, accounting, and marketing.",
  "prerequisites": [["BA 167"]]
}, {
  "corequisites": [],
  "course_name": "SPECIAL STUDIES",
  "course_number": "BA 199",
  "credits": "1-6",
  "description": "",
  "prerequisites": []
}, {
  "corequisites": [],
  "course_name": "INTERNSHIP",
  "course_number": "BA 210",
  "credits": "1-6",
  "description": "Planned and supervised work experience at selected cooperating business firms. Supplementary training, conference, reports, and appraisals.",
  "prerequisites": []
}, {
  "corequisites": [],
  "course_name": "FINANCIAL ACCOUNTING",
  "course_number": "BA 211",
  "credits": "4",
  "description": "Accounting information from the perspective of external users, principally investors and creditors. Emphasis on the preparation and interpretation of financial statements, income recognition and determination, and asset valuation. NO LONGER TAUGHT. REPLACED WITH COMMON COURSE NUMBER BA 211Z.",
  "prerequisites": [["MTH 111", "MTH 111Z", "MTH 241", "MTH 251", "MTH 251H"]]
}, {
  "corequisites": [],
  "course_name": "FINANCIAL ACCOUNTING",
  "course_number": "BA 211H",
  "credits": "4",
  "description": "Accounting information from the perspective of external users, principally investors and creditors. Emphasis on the preparation and interpretation of financial statements, income recognition and determination, and asset valuation. NO LONGER TAUGHT. REPLACED WITH COMMON COURSE NUMBER BA 211HZ.",
  "prerequisites": [["MTH 111", "MTH 111Z", "MTH 241", "MTH 251", "MTH 251H"]]
}, {
  "corequisites": [],
  "course_name": "PRINCIPLES OF FINANCIAL ACCOUNTING",
  "course_number": "BA 211HZ",
  "credits": "4",
  "description": "Imparts an understanding of the purpose of accounting, common financial statement items, and the principles of internal controls. Focuses on recording the impact of economic events on account balances using U.S. Generally Accepted Accounting Principles, and the creation and analysis of financial statements to aid in external decision making.",
  "prerequisites": [["MTH 111", "MTH 111Z", "MTH 241", "MTH 251", "MTH 251H"]]
}, {
  "corequisites": [],
  "course_name": "PRINCIPLES OF FINANCIAL ACCOUNTING",
  "course_number": "BA 211Z",
  "credits": "4",
  "description": "Imparts an understanding of the purpose of accounting, common financial statement items, and the principles of internal controls. Focuses on recording the impact of economic events on account balances using U.S. Generally Accepted Accounting Principles, and the creation and analysis of financial statements to aid in external decision making.",
  "prerequisites": [["MTH 111", "MTH 111Z", "MTH 241", "MTH 251", "MTH 251H"]]
}, {
  "corequisites": [],
  "course_name": "MANAGERIAL ACCOUNTING",
  "course_number": "BA 213",
  "credits": "4",
  "description": "Accounting information from the perspective of management users with an emphasis on data accumulation for product costing, planning, and performance evaluation and control. NO LONGER TAUGHT. REPLACED WITH COMMON COURSE NUMBER BA 213Z.",
  "prerequisites": [["BA 211", "BA 211H"]]
}, {
  "corequisites": [],
  "course_name": "MANAGERIAL ACCOUNTING",
  "course_number": "BA 213H",
  "credits": "4",
  "description": "Accounting information from the perspective of management users with an emphasis on data accumulation for product costing, planning, and performance evaluation and control. NO LONGER TAUGHT. REPLACED WITH COMMON COURSE NUMBER BA 213HZ.",
  "prerequisites": [["BA 211", "BA 211H"]]
}, {
  "corequisites": [],
  "course_name": "PRINCIPLES OF MANAGERIAL ACCOUNTING",
  "course_number": "BA 213HZ",
  "credits": "4",
  "description": "Builds an understanding of the role of managerial accounting in a business, focusing on the development and use of information to evaluate production costs and operational performance in support of short- and long-term organizational decision-making.",
  "prerequisites": [["BA 211", "BA 211H", "BA 211Z", "BA 211H"]]
}, {
  "corequisites": [],
  "course_name": "PRINCIPLES OF MANAGERIAL ACCOUNTING",
  "course_number": "BA 213Z",
  "credits": "4",
  "description": "Builds an understanding of the role of managerial accounting in a business, focusing on the development and use of information to evaluate production costs and operational performance in support of short- and long-term organizational decision-making.",
  "prerequisites": [["BA 211", "BA 211H", "BA 211Z", "BA 211H"]]
}, {
  "corequisites": [],
  "course_name": "PRINCIPLES OF MARKETING",
  "course_number": "BA 223",
  "credits": "4",
  "description": "Covers concepts and principles used by marketing professionals. Designed explicitly for business majors, it’s an introduction to the relationships between customers, products, and companies in a competitive and dynamically evolving marketplace.",
  "prerequisites": []
}, {
  "corequisites": [],
  "course_name": "PRINCIPLES OF MARKETING",
  "course_number": "BA 223H",
  "credits": "4",
  "description": "Covers concepts and principles used by marketing professionals. Designed explicitly for business majors, it’s an introduction to the relationships between customers, products, and companies in a competitive and dynamically evolving marketplace.",
  "prerequisites": []
}, {
  "corequisites": [],
  "course_name": "BUSINESS LAW I",
  "course_number": "BA 230",
  "credits": "4",
  "description": "Nature and function of law in our business society. Obligations arising out of agency, contract formation and breach, crimes, torts, warranty, regulation of competition, and international aspects thereof.",
  "prerequisites": []
}, {
  "corequisites": [],
  "course_name": "BUSINESS LAW I",
  "course_number": "BA 230H",
  "credits": "4",
  "description": "Nature and function of law in our business society. Obligations arising out of agency, contract formation and breach, crimes, torts, warranty, regulation of competition, and international aspects thereof.",
  "prerequisites": []
}, {
  "corequisites": [],
  "course_name": "FINANCE",
  "course_number": "BA 240",
  "credits": "4",
  "description": "Introduces basic tools of finance and applications of financial theory in use today. These tools include rates of return, the time value of money, those that can be applied to capital budgeting decisions, and the logic and fundamentals of financial statements. Designed to enhance a student’s approach to financial decision-making and emphasizes quantitative approaches to decision making. Introduces students to equity and debt markets and securities, and serves as a stepping stone to advanced courses in finance.",
  "prerequisites": [["BA 211", "BA 211H", "BA 211Z", "BA 211H"], ["ECON 201", "ECON 201H"]]
}, {
  "corequisites": [],
  "course_name": "FINANCE",
  "course_number": "BA 240H",
  "credits": "4",
  "description": "Introduces basic tools of finance and applications of financial theory in use today. These tools include rates of return, the time value of money, those that can be applied to capital budgeting decisions, and the logic and fundamentals of financial statements. Designed to enhance a student’s approach to financial decision-making and emphasizes quantitative approaches to decision making. Introduces students to equity and debt markets and securities, and serves as a stepping stone to advanced courses in finance.",
  "prerequisites": [["BA 211", "BA 211H", "BA 211Z", "BA 211H"], ["ECON 201", "ECON 201H"]]
}, {
  "corequisites": [],
  "course_name": "MANAGING ORGANIZATIONS",
  "course_number": "BA 251",
  "credits": "4",
  "description": "Explores a systems perspective to understanding the management functions of planning, organizing, leading and controlling. Addresses ethical and diversity issues as they are relevant in entrepreneurial and established ventures.",
  "prerequisites": []
}, {
  "corequisites": [],
  "course_name": "MANAGING INDIVIDUAL AND TEAM PERFORMANCE",
  "course_number": "BA 252",
  "credits": "4",
  "description": "Diagnoses individual and small-group behavior and develops skills in improving individual and small-group performance in entrepreneurial and established ventures. Emphasizes professional skill development and the practical application of theory and research. Integrates concepts of ethics, diversity, and cross-cultural relations.",
  "prerequisites": [["COMM 111Z", "COMM 111H", "COMM 111", "COMM 111H", "COMM 114", "COMM 114H", "COMM 218Z", "COMM 218H", "COMM 218", "COMM 218H"]]
}, {
  "corequisites": [],
  "course_name": "MANAGING INDIVIDUAL AND TEAM PERFORMANCE",
  "course_number": "BA 252H",
  "credits": "4",
  "description": "Diagnoses individual and small-group behavior and develops skills in improving individual and small-group performance in entrepreneurial and established ventures. Emphasizes professional skill development and the practical application of theory and research. Integrates concepts of ethics, diversity, and cross-cultural relations.",
  "prerequisites": [["COMM 111Z", "COMM 111H", "COMM 111", "COMM 111H", "COMM 114", "COMM 114H", "COMM 218Z", "COMM 218H", "COMM 218", "COMM 218H"]]
}, {
  "corequisites": [],
  "course_name": "FOUNDATIONS OF THE ENTREPRENEURIAL MINDSET",
  "course_number": "BA 260",
  "credits": "4",
  "description": "Topics include evaluating entrepreneurial capabilities, creativity, business plan creation, opportunity assessment and feasibility analysis, business implementation, new product introduction, and seeking funds.",
  "prerequisites": []
}, {
  "corequisites": [],
  "course_name": "FOUNDATIONS OF THE ENTREPRENEURIAL MINDSET",
  "course_number": "BA 260H",
  "credits": "4",
  "description": "Topics include evaluating entrepreneurial capabilities, creativity, business plan creation, opportunity assessment and feasibility analysis, business implementation, new product introduction, and seeking funds.",
  "prerequisites": []
}, {
  "corequisites": [],
  "course_name": "BUSINESS PROCESS MANAGEMENT",
  "course_number": "BA 270",
  "credits": "4",
  "description": "Introduces and integrates some core concepts from Operations Management (OM) and Business Information System (BIS) disciplines by introducing a process-oriented view of the flows of materials, information, products and services through and across organizational functions. Helps students to: identify information-bearing events and actors, model and analyze business processes, assess and improve process efficiency, recognize probabilistic components of business processes and understand the interactions between human behavior and process design. Hands-on, case-based assignments allow for practicing some principles and concepts addressed in the course.",
  "prerequisites": [["BA 275", "BA 275H"]]
}, {
  "corequisites": [],
  "course_name": "BUSINESS PROCESS MANAGEMENT",
  "course_number": "BA 270H",
  "credits": "4",
  "description": "Introduces and integrates some core concepts from Operations Management (OM) and Business Information System (BIS) disciplines by introducing a process-oriented view of the flows of materials, information, products and services through and across organizational functions. Helps students to: identify information-bearing events and actors, model and analyze business processes, assess and improve process efficiency, recognize probabilistic components of business processes and understand the interactions between human behavior and process design. Hands-on, case-based assignments allow for practicing some principles and concepts addressed in the course.",
  "prerequisites": [["BA 275", "BA 275H"]]
}, {
  "corequisites": [],
  "course_name": "FOUNDATIONS OF STATISTICAL INFERENCE",
  "course_number": "BA 275",
  "credits": "4",
  "description": "An introductory course on statistical inference with an emphasis on business applications. Coverage includes descriptive statistics, random variables, probability distributions, sampling and sampling distributions, statistical inference for means and proportions using one and two samples, and linear regression analysis.",
  "prerequisites": [["MTH 111", "MTH 111Z", "MTH 241", "MTH 251", "MTH 251H"]]
}, {
  "corequisites": [],
  "course_name": "FOUNDATIONS OF STATISTICAL INFERENCE",
  "course_number": "BA 275H",
  "credits": "4",
  "description": "An introductory course on statistical inference with an emphasis on business applications. Coverage includes descriptive statistics, random variables, probability distributions, sampling and sampling distributions, statistical inference for means and proportions using one and two samples, and linear regression analysis.",
  "prerequisites": [["MTH 111", "MTH 111Z", "MTH 241", "MTH 251", "MTH 251H"]]
}, {
  "corequisites": [],
  "course_name": "BUSINESS INSIGHTS",
  "course_number": "BA 280",
  "credits": "2",
  "description": "Connect with faculty and peers and explore OSU resources designed to enhance your college experience and success. Engage in professional development activities and cultivate the soft skills employers are looking for in their future employees.",
  "prerequisites": []
}, {
  "corequisites": [],
  "course_name": "PROFESSIONAL DEVELOPMENT",
  "course_number": "BA 281",
  "credits": "3",
  "description": "Designed to give students an early start on the process of career planning and development. The process involves thoughtful self-assessment, career exploration, planning and follow-through with preliminary employment strategies.",
  "prerequisites": []
}, {
  "corequisites": [],
  "course_name": "PROFESSIONAL DEVELOPMENT",
  "course_number": "BA 281H",
  "credits": "3",
  "description": "Designed to give students an early start on the process of career planning and development. The process involves thoughtful self-assessment, career exploration, planning and follow-through with preliminary employment strategies.",
  "prerequisites": []
}, {
  "corequisites": [],
  "course_name": "DRAFTING YOUR CAREER BLUEPRINT",
  "course_number": "BA 282",
  "credits": "1",
  "description": "Part of Blueprint – a 12 course professional development course series to guide the student from college to career. Topics include characteristics of exemplary leadership, analyzing own strengths and talents, and developing a plan for strengthening leadership capacity.",
  "prerequisites": []
}, {
  "corequisites": [],
  "course_name": "NAVIGATING CRUCIAL CONVERSATIONS IN THE WORKPLACE",
  "course_number": "BA 283",
  "credits": "1",
  "description": "Examines how a culture of effective dialogue fosters employee engagement.",
  "prerequisites": [["BA 252", "BA 252H"]]
}, {
  "corequisites": [],
  "course_name": "FOUNDATIONS OF PERSONAL FINANCE I",
  "course_number": "BA 284",
  "credits": "1",
  "description": "Part of Blueprint – a 12 course professional development course series to guide the student from college to career. First of four courses dedicated to the foundations of personal finances. Topics include basics of personal finances and resources available; setting academic plan; setting strategic financial goals; budgeting.",
  "prerequisites": []
}, {
  "corequisites": [],
  "course_name": "INTRODUCTION TO CAREERS IN MARKETING",
  "course_number": "BA 290",
  "credits": "3",
  "description": "Explores marketing through the perspectives of current marketing professionals. Introductory language and principles of marketing are introduced and examined through real world examples. Presents various careers within marketing.",
  "prerequisites": []
}, {
  "corequisites": [],
  "course_name": "SPECIAL TOPICS",
  "course_number": "BA 299",
  "credits": "1-4",
  "description": "",
  "prerequisites": []
}, {
  "corequisites": [],
  "course_name": "FRAMING YOUR CAREER PLAN",
  "course_number": "BA 311",
  "credits": "1",
  "description": "Part of Blueprint – a 12 course professional development course series to guide the student from college to career. Course topics are designed to help the student explore different types of business communications and how to effectively communicate their ideas in a variety of methods.",
  "prerequisites": []
}, {
  "corequisites": [],
  "course_name": "FOUNDATIONS OF PERSONAL FINANCE II",
  "course_number": "BA 312",
  "credits": "1",
  "description": "Part of Blueprint – a 12 course professional development course series to guide the student from college to career. The second of a four course series in Blueprint that is dedicated to the foundations of personal finances for life here at OSU.",
  "prerequisites": []
}, {
  "corequisites": [],
  "course_name": "A CASE FOR CIVIL DISCOURSE IN BUSINESS",
  "course_number": "BA 313",
  "credits": "1",
  "description": "Explores the role civil discourse plays in impacting societal issues from a business perspective.",
  "prerequisites": []
}, {
  "corequisites": [],
  "course_name": "SUSTAINABLE BUSINESS OPERATIONS",
  "course_number": "BA 314",
  "credits": "4",
  "description": "Operations are the processes by which an organization transforms inputs (e.g., labor, material, and knowledge) into outputs (products and services). Operations managers are responsible for designing, running and improving the processes and systems to efficiently accomplish this for production or service businesses. Focuses on the concepts and tools employed by operations managers to provide their organization a competitive advantage. Topics include statistical tools and quantitative methods (descriptive statistics, probabilities, sampling, interval estimation and hypothesis testing) and operations management concepts (strategies, forecasting, process design, capacity utilization, quality systems, supply chain management, inventory management, resource planning, sustainability and lean systems.)",
  "prerequisites": []
}, {
  "corequisites": [],
  "course_name": "ACCOUNTING FOR DECISION MAKING",
  "course_number": "BA 315",
  "credits": "4",
  "description": "Looks at how the accounting model reflects business transactions and events. Introduces both financial and managerial accounting and the creation, interpretation, and analysis of financial statements. Students obtain an understanding of the determination, organization, and management of costs and revenues including management decisions based upon this information.",
  "prerequisites": []
}, {
  "corequisites": [],
  "course_name": "LEGAL ENVIRONMENT OF BUSINESS",
  "course_number": "BA 330",
  "credits": "4",
  "description": "Nature and function of law in our business society. Obligations arising out of agency, contract formation and breach, crimes, torts, warranty, regulation of competition, and international aspects thereof.",
  "prerequisites": []
}, {
  "corequisites": [],
  "course_name": "INTERNATIONAL BUSINESS",
  "course_number": "BA 347",
  "credits": "4",
  "description": "Integrated view of international business including current patterns of international business, socioeconomic and geopolitical systems within countries as they affect the conduct of business, major theories explaining international business transactions, financial forms and institutions that facilitate international transactions, and the interface between nation states and the firms conducting foreign business activities.",
  "prerequisites": [["ECON 202", "ECON 202H"], ["BA 230", "BA 230H", "BA 330"]]
}, {
  "corequisites": [],
  "course_name": "INTERNATIONAL BUSINESS",
  "course_number": "BA 347H",
  "credits": "4",
  "description": "Integrated view of international business including current patterns of international business, socioeconomic and geopolitical systems within countries as they affect the conduct of business, major theories explaining international business transactions, financial forms and institutions that facilitate international transactions, and the interface between nation states and the firms conducting foreign business activities.",
  "prerequisites": [["ECON 202", "ECON 202H"], ["BA 230", "BA 230H", "BA 330"]]
}, {
  "corequisites": [],
  "course_name": "INTERNATIONAL EXCHANGE ORIENTATION",
  "course_number": "BA 348",
  "credits": "1",
  "description": "Consists of large-group sessions as well as small-group break-out sessions for each country individually. It is vital to attend all sessions as valuable information pertaining to your study abroad opportunity will be presented.",
  "prerequisites": []
}, {
  "corequisites": [],
  "course_name": "IMPACT OF CULTURE ON BUSINESS",
  "course_number": "BA 349",
  "credits": "1",
  "description": "A requirement of all students participating in a College of Business-approved international exchange program and for completing the College of Business International Business option. The major emphasis is for students to reflect on their experience while studying, living and traveling in a foreign culture and for them to determine how the foreign culture impacts how they would conduct business in that country.",
  "prerequisites": [["BA 348"]]
}, {
  "corequisites": [],
  "course_name": "THE BUSINESS OF SPORT",
  "course_number": "BA 350",
  "credits": "2",
  "description": "Examines the business dynamics and structure of the sports industry. Considers various perspectives, including professional, amateur, emerging, and global sports structures and addresses current issues in labor relations, media, and the financial and societal implications of sports business.",
  "prerequisites": []
}, {
  "corequisites": [],
  "course_name": "MANAGING ORGANIZATIONS",
  "course_number": "BA 351",
  "credits": "4",
  "description": "A systems perspective to understanding the management functions of planning, organizing, leading and controlling. Ethical and diversity issues are addressed as they are relevant in entrepreneurial and established ventures.",
  "prerequisites": []
}, {
  "corequisites": [],
  "course_name": "MANAGING INDIVIDUAL AND TEAM PERFORMANCE",
  "course_number": "BA 352",
  "credits": "4",
  "description": "Diagnoses individual and small-group behavior and develop skill in improving individual and small-group performance in entrepreneurial and established ventures. Emphasizes professional skill development and the practical application of theory and research. Integrates concepts of ethics, diversity and cross-cultural relations.",
  "prerequisites": [["COMM 111Z", "COMM 111H", "COMM 111", "COMM 111H", "COMM 114", "COMM 114H", "COMM 218Z", "COMM 218H", "COMM 218", "COMM 218H"]]
}, {
  "corequisites": [],
  "course_name": "MANAGING INDIVIDUAL AND TEAM PERFORMANCE",
  "course_number": "BA 352H",
  "credits": "4",
  "description": "Diagnoses individual and small-group behavior and develop skill in improving individual and small-group performance in entrepreneurial and established ventures. Emphasizes professional skill development and the practical application of theory and research. Integrates concepts of ethics, diversity and cross-cultural relations.",
  "prerequisites": [["COMM 111Z", "COMM 111H", "COMM 111", "COMM 111H", "COMM 114", "COMM 114H", "COMM 218Z", "COMM 218H", "COMM 218", "COMM 218H"]]
}, {
  "corequisites": [],
  "course_name": "^MANAGING ETHICS AND CORPORATE SOCIAL RESPONSIBILITY",
  "course_number": "BA 354",
  "credits": "4",
  "description": "Introduces contemporary issues that business professionals face making ethical and socially responsible decisions in an increasingly fast-paced, transparent, and global environment.",
  "prerequisites": [["COMM 111", "COMM 111H", "COMM 111Z", "COMM 111H", "COMM 114", "COMM 114H", "COMM 218", "COMM 218H", "COMM 218Z", "COMM 218H"], ["WR 222", "WR 222H", "WR 227Z", "WR 227H", "WR 323", "WR 323H", "WR 327", "WR 327H", "HC 199"]]
}, {
  "corequisites": [],
  "course_name": "^MANAGING ETHICS AND CORPORATE SOCIAL RESPONSIBILITY",
  "course_number": "BA 354H",
  "credits": "4",
  "description": "Introduces contemporary issues that business professionals face making ethical and socially responsible decisions in an increasingly fast-paced, transparent, and global environment.",
  "prerequisites": [["COMM 111", "COMM 111H", "COMM 111Z", "COMM 111H", "COMM 114", "COMM 114H", "COMM 218", "COMM 218H", "COMM 218Z", "COMM 218H"], ["WR 222", "WR 222H", "WR 227Z", "WR 227H", "WR 323", "WR 323H", "WR 327", "WR 327H", "HC 199"]]
}, {
  "corequisites": [],
  "course_name": "OPERATIONS AND SUPPLY CHAIN MANAGEMENT",
  "course_number": "BA 357",
  "credits": "4",
  "description": "Provides an overview of the functional activities necessary for the creation/delivery of goods and services. Topics covered include productivity; strategy in a global business environment; project management; quality management; location and layout strategies; supply chain and inventory management; material requirements planning; JIT; work-place safety; maintenance and reliability; sourcing and sustainability.",
  "prerequisites": [["BA 270", "BA 270H"]]
}, {
  "corequisites": [],
  "course_name": "OPERATIONS AND SUPPLY CHAIN MANAGEMENT",
  "course_number": "BA 357H",
  "credits": "4",
  "description": "Provides an overview of the functional activities necessary for the creation/delivery of goods and services. Topics covered include productivity; strategy in a global business environment; project management; quality management; location and layout strategies; supply chain and inventory management; material requirements planning; JIT; work-place safety; maintenance and reliability; sourcing and sustainability.",
  "prerequisites": [["BA 270", "BA 270H"]]
}, {
  "corequisites": [],
  "course_name": "INTRODUCTION TO FINANCIAL MANAGEMENT",
  "course_number": "BA 360",
  "credits": "4",
  "description": "Explore the issues facing a financial manager in new business ventures, small businesses, and corporations. Focus on the role of the financial manager in business settings, explores the functions of a financial manager in financial analysis, forecasting, planning, and control; asset and liability management; capital budgeting; and raising funds for new business ventures, small businesses, and corporations.",
  "prerequisites": [["BA 211", "BA 211H", "BA 211Z", "BA 211H", "BA 215", "BA 215H", "BA 315"], ["ECON 201", "ECON 201H", "AEC 250", "AEC 250H", "AEC 251"]]
}, {
  "corequisites": [],
  "course_name": "INTRODUCTION TO FINANCIAL MANAGEMENT",
  "course_number": "BA 360H",
  "credits": "4",
  "description": "Explore the issues facing a financial manager in new business ventures, small businesses, and corporations. Focus on the role of the financial manager in business settings, explores the functions of a financial manager in financial analysis, forecasting, planning, and control; asset and liability management; capital budgeting; and raising funds for new business ventures, small businesses, and corporations.",
  "prerequisites": [["BA 211", "BA 211H", "BA 211Z", "BA 211H", "BA 215", "BA 215H", "BA 315"], ["ECON 201", "ECON 201H", "AEC 250", "AEC 250H", "AEC 251"]]
}, {
  "corequisites": [],
  "course_name": "IDEATION AND CREATIVE THINKING",
  "course_number": "BA 361",
  "credits": "4",
  "description": "Focuses on the creative process applied toward business and societal problems, specifically, on identifying and developing innovative solutions to complex problems, fostering a creative culture, and providing practical tools for enhancing individual and team creativity. Uses exercises, simulations, and real-world business scenarios.",
  "prerequisites": []
}, {
  "corequisites": [],
  "course_name": "SOCIAL ENTREPRENEURSHIP AND SOCIAL INITIATIVES",
  "course_number": "BA 362",
  "credits": "4",
  "description": "The core concepts of entrepreneurship, using entrepreneurship to craft innovative responses to social problems. Entrepreneurial skills are as valuable in the social sector as they are in business. Includes both profit and non-profit firms that have programs designed to create social value.",
  "prerequisites": []
}, {
  "corequisites": [],
  "course_name": "INNOVATION MANAGEMENT",
  "course_number": "BA 363",
  "credits": "4",
  "description": "Introduces students to the field of innovation in both theory and practice. Examines different forms of innovation and the conditions under which innovation efforts succeed and fail. Approaches innovation from three perspectives—the innovation environment, invention, and commercialization.",
  "prerequisites": []
}, {
  "corequisites": [],
  "course_name": "FAMILY BUSINESS MANAGEMENT",
  "course_number": "BA 365",
  "credits": "4",
  "description": "Focuses on the opportunities and the problems characteristic of family businesses: entrepreneurship, management succession, transfer of ownership, mixing family and business roles, family conflicts, personnel issues, non-family employees, and outside advisors.",
  "prerequisites": []
}, {
  "corequisites": [],
  "course_name": "LAUNCH ACADEMY",
  "course_number": "BA 367",
  "credits": "3",
  "description": "The Oregon State Launch Academy is an incubator for student entrepreneurs who want to be immersed in an innovative, high-energy environment that promotes the creation, evolution and implementation of business ideas. Launch Academy students earn academic credit for working on their businesses and have access to seed funding, prototyping equipment, co-working space, mentoring and training to help them advance their ideas. Launch Academy students learn about developing new products or services, marketing their ideas, building teams and securing funding, among other critical elements of entrepreneurial success.",
  "prerequisites": []
}, {
  "corequisites": [],
  "course_name": "ADVANCED LAUNCH ACADEMY",
  "course_number": "BA 368",
  "credits": "1-3",
  "description": "The Oregon State Launch Academy is an incubator for student entrepreneurs who want to be immersed in an innovative, high-energy environment that promotes the creation, evolution and implementation of business ideas. Launch Academy students earn academic credit for working on their businesses and have access to seed funding, prototyping equipment, co-working space, mentoring and training to help them advance their ideas. Students/teams will receive coaching from the instructor to move their business ideas forward. Students will secure and engage mentors, complete and test prototypes of their ideas, market their ideas, and prepare to secure funding for their ideas.",
  "prerequisites": [["BA 367"]]
}, {
  "corequisites": [],
  "course_name": "BUSINESS INFORMATION SYSTEMS OVERVIEW",
  "course_number": "BA 370",
  "credits": "4",
  "description": "Introduce students to the field of information management. Topics include information systems technology, the strategic role of IT, the business applications of networks, databases and Internet technologies, and the development and implementation of information systems. Use relational database models to design a real-world case study.",
  "prerequisites": [["BA 270", "BA 270H"]]
}, {
  "corequisites": [],
  "course_name": "BUSINESS INFORMATION SYSTEMS OVERVIEW",
  "course_number": "BA 370H",
  "credits": "4",
  "description": "Introduce students to the field of information management. Topics include information systems technology, the strategic role of IT, the business applications of networks, databases and Internet technologies, and the development and implementation of information systems. Use relational database models to design a real-world case study.",
  "prerequisites": [["BA 270", "BA 270H"]]
}, {
  "corequisites": [],
  "course_name": "APPLIED QUANTITATIVE METHODS",
  "course_number": "BA 375",
  "credits": "4",
  "description": "Introduces students to the basics of data science and data analytics for handling of large-scale databases. Provides an overview of the main data-analytic techniques and topics including data visualization, linear and nonlinear regression analysis, time series analysis and forecasting, classification, and clustering methods.",
  "prerequisites": [["BA 275", "BA 275H"]]
}, {
  "corequisites": [],
  "course_name": "APPLIED QUANTITATIVE METHODS",
  "course_number": "BA 375H",
  "credits": "4",
  "description": "Introduces students to the basics of data science and data analytics for handling of large-scale databases. Provides an overview of the main data-analytic techniques and topics including data visualization, linear and nonlinear regression analysis, time series analysis and forecasting, classification, and clustering methods.",
  "prerequisites": [["BA 275", "BA 275H"]]
}, {
  "corequisites": [],
  "course_name": "PERSONAL AND PROFESSIONAL DEVELOPMENT",
  "course_number": "BA 381",
  "credits": "4",
  "description": "Designed to help students transition to the OSU and COB communities, identify and employ academic success strategies, and start the process of career planning and development. Teaches students how to set financial goals.",
  "prerequisites": []
}, {
  "corequisites": [],
  "course_name": "PRINCIPLES OF MARKETING",
  "course_number": "BA 390",
  "credits": "4",
  "description": "Covers concepts and principles used by marketing professionals. An introduction to the relationships between customers, products, and companies in a competitive and dynamically evolving marketplace.",
  "prerequisites": []
}, {
  "corequisites": [],
  "course_name": "PRINCIPLES OF MARKETING",
  "course_number": "BA 390H",
  "credits": "4",
  "description": "Covers concepts and principles used by marketing professionals. An introduction to the relationships between customers, products, and companies in a competitive and dynamically evolving marketplace.",
  "prerequisites": []
}, {
  "corequisites": [],
  "course_name": "SPECIAL TOPICS IN BUSINESS ADMINISTRATION",
  "course_number": "BA 399",
  "credits": "1-4",
  "description": "",
  "prerequisites": []
}, {
  "corequisites": [],
  "course_name": "THESIS",
  "course_number": "BA 403",
  "credits": "1-16",
  "description": "",
  "prerequisites": []
}, {
  "corequisites": [],
  "course_name": "READING AND CONFERENCE",
  "course_number": "BA 405",
  "credits": "1-16",
  "description": "Supervised individual work in some field of special application and interest. Subjects chosen must be approved by professor in charge.",
  "prerequisites": []
}, {
  "corequisites": [],
  "course_name": "PROJECTS",
  "course_number": "BA 406",
  "credits": "1-16",
  "description": "",
  "prerequisites": []
}, {
  "corequisites": [],
  "course_name": "SEMINAR",
  "course_number": "BA 407",
  "credits": "0-16",
  "description": "",
  "prerequisites": []
}, {
  "corequisites": [],
  "course_name": "SEMINAR",
  "course_number": "BA 407H",
  "credits": "0-16",
  "description": "",
  "prerequisites": []
}, {
  "corequisites": [],
  "course_name": "BUSINESS INTERNSHIP",
  "course_number": "BA 410",
  "credits": "1-12",
  "description": "Planned and supervised work experience at selected cooperating business firms. Supplementary training, conference, reports, and appraisals.",
  "prerequisites": []
}, {
  "corequisites": [],
  "course_name": "NAVIGATING CAREER TRANSITIONS",
  "course_number": "BA 411",
  "credits": "1",
  "description": "Explores strategies and decision-making tactics to prepare for successful career transitions.",
  "prerequisites": []
}, {
  "corequisites": [],
  "course_name": "FINANCIAL PLANNING I",
  "course_number": "BA 412",
  "credits": "1",
  "description": "Part of Blueprint – a 12-course professional development course series to guide the student from college to career. Continues to build a foundation of financial planning, offering students the tools to successfully prepare for future wealth. Topics include: budgeting for life after graduation, planning for new earnings and income, saving for your future self, and keeping your money and yourself secure.",
  "prerequisites": []
}, {
  "corequisites": [],
  "course_name": "FINANCIAL PLANNING II",
  "course_number": "BA 413",
  "credits": "1",
  "description": "Part of Blueprint – a 12 course professional development course series to guide the student from college to career. Fourth of four courses dedicated to the foundations of professional financial planning so the student can have the tools needed to successfully manage their career pathway.",
  "prerequisites": []
}, {
  "corequisites": [],
  "course_name": "*ENVIRONMENTAL LAW",
  "course_number": "BA 432",
  "credits": "SUSTAINABILITY",
  "description": "Explores fundamental business, legal, and policy issues raised by environmental law, sustainable business practices, and clean energy policies, and their impact on business and management practices.",
  "prerequisites": []
}, {
  "corequisites": [],
  "course_name": "INNOVATION AND NEW PRODUCT DEVELOPMENT",
  "course_number": "BA 458",
  "credits": "4",
  "description": "Examines the strategic management of an organization's system and technologies in support of innovation and new product/service development. Topics include how successful new product are conceived, developed, and launched; the internal and external factors that create barriers or opportunities for success. These and other strategic issues will be explored and applied as teams concentrate on new product development in a company of their choosing.",
  "prerequisites": [["BA 363", "BA 260", "BA 260H", "BA 167"], ["BA 168"]]
}, {
  "corequisites": [],
  "course_name": "VENTURE MANAGEMENT",
  "course_number": "BA 460",
  "credits": "4",
  "description": "Applies entrepreneurial and innovation processes to new business start-ups, existing small businesses, and new ventures within larger organizations; new venture planning, project management, and productivity improvement. Cases and projects are used to apply concepts and to develop communication skills.",
  "prerequisites": [["BA 260", "BA 260H", "BA 167"], ["BA 168"]]
}, {
  "corequisites": [],
  "course_name": "FAMILY ENTERPRISE GOVERNANCE",
  "course_number": "BA 463",
  "credits": "4",
  "description": "Explores and analyzes family enterprise governance practices. Addresses the governance of established family enterprises as distinct from publicly-held firms. Examines succession, stewardship, conflict resolution, communications, legal, and financial aspects, estate planning, strategy, philanthropy and other topics that drive successful family enterprise governance.",
  "prerequisites": []
}, {
  "corequisites": [],
  "course_name": "NEW VENTURE FINANCE",
  "course_number": "BA 464",
  "credits": "4",
  "description": "Explore issues facing entrepreneurial business ventures: financial statement forecasting, financial analysis, cash flow assessment, financial controls, asset management, valuations, and understanding funding options at different points in the business life cycle including SBA loans, angel investors, venture capital, bank loans, and going public.",
  "prerequisites": [["BA 260", "BA 260H", "BA 167"], ["BA 168"], ["BA 315", "BA 211", "BA 211H", "BA 211Z", "BA 211H"], ["BA 213", "BA 213H", "BA 213Z", "BA 213H"]]
}, {
  "corequisites": [],
  "course_name": "INTEGRATIVE STRATEGIC EXPERIENCE",
  "course_number": "BA 466",
  "credits": "4",
  "description": "Applies frameworks and models of strategic management for understanding and analyzing a firm's effort to create and sustain competitive advantages. Uses an experiential approach to integrate and apply concepts of strategic management with elements of marketing, operations, finance, accounting, and organizational behavior for making decisions from a general manager’s perspective. Explores the differences between strategic and tactical approaches to business decisions and the impact of the external environment on deploying internal resources.",
  "prerequisites": [["BA 240", "BA 240H", "BA 360", "BA 360H"], ["BA 252", "BA 252H", "BA 352", "BA 352H"], ["BA 357", "BA 357H"], ["BA 223", "BA 223H", "BA 390", "BA 390H"]]
}, {
  "corequisites": [],
  "course_name": "INTEGRATIVE STRATEGIC EXPERIENCE",
  "course_number": "BA 466H",
  "credits": "4",
  "description": "Applies frameworks and models of strategic management for understanding and analyzing a firm's effort to create and sustain competitive advantages. Uses an experiential approach to integrate and apply concepts of strategic management with elements of marketing, operations, finance, accounting, and organizational behavior for making decisions from a general manager’s perspective. Explores the differences between strategic and tactical approaches to business decisions and the impact of the external environment on deploying internal resources.",
  "prerequisites": [["BA 240", "BA 240H", "BA 360", "BA 360H"], ["BA 252", "BA 252H", "BA 352", "BA 352H"], ["BA 357", "BA 357H"], ["BA 223", "BA 223H", "BA 390", "BA 390H"]]
}, {
  "corequisites": [],
  "course_name": "NEW VENTURE LABORATORY",
  "course_number": "BA 467",
  "credits": "4",
  "description": "Develop a complete business plan including product specs with prototype, financial analysis, market analysis, marketing plan, management structure and proposed financing.",
  "prerequisites": [["BA 460", "BA 363"]]
}, {
  "corequisites": [],
  "course_name": "TECHNOLOGY COMMERCIALIZATION",
  "course_number": "BA 468",
  "credits": "2-4",
  "description": "Emphasizes \"hands on\" learning in which students will exercise commercialization concepts on recently awarded Oregon State University patents or individual commercialization projects. Covers process and tools to assess the business viability of a technical idea, and to develop the best business approach for commercialization.",
  "prerequisites": [["BA 260", "BA 260H", "BA 167"], ["BA 168"]]
}, {
  "corequisites": [],
  "course_name": "SPECIAL TOPICS IN BUSINESS ADMINISTRATION",
  "course_number": "BA 499",
  "credits": "1-4",
  "description": "",
  "prerequisites": []
}, {
  "corequisites": [],
  "course_name": "RESEARCH",
  "course_number": "BA 501",
  "credits": "1-16",
  "description": "",
  "prerequisites": []
}, {
  "corequisites": [],
  "course_name": "INDEPENDENT STUDY",
  "course_number": "BA 502",
  "credits": "1-16",
  "description": "",
  "prerequisites": []
}, {
  "corequisites": [],
  "course_name": "THESIS",
  "course_number": "BA 503",
  "credits": "1-16",
  "description": "",
  "prerequisites": []
}, {
  "corequisites": [],
  "course_name": "READING AND CONFERENCE",
  "course_number": "BA 505",
  "credits": "1-16",
  "description": "",
  "prerequisites": []
}, {
  "corequisites": [],
  "course_name": "PROJECTS",
  "course_number": "BA 506",
  "credits": "1-16",
  "description": "",
  "prerequisites": []
}, {
  "corequisites": [],
  "course_name": "SEMINAR",
  "course_number": "BA 507",
  "credits": "1-16",
  "description": "",
  "prerequisites": []
}, {
  "corequisites": [],
  "course_name": "BUSINESS INTERNSHIP",
  "course_number": "BA 510",
  "credits": "1-6",
  "description": "",
  "prerequisites": []
}, {
  "corequisites": [],
  "course_name": "BUSINESS ANALYSIS AND COMMUNICATION",
  "course_number": "BA 512",
  "credits": "6",
  "description": "Students will be guided through a process of determining business issues or challenges given specific situations, providing reasons/justifications why these are important, proposing solutions to the identified business problems, and communicating this analysis through in-class discussions and writing.",
  "prerequisites": []
}, {
  "corequisites": [],
  "course_name": "BUSINESS LEGAL ENVIRONMENT",
  "course_number": "BA 513",
  "credits": "3",
  "description": "Provides the essential legal foundation for business managers in companies operating in the U.S. Effective strategies for managers to prevent and resolve legal disputes will be stressed. Topics include legal issues related to corporate forms, creating and enforcing contracts, reducing exposure to tort liability and the role of employees as agents of a business.",
  "prerequisites": []
}, {
  "corequisites": [],
  "course_name": "OPERATIONS MANAGEMENT",
  "course_number": "BA 514",
  "credits": "3",
  "description": "Provides a foundation for business managers in statistics and operations management. Emphasis on quantitative tools for sampling, interval estimation and hypothesis testing as well as operations management concepts for processes, quality systems, supply chain management, inventory management, resource planning, and sustainable lean systems.",
  "prerequisites": []
}, {
  "corequisites": [],
  "course_name": "MANAGERIAL DECISION TOOLS",
  "course_number": "BA 515",
  "credits": "3",
  "description": "Develop business management skills by learning the principles of managerial and financial accounting. Emphasis will be placed on understanding financial statements, cost analysis, and funding decisions. Focuses on integrating the theoretical framework of accounting and finance with the “hands on” technical skills needed to evaluate financial decisions within an organization.",
  "prerequisites": []
}, {
  "corequisites": [],
  "course_name": "CREATING VALUE IN EXCHANGE",
  "course_number": "BA 516",
  "credits": "3",
  "description": "A graduate-level survey course that provides a foundation for business managers in the concepts of marketing. Develops an understanding of marketing principles and an awareness of marketing challenges.",
  "prerequisites": []
}, {
  "corequisites": [],
  "course_name": "MARKETS AND VALUATION",
  "course_number": "BA 517",
  "credits": "3",
  "description": "Introduces students to the basic questions facing a financial manager and the tools a financial manager uses to find answers to these questions. Introduces the basic tools of finance and applications of financial theory in use today. Introduces legal, ethical, technology, and global issues facing a financial manager. Designed to enhance a student's approach to financial decision making and emphasizes technical analysis and quantitative approaches to decision making.",
  "prerequisites": []
}, {
  "corequisites": [],
  "course_name": "ADOPTING THE ENTREPRENEURIAL MINDSET",
  "course_number": "BA 518",
  "credits": "3",
  "description": "Introduces the fundamentals of entrepreneurship and innovation, and exposes the concepts, practice, and tools of the entrepreneurial world.",
  "prerequisites": []
}, {
  "corequisites": [],
  "course_name": "FINANCIAL AND COST ANALYSIS",
  "course_number": "BA 528",
  "credits": "3",
  "description": "Analyzes balance sheet and income statement to determine profitability, risk, and rate of return. Focuses on preparation of pro forma financial statements and cost measurement for products, projects, jobs, customers, and markets. Applies strategic cost decision making for pricing and resource allocation.",
  "prerequisites": []
}, {
  "corequisites": [],
  "course_name": "CORPORATE FINANCE",
  "course_number": "BA 540",
  "credits": "3",
  "description": "Construct project cost of capital, cash flow, sensitivity, and scenarios analyses using accepted techniques for capital budgeting decisions. Predict the impact of various decisions on stakeholder, project, and firm valuation.",
  "prerequisites": []
}, {
  "corequisites": [],
  "course_name": "LEADERSHIP AND TEAMS IN ORGANIZATIONS",
  "course_number": "BA 550",
  "credits": "3",
  "description": "Explores classical and modern theories and evidence-based research in leadership. Develop effective skills and techniques on leading individuals, groups, teams, and organizations. Apply analysis of individual differences, group and organizational diversity, national and organizational culture to best practices that thoughtfully balance ethics, motivation, inclusivity, change, and organizational visions.",
  "prerequisites": []
}, {
  "corequisites": [],
  "course_name": "PRACTICAL BUSINESS ANALYSIS",
  "course_number": "BA 555",
  "credits": "3",
  "description": "Emphasizes advanced survey of quantitative business methods useful for aiding management decisions. Topics include a review of basic statistics, mathematical programming, business simulation, statistical process control, advanced regression analysis, and forecasting.",
  "prerequisites": []
}, {
  "corequisites": [],
  "course_name": "SUPPLY CHAIN MANAGEMENT",
  "course_number": "BA 561",
  "credits": "3",
  "description": "Covers tools and concepts needed to manage the entire supply chain effectively. Topics include negotiation, purchasing, logistics operations, and applying e-business tools. Emphasis on creating integrated supply chains.",
  "prerequisites": []
}, {
  "corequisites": [],
  "course_name": "MANAGING PROJECTS",
  "course_number": "BA 562",
  "credits": "3",
  "description": "Covers tools and concepts used by managers to plan and initiate business projects. Computer applications, cases and a project.",
  "prerequisites": []
}, {
  "corequisites": [],
  "course_name": "NEW VENTURE FINANCE",
  "course_number": "BA 564",
  "credits": "4",
  "description": "Explore issues facing entrepreneurial business ventures: financial statement forecasting, financial analysis, cash flow assessment, financial controls, asset management, valuations, and understanding funding options at different points in the business life cycle including SBA loans, angel investors, venture capital, bank loans, and going public.",
  "prerequisites": []
}, {
  "corequisites": [],
  "course_name": "ADVANCED STRATEGIC MANAGEMENT",
  "course_number": "BA 569",
  "credits": "3",
  "description": "Advanced integrative case-based course on the process of systematically developing and managing firm strategies. Topics are covered from a general management perspective and include setting corporate goals and objectives, analyzing external competitive environments, understanding business models, identifying strategy options, and designing appropriate organization systems and structure for implementation of plans. International and e-business issues are integrated throughout.",
  "prerequisites": []
}, {
  "corequisites": [],
  "course_name": "HEALTHCARE AND BIOMEDICAL INNOVATION",
  "course_number": "BA 571",
  "credits": "3",
  "description": "An integrative learning experience intended to provide current and future managerial, analytical, clinical, and technical professionals in health-related fields with an understanding of the full range of strategic issues associated with innovation management, intellectual property (IP) protection, and new product development. Through the use of conceptual frameworks, relevant case studies, simulations, and product/service examples drawn from the global healthcare ecosystem, explore the effective use of IP to reduce and manage risk, facilitate market entry, and enhance competitive positioning.",
  "prerequisites": []
}, {
  "corequisites": [],
  "course_name": "ADVANCED INFORMATION SYSTEMS",
  "course_number": "BA 572",
  "credits": "3",
  "description": "The development, implementation and management of information technology applications will be addressed. Topics will address the development and application of technology to support linkages within the organization and outside the organization. Projects will be assigned to illustrate the topics.",
  "prerequisites": []
}, {
  "corequisites": [],
  "course_name": "MARKETING MANAGEMENT",
  "course_number": "BA 590",
  "credits": "3",
  "description": "Provides an understanding of how a market-orientation can help firms to profitably deliver value to their targeted customers. Through a combination of lectures, in-class exercises, and case discussions, learn how to analyze complex marketing challenges, and make strategic decisions based on established marketing management principles.",
  "prerequisites": []
}, {
  "corequisites": [],
  "course_name": "SPECIAL TOPICS IN BUSINESS ADMINISTRATION",
  "course_number": "BA 599",
  "credits": "1-4",
  "description": "",
  "prerequisites": []
}, {
  "corequisites": [],
  "course_name": "RESEARCH AND SCHOLARSHIP",
  "course_number": "BA 601",
  "credits": "1-16",
  "description": "",
  "prerequisites": []
}, {
  "corequisites": [],
  "course_name": "INDEPENDENT STUDY",
  "course_number": "BA 602",
  "credits": "1-16",
  "description": "",
  "prerequisites": []
}, {
  "corequisites": [],
  "course_name": "THESIS/DISSERTATION",
  "course_number": "BA 603",
  "credits": "1-16",
  "description": "",
  "prerequisites": []
}, {
  "corequisites": [],
  "course_name": "READING AND CONFERENCE",
  "course_number": "BA 605",
  "credits": "1-16",
  "description": "",
  "prerequisites": []
}, {
  "corequisites": [],
  "course_name": "SEMINAR",
  "course_number": "BA 607",
  "credits": "1-16",
  "description": "",
  "prerequisites": []
}, {
  "corequisites": [],
  "course_name": "TEACHING EFFECTIVENESS",
  "course_number": "BA 611",
  "credits": "1-6",
  "description": "Provides an overview of a broad range of effective teaching techniques and common issues associated with teaching at the college level (e.g., defining learning outcomes, common pitfalls, assessing of student learning, etc.).",
  "prerequisites": []
}, {
  "corequisites": [],
  "course_name": "FOUNDATIONS OF BUSINESS RESEARCH",
  "course_number": "BA 612",
  "credits": "3",
  "description": "Introduces first-year business doctoral students to concepts fundamental to conducting research in business as a social science. Specific topics may change from quarter to quarter, but sample topics include the academic environment in business, research paradigms, ethics in research, fundamentals of scientific research, constructs, validity, sampling, and analysis and interpretation.",
  "prerequisites": []
}, {
  "corequisites": [],
  "course_name": "SEMINAR IN BUSINESS RESEARCH METHODS",
  "course_number": "BA 613",
  "credits": "3",
  "description": "Provides first-year business PhD students with an in-depth introduction to the most common research methodologies used by current business faculty across multiple functional disciplines. Specific research methods covered may change from quarter to quarter, but sample topics include use of basic econometric models for analysis of archival data, experimental methodologies, qualitative research techniques, and survey research.",
  "prerequisites": []
}, {
  "corequisites": [],
  "course_name": "FOUNDATIONS OF ENTREPRENEURSHIP RESEARCH",
  "course_number": "BA 660",
  "credits": "3",
  "description": "Provides a broad overview of the foundations of entrepreneurship research, including theoretical underpinnings of the field as well as some of the common and/or promising approaches to the study of entrepreneurial phenomena.",
  "prerequisites": []
}, {
  "corequisites": [],
  "course_name": "DOCTORAL SEMINAR IN ORGANIZATIONAL THEORY",
  "course_number": "BA 661",
  "credits": "3",
  "description": "Surveys research on classic and contemporary developments in basic organizational theory.",
  "prerequisites": []
}, {
  "corequisites": [],
  "course_name": "CORPORATE ENTREPRENEURSHIP AND NEW VENTURES",
  "course_number": "BA 662",
  "credits": "3",
  "description": "Surveys research in the area of corporate entrepreneurship and venturing, focusing on relevant theoretical underpinnings and core concepts in the corporate entrepreneurship, entrepreneurship, and strategy literatures.",
  "prerequisites": []
}, {
  "corequisites": [],
  "course_name": "STRATEGIC MANAGEMENT",
  "course_number": "BA 663",
  "credits": "3",
  "description": "Surveys research exploring the central question in strategy: Why do some firms outperform others? Considers a wide variety of foundational and contemporary issues in the field, and while specific topics may change from quarter to quarter, sample topics include competitive and cooperative interactions, the resource-based view and firm capabilities, organizational learning and adaptation, and industry evolution.",
  "prerequisites": []
}, {
  "corequisites": [],
  "course_name": "TECHNOLOGY AND INNOVATION MANAGEMENT",
  "course_number": "BA 664",
  "credits": "3",
  "description": "Surveys research on the management of innovation and technology in organizations, focusing on innovation as an outcome (product, service, technology, practice) and on the process of generation, adoption, and implementation of innovation in organizations.",
  "prerequisites": []
}]