[{
  "corequisites": [],
  "course_name": "INTRODUCTION TO BIOCHEMISTRY AND BIOPHYSICS RESEARCH",
  "course_number": "BB 111",
  "credits": "1",
  "description": "Designed to introduce biochemistry and biophysics students to departmental research opportunities and advisors.",
  "prerequisites": []
}, {
  "corequisites": [],
  "course_name": "PROFESSIONAL DEVELOPMENT II: MOLECULAR",
  "course_number": "BB 211",
  "credits": "MICROBIAL",
  "description": "Develop awareness of the elements of professional development, identify strategic areas for growth, and design an exploration plan. Emphasis is placed on being able to analyze career opportunities to determine the best mix of technical and professional skills needed for success as a biological science professional. CROSSLISTED as BB 211/BHS 211.",
  "prerequisites": []
}, {
  "corequisites": [],
  "course_name": "*CANCER: SOCIETY'S MALIGNANT SHADOW",
  "course_number": "BB 220",
  "credits": "3",
  "description": "Explores the social context of our modern understanding of the group of diseases called cancer. Stimulates critical thinking about how trends in prevention, diagnosis, treatment, and care are influenced by the way we view social categories such as race, gender, and socioeconomic class. Demonstrates that access to medical advances is informed by societal beliefs regarding the role of government and other authoritative institutions. (Bacc Core Course)",
  "prerequisites": []
}, {
  "corequisites": [],
  "course_name": "CELL AND MOLECULAR BIOLOGY",
  "course_number": "BB 314",
  "credits": "4",
  "description": "Explores the fundamental concepts of prokaryotic and eukaryotic cell biology. Emphasizes cell structure and function at the molecular level.",
  "prerequisites": [["BI 211", "BI 211H"], ["BI 212", "BI 212H"], ["BI 213", "BI 213H", "BI 221", "BI 221H"], ["BI 222", "BI 222H"], ["BI 223", "BI 223H", "BI 204"], ["BI 205"], ["BI 206"], ["CH 233", "CH 233H"], ["CH 263", "CH 263H", "CH 273", "CH 123"]]
}, {
  "corequisites": [],
  "course_name": "CELL AND MOLECULAR BIOLOGY",
  "course_number": "BB 314H",
  "credits": "4",
  "description": "Explores the fundamental concepts of prokaryotic and eukaryotic cell biology. Emphasizes cell structure and function at the molecular level.",
  "prerequisites": [["BI 211", "BI 211H"], ["BI 212", "BI 212H"], ["BI 213", "BI 213H", "BI 221", "BI 221H"], ["BI 222", "BI 222H"], ["BI 223", "BI 223H", "BI 204"], ["BI 205"], ["BI 206"], ["CH 233", "CH 233H"], ["CH 263", "CH 263H", "CH 273", "CH 123"]]
}, {
  "corequisites": [],
  "course_name": "MOLECULAR BIOLOGY LABORATORY",
  "course_number": "BB 315",
  "credits": "3",
  "description": "Laboratory projects exploring the transmission of genetic information from storage to function will introduce students to fundamental molecular biology concepts and techniques, including isolation of DNA, construction of recombinant plasmids, quantification of gene expression in model organisms, polymerase chain reaction, and analysis of protein expression and subcellalar localization.",
  "prerequisites": [["BB 314", "BB 314H"]]
}, {
  "corequisites": [],
  "course_name": "^SCIENTIFIC THEORY AND PRACTICE",
  "course_number": "BB 317",
  "credits": "3",
  "description": "Teaches students the practice of biological science. Topics cover scientific theory, communications, ethics and critical evaluation.",
  "prerequisites": [["BI 211", "BI 211H"], ["BI 212", "BI 212H"], ["BI 213", "BI 213H", "BI 221", "BI 221H"], ["BI 222", "BI 222H"], ["BI 223", "BI 223H"]]
}, {
  "corequisites": [],
  "course_name": "*INTRODUCTION TO MOLECULAR BIOLOGY",
  "course_number": "BB 331",
  "credits": "3",
  "description": "Course dealing with the molecular basis of cellular function, with emphasis upon modern developments, and the foundation for practical applications of this knowledge. The course will involve the conceptual background necessary to appreciate the applications of molecular biology. Throughout the course opportunities will be given to discuss public policy issues and questions: What are the moral and practical problems that flow from identification of an individual as being at risk for a late-appearing genetic disorder, such as Huntington's disease or certain cancers? Does the scientific or public value of knowing the entire DNA sequence of the human genome justify a situation in which individual or small-scale research cannot be supported? What issues arise when the fruits of biological research, mostly publicly funded, are commercialized? Should a novel organism be patented? How can biotechnology be applied to environmental problems? (Bacc Core Course)",
  "prerequisites": [["CH 122", "CH 202", "CH 222", "CH 225H", "CH 232", "CH 232H", "CH 262", "CH 262H", "CH 272"]]
}, {
  "corequisites": [],
  "course_name": "*MOLECULAR MEDICINE",
  "course_number": "BB 332",
  "credits": "3",
  "description": "Provides students an understanding of medical advances from a rapidly evolving molecular point of view. Advances in knowledge of the human genome arising from DNA sequencing efforts and major leaps in understanding of the regulating cellular growth and division are presented in an easy-to-understand fashion appropriate for students in all majors. Course discussions and assignments will cover implications of advances in molecular medicine from ethical, economic, technical and societal standpoints. The aim of the course is to present technical material in a way that non-scientists will understand and conversely to summarize ethical, economic, and philosophical considerations in a way that the scientists understand the implications of these technologies. (Bacc Core Course)",
  "prerequisites": []
}, {
  "corequisites": [],
  "course_name": "PYTHON FOR MOLECULAR BIOLOGISTS",
  "course_number": "BB 345",
  "credits": "3",
  "description": "Develop python programming language skills to analyze biomolecular data, particularly nucleic acid and protein sequences. Design python programs to represent and analyze biological sequences and data. Apply fundamental concepts including reading and writing of sequence files, subsequences, reverse complement, finding sequence patterns, subroutines, and control structures, parsing genomic data files, extracting information from biomolecular data, translating RNA to protein with basic python, curve fitting such as binding curves.",
  "prerequisites": []
}, {
  "corequisites": [],
  "course_name": "ELEMENTARY BIOCHEMISTRY",
  "course_number": "BB 350",
  "credits": "4",
  "description": "Service course for students desiring a short introduction to biochemistry.",
  "prerequisites": [["CH 331"], ["CH 332"]]
}, {
  "corequisites": [],
  "course_name": "INTRODUCTION TO NEUROSCIENCE",
  "course_number": "BB 360",
  "credits": "3",
  "description": "An introduction to the field of neuroscience. Topics include structure of neurons, outline of signaling in the central nervous system, Nernst equation, action potentials, synaptic transmission, chemical signaling in vision, disease and drugs.",
  "prerequisites": [["BI 211", "BI 211H"], ["BI 212", "BI 212H"], ["BI 213", "BI 213H", "BI 221", "BI 221H"], ["BI 222", "BI 222H"], ["BI 223", "BI 223H"], ["CH 233", "CH 233H"], ["CH 263", "CH 263H"]]
}, {
  "corequisites": [],
  "course_name": "NEUROSCIENCE OF SENSORY AND MOTOR SYSTEMS",
  "course_number": "BB 361",
  "credits": "3",
  "description": "Provides advanced knowledge and understanding of the structure and function of the sensory and motor systems and the interactions between them. These systems will be considered in the context of human physiology.",
  "prerequisites": [["BB 360"]]
}, {
  "corequisites": [],
  "course_name": "SPECIAL TOPICS",
  "course_number": "BB 399",
  "credits": "1-16",
  "description": "",
  "prerequisites": []
}, {
  "corequisites": [],
  "course_name": "SPECIAL TOPICS",
  "course_number": "BB 399H",
  "credits": "1-16",
  "description": "",
  "prerequisites": []
}, {
  "corequisites": [],
  "course_name": "UNDERGRADUATE RESEARCH",
  "course_number": "BB 401",
  "credits": "1-16",
  "description": "",
  "prerequisites": []
}, {
  "corequisites": [],
  "course_name": "THESIS",
  "course_number": "BB 403",
  "credits": "1-16",
  "description": "",
  "prerequisites": []
}, {
  "corequisites": [],
  "course_name": "READING AND CONFERENCE",
  "course_number": "BB 405",
  "credits": "1-16",
  "description": "",
  "prerequisites": []
}, {
  "corequisites": [],
  "course_name": "READING AND CONFERENCE",
  "course_number": "BB 405H",
  "credits": "1-16",
  "description": "",
  "prerequisites": []
}, {
  "corequisites": [],
  "course_name": "BIOCHEMISTRY/BIOPHYSICS SEMINAR",
  "course_number": "BB 407",
  "credits": "1-16",
  "description": "Informal seminars presenting information about research problems and careers and research programs on campus in biochemistry or biophysics.",
  "prerequisites": []
}, {
  "corequisites": [],
  "course_name": "BIOCHEMISTRY/BIOPHYSICS SEMINAR",
  "course_number": "BB 407H",
  "credits": "1-16",
  "description": "Informal seminars presenting information about research problems and careers and research programs on campus in biochemistry or biophysics.",
  "prerequisites": []
}, {
  "corequisites": [],
  "course_name": "INTERNSHIP",
  "course_number": "BB 410",
  "credits": "1-16",
  "description": "",
  "prerequisites": []
}, {
  "corequisites": [],
  "course_name": "GENERAL BIOCHEMISTRY",
  "course_number": "BB 450",
  "credits": "4",
  "description": "Sequence course for students with a limited background in physical chemistry.",
  "prerequisites": [["CH 332", "CH 336"]]
}, {
  "corequisites": [],
  "course_name": "GENERAL BIOCHEMISTRY",
  "course_number": "BB 451",
  "credits": "3",
  "description": "Sequence course for students with a limited background in physical chemistry.",
  "prerequisites": [["BB 450", "BB 450H"]]
}, {
  "corequisites": [],
  "course_name": "BIOCHEMISTRY AND MOLECULAR BIOLOGY LABORATORY TECHNIQUES",
  "course_number": "BB 453",
  "credits": "4",
  "description": "Laboratory course for non-majors that introduces students to biochemistry and molecular biology techniques used to investigate the functional relationship between nucleic acid sequence, gene expression, and protein function.",
  "prerequisites": [["BB 451"]]
}, {
  "corequisites": [],
  "course_name": "ADVANCED CELL BIOLOGY",
  "course_number": "BB 460",
  "credits": "3",
  "description": "History and theory of cell biology; microscopy and other techniques to study cells and organelles; membranes; organelles; protein import; cell signaling; cytoskeleton; polarity; cell cycle; stem cells; pattern formation; cancer biology.",
  "prerequisites": [["BB 314", "BB 314H", "BI 314", "BI 314H", "BB 451", "BB 492"]]
}, {
  "corequisites": [],
  "course_name": "CELL BIOPHYSICS",
  "course_number": "BB 470",
  "credits": "3",
  "description": "Apply physical, mathematical, and computational models to cellular and sub-cellular systems. Explore thermostatistics of two-state systems in biology and case studies including protein function, binding, and cooperativity. Examine biophysics and mechanics of membranes, modeling of macromolecular and protein structure, and diffusion and hydrodynamics at the molecular and cellular scales. Explore the connection between energetics and kinetics of equilibrium and non-equilibrium cellular processes.",
  "prerequisites": [["BB 450", "BB 490"], ["MTH 252", "MTH 252H"], ["PH 201"], ["PH 202"], ["PH 203", "PH 211", "PH 211H"], ["PH 212", "PH 212H"], ["PH 213", "PH 213H"]]
}, {
  "corequisites": [],
  "course_name": "MACROMOLECULAR STRUCTURE",
  "course_number": "BB 481",
  "credits": "3",
  "description": "An introduction to structural biology, the discipline focused on understanding the structural properties of biological macromolecules--especially proteins and nucleic acids--and relating them to their function. Introduces students to the vocabulary and tools of this discipline, covering both the fundamental physico-chemical principles governing the structure and function of biological macromolecules and a selected set of widely used experimental and theoretical approaches to their characterization.",
  "prerequisites": [["BB 450", "BB 490"]]
}, {
  "corequisites": [],
  "course_name": "BIOPHYSICS",
  "course_number": "BB 482",
  "credits": "3",
  "description": "Examines quantitative properties of biological systems and biological phenomena using concepts derived from mathematics and physics.",
  "prerequisites": [["BB 481"], ["CH 440"]]
}, {
  "corequisites": [],
  "course_name": "ADVANCED BIOCHEMISTRY AND BIOPHYSICS: CAPSTONE",
  "course_number": "BB 483",
  "credits": "3",
  "description": "Covers applications of advanced biophysical techniques, and how these fit within the larger context of biochemistry, biology and society. Explores techniques and their applications to macromolecules as well as the scientific process. Techniques discussed include in vitro, in vivo, and in silico methods, with an emphasis on biomolecular interactions.",
  "prerequisites": [["BB 482"]]
}, {
  "corequisites": [],
  "course_name": "APPLIED BIOINFORMATICS",
  "course_number": "BB 485",
  "credits": "3",
  "description": "Explores fundamental concepts needed to understand the software and methods used in bioinformatics. Discusses and evaluates contemporary techniques such as databases, gene and genome annotations, functional annotations, sequence alignment, motif finding, secondary structure prediction, phylogenetic tree construction, high-throughput sequence data, ChIP-Seq peak identification, transcriptome profiling by RNA-Seq, microRNA discovery and target prediction.",
  "prerequisites": [["BI 221", "BI 221H", "BI 205"], ["BB 345", "CS 201", "CS 161"]]
}, {
  "corequisites": [],
  "course_name": "ADVANCED MOLECULAR GENETICS",
  "course_number": "BB 486",
  "credits": "3",
  "description": "Covers aspects of transmission genetics (Mendel’s laws, mapping strategies) informed by the machineries required for genetic information storage, transcription, translation, and protein processing. Analyses of state-of-the-art primary literature and lectures give a perspective on important “model” organisms, including examples from among bacteria, plants, fungi, and animals.",
  "prerequisites": [["BB 314", "BB 314H"], ["BB 492", "BB 451"]]
}, {
  "corequisites": [],
  "course_name": "BIOCHEMISTRY 1: STRUCTURE AND FUNCTION",
  "course_number": "BB 490",
  "credits": "3",
  "description": "Examines how the structure and function of biological macromolecules arises from the organic chemistry of their fundamental building blocks. The organic chemistry of biochemistry will be a focus, including the mechanisms by which enzymes catalyze biological reactions.",
  "prerequisites": [["CH 332", "CH 336"], ["BI 211", "BI 211H"], ["BI 212", "BI 212H"], ["BI 213", "BI 213H", "BI 221", "BI 221H"], ["BI 222", "BI 222H"], ["BI 223", "BI 223H"]]
}, {
  "corequisites": [],
  "course_name": "BIOCHEMISTRY 2: METABOLISM",
  "course_number": "BB 491",
  "credits": "3",
  "description": "Covers the mechanisms and regulation of the pathways by which cells break down fuel molecules, conserve some of the released energy in the form of reactive nucleotides, and use this energy to create biological building blocks from simpler metabolites.",
  "prerequisites": [["BB 490"]]
}, {
  "corequisites": [],
  "course_name": "BIOCHEMISTRY 3: GENETIC BIOCHEMISTRY",
  "course_number": "BB 492",
  "credits": "3",
  "description": "Focuses on genetic biochemistry, including the synthesis of nucleotides, DNA synthesis and repair, RNA synthesis and processing, and protein synthesis and modification.",
  "prerequisites": [["BB 490"], ["BB 491"]]
}, {
  "corequisites": [],
  "course_name": "BIOCHEMISTRY LABORATORY MOLECULAR TECHNIQUES 1",
  "course_number": "BB 493",
  "credits": "3",
  "description": "Laboratory course to accompany BB 450, BB 451 or BB 490, BB 491, BB 492. Lec/lab.",
  "prerequisites": [["BB 451", "BB 451H", "BB 492"]]
}, {
  "corequisites": [],
  "course_name": "BIOCHEMISTRY LABORATORY MOLECULAR TECHNIQUES 2",
  "course_number": "BB 494",
  "credits": "3",
  "description": "Laboratory to accompany BB 450, BB 451 or BB 490, BB 491, BB 492. Lec/lab.",
  "prerequisites": [["BB 493", "BB 593", "BB 315", "BI 315"]]
}, {
  "corequisites": [],
  "course_name": "ASBMB CERTIFICATION EXAM",
  "course_number": "BB 498",
  "credits": "0",
  "description": "A comprehensive, standardized test administered by the American Society of Biochemistry and Molecular Biology and used as a direct assessment of the discipline specific knowledge of seniors in the majors administered by the Biochemistry and Biophysics department. A pass will be given to all students who complete the exam. Contact the Biochemistry and Biophysics Program for more information.",
  "prerequisites": []
}, {
  "corequisites": [],
  "course_name": "SPECIAL TOPICS",
  "course_number": "BB 499",
  "credits": "1-16",
  "description": "",
  "prerequisites": []
}, {
  "corequisites": [],
  "course_name": "RESEARCH",
  "course_number": "BB 501",
  "credits": "1-16",
  "description": "",
  "prerequisites": []
}, {
  "corequisites": [],
  "course_name": "THESIS",
  "course_number": "BB 503",
  "credits": "1-16",
  "description": "",
  "prerequisites": []
}, {
  "corequisites": [],
  "course_name": "READING AND CONFERENCE",
  "course_number": "BB 505",
  "credits": "1-16",
  "description": "",
  "prerequisites": []
}, {
  "corequisites": [],
  "course_name": "SEMINAR",
  "course_number": "BB 507",
  "credits": "1-2",
  "description": "Section 1: Descriptions of campus research programs in biochemistry and biophysics, 1 credit fall. Graded P/N. Student presentations of current research literature, 1 credit winter and spring. Should be taken by all entering departmental graduate students. Section 2: Presentation of departmental research seminar, 2 credits any term. PhD candidates in biochemistry and biophysics present a departmental research seminar in the third or fourth year. One registers in the term the seminar is presented.",
  "prerequisites": []
}, {
  "corequisites": [],
  "course_name": "GENERAL BIOCHEMISTRY",
  "course_number": "BB 550",
  "credits": "4",
  "description": "Sequence course for students with a limited background in physical chemistry.",
  "prerequisites": []
}, {
  "corequisites": [],
  "course_name": "GENERAL BIOCHEMISTRY",
  "course_number": "BB 551",
  "credits": "3",
  "description": "Sequence course for students with a limited background in physical chemistry.",
  "prerequisites": []
}, {
  "corequisites": [],
  "course_name": "ADVANCED CELL BIOLOGY",
  "course_number": "BB 560",
  "credits": "3",
  "description": "History and theory of cell biology; microscopy and other techniques to study cells and organelles; membranes; organelles; protein import; cell signaling; cytoskeleton; polarity; cell cycle; stem cells; pattern formation; cancer biology.",
  "prerequisites": []
}, {
  "corequisites": [],
  "course_name": "CELL BIOPHYSICS",
  "course_number": "BB 570",
  "credits": "3",
  "description": "Apply physical, mathematical, and computational models to cellular and sub-cellular systems. Explore thermostatistics of two-state systems in biology and case studies including protein function, binding, and cooperativity. Examine biophysics and mechanics of membranes, modeling of macromolecular and protein structure, and diffusion and hydrodynamics at the molecular and cellular scales. Explore the connection between energetics and kinetics of equilibrium and non-equilibrium cellular processes.",
  "prerequisites": []
}, {
  "corequisites": [],
  "course_name": "MACROMOLECULAR STRUCTURE",
  "course_number": "BB 581",
  "credits": "3",
  "description": "An introduction to structural biology, the discipline focused on understanding the structural properties of biological macromolecules--especially proteins and nucleic acids--and relating them to their function. Introduces students to the vocabulary and tools of this discipline, covering both the fundamental physico-chemical principles governing the structure and function of biological macromolecules and a selected set of widely used experimental and theoretical approaches to their characterization.",
  "prerequisites": []
}, {
  "corequisites": [],
  "course_name": "BIOPHYSICS",
  "course_number": "BB 582",
  "credits": "3",
  "description": "Examines quantitative properties of biological systems and biological phenomena using concepts derived from mathematics and physics.",
  "prerequisites": [["BB 581"]]
}, {
  "corequisites": [],
  "course_name": "ADVANCED BIOCHEMISTRY AND BIOPHYSICS: CAPSTONE",
  "course_number": "BB 583",
  "credits": "3",
  "description": "Covers applications of advanced biophysical techniques, and how these fit within the larger context of biochemistry, biology and society. Explores techniques and their applications to macromolecules as well as the scientific process. Techniques discussed include in vitro, in vivo, and in silico methods, with an emphasis on biomolecular interactions.",
  "prerequisites": [["BB 582"]]
}, {
  "corequisites": [],
  "course_name": "APPLIED BIOINFORMATICS",
  "course_number": "BB 585",
  "credits": "3",
  "description": "Explores fundamental concepts needed to understand the software and methods used in bioinformatics. Discusses and evaluates contemporary techniques such as databases, gene and genome annotations, functional annotations, sequence alignment, motif finding, secondary structure prediction, phylogenetic tree construction, high-throughput sequence data, ChIP-Seq peak identification, transcriptome profiling by RNA-Seq, microRNA discovery and target prediction.",
  "prerequisites": []
}, {
  "corequisites": [],
  "course_name": "ADVANCED MOLECULAR GENETICS",
  "course_number": "BB 586",
  "credits": "3",
  "description": "Covers aspects of transmission genetics (Mendel’s laws, mapping strategies) informed by the machineries required for genetic information storage, transcription, translation, and protein processing. Analyses of state-of-the-art primary literature and lectures give a perspective on important “model” organisms, including examples from among bacteria, plants, fungi, and animals.",
  "prerequisites": []
}, {
  "corequisites": [],
  "course_name": "BIOCHEMISTRY 1: STRUCTURE AND FUNCTION",
  "course_number": "BB 590",
  "credits": "3",
  "description": "Examines how the structure and function of biological macromolecules arises from the organic chemistry of their fundamental building blocks. The organic chemistry of biochemistry will be a focus, including the mechanisms by which enzymes catalyze biological reactions.",
  "prerequisites": []
}, {
  "corequisites": [],
  "course_name": "BIOCHEMISTRY 2: METABOLISM",
  "course_number": "BB 591",
  "credits": "3",
  "description": "Covers the mechanisms and regulation of the pathways by which cells break down fuel molecules, conserve some of the released energy in the form of reactive nucleotides, and use this energy to create biological building blocks from simpler metabolites.",
  "prerequisites": [["BB 590"]]
}, {
  "corequisites": [],
  "course_name": "BIOCHEMISTRY 3: GENETIC BIOCHEMISTRY",
  "course_number": "BB 592",
  "credits": "3",
  "description": "Focuses on genetic biochemistry, including the synthesis of nucleotides, DNA synthesis and repair, RNA synthesis and processing, and protein synthesis and modification.",
  "prerequisites": [["BB 590"], ["BB 591"]]
}, {
  "corequisites": [],
  "course_name": "SPECIAL TOPICS",
  "course_number": "BB 599",
  "credits": "0-16",
  "description": "",
  "prerequisites": []
}, {
  "corequisites": [],
  "course_name": "RESEARCH",
  "course_number": "BB 601",
  "credits": "1-16",
  "description": "",
  "prerequisites": []
}, {
  "corequisites": [],
  "course_name": "THESIS",
  "course_number": "BB 603",
  "credits": "1-16",
  "description": "",
  "prerequisites": []
}, {
  "corequisites": [],
  "course_name": "READING & CONFERENCE",
  "course_number": "BB 605",
  "credits": "1-16",
  "description": "",
  "prerequisites": []
}, {
  "corequisites": [],
  "course_name": "SEMINAR",
  "course_number": "BB 607",
  "credits": "1-2",
  "description": "Section 1: Descriptions of campus research programs in biochemistry and biophysics, 1 credit fall. Graded P/N. Student presentations of current research literature, 1 credit winter and spring. Should be taken by all entering departmental graduate students. Section 2: Presentation of departmental research seminar, 2 credits any term. PhD candidates in biochemistry and biophysics present a departmental research seminar in the third or fourth year. One registers in the term the seminar is presented.",
  "prerequisites": []
}, {
  "corequisites": [],
  "course_name": "SELECTED TOPICS IN BIOCHEMISTRY AND BIOPHYSICS",
  "course_number": "BB 650",
  "credits": "3",
  "description": "Nonsequence courses designed to acquaint student with current research in biochemistry and biophysics. Courses include enzyme kinetics, cell cycle and cancer, neurochemistry, oxidative stress, cell adhesion and motility. Most courses offered alternate years.",
  "prerequisites": []
}, {
  "corequisites": [],
  "course_name": "SELECTED TOPICS IN BIOCHEMISTRY AND BIOPHYSICS",
  "course_number": "BB 651",
  "credits": "3",
  "description": "Nonsequence courses designed to acquaint student with current research in biochemistry and biophysics. Courses include cell surfaces, enzyme kinetics, metabolism, neurochemistry, trace element metabolism, biological oxidations, and bioenergetics. Most courses offered alternate years.",
  "prerequisites": []
}, {
  "corequisites": [],
  "course_name": "SELECTED TOPICS IN BIOCHEMISTRY AND BIOPHYSICS",
  "course_number": "BB 652",
  "credits": "3",
  "description": "Nonsequence courses designed to acquaint student with current research in biochemistry and biophysics. Courses include enzyme kinetics, metabolism, neurochemistry, trace element metabolism, biological oxidations, and bioenergetics. Most courses offered alternate years.",
  "prerequisites": []
}, {
  "corequisites": [],
  "course_name": "SPECIAL TOPICS",
  "course_number": "BB 699",
  "credits": "1-16",
  "description": "",
  "prerequisites": []
}]