[{
  "corequisites": [],
  "course_name": "UNDERGRADUATE RESEARCH",
  "course_number": "BDS 003",
  "credits": "0",
  "description": "Engage in research activities that involve generating, processing, analyzing, and/or drawing conclusions from large biological datasets. Through the research experience, acquire skills, techniques, and knowledge relevant to this field of study. In consultation with a faculty mentor, engage in research activity, and make and execute a plan for a project.",
  "prerequisites": []
}, {
  "corequisites": [],
  "course_name": "INTERNSHIP",
  "course_number": "BDS 004",
  "credits": "0",
  "description": "Provides basic personal and professional skills that can be used within and outside of a work setting. Through practice, this experience guides students in building and maintaining positive professional relationships, networking/mentoring relationships, and enhances students’ understanding of the connection between theory and practice in the use of large datasets in scientific investigation.",
  "prerequisites": []
}, {
  "corequisites": [],
  "course_name": "USE AND ABUSE OF DATA: CRITICAL THINKING IN SCIENCE",
  "course_number": "BDS 211",
  "credits": "3",
  "description": "Critically examine how data analysis can support legitimate conclusions from biological datasets and also how deceptive visualizations, misleading comparisons, and spurious reasoning can lead to false conclusions. Analyze data to break down the logical flow of an argument and identify key assumptions, even when they are not stated explicitly.",
  "prerequisites": [["MTH 111Z", "MTH 111"]]
}, {
  "corequisites": [],
  "course_name": "FOUNDATIONS OF BIOLOGICAL DATA SCIENCES",
  "course_number": "BDS 310",
  "credits": "4",
  "description": "Develops competency in scientific computing and data analysis with broad applications to the life sciences. Introduces the Python programming language as a versatile, powerful tool for visualizing and analyzing data and for performing reproducible research. Focuses on real-world datasets originating across the life sciences. Provides a foundation for future work in data-intensive disciplines.",
  "prerequisites": [["MTH 251", "MTH 251H", "MTH 227"]]
}, {
  "corequisites": [],
  "course_name": "COMPUTATIONAL APPROACHES FOR BIOLOGICAL DATA",
  "course_number": "BDS 311",
  "credits": "3",
  "description": "Explores theory and practice behind widely used computational methods for biological data analysis. Covers principles of programming for reproducible research as well as computational techniques for testing hypotheses, inferring dataset parameters, and making predictions from biological data.",
  "prerequisites": [["BDS 310", "CS 161", "CS 162", "CS 162H"]]
}, {
  "corequisites": [],
  "course_name": "RESEARCH",
  "course_number": "BDS 401",
  "credits": "1-16",
  "description": "",
  "prerequisites": []
}, {
  "corequisites": [],
  "course_name": "THESIS",
  "course_number": "BDS 403",
  "credits": "1-16",
  "description": "",
  "prerequisites": []
}, {
  "corequisites": [],
  "course_name": "^ANALYSIS OF BIOLOGICAL DATA: CASE STUDIES",
  "course_number": "BDS 411",
  "credits": "3",
  "description": "Synthesizes knowledge and skills in biology, mathematics, statistics, and computer science to implement, in writing, an analysis strategy.",
  "prerequisites": [["BI 311", "BI 311H", "BB 314", "BB 314H"], ["BDS 311"], ["ST 352", "ST 412"]]
}, {
  "corequisites": [],
  "course_name": "REFLECT ON EXPERIENTIAL LEARNING ACTIVITIES",
  "course_number": "BDS 420",
  "credits": "1",
  "description": "Reflect upon experiential learning projects and build professional skills, including oral and a hard-copy written presentations, a curriculum vitae or resumé, and job or graduate school application. Listen and respond to other student presentations.",
  "prerequisites": []
}, {
  "corequisites": [],
  "course_name": "NETWORKS IN COMPUTATIONAL BIOLOGY",
  "course_number": "BDS 446",
  "credits": "3",
  "description": "Emphasizes computational and applied mathematical methods for modeling and analyzing biological networks. Covers various network centralities, topological measures, clustering algorithms, probabilistic annotation models and inference methods. Introduces those concepts in the context of protein interaction, gene regulatory, and metabolic networks. Uses graph frameworks, data frames (and related data structures for data science), and programming in Python or R. CROSSLISTED as BDS 446/CS 446.",
  "prerequisites": [["CS 161", "BDS 310", "BDS 470", "BOT 470", "BOT 476", "ENGR 103", "ENGR 103H"]]
}, {
  "corequisites": [],
  "course_name": "ADVANCED COMPUTING FOR BIOLOGICAL DATA ANALYSIS",
  "course_number": "BDS 472",
  "credits": "3",
  "description": "Examines machine learning or pattern recognition applications in analyses of biological data. Applies supervised learning techniques for recognizing useful patterns in genome-scale datasets, with emphasis on carefully considered scientific interpretation of machine learning model outcomes. Explores Python Scikit-Learn libraries for implementing model-based analyses.",
  "prerequisites": [["BDS 311", "CS 162", "CS 162H"], ["BI 221", "BI 221H", "BI 205"]]
}, {
  "corequisites": [],
  "course_name": "INTRODUCTION TO GENOME BIOLOGY",
  "course_number": "BDS 474",
  "credits": "3",
  "description": "Explores how genomes underlie and influence biological phenomena, across the diversity of life, from prokaryotic microbes to eukaryotic multicellular organisms. Examines genome organization in the first part of the course: the structure of chromosomes and chromatin; genes and gene families; and mechanisms that remodel genomes, such as mutation, recombination and transposable elements. Summarizes models of genome expression and regulation in the second part of the course: transcriptional and post-transcriptional regulatory mechanisms and genotype-to-phenotype relationships. Illustrates how recent technological advances and genome-wide assays enable investigation of these topics.",
  "prerequisites": [["BI 311", "BI 311H", "BB 314", "BB 314H", "PBG 430"]]
}, {
  "corequisites": [],
  "course_name": "COMPARATIVE GENOMICS",
  "course_number": "BDS 475",
  "credits": "4",
  "description": "Explores principles of comparative genomics. Examines methods for genome assembly and annotation. Discusses genomic approaches for the study of structural change, whole genome duplication, gene family evolution, gene networks, gene regulation and epigenetics. Lab topics include the analysis of next generation sequencing data and conducting comparative genomic analyses.",
  "prerequisites": [["BB 314", "BB 314H"], ["BI 311", "BI 311H", "PBG 430"]]
}, {
  "corequisites": [],
  "course_name": "POPULATION GENOMICS",
  "course_number": "BDS 477",
  "credits": "3",
  "description": "Translate fundamental knowledge on genetics and genomics to study evolution and functional genes in populations. Apply skills in computer science to process, analyze, and draw conclusions from microbial populations at the ecosystem level.",
  "prerequisites": [["BDS 310", "CS 161", "CS 162", "CS 162H"]]
}, {
  "corequisites": [],
  "course_name": "FUNCTIONAL GENOMICS",
  "course_number": "BDS 478",
  "credits": "3",
  "description": "Introduces conceptual approaches and associated laboratory techniques that rely on genome-scale datasets to investigate the function of, and interactions between, genes as well as their RNA/protein products. Examples include: predicting protein function based on nucleotide and amino acid sequence analysis; large-scale genetic approaches to identifying novel genotype-phenotype associations; and analysis of transcriptomic, proteomic and metabolomic datasets, which measure changes in RNA transcripts, proteins and metabolites, respectively, to explore gene function and cellular/organismal networks. Provides a conceptual framework for understanding how the wide range of available large-scale technologies can be applied to solve biological problems.",
  "prerequisites": [["BB 314", "BB 314H"]]
}, {
  "corequisites": [],
  "course_name": "CAPSTONE PROJECTS IN BIOLOGICAL DATA SCIENCE I",
  "course_number": "BDS 491",
  "credits": "3",
  "description": "Quantitative skills and biological thinking will be used to analyze and draw conclusions from real-world biological datasets. Projects will be completed in the context of small groups. Draws on skills in mathematics, statistics, computer science, and biology.",
  "prerequisites": [["ST 352", "ST 412"], ["CS 162", "CS 162H", "BDS 310", "BDS 470", "BOT 470", "BOT 476", "BB 485", "MTH 427"]]
}, {
  "corequisites": [],
  "course_name": "NETWORKS IN COMPUTATIONAL BIOLOGY",
  "course_number": "BDS 546",
  "credits": "3",
  "description": "Emphasizes computational and applied mathematical methods for modeling and analyzing biological networks. Covers various network centralities, topological measures, clustering algorithms, probabilistic annotation models and inference methods. Introduces those concepts in the context of protein interaction, gene regulatory, and metabolic networks. Uses graph frameworks, data frames (and related data structures for data science), and programming in Python or R. CROSSLISTED as BDS 546/CS 546.",
  "prerequisites": []
}, {
  "corequisites": [],
  "course_name": "INTRODUCTION TO COMPUTING IN THE LIFE SCIENCES",
  "course_number": "BDS 570",
  "credits": "3",
  "description": "Examines the basics of writing a well-organized computer program to perform tasks commonly needed for effective data analysis in the life sciences. Emphasizes reading data from various file formats, parsing relevant text-based information from data, putting information into storage structures, applying basic mathematical functions to data, and writing results to output files. Builds the foundation to apply programming to life science research.",
  "prerequisites": []
}, {
  "corequisites": [],
  "course_name": "ADVANCED COMPUTING FOR BIOLOGICAL DATA ANALYSIS",
  "course_number": "BDS 572",
  "credits": "3",
  "description": "Examines machine learning or pattern recognition applications in analyses of biological data. Applies supervised learning techniques for recognizing useful patterns in genome-scale datasets, with emphasis on carefully considered scientific interpretation of machine learning model outcomes. Explores Python Scikit-Learn libraries for implementing model-based analyses.",
  "prerequisites": []
}, {
  "corequisites": [],
  "course_name": "INTRODUCTION TO GENOME BIOLOGY",
  "course_number": "BDS 574",
  "credits": "3",
  "description": "Explores how genomes underlie and influence biological phenomena, across the diversity of life, from prokaryotic microbes to eukaryotic multicellular organisms. Examines genome organization in the first part of the course: the structure of chromosomes and chromatin; genes and gene families; and mechanisms that remodel genomes, such as mutation, recombination and transposable elements. Summarizes models of genome expression and regulation in the second part of the course: transcriptional and post-transcriptional regulatory mechanisms and genotype-to-phenotype relationships. Illustrates how recent technological advances and genome-wide assays enable investigation of these topics.",
  "prerequisites": []
}, {
  "corequisites": [],
  "course_name": "COMPARATIVE GENOMICS",
  "course_number": "BDS 575",
  "credits": "4",
  "description": "Explores principles of comparative genomics. Examines methods for genome assembly and annotation. Discusses genomic approaches for the study of structural change, whole genome duplication, gene family evolution, gene networks, gene regulation and epigenetics. Lab topics include the analysis of next generation sequencing data and conducting comparative genomic analyses.",
  "prerequisites": []
}, {
  "corequisites": [],
  "course_name": "POPULATION GENOMICS",
  "course_number": "BDS 577",
  "credits": "3",
  "description": "Translate fundamental knowledge on genetics and genomics to study evolution and functional genes in populations. Apply skills in computer science to process, analyze, and draw conclusions from microbial populations at the ecosystem level.",
  "prerequisites": []
}, {
  "corequisites": [],
  "course_name": "FUNCTIONAL GENOMICS",
  "course_number": "BDS 578",
  "credits": "3",
  "description": "Introduces conceptual approaches and associated laboratory techniques that rely on genome-scale datasets to investigate the function of, and interactions between, genes as well as their RNA/protein products. Examples include: predicting protein function based on nucleotide and amino acid sequence analysis; large-scale genetic approaches to identifying novel genotype-phenotype associations; and analysis of transcriptomic, proteomic and metabolomic datasets, which measure changes in RNA transcripts, proteins and metabolites, respectively, to explore gene function and cellular/organismal networks. Provides a conceptual framework for understanding how the wide range of available large-scale technologies can be applied to solve biological problems.",
  "prerequisites": []
}, {
  "corequisites": [],
  "course_name": "SPECIAL TOPICS",
  "course_number": "BDS 599",
  "credits": "1-16",
  "description": "",
  "prerequisites": []
}]