[{
  "corequisites": [],
  "course_name": "SPECIAL TOPICS",
  "course_number": "BEE 199",
  "credits": "1-16",
  "description": "",
  "prerequisites": []
}, {
  "corequisites": [],
  "course_name": "FUNDAMENTALS OF ECOLOGICAL ENGINEERING",
  "course_number": "BEE 221",
  "credits": "3",
  "description": "Introduction to the concepts and practice of ecological engineering. Covers chemical behavior and cycling in the environment, chemical kinetics, and unit processes of conventional treatment systems. Topics are applied to develop ecological treatment alternatives that meet the needs of human societies.",
  "prerequisites": []
}, {
  "corequisites": [],
  "course_name": "ECOLOGICAL ENGINEERING COMPUTATION",
  "course_number": "BEE 222",
  "credits": "2",
  "description": "Develops programming skills in Python, including basic programming tasks, data analysis, data visualization, and optimization, with applications in Ecological Engineering. Builds computational thinking skills.",
  "prerequisites": []
}, {
  "corequisites": [],
  "course_name": "ECOLOGY FOR ENGINEERS",
  "course_number": "BEE 270",
  "credits": "3",
  "description": "The study of ecology in the context of engineering. Develops an understanding of the patterns associated with species distribution in the natural world. Examines the theories of competition, predation, disease and mutualism that help explain the functioning of biological communities. Discusses interactions between abiotic and organismal factors, the environment, and ecological properties and processes.",
  "prerequisites": []
}, {
  "corequisites": [],
  "course_name": "SPECIAL TOPICS",
  "course_number": "BEE 299",
  "credits": "1-16",
  "description": "",
  "prerequisites": []
}, {
  "corequisites": [],
  "course_name": "ECOLOGICAL FLUID MECHANICS",
  "course_number": "BEE 311",
  "credits": "4",
  "description": "Fluid properties, fluid statics, fluid motion, conservation of mass, momentum and energy for incompressible fluids, dimensional analysis, ecological engineering applications.",
  "prerequisites": [["PH 212", "PH 212H"], ["MTH 254", "MTH 254H"], ["ENGR 211", "ENGR 211H"]]
}, {
  "corequisites": [],
  "course_name": "ECOHYDRAULICS",
  "course_number": "BEE 312",
  "credits": "4",
  "description": "Theory and design of hydraulic systems for ecological engineering applications.",
  "prerequisites": [["BEE 311", "ARE 311", "CE 311", "CHE 331", "CHE 331H"]]
}, {
  "corequisites": [],
  "course_name": "ECOHYDROLOGY",
  "course_number": "BEE 313",
  "credits": "4",
  "description": "Provides a quantitative description of fundamental ecohydrologic processes, the interactions of between water and the atmosphere, soils, and plants, as well as techniques for estimating the movement of water in the though ecosystems.",
  "prerequisites": [["BEE 312"], ["BEE 320"]]
}, {
  "corequisites": [],
  "course_name": "BIOSYSTEMS ANALYSIS AND MODELING",
  "course_number": "BEE 320",
  "credits": "4",
  "description": "An introduction to simulation modeling and analysis of a variety of biological and ecological systems. Systems approaches to describing ecological systems.",
  "prerequisites": [["BEE 222"], ["MTH 256", "MTH 256H"]]
}, {
  "corequisites": [],
  "course_name": "ECOLOGICAL ENGINEERING THERMODYNAMICS AND TRANSFER PROCESS",
  "course_number": "BEE 322",
  "credits": "4",
  "description": "A study of the transport processes of fluid flow, heat transfer and mass transfer applied to biological organisms and ecological systems.",
  "prerequisites": [["BEE 320"]]
}, {
  "corequisites": [],
  "course_name": "ECOLOGICAL ENGINEERING LABORATORY",
  "course_number": "BEE 361",
  "credits": "3",
  "description": "Introduction to modern measurement methods for ecological and environmental applications includes sensors and systems for measuring soil, water and atmospheric properties. No final exam; field trip required. Lec/lab.",
  "prerequisites": [["BEE 312"]]
}, {
  "corequisites": [],
  "course_name": "ECOLOGICAL ENGINEERING MICROBIAL PROCESSES",
  "course_number": "BEE 362",
  "credits": "3",
  "description": "Applies ecological engineering principles to the modeling, analysis and design of microbial processes in the environment.",
  "prerequisites": [["BEE 320", "ENVE 322"]]
}, {
  "corequisites": [],
  "course_name": "SPECIAL TOPICS",
  "course_number": "BEE 399",
  "credits": "0-16",
  "description": "",
  "prerequisites": []
}, {
  "corequisites": [],
  "course_name": "RESEARCH",
  "course_number": "BEE 401",
  "credits": "1-16",
  "description": "",
  "prerequisites": []
}, {
  "corequisites": [],
  "course_name": "READING AND CONFERENCE",
  "course_number": "BEE 405",
  "credits": "1-16",
  "description": "",
  "prerequisites": []
}, {
  "corequisites": [],
  "course_name": "SEMINAR",
  "course_number": "BEE 407",
  "credits": "1-16",
  "description": "",
  "prerequisites": []
}, {
  "corequisites": [],
  "course_name": "SEMINAR",
  "course_number": "BEE 407H",
  "credits": "1-16",
  "description": "",
  "prerequisites": []
}, {
  "corequisites": [],
  "course_name": "ECOLOGICAL ENGINEERING INTERNSHIP",
  "course_number": "BEE 410",
  "credits": "1-12",
  "description": "Internship in ecological engineering to provide students with an opportunity to apply course work and theory to the real world. Requires internship opportunity identification by student.",
  "prerequisites": []
}, {
  "corequisites": [],
  "course_name": "GLOBAL ENVIRONMENTAL CHANGE: USING DATA TO INFORM DECISIONS",
  "course_number": "BEE 411",
  "credits": "3",
  "description": "Empowers students interested in global change research to focus on the interactions between changes in human land use and climate. Using an innovative online data and mapping tool called Data Basin, students will explore topics accessing the highest quality datasets available in an all-in-one platform. CROSSLISTED as BEE 411 and BEE 511/ENSC 511.",
  "prerequisites": [["FE 257"]]
}, {
  "corequisites": [["BEE 469"]],
  "course_name": "PROFESSIONAL DEVELOPMENT",
  "course_number": "BEE 415",
  "credits": "1",
  "description": "Preparation for student professional careers. Students will interact with and hear seminars from professionals working in the ecological engineering field to learn from their experiences.",
  "prerequisites": []
}, {
  "corequisites": [],
  "course_name": "IRRIGATION SYSTEM DESIGN",
  "course_number": "BEE 433",
  "credits": "4",
  "description": "Principles of soil physics and plant water use applied to irrigation system design. Design of gravity, pressurized, and trickle irrigation systems, improving on-farm water management, performance characteristics of pumps and other irrigation equipment.",
  "prerequisites": [["BEE 312", "CE 313"]]
}, {
  "corequisites": [],
  "course_name": "IRRIGATION PRINCIPLES AND PRACTICES",
  "course_number": "BEE 439",
  "credits": "4",
  "description": "Survey of irrigation systems, system configurations, factors that influence irrigation efficiency, crop water requirements, energy requirements, pumps, irrigation scheduling. For non-engineers.",
  "prerequisites": [["MTH 111", "MTH 111Z"]]
}, {
  "corequisites": [],
  "course_name": "RIVER ENGINEERING",
  "course_number": "BEE 446",
  "credits": "4",
  "description": "Multipurpose river use; natural physical processes in alluvial rivers; channel modification practices; river structures; design practices; impact of river modification; problem analysis; and impact minimization. Offered alternate years.",
  "prerequisites": [["BEE 312", "CE 313"]]
}, {
  "corequisites": [],
  "course_name": "NONPOINT SOURCE POLLUTION ASSESSMENT AND CONTROL",
  "course_number": "BEE 458",
  "credits": "3",
  "description": "Problem solving in nonpoint source pollution. Methods for evaluating the extent, rate, timing, and fate of Non-Point Source (NPS) pollutants in agricultural and urban environments.",
  "prerequisites": [["BEE 313", "CE 412"]]
}, {
  "corequisites": [],
  "course_name": "BIOREMEDIATION ENGINEERING",
  "course_number": "BEE 468",
  "credits": "4",
  "description": "Examines strategies for using a variety of biological processes for treating municipal, agricultural and industrial contaminants.",
  "prerequisites": [["BEE 221", "ENVE 322"]]
}, {
  "corequisites": [],
  "course_name": "ECOLOGICAL ENGINEERING DESIGN II",
  "course_number": "BEE 470",
  "credits": "4",
  "description": "Engineering design processes for ecological engineering applications, including specifications, performance criteria, timelines, and project logistics, principles and practices of working in engineering teams.",
  "prerequisites": [["BEE 469"]]
}, {
  "corequisites": [],
  "course_name": "INTRODUCTION TO FOOD ENGINEERING PRINCIPLES",
  "course_number": "BEE 472",
  "credits": "5",
  "description": "Fundamental engineering principles for scientists and non-process engineers. Topics include fluid flow, mass and energy transfer, and material and energy balances. Directed at food scientists and other majors who need or would like a working knowledge of food engineering principles.",
  "prerequisites": [["MTH 112", "MTH 112Z"], ["MTH 227", "MTH 251", "MTH 251H"], ["PH 201"]]
}, {
  "corequisites": [],
  "course_name": "INTRODUCTION TO FOOD ENGINEERING PROCESS DESIGN",
  "course_number": "BEE 473",
  "credits": "3",
  "description": "Fundamental engineering process design principles for food scientists and non-process engineers. Directed at those who need or would like a working knowledge of applied food engineering process design.",
  "prerequisites": []
}, {
  "corequisites": [],
  "course_name": "^ECOLOGICAL ENGINEERING DESIGN I",
  "course_number": "BEE 481",
  "credits": "4",
  "description": "Explores engineering design processes for ecological engineering applications, including specifications, performance criteria, timelines, and project logistics, principles and practices of working in engineering teams.",
  "prerequisites": [["BEE 322"]]
}, {
  "corequisites": [],
  "course_name": "ECOLOGICAL ENGINEERING DESIGN II",
  "course_number": "BEE 482",
  "credits": "3",
  "description": "Designs engineering processes for ecological engineering applications, including specifications, performance criteria, timelines, and project logistics, principles and practices of working in engineering teams.",
  "prerequisites": [["BEE 481"]]
}, {
  "corequisites": [],
  "course_name": "ECOLOGICAL ENGINEERING DESIGN III",
  "course_number": "BEE 483",
  "credits": "2",
  "description": "Designs engineering processes for ecological engineering applications, including specifications, performance criteria, timelines, and project logistics, principles and practices of working in engineering teams",
  "prerequisites": [["BEE 482"]]
}, {
  "corequisites": [],
  "course_name": "SPECIAL TOPICS",
  "course_number": "BEE 499",
  "credits": "1-16",
  "description": "",
  "prerequisites": []
}, {
  "corequisites": [],
  "course_name": "SPECIAL TOPICS",
  "course_number": "BEE 499H",
  "credits": "1-16",
  "description": "",
  "prerequisites": []
}, {
  "corequisites": [],
  "course_name": "RESEARCH",
  "course_number": "BEE 501",
  "credits": "1-16",
  "description": "",
  "prerequisites": []
}, {
  "corequisites": [],
  "course_name": "THESIS",
  "course_number": "BEE 503",
  "credits": "1-16",
  "description": "",
  "prerequisites": []
}, {
  "corequisites": [],
  "course_name": "READING AND CONFERENCE",
  "course_number": "BEE 505",
  "credits": "1-16",
  "description": "",
  "prerequisites": []
}, {
  "corequisites": [],
  "course_name": "PROJECTS",
  "course_number": "BEE 506",
  "credits": "1-16",
  "description": "",
  "prerequisites": []
}, {
  "corequisites": [],
  "course_name": "SEMINAR",
  "course_number": "BEE 507",
  "credits": "1",
  "description": "Section 1: Graduate Student Orientation Seminar to acquaint new graduate students with graduate school and departmental requirements, policies and expectations, and departmental research programs. Section 2: Graduate Research Publication Seminar to expose students to requirements for successful proposals and publication of research results. Section 3: Oral Presentation Improvement--A highly participatory educational effort designed to improve performance in presenting research reports, technical papers and in responding to oral examination questions.",
  "prerequisites": []
}, {
  "corequisites": [],
  "course_name": "GLOBAL ENVIRONMENTAL CHANGE: USING DATA TO INFORM DECISIONS",
  "course_number": "BEE 511",
  "credits": "3",
  "description": "Empowers students interested in global change research to focus on the interactions between changes in human land use and climate. Using an innovative online data and mapping tool called Data Basin, students will explore topics accessing the highest quality datasets available in an all-in-one platform. CROSSLISTED as BEE 511/ENSC 511.",
  "prerequisites": []
}, {
  "corequisites": [],
  "course_name": "PHYSICAL HYDROLOGY",
  "course_number": "BEE 512",
  "credits": "3",
  "description": "Principles of hydrologic processes and the integration of these processes into the hydrologic cycle. Topics include atmospheric processes, precipitation and runoff, storm response in streamflow on a watershed scale, and major concepts in groundwater systems.",
  "prerequisites": []
}, {
  "corequisites": [],
  "course_name": "GROUNDWATER HYDRAULICS",
  "course_number": "BEE 514",
  "credits": "4",
  "description": "Emphasizes principles of groundwater flow and chemical transport in confined and unconfined aquifers, aquifer testing and well construction. Design and dewatering and contaminant recovery systems. CROSSLISTED as BEE 514/CE 514/GEO 514.",
  "prerequisites": []
}, {
  "corequisites": [],
  "course_name": "BIOSYSTEMS MODELING TECHNIQUES",
  "course_number": "BEE 529",
  "credits": "3",
  "description": "Development of mathematical models of biological and ecological systems; linear and nonlinear systems analysis; stochastic modeling and random processes; model solution and analysis techniques.",
  "prerequisites": []
}, {
  "corequisites": [],
  "course_name": "IRRIGATION SYSTEM DESIGN",
  "course_number": "BEE 533",
  "credits": "4",
  "description": "Principles of soil and plant water use applied to irrigation system design. Design of gravity, pressurized, and trickle irrigation systems, improving on-farm water management, performance characteristics of pumps and other irrigation equipment.",
  "prerequisites": []
}, {
  "corequisites": [],
  "course_name": "VADOSE ZONE TRANSPORT",
  "course_number": "BEE 542",
  "credits": "4",
  "description": "Introduction to the physical and hydraulic properties involved in flow from the soil surface to groundwater. Classical infiltration equations will be derived and presented with exact and approximate solutions. Attention is focused on application to pollutant transport and recent advances in non-ideal flow.",
  "prerequisites": []
}, {
  "corequisites": [],
  "course_name": "OPEN CHANNEL FLOW",
  "course_number": "BEE 544",
  "credits": "3",
  "description": "Steady, uniform, and nonuniform flow in natural and artificial open channels; unsteady flow; interaction of flow with river structures; and computational methods.",
  "prerequisites": []
}, {
  "corequisites": [],
  "course_name": "FLUVIAL GEOMORPHOLOGY",
  "course_number": "BEE 545",
  "credits": "4",
  "description": "Emphasizes fluvial-hydraulic dynamics occurring in streams and rivers. Discusses the functioning of rivers and compares the unique characteristics that distinguish one river from another. Delves into fluid dynamics and sediment transport, while also exploring how the river channel adapts to accommodate sediment and water supplied by a given watershed. Focuses on study in the context of alluvial gravel bed-rivers. CROSSLISTED as BEE 545/FE 545.",
  "prerequisites": []
}, {
  "corequisites": [],
  "course_name": "RIVER ENGINEERING",
  "course_number": "BEE 546",
  "credits": "4",
  "description": "Multipurpose river use; natural physical processes in alluvial rivers; channel modification practices; river structures; design practices; impact of river modification; problem analysis; and impact minimization. Offered alternate years.",
  "prerequisites": []
}, {
  "corequisites": [],
  "course_name": "WATER RESOURCES ENGINEERING I: PRINCIPLES OF FLUID MECHANICS",
  "course_number": "BEE 547",
  "credits": "4",
  "description": "Fluid mechanics for water resources engineers, classifications of fluid flows; fluid statics and dynamics, incompressible viscous flows; dimensional analysis; applications to fluid machinery, flow through porous media, fluid motion in rivers, lakes, oceans. CROSSLISTED as BEE 547/CE 547.",
  "prerequisites": []
}, {
  "corequisites": [],
  "course_name": "REGIONAL HYDROLOGIC MODELING",
  "course_number": "BEE 549",
  "credits": "3",
  "description": "Challenges in regional-scale water resource analysis and management with emphasis on application to production agriculture. Application of geostatistical techniques to spatially variable systems and remote sensing to large-scale water resource systems. Development of soil-water-atmosphere-plant models. Analysis of evapotranspiration estimating methods. Offered alternate years.",
  "prerequisites": []
}, {
  "corequisites": [],
  "course_name": "NONPOINT SOURCE POLLUTION ASSESSMENT AND CONTROL",
  "course_number": "BEE 558",
  "credits": "3",
  "description": "Problem solving in nonpoint source pollution. Methods for evaluating the extent, rate, timing, and fate of Non-Point Source (NPS) pollutants in agricultural and urban environments.",
  "prerequisites": []
}, {
  "corequisites": [],
  "course_name": "BIOREMEDIATION ENGINEERING",
  "course_number": "BEE 568",
  "credits": "4",
  "description": "Examines strategies for using a variety of biological processes for treating municipal, agricultural and industrial contaminants.",
  "prerequisites": []
}, {
  "corequisites": [],
  "course_name": "INTRODUCTION TO FOOD ENGINEERING PRINCIPLES",
  "course_number": "BEE 572",
  "credits": "5",
  "description": "Fundamental engineering principles for scientists and non-process engineers. Topics include fluid flow, mass and energy transfer, and material and energy balances. Directed at food scientists and other majors who need or would like a working knowledge of process engineering principles.",
  "prerequisites": []
}, {
  "corequisites": [],
  "course_name": "SPECIAL TOPICS",
  "course_number": "BEE 599",
  "credits": "1-16",
  "description": "",
  "prerequisites": []
}, {
  "corequisites": [],
  "course_name": "RESEARCH",
  "course_number": "BEE 601",
  "credits": "1-16",
  "description": "",
  "prerequisites": []
}, {
  "corequisites": [],
  "course_name": "THESIS",
  "course_number": "BEE 603",
  "credits": "1-16",
  "description": "",
  "prerequisites": []
}, {
  "corequisites": [],
  "course_name": "READING AND CONFERENCE",
  "course_number": "BEE 605",
  "credits": "1-16",
  "description": "",
  "prerequisites": []
}, {
  "corequisites": [],
  "course_name": "PROJECTS",
  "course_number": "BEE 606",
  "credits": "1-16",
  "description": "",
  "prerequisites": []
}, {
  "corequisites": [],
  "course_name": "SEMINAR",
  "course_number": "BEE 607",
  "credits": "1-16",
  "description": "",
  "prerequisites": []
}, {
  "corequisites": [],
  "course_name": "SPECIAL TOPICS",
  "course_number": "BEE 699",
  "credits": "1-16",
  "description": "",
  "prerequisites": []
}]