[{
  "corequisites": [],
  "course_name": "HEALTH PROFESSIONS: DENTAL",
  "course_number": "BHS 107",
  "credits": "1",
  "description": "Discussion of matters relating to a dental career. Includes application procedures, the importance of various requirements, admissions, professional school curricula, financing education and related matters. Speakers are included.",
  "prerequisites": []
}, {
  "corequisites": [],
  "course_name": "BIOHEALTH SCIENCES ORIENTATION",
  "course_number": "BHS 110",
  "credits": "1",
  "description": "Introduction of incoming BioHealth Sciences students to college life with an emphasis on faculties, facilities, services, and curricula in BHS. Exposure to career opportunities for students interested in the BioHealth Sciences.",
  "prerequisites": []
}, {
  "corequisites": [],
  "course_name": "SPECIAL TOPICS",
  "course_number": "BHS 199",
  "credits": "1-16",
  "description": "",
  "prerequisites": []
}, {
  "corequisites": [],
  "course_name": "PROFESSIONAL DEVELOPMENT II: MOLECULAR",
  "course_number": "BHS 211",
  "credits": "MICROBIAL",
  "description": "Develop awareness of the elements of professional development, identify strategic areas for growth, and design an exploration plan. Emphasis is placed on being able to analyze career opportunities to determine the best mix of technical and professional skills needed for success as a biological science professional. CROSSLISTED as BB 211/BHS 211.",
  "prerequisites": []
}, {
  "corequisites": [],
  "course_name": "*ALLIED HEALTH MICROBIOLOGY",
  "course_number": "BHS 255",
  "credits": "4",
  "description": "General properties of cellular microbes and viruses, microbial biochemistry and genetics, pathogenesis and disease, immunity, and microbial infections. Emphasizes medical microbiology, infectious diseases, and public health. Not intended for biological sciences majors. CROSSLISTED as BHS 255/MB 255.",
  "prerequisites": []
}, {
  "corequisites": [],
  "course_name": "LABORATORY AND COMPUTATIONAL SKILLS IN MICROBIOLOGY",
  "course_number": "BHS 305",
  "credits": "2",
  "description": "Explores biological, technical, and bioinformatic concepts related to the analysis and preparation of microbiological samples relevant to human health and infection. Applies these concepts during the performance of activities, exercises, and computational analyses of microbial DNA sequence data.",
  "prerequisites": [["MB 302", "MB 302H"]]
}, {
  "corequisites": [],
  "course_name": "PRINCIPLES OF IMMUNOLOGY",
  "course_number": "BHS 316",
  "credits": "3",
  "description": "Focuses on interactions of the innate and adaptive immune responses in the context of infectious diseases, autoimmune diseases, immunodeficiencies and immunotherapies.",
  "prerequisites": [["MB 230", "BI 204"], ["BI 205"], ["BI 206", "BI 212", "BI 212H"], ["BI 213", "BI 213H", "BI 221", "BI 221H"], ["BI 222", "BI 222H"]]
}, {
  "corequisites": [],
  "course_name": "HUMAN BACTERIOLOGY",
  "course_number": "BHS 320",
  "credits": "4",
  "description": "Properties of bacteria, their biology, pathogenesis and concern to society. Emphasis on the role of bacteria in human health and disease. CROSSLISTED as BHS 320/MB 320.",
  "prerequisites": [["BI 204"], ["BI 205"], ["BI 206", "BI 211", "BI 211H"], ["BI 212", "BI 212H"], ["BI 213", "BI 213H", "BI 221", "BI 221H"], ["BI 222", "BI 222H"], ["BI 223", "BI 223H"]]
}, {
  "corequisites": [],
  "course_name": "^MICROBIAL INFLUENCES ON HUMAN HEALTH",
  "course_number": "BHS 323",
  "credits": "3",
  "description": "Explores how microorganisms contribute in beneficial and detrimental ways to human health. Emphasizes microbial contributions to cancer, gut health, chronic infection and autoimmune diseases.",
  "prerequisites": [["MB 302", "MB 302H"]]
}, {
  "corequisites": [],
  "course_name": "MECHANISMS OF DISEASE: INTRODUCTION TO GENERAL PATHOLOGY",
  "course_number": "BHS 329",
  "credits": "3",
  "description": "Introduces basic principles of disease, focused on structural and functional changes of cells, tissues and organs, and their relationships to clinical disease. Emphasizes the cellular to organ level, but covers molecular mechanisms, as pertinent.",
  "prerequisites": [["BI 211", "BI 211H"], ["BI 212", "BI 212H", "BI 221", "BI 221H"], ["BI 222", "BI 222H", "BI 204"], ["BI 205"], ["BI 206"]]
}, {
  "corequisites": [],
  "course_name": "HUMAN VIROLOGY",
  "course_number": "BHS 340",
  "credits": "4",
  "description": "Properties of viruses, their biology, pathogenesis and concern to society. Emphasis on viruses causing human disease. CROSSLISTED as BHS 340/MB 340.",
  "prerequisites": [["BI 204"], ["BI 205"], ["BI 206", "BI 211", "BI 211H"], ["BI 212", "BI 212H"], ["BI 213", "BI 213H", "BI 221", "BI 221H"], ["BI 222", "BI 222H"], ["BI 223", "BI 223H"]]
}, {
  "corequisites": [],
  "course_name": "^BIOLOGICAL BASIS OF NEUROPATHOLOGY",
  "course_number": "BHS 345",
  "credits": "3",
  "description": "Explores the causes, treatments, and human impact of neurological conditions including epilepsy, Alzheimer’s disease, Autism Spectrum Disorder, and more. Builds scientific writing and communication skills through analysis and discussion of assigned primary literature as well as an independently-developed research project. Emphasizes the importance of tailoring scientific writing to reach different audiences including experts, care providers, and patients.",
  "prerequisites": [["BB 314", "BB 314H", "BB 360", "BI 232", "BI 332"]]
}, {
  "corequisites": [],
  "course_name": "RESEARCH",
  "course_number": "BHS 401",
  "credits": "1-16",
  "description": "",
  "prerequisites": []
}, {
  "corequisites": [],
  "course_name": "THESIS",
  "course_number": "BHS 403",
  "credits": "1-16",
  "description": "",
  "prerequisites": []
}, {
  "corequisites": [],
  "course_name": "READING AND CONFERENCE",
  "course_number": "BHS 405",
  "credits": "1-16",
  "description": "",
  "prerequisites": []
}, {
  "corequisites": [],
  "course_name": "PROJECTS",
  "course_number": "BHS 406",
  "credits": "1-16",
  "description": "",
  "prerequisites": []
}, {
  "corequisites": [],
  "course_name": "SEMINAR",
  "course_number": "BHS 407",
  "credits": "1-16",
  "description": "",
  "prerequisites": []
}, {
  "corequisites": [],
  "course_name": "SCIENCE INTERNSHIP",
  "course_number": "BHS 410",
  "credits": "1-12",
  "description": "Supervised scientific work experience at selected cooperating institutions, agencies, laboratories, or companies.",
  "prerequisites": []
}, {
  "corequisites": [],
  "course_name": "ONE HEALTH IN PRACTICE",
  "course_number": "BHS 415",
  "credits": "3",
  "description": "One health is the concept that human, animal and environmental health are all intertwined. Utilizes current one health issues such as disease outbreaks and antimicrobial resistance to encourage students from diverse fields to develop interdisciplinary collaboration and communication skills. CROSSLISTED as BHS 415/VMB 415.",
  "prerequisites": []
}, {
  "corequisites": [],
  "course_name": "BIOHEALTH SCIENCES CAPSTONE EXPERIENCE",
  "course_number": "BHS 490",
  "credits": "2",
  "description": "Covers knowledge and professional skills that students will need to obtain and sustain a successful career in health-related professions. Explores career opportunities and learn how to successfully compete for jobs. Analyzes clinical research problem in BioHealth Sciences and communicate the results of this analysis.",
  "prerequisites": [["BHS 323", "MB 385"], ["MB 302", "MB 302H"]]
}, {
  "corequisites": [],
  "course_name": "SPECIAL TOPICS",
  "course_number": "BHS 499",
  "credits": "1-16",
  "description": "",
  "prerequisites": []
}]