[{
  "corequisites": [],
  "course_name": "SPECIAL TOPICS",
  "course_number": "BIOE 199",
  "credits": "1-16",
  "description": "",
  "prerequisites": []
}, {
  "corequisites": [],
  "course_name": "A PRACTICAL INTRODUCTION TO BIOMEDICAL SIGNALS AND SENSORS",
  "course_number": "BIOE 240",
  "credits": "3",
  "description": "Provides the biophysical basis for several medically-important signals, the operating principles of specific sensors used for acquiring those biomedical signals, and an introduction to signal acquisition, processing, and interpretation in the context of those biosignals. Emphasizes conceptual understanding of these topics through active engagement in group discussions, assembling specific sensor systems using off-the-shelf electronics systems, and use of the sensors to acquire, process, and interpret biosignals.",
  "prerequisites": []
}, {
  "corequisites": [],
  "course_name": "SPECIAL TOPICS",
  "course_number": "BIOE 299",
  "credits": "1-16",
  "description": "",
  "prerequisites": []
}, {
  "corequisites": [],
  "course_name": "BIOENGINEERING THERMODYNAMICS",
  "course_number": "BIOE 311",
  "credits": "3",
  "description": "Introduces thermodynamics as applied to biological and biophysical systems. Presents first and second law of thermodynamics, phase and reaction equilibria, and statistical thermodynamics in the context of molecular interactions, binding equilibria, metabolism, and biomolecular transport common to living systems. Explores the thermodynamics of macromolecules (including proteins and DNA).",
  "prerequisites": [["MTH 256", "MTH 256H"], ["CBEE 212", "CBEE 212H", "CBEE 280", "PH 315", "CH 440"]]
}, {
  "corequisites": [],
  "course_name": "BIOTRANSPORT I",
  "course_number": "BIOE 331",
  "credits": "3",
  "description": "Introduces the concepts of mass and fluid transport in the context of problems of interest in bioengineering. Emphasizes conceptual understanding of both microscopic and macroscopic mass and momentum transport with a focus on how these processes work in the body.",
  "prerequisites": [["MTH 256", "MTH 256H"], ["CBEE 212", "CBEE 212H", "CBEE 280"]]
}, {
  "corequisites": [],
  "course_name": "BIOTRANSPORT I",
  "course_number": "BIOE 331H",
  "credits": "3",
  "description": "Introduces the concepts of mass and fluid transport in the context of problems of interest in bioengineering. Emphasizes conceptual understanding of both microscopic and macroscopic mass and momentum transport with a focus on how these processes work in the body.",
  "prerequisites": [["MTH 256", "MTH 256H"], ["CBEE 212", "CBEE 212H", "CBEE 280"]]
}, {
  "corequisites": [],
  "course_name": "BIOTRANSPORT II",
  "course_number": "BIOE 332",
  "credits": "3",
  "description": "Deepens students understanding of fluid transport and introduces the concept of heat transport in the context of problems of interest in bioengineering. Emphasizes conceptual understanding of both microscopic and macroscopic momentum and heat transport with a focus on how these processes work in the body.",
  "prerequisites": [["BIOE 311"], ["BIOE 331", "BIOE 331H"]]
}, {
  "corequisites": [],
  "course_name": "BIOMEDICAL ENGINEERING PRINCIPLES",
  "course_number": "BIOE 340",
  "credits": "3",
  "description": "Applies engineering concepts (mass and energy conservation, thermodynamics, and transport phenomena) to cellular- and system-level human physiology. Explores design considerations for biomedical interventions and devices.",
  "prerequisites": [["BI 231"], ["BI 233"], ["CBEE 213"], ["BIOE 332", "CHE 333", "CHE 333H"]]
}, {
  "corequisites": [],
  "course_name": "MATHEMATICAL AND NUMERICAL METHODS FOR BIOENGINEERS",
  "course_number": "BIOE 350",
  "credits": "3",
  "description": "Introduces numerical and analytical methods for modeling and analyzing bioengineering and biomedical engineering systems/data. Emphasizes application of several techniques including: fitting statistical distributions to data, solving differential equations numerically, matrix decompositions and their uses, and data clustering and regression.",
  "prerequisites": [["MTH 256", "MTH 256H"], ["MTH 264", "MTH 264H"], ["MTH 265", "MTH 265H"]]
}, {
  "corequisites": [],
  "course_name": "BIOMATERIALS AND BIOINTERFACES",
  "course_number": "BIOE 351",
  "credits": "3",
  "description": "Analyzes material interactions with human tissue, with emphasis on the role of interfacial chemistry and physics in cell adhesion, infection, blood coagulation and thrombosis. Explores preparation of functional hydrogels, and material coatings and derivatizations including immobilized bio-active molecules.",
  "prerequisites": [["BB 451", "BB 451H"], ["BIOE 332", "CHE 333", "CHE 333H"]]
}, {
  "corequisites": [],
  "course_name": "SPECIAL TOPICS",
  "course_number": "BIOE 399",
  "credits": "0-16",
  "description": "",
  "prerequisites": []
}, {
  "corequisites": [],
  "course_name": "RESEARCH",
  "course_number": "BIOE 401",
  "credits": "1-16",
  "description": "",
  "prerequisites": []
}, {
  "corequisites": [],
  "course_name": "THESIS",
  "course_number": "BIOE 403",
  "credits": "1-16",
  "description": "",
  "prerequisites": []
}, {
  "corequisites": [],
  "course_name": "READING AND CONFERENCE",
  "course_number": "BIOE 405",
  "credits": "1-16",
  "description": "",
  "prerequisites": []
}, {
  "corequisites": [],
  "course_name": "PROJECTS",
  "course_number": "BIOE 406",
  "credits": "1-16",
  "description": "",
  "prerequisites": []
}, {
  "corequisites": [],
  "course_name": "SEMINAR",
  "course_number": "BIOE 407",
  "credits": "1-16",
  "description": "",
  "prerequisites": []
}, {
  "corequisites": [],
  "course_name": "SOCIAL JUSTICE",
  "course_number": "BIOE 420",
  "credits": "ETHICS",
  "description": "Interrogates the engineering profession using theories of systems of oppression. Uses critical pedagogies to explore engineering culture and structural inequities within engineering education and practice. Helps students imagine and take action toward bringing about a socially-just profession.",
  "prerequisites": [["CBEE 320"]]
}, {
  "corequisites": [],
  "course_name": "BIOCONJUGATION",
  "course_number": "BIOE 440",
  "credits": "3",
  "description": "Survey of theory and practical current methods for chemical modification and conjugation of proteins and other biomolecules. Topics include permanent and cleavable cross-linkers, protein modification reagents, immobilization of enzymes/DNA, enzyme-antibody conjugates, protein-protein interactions, PEGylation and labeling of proteins, and solid-phase peptide synthesis.",
  "prerequisites": [["BB 450"]]
}, {
  "corequisites": [],
  "course_name": "SURFACE ANALYSIS",
  "course_number": "BIOE 445",
  "credits": "3",
  "description": "The characterization of molecular, biological, and engineered surfaces by modern surface analytical techniques. Topics include surface sensitive modes of electron spectroscopy, vibrational spectroscopy, and mass spectrometry. Students will interpret surface analytical data and gain access to the surface science literature.",
  "prerequisites": [["BIOE 351"]]
}, {
  "corequisites": [],
  "course_name": "BIOENGINEERING LABORATORY TECHNIQUES",
  "course_number": "BIOE 453",
  "credits": "3",
  "description": "Emphasizes fundamental laboratory techniques in bioengineering used to assess and manipulate molecular, cellular, and tissue level models.",
  "prerequisites": [["BI 233"], ["BB 451"]]
}, {
  "corequisites": [],
  "course_name": "BIOREACTORS",
  "course_number": "BIOE 457",
  "credits": "3",
  "description": "Design and analysis of bioreactors using suspension and immobilized microbial cultures.",
  "prerequisites": [["BB 451", "BB 451H"], ["CHE 333", "CHE 333H"]]
}, {
  "corequisites": [],
  "course_name": "CELL ENGINEERING",
  "course_number": "BIOE 459",
  "credits": "3",
  "description": "Application of engineering methods and principles to the study of mammalian cells. Emphasis on mathematical models of cellular processes (e.g., cellular mass transport, protein-ligand interactions, cellular mechanics) and methods for probing the physical characteristics of biological molecules and cells.",
  "prerequisites": [["BB 451", "BB 451H"], ["CHE 333", "CHE 333H"]]
}, {
  "corequisites": [],
  "course_name": "BIOSEPARATIONS",
  "course_number": "BIOE 462",
  "credits": "3",
  "description": "Emphasizes application of basic mass transfer, reaction kinetics and thermodynamic principles to understanding, selection, and development of strategies for the recovery of products from bioreactors.",
  "prerequisites": [["BB 451", "BB 451H"], ["BIOE 332", "CHE 333", "CHE 333H"]]
}, {
  "corequisites": [],
  "course_name": "BIOMEDICAL IMAGE PROCESSING",
  "course_number": "BIOE 465",
  "credits": "3",
  "description": "Explores fundamentals of image formation, enhancement, and analysis for medical and biological applications. Presents common medical imaging and biomedical diagnostic imaging types and resultant format. Provides opportunity to work with real image sets to perform enhancement and analysis operations for the purpose of increasing diagnostic specificity and sensitivity as well as extracting quantitative information.",
  "prerequisites": [["BIOE 350"]]
}, {
  "corequisites": [],
  "course_name": "BIOENGINEERING PROCESS DESIGN",
  "course_number": "BIOE 490",
  "credits": "4",
  "description": "Focuses on engineering economic analysis. Emphasizes design of bioprocesses including Development of process flow diagrams, equipment sizing, operation, and safety. Considers quality control and FDA regulations.",
  "prerequisites": [["BIOE 457"], ["BIOE 462"]]
}, {
  "corequisites": [],
  "course_name": "BIOENGINEERING PRODUCT DESIGN",
  "course_number": "BIOE 491",
  "credits": "4",
  "description": "Design of biomedical and biotechnology-based products by a structured design process that considers customer and regulatory needs.",
  "prerequisites": [["BIOE 340"], ["BB 451", "BB 451H"]]
}, {
  "corequisites": [],
  "course_name": "^BIOENGINEERING PRODUCT DESIGN",
  "course_number": "BIOE 495",
  "credits": "4",
  "description": "Emphasizes design of biomedical and biotechnology-based products. Focuses on applying a structured design process, meeting customer needs and regulatory considerations to design.",
  "prerequisites": [["BIOE 240"], ["BIOE 332"], ["BIOE 340"], ["BB 451", "BB 451H"]]
}, {
  "corequisites": [],
  "course_name": "BIOENGINEERING CAPSTONE DESIGN",
  "course_number": "BIOE 496",
  "credits": "4",
  "description": "Emphasizes culminating experience in bioengineering design of processes and devices. Includes capstone project prototyping, testing and documentation, and constraints in ethics, intellectual property, standards, regulatory, and manufacturing.",
  "prerequisites": [["BIOE 495"]]
}, {
  "corequisites": [],
  "course_name": "SPECIAL TOPICS",
  "course_number": "BIOE 499",
  "credits": "0-16",
  "description": "",
  "prerequisites": []
}, {
  "corequisites": [],
  "course_name": "RESEARCH",
  "course_number": "BIOE 501",
  "credits": "1-12",
  "description": "",
  "prerequisites": []
}, {
  "corequisites": [],
  "course_name": "THESIS",
  "course_number": "BIOE 503",
  "credits": "1-16",
  "description": "",
  "prerequisites": []
}, {
  "corequisites": [],
  "course_name": "SEMINAR",
  "course_number": "BIOE 507",
  "credits": "1",
  "description": "",
  "prerequisites": []
}, {
  "corequisites": [],
  "course_name": "SOCIAL JUSTICE",
  "course_number": "BIOE 520",
  "credits": "ETHICS",
  "description": "Interrogates the engineering profession using theories of systems of oppression. Uses critical pedagogies to explore engineering culture and structural inequities within engineering education and practice. Helps students imagine and take action toward bringing about a socially-just profession.",
  "prerequisites": []
}, {
  "corequisites": [],
  "course_name": "BIOCONJUGATION",
  "course_number": "BIOE 540",
  "credits": "3",
  "description": "Survey of theory and practical current methods for chemical modification and conjugation of proteins and other biomolecules. Topics include permanent and cleavable cross-linkers, protein modification reagents, immobilization of enzymes/DNA, enzyme-antibody conjugates, protein-protein interactions, PEGylation and labeling of proteins, and solid-phase peptide synthesis.",
  "prerequisites": []
}, {
  "corequisites": [],
  "course_name": "SURFACE ANALYSIS",
  "course_number": "BIOE 545",
  "credits": "3",
  "description": "The characterization of molecular, biological, and engineered surfaces by modern surface analytical techniques. Topics include surface sensitive modes of electron spectroscopy, vibrational spectroscopy, and mass spectrometry. Students will interpret surface analytical data and gain access to the surface science literature.",
  "prerequisites": []
}, {
  "corequisites": [],
  "course_name": "BIOREACTORS",
  "course_number": "BIOE 557",
  "credits": "3",
  "description": "Design and analysis of bioreactors using suspension and immobilized microbial cultures.",
  "prerequisites": []
}, {
  "corequisites": [],
  "course_name": "BIOSEPARATIONS",
  "course_number": "BIOE 562",
  "credits": "3",
  "description": "Emphasizes application of basic mass transfer, reaction kinetics and thermodynamic principles to understanding, selection, and development of strategies for the recovery of products from bioreactors.",
  "prerequisites": []
}, {
  "corequisites": [],
  "course_name": "SPECIAL TOPICS",
  "course_number": "BIOE 599",
  "credits": "1-16",
  "description": "",
  "prerequisites": []
}, {
  "corequisites": [],
  "course_name": "RESEARCH",
  "course_number": "BIOE 601",
  "credits": "1-16",
  "description": "",
  "prerequisites": []
}, {
  "corequisites": [],
  "course_name": "THESIS",
  "course_number": "BIOE 603",
  "credits": "1-16",
  "description": "",
  "prerequisites": []
}, {
  "corequisites": [],
  "course_name": "CELL AND TISSUE ENGINEERING",
  "course_number": "BIOE 611",
  "credits": "3",
  "description": "Explores fundamentals of mammalian cell biology, with an emphasis on biomedical applications and engineering approaches to study and manipulate cells and tissues.",
  "prerequisites": []
}, {
  "corequisites": [],
  "course_name": "MODELING OF PHYSIOLOGICAL SYSTEMS",
  "course_number": "BIOE 612",
  "credits": "4",
  "description": "Integrates engineering principles, mathematical modeling, and data analysis approaches in the context of human physiology.",
  "prerequisites": []
}, {
  "corequisites": [],
  "course_name": "DRUG AND MEDICAL DEVICE REGULATION",
  "course_number": "BIOE 613",
  "credits": "3",
  "description": "Emphasizes processes by which drugs and devices are regulated by the Food and Drug Administration. Topics of focus include drug and device classifications, approval routes for different classes of drugs and devices, and current good manufacturing practice.",
  "prerequisites": []
}]