[{
  "corequisites": [],
  "course_name": "INTERNSHIP",
  "course_number": "BIS 004",
  "credits": "0",
  "description": "Provides basic personal and professional skills that can be used within and outside of a work setting. Through practice, this experience guides students in building and maintaining positive professional relationships, networking/mentoring relationships, and enhances students’ understanding of the connection between theory and practice in their respective disciplines.",
  "prerequisites": []
}, {
  "corequisites": [],
  "course_name": "BUSINESS APPLICATION DEVELOPMENT",
  "course_number": "BIS 272",
  "credits": "4",
  "description": "Introduction to business computer programming. Beginning computer programming skills and concepts for scripting and console applications using the Python programming language.",
  "prerequisites": []
}, {
  "corequisites": [],
  "course_name": "BUSINESS DATA MANAGEMENT",
  "course_number": "BIS 371",
  "credits": "4",
  "description": "Explore business data management technologies including but not limited to relational database modeling, data retrieval, database triggers and stored procedures, NoSQL databases.",
  "prerequisites": [["BIS 272", "CS 161"], ["BA 370", "BA 370H"]]
}, {
  "corequisites": [],
  "course_name": "BUSINESS INFORMATION SYSTEMS DESIGN AND DEVELOPMENT",
  "course_number": "BIS 372",
  "credits": "4",
  "description": "Explores how information systems are developed, deployed, and adapted considering architectures, value propositions, infrastructure, and organizational factors. Explores both classic and agile application design and development approaches and tasks, tools and methods of system developers and automation tool users.",
  "prerequisites": [["BIS 371"]]
}, {
  "corequisites": [],
  "course_name": "PRACTICUM",
  "course_number": "BIS 409",
  "credits": "1-4",
  "description": "",
  "prerequisites": []
}, {
  "corequisites": [],
  "course_name": "INTERNSHIP",
  "course_number": "BIS 410",
  "credits": "1-12",
  "description": "",
  "prerequisites": []
}, {
  "corequisites": [],
  "course_name": "NETWORKING BASICS PRACTICUM",
  "course_number": "BIS 421",
  "credits": "1",
  "description": "Demonstrate mastery of information technology networking concepts and integrate those concepts into a broader context. Apply those concepts in an independently managed, multipart case study.",
  "prerequisites": []
}, {
  "corequisites": [],
  "course_name": "CYBERSECURITY BASICS PRACTICUM",
  "course_number": "BIS 422",
  "credits": "1",
  "description": "Demonstrate mastery of cybersecurity concepts and integrate those concepts into a broader context. Apply those concepts in an independently managed, multipart case study.",
  "prerequisites": []
}, {
  "corequisites": [],
  "course_name": "IT AUDIT BASICS PRACTICUM",
  "course_number": "BIS 423",
  "credits": "1",
  "description": "Demonstrate mastery of IT Audit concepts and integrate those concepts into a broader context. Apply those concepts in an independently managed, multipart case study.",
  "prerequisites": []
}, {
  "corequisites": [],
  "course_name": "BUSINESS TELECOMMUNICATIONS AND NETWORKING",
  "course_number": "BIS 471",
  "credits": "4",
  "description": "Provides a fundamental understanding of the five-layer Internet model and its effects on business environment and enterprise-wide computing. Explores network administration in a virtualized cloud environment.",
  "prerequisites": [["BA 270", "BA 270H"]]
}, {
  "corequisites": [],
  "course_name": "INFORMATION SYSTEMS SECURITY",
  "course_number": "BIS 472",
  "credits": "4",
  "description": "Covers security risk mitigation methods and procedures such as access control, identity management, intrusion prevention and detection, network and physical security. Reviews Information Systems (IS) security topics in both the operational and strategic context of the business. Addresses several IS governance and IS security frameworks within which the various security concepts, aspects, policies and procedures can be viewed and discussed.",
  "prerequisites": [["BIS 471"]]
}, {
  "corequisites": [],
  "course_name": "INFORMATION SECURITY GOVERNANCE",
  "course_number": "BIS 482",
  "credits": "4",
  "description": "Introduces several well-regarded and well-used IT and IT security governance frameworks which can be used to apply and govern security policies and protocols in organizations. Explores System and Organization Control (SOC) IT auditing.",
  "prerequisites": [["BIS 471", "BA 479", "CS 370"]]
}, {
  "corequisites": [],
  "course_name": "BUSINESS TELECOMMUNICATIONS AND NETWORKING",
  "course_number": "BIS 571",
  "credits": "4",
  "description": "Provides a fundamental understanding of the five-layer Internet model and its effects on business environment and enterprise-wide computing. Explores network administration in a virtualized cloud environment.",
  "prerequisites": []
}, {
  "corequisites": [],
  "course_name": "INFORMATION SYSTEMS SECURITY",
  "course_number": "BIS 572",
  "credits": "4",
  "description": "Covers security risk mitigation methods and procedures such as access control, identity management, intrusion prevention and detection, network and physical security. Reviews Information Systems (IS) security topics in both the operational and strategic context of the business. Addresses several IS governance and IS security frameworks within which the various security concepts, aspects, policies and procedures can be viewed and discussed.",
  "prerequisites": [["BIS 571"]]
}, {
  "corequisites": [],
  "course_name": "GOVERNING INFORMATION SECURITY PROGRAMS",
  "course_number": "BIS 583",
  "credits": "3",
  "description": "Describes the main components of a well-defined information security governance structure: a risk-based approach to managing cybersecurity measures focusing on Risk Assessment, Control Selection, Control Implementation, Measurement results, Compliance Documentation, and IT Auditing. Delineates several well-regarded and well-used IT and IT security governance frameworks that can apply and govern security policies and protocols in organizations.",
  "prerequisites": [["BIS 571"], ["BIS 572"]]
}]