[{
  "corequisites": [],
  "course_name": "UNDERGRADUATE RESEARCH",
  "course_number": "BOT 003",
  "credits": "0",
  "description": "Engage in research activities appropriate to the discipline; and through the research experience, acquire skills, techniques, and knowledge relevant to the field of study. In consultation with a faculty mentor, engage in research activity, and make and execute a plan for a project.",
  "prerequisites": []
}, {
  "corequisites": [],
  "course_name": "INTERNSHIP",
  "course_number": "BOT 004",
  "credits": "0",
  "description": "Provides basic personal and professional skills that can be used within and outside of a work setting. Through practice, this experience guides students in building and maintaining positive professional relationships, networking/mentoring relationships, and enhances students’ understanding of the connection between theory and practice in their respective disciplines.",
  "prerequisites": []
}, {
  "corequisites": [],
  "course_name": "*BOTANY: A HUMAN CONCERN",
  "course_number": "BOT 101",
  "credits": "4",
  "description": "Introductory botany for non-majors, emphasizing the role of plants in the environment, agriculture and society. Includes molecular approaches to the study of plant function and genetic engineering.",
  "prerequisites": []
}, {
  "corequisites": [],
  "course_name": "*BOTANY: A HUMAN CONCERN",
  "course_number": "BOT 101H",
  "credits": "4",
  "description": "Introductory botany for non-majors, emphasizing the role of plants in the environment, agriculture and society. Includes molecular approaches to the study of plant function and genetic engineering.",
  "prerequisites": []
}, {
  "corequisites": [],
  "course_name": "+*INTRODUCTION TO PLANT BIOLOGY",
  "course_number": "BOT 220",
  "credits": "4",
  "description": "Explores plant diversity from evolutionary perspective of the life cycles of four major groups of plants: Bryophytes, Pteridophytes, Angiosperms and Gymnosperms. Focuses on mechanisms of evolution and cellular mechanisms of growth, development and responses to biotic and abiotic cues.",
  "prerequisites": []
}, {
  "corequisites": [],
  "course_name": "*HUMAN IMPACTS ON ECOSYSTEMS",
  "course_number": "BOT 301",
  "credits": "3",
  "description": "Examines selected human impacts on ecosystems in depth, including air quality, global climate change, management of agricultural and forest resources, and threats to biological diversity. Discusses the causes, approaches to investigating, and potential solutions for each issue from a scientific and social perspective. Examines the adverse effects on ecosystems that result from each environmental problem. CROSSLISTED as BI 301/BOT 301.",
  "prerequisites": []
}, {
  "corequisites": [],
  "course_name": "PLANT STRUCTURE",
  "course_number": "BOT 313",
  "credits": "4",
  "description": "The structural components of vascular plants and how plant structure relates to function, development, environment, evolution, and human use of plants.",
  "prerequisites": [["BI 212", "BI 212H"], ["BI 211", "BI 211H", "BI 213", "BI 213H", "BI 221", "BI 221H"], ["BI 222", "BI 222H", "BI 205"], ["BI 206"]]
}, {
  "corequisites": [],
  "course_name": "PLANT SYSTEMATICS",
  "course_number": "BOT 321",
  "credits": "4",
  "description": "Vascular plant classification, diversity, and evolutionary relationships. Emphasizes the collection and identification of ferns, gymnosperms, and flowering plants in Oregon.",
  "prerequisites": []
}, {
  "corequisites": [],
  "course_name": "^FLOWERING PLANTS OF THE WORLD",
  "course_number": "BOT 323",
  "credits": "3",
  "description": "Global perspective of plant biodiversity with a focus on evolutionary origins, classification, and evolutionary relationships of the major groups of plants. Development and application of scientific writing and utilization of online information resources in plant evolutionary biology.",
  "prerequisites": []
}, {
  "corequisites": [],
  "course_name": "*FUNGI IN SOCIETY",
  "course_number": "BOT 324",
  "credits": "3",
  "description": "Explores the diverse roles played by fungi in relation to human civilization and the natural environment.",
  "prerequisites": []
}, {
  "corequisites": [],
  "course_name": "*INTERSECTIONS BETWEEN PLANTS AND HUMANITY",
  "course_number": "BOT 325",
  "credits": "3",
  "description": "The unique attributes of plants--including aspects of their biochemistry, growth, structure, and physiology--have influenced all aspects of life on earth, from biogeochemical cycles to the rise and expansion of human civilizations. Plants are sources of medicines, stimulants, hallucinogens, fibers and woods, resins and latex, oils and waxes; plants have inspired technological innovation, exploration, and exploitation of people and the environment. Critically examines the intersections of plants with society and technology by exploring the roles plants have played in both historical and modern contexts.",
  "prerequisites": []
}, {
  "corequisites": [],
  "course_name": "PLANT PHYSIOLOGY",
  "course_number": "BOT 331",
  "credits": "4",
  "description": "Survey of physiological processes in plants, including photosynthesis and plant metabolism, mineral nutrition and ion uptake processes, plant cell/water relations, regulation of plant growth and development, and transpiration and translocation.",
  "prerequisites": [["BI 212", "BI 212H"], ["BI 213", "BI 213H", "BI 221", "BI 221H"], ["BI 222", "BI 222H", "BI 205"], ["BI 206"], ["CH 123", "CH 233"], ["CH 263", "CH 233H"], ["CH 263H"]]
}, {
  "corequisites": [],
  "course_name": "LABORATORY TECHNIQUES IN PLANT BIOLOGY",
  "course_number": "BOT 332",
  "credits": "3",
  "description": "Emphasizes laboratory experiences in the manipulation and observation of the genomic, cell and molecular processes in plant systems. Analyzes and interprets experimental data generated in plant systems. Focuses on training in basic laboratory skills, including the principles and procedures involved in the use of common items of laboratory instrumentation.",
  "prerequisites": [["BB 314", "BB 314H", "BOT 331"]]
}, {
  "corequisites": [],
  "course_name": "PLANT ECOLOGY",
  "course_number": "BOT 341",
  "credits": "4",
  "description": "Study of higher plants in relation to their environment. The relationship of plant physiology and reproduction to environmental factors; competition and other species interactions; the structure, dynamics and analysis of vegetation.",
  "prerequisites": []
}, {
  "corequisites": [],
  "course_name": "RESEARCH",
  "course_number": "BOT 401",
  "credits": "1-16",
  "description": "",
  "prerequisites": []
}, {
  "corequisites": [],
  "course_name": "THESIS",
  "course_number": "BOT 403",
  "credits": "1-16",
  "description": "",
  "prerequisites": []
}, {
  "corequisites": [],
  "course_name": "READING AND CONFERENCE",
  "course_number": "BOT 405",
  "credits": "1-16",
  "description": "",
  "prerequisites": []
}, {
  "corequisites": [],
  "course_name": "PROJECTS: CURATORIAL ASSISTANT",
  "course_number": "BOT 406",
  "credits": "1-6",
  "description": "",
  "prerequisites": []
}, {
  "corequisites": [],
  "course_name": "SEMINAR",
  "course_number": "BOT 407",
  "credits": "1",
  "description": "",
  "prerequisites": []
}, {
  "corequisites": [],
  "course_name": "SEMINAR",
  "course_number": "BOT 407H",
  "credits": "1",
  "description": "",
  "prerequisites": []
}, {
  "corequisites": [],
  "course_name": "WORKSHOP",
  "course_number": "BOT 408",
  "credits": "1-16",
  "description": "",
  "prerequisites": []
}, {
  "corequisites": [],
  "course_name": "INTERNSHIP",
  "course_number": "BOT 410",
  "credits": "1-16",
  "description": "",
  "prerequisites": []
}, {
  "corequisites": [],
  "course_name": "LEVERAGING YOUR EXPERIENTIAL LEARNING",
  "course_number": "BOT 411",
  "credits": "1",
  "description": "Guides students in leveraging their experiential learning activity (ELA), and prior coursework, to lift up their career development. Emphasizes peer-to-peer written and oral communication, peer mentoring, and implementation of career development tools that are directed towards several goals: mapping job, graduate school and career opportunities, reflecting on one's ELA and coursework, matching one's skills and motivations to opportunities, networking, and building a resume, curriculum vitae and cover letter template, and developing effective communication skills. Emphasizes discipline specific literacy and preparation for plant biology-related careers.",
  "prerequisites": []
}, {
  "corequisites": [],
  "course_name": "FOREST PATHOLOGY",
  "course_number": "BOT 413",
  "credits": "3",
  "description": "Analyzes effects of diseases on forest ecosystems. Focuses on recognition of important groups, prediction of pathogen responses to environmental changes, and management strategies for protection of forest resources. CROSSLISTED as BOT 413/FOR 413.",
  "prerequisites": [["BI 204", "BI 212", "BI 212H", "BI 213", "BI 213H", "BI 221", "BI 221H", "FES 240"]]
}, {
  "corequisites": [],
  "course_name": "AQUATIC BOTANY",
  "course_number": "BOT 416",
  "credits": "4",
  "description": "Taxonomy and ecology of aquatic vegetation, emphasizing freshwater and marine algae and the submergent vascular plants. Morphology, physiology, and classification of the algae; morphological and physiological adaptations of aquatic vascular plants; and primary production in aquatic ecosystems. Laboratory practice in the identification of local taxa. Field trips.",
  "prerequisites": []
}, {
  "corequisites": [],
  "course_name": "PHYCOLOGY",
  "course_number": "BOT 417",
  "credits": "4",
  "description": "Introduces micro- and macro-algal biology, reproduction and evolution. Emphasizes how the endosymbiosis theory ties algae together as a functional group. Explores algal diversity through lectures and experiential learning activities (e.g., laboratory, field trips). Develops skills in laboratory methods for isolation, culturing and maintenance of algae for aquaculture and research.",
  "prerequisites": []
}, {
  "corequisites": [],
  "course_name": "FLORA OF THE PACIFIC NORTHWEST",
  "course_number": "BOT 425",
  "credits": "3",
  "description": "Vascular plant identification, terminology, and diagnostic characteristics of plant families. Lab emphasizes the use of keys for identification to the species level and ability to recognize by sight those plant families found in the Pacific Northwest. Field trips.",
  "prerequisites": []
}, {
  "corequisites": [],
  "course_name": "FIELD METHODS IN PLANT ECOLOGY",
  "course_number": "BOT 440",
  "credits": "4",
  "description": "Concepts and tools for describing, monitoring, and experimenting on vegetation. Combines Web-based material, field experience at the student's location, and student projects.",
  "prerequisites": []
}, {
  "corequisites": [],
  "course_name": "ADVANCED PLANT ECOLOGY",
  "course_number": "BOT 445",
  "credits": "3",
  "description": "Examines how the abiotic environment, climate, and positive and negative biotic interactions produce variation in plant distribution, abundance, and diversity. Examines the role of plant diversity in the stability, productivity, succession, and flow of nutrients through ecosystems. Examines evidence for past and current population, community, and ecosystem responses to climate change. Evaluates primary scientific literature on the origin and maintenance of plant diversity in ecological systems.",
  "prerequisites": [["BOT 341", "BI 370", "BI 370H", "FES 341"]]
}, {
  "corequisites": [],
  "course_name": "PLANT PATHOLOGY",
  "course_number": "BOT 451",
  "credits": "4",
  "description": "Examines the causal agents, nature, and dynamics of plant disease. Examines the role of major diseases of economically important plants. Examines the biology of pathogens and the factors influencing disease development. Evaluates methods of disease diagnosis and principles of disease management.",
  "prerequisites": [["BI 211", "BI 211H"], ["BI 212", "BI 212H"], ["BI 213", "BI 213H", "BI 221", "BI 221H"], ["BI 222", "BI 222H"], ["BI 223", "BI 223H", "BI 204"], ["BI 205"], ["BI 206"]]
}, {
  "corequisites": [],
  "course_name": "MYCOLOGY",
  "course_number": "BOT 461",
  "credits": "4",
  "description": "Broad taxonomic survey of the fungi and their biology. Examines fungal life histories, systematics, ecology, and genetics, as well as ethnomycology. Introduces approaches to mycology in the field, including collection and preparation of specimens.",
  "prerequisites": [["BI 211", "BI 211H"], ["BI 212", "BI 212H"], ["BI 213", "BI 213H", "BI 204"], ["BI 205"], ["BI 206", "BI 221", "BI 221H"], ["BI 222", "BI 222H"], ["BI 223", "BI 223H"]]
}, {
  "corequisites": [],
  "course_name": "FUNGAL ECOLOGY",
  "course_number": "BOT 462",
  "credits": "3",
  "description": "Examines how fungi interact with other organisms and their environment. Course topics include but are not limited to: fungal diversity and distribution; fungal community ecology; fungal interactions with plants, insects, and bacteria; decomposition and nutrient cycling.",
  "prerequisites": [["BOT 461", "BOT 341", "BI 370", "BI 370H", "FES 341", "HORT 318"]]
}, {
  "corequisites": [],
  "course_name": "LICHENOLOGY",
  "course_number": "BOT 465",
  "credits": "4",
  "description": "Biology of lichens; includes structure, life histories, classification, and ecology.",
  "prerequisites": []
}, {
  "corequisites": [],
  "course_name": "BRYOLOGY",
  "course_number": "BOT 466",
  "credits": "4",
  "description": "Biology of bryophytes; includes structure, life histories, classification, and ecology.",
  "prerequisites": []
}, {
  "corequisites": [],
  "course_name": "PHOTOSYNTHESIS AND PHOTOBIOLOGY",
  "course_number": "BOT 480",
  "credits": "3",
  "description": "Explores the diverse use of light in biological systems, with particular emphasis on photosynthesis. Lectures will discuss the nature of light, light in the natural environment, light absorption in biological systems, use of light energy for photosynthesis, communication, defense, motility, and vision, as well as deleterious effects of light and its use for global monitoring satellite systems.",
  "prerequisites": []
}, {
  "corequisites": [],
  "course_name": "PRIMARY PRODUCTION IN AQUATIC ECOSYSTEMS",
  "course_number": "BOT 483X",
  "credits": "3",
  "description": "Covers major primary producers in aquatic ecosystems. Explores both the bottom-up (light and nutrients) and top-down (grazing and mortality) controls on primary production. Addresses the ecosystem services provided by aquatic primary producers in supporting food webs and fisheries.",
  "prerequisites": [["BI 211"], ["BI 212", "BI 211H"], ["BI 212H", "BI 211"], ["BI 213", "BI 211H"], ["BI 213H", "BI 212"], ["BI 213", "BI 212H"], ["BI 213H", "BI 204"], ["BI 205", "BI 204"], ["BI 206", "BI 205"], ["BI 206", "BI 221"], ["BI 222", "BI 221H"], ["BI 222H", "BI 221"], ["BI 223", "BI 221H"], ["BI 223H", "BI 222"], ["BI 223", "BI 222H"], ["BI 223H"]]
}, {
  "corequisites": [],
  "course_name": "ENVIRONMENTAL PHYSIOLOGY OF PLANTS",
  "course_number": "BOT 488",
  "credits": "3",
  "description": "Introduces the mechanisms of plant responses to environmental change caused by humans, including atmospheric, nutrient, water, and global climate factors. Concepts are built around principles of plant environment relations.",
  "prerequisites": []
}, {
  "corequisites": [],
  "course_name": "SPECIAL TOPICS",
  "course_number": "BOT 499",
  "credits": "1-16",
  "description": "",
  "prerequisites": []
}, {
  "corequisites": [],
  "course_name": "SPECIAL TOPICS",
  "course_number": "BOT 499H",
  "credits": "1-16",
  "description": "",
  "prerequisites": []
}, {
  "corequisites": [],
  "course_name": "RESEARCH",
  "course_number": "BOT 501",
  "credits": "1-16",
  "description": "",
  "prerequisites": []
}, {
  "corequisites": [],
  "course_name": "THESIS",
  "course_number": "BOT 503",
  "credits": "1-16",
  "description": "",
  "prerequisites": []
}, {
  "corequisites": [],
  "course_name": "READING AND CONFERENCE",
  "course_number": "BOT 505",
  "credits": "1-16",
  "description": "",
  "prerequisites": []
}, {
  "corequisites": [],
  "course_name": "SEMINAR",
  "course_number": "BOT 507",
  "credits": "1-16",
  "description": "",
  "prerequisites": []
}, {
  "corequisites": [],
  "course_name": "WORKSHOP",
  "course_number": "BOT 508",
  "credits": "1-16",
  "description": "",
  "prerequisites": []
}, {
  "corequisites": [],
  "course_name": "INTERNSHIP",
  "course_number": "BOT 510",
  "credits": "1-16",
  "description": "",
  "prerequisites": []
}, {
  "corequisites": [],
  "course_name": "FOREST PATHOLOGY",
  "course_number": "BOT 513",
  "credits": "3",
  "description": "Analyzes effects of diseases on forest ecosystems. Focuses on recognition of important groups, prediction of pathogen responses to environmental changes, and management strategies for protection of forest resources. CROSSLISTED as BOT 513/FOR 513.",
  "prerequisites": []
}, {
  "corequisites": [],
  "course_name": "AQUATIC BOTANY",
  "course_number": "BOT 516",
  "credits": "4",
  "description": "Taxonomy and ecology of aquatic vegetation, emphasizing freshwater and marine algae and the submergent vascular plants. Morphology, physiology, and classification of the algae; morphological and physiological adaptations of aquatic vascular plants; and primary production in aquatic ecosystems. Laboratory practice in the identification of local taxa. Field trips.",
  "prerequisites": []
}, {
  "corequisites": [],
  "course_name": "PHYCOLOGY",
  "course_number": "BOT 517",
  "credits": "4",
  "description": "Introduces micro- and macro-algal biology, reproduction and evolution. Emphasizes how the endosymbiosis theory ties algae together as a functional group. Explores algal diversity through lectures and experiential learning activities (e.g., laboratory, field trips). Develops skills in laboratory methods for isolation, culturing and maintenance of algae for aquaculture and research.",
  "prerequisites": []
}, {
  "corequisites": [],
  "course_name": "FLORA OF THE PACIFIC NORTHWEST",
  "course_number": "BOT 525",
  "credits": "3",
  "description": "Vascular plant identification, terminology, and diagnostic characteristics of plant families. Lab emphasizes the use of keys for identification to the species level and ability to recognize by sight those plant families found in the Pacific Northwest. Field trips.",
  "prerequisites": []
}, {
  "corequisites": [],
  "course_name": "FIELD METHODS IN PLANT ECOLOGY",
  "course_number": "BOT 540",
  "credits": "4",
  "description": "Concepts and tools for describing, monitoring, and experimenting on vegetation. Combines Web-based material, field experience at the student's location, and student projects.",
  "prerequisites": []
}, {
  "corequisites": [],
  "course_name": "ADVANCED PLANT ECOLOGY",
  "course_number": "BOT 545",
  "credits": "3",
  "description": "Examines how the abiotic environment, climate, and positive and negative biotic interactions produce variation in plant distribution, abundance, and diversity. Examines the role of plant diversity in the stability, productivity, succession, and flow of nutrients through ecosystems. Examines evidence for past and current population, community, and ecosystem responses to climate change. Evaluates primary scientific literature on the origin and maintenance of plant diversity in ecological systems.",
  "prerequisites": []
}, {
  "corequisites": [],
  "course_name": "PLANT PATHOLOGY",
  "course_number": "BOT 551",
  "credits": "4",
  "description": "Examines the causal agents, nature, and dynamics of plant disease. Examines the role of major diseases of economically important plants. Examines the biology of pathogens and the factors influencing disease development. Evaluates methods of disease diagnosis and principles of disease management.",
  "prerequisites": []
}, {
  "corequisites": [],
  "course_name": "PLANT DISEASE MANAGEMENT",
  "course_number": "BOT 552",
  "credits": "4",
  "description": "Analysis of host, pathogen, and environmental factors influencing the increase and spread of plant disease. Epidemiological theory will be used as a basis for developing and evaluating principles and concepts of plant disease management.",
  "prerequisites": []
}, {
  "corequisites": [],
  "course_name": "PLANT DISEASE DIAGNOSIS",
  "course_number": "BOT 553",
  "credits": "3",
  "description": "Diagnosis of plant diseases and identification of causal agents. Laboratory practice in identification techniques. Observation of symptoms exhibited by diseased plants in greenhouse and field locations. Field trips.",
  "prerequisites": []
}, {
  "corequisites": [],
  "course_name": "MOLECULAR BASIS OF PLANT-PATHOGEN INTERACTIONS",
  "course_number": "BOT 554",
  "credits": "3",
  "description": "Explores the molecular, biochemical, and cellular level processes that mediate interactions between plants and pathogens, with an emphasis on the plant host responses to pathogens. Course topics include but are not limited to: recognition and signaling, gene expression and metabolic changes during interactions, resistance mechanisms (host and non-host), pathogen effectors, influence of abiotic stress on plant-pathogen interactions.",
  "prerequisites": []
}, {
  "corequisites": [],
  "course_name": "ECOLOGY AND EVOLUTION OF INFECTIOUS PLANT DISEASES",
  "course_number": "BOT 555",
  "credits": "3",
  "description": "Examines how plant pathogens evolve and spread, and how their interactions with plants shape their evolution. Course topics include but are not limited to: spatial and temporal dynamics of plant pathogens, microbial genome evolution, comparative and population genomics, phylogenetics, horizontal gene transfer, genomic epidemiology.",
  "prerequisites": []
}, {
  "corequisites": [],
  "course_name": "MYCOLOGY",
  "course_number": "BOT 561",
  "credits": "4",
  "description": "Broad taxonomic survey of the fungi and their biology. Examines fungal life histories, systematics, ecology, and genetics, as well as ethnomycology. Introduces approaches to mycology in the field, including collection and preparation of specimens.",
  "prerequisites": []
}, {
  "corequisites": [],
  "course_name": "FUNGAL ECOLOGY",
  "course_number": "BOT 562",
  "credits": "3",
  "description": "Examines how fungi interact with other organisms and their environment. Course topics include but are not limited to: fungal diversity and distribution; fungal community ecology; fungal interactions with plants, insects, and bacteria; decomposition and nutrient cycling.",
  "prerequisites": []
}, {
  "corequisites": [],
  "course_name": "LICHENOLOGY",
  "course_number": "BOT 565",
  "credits": "4",
  "description": "Biology of lichens; includes structure, life histories, classification, and ecology.",
  "prerequisites": []
}, {
  "corequisites": [],
  "course_name": "BRYOLOGY",
  "course_number": "BOT 566",
  "credits": "4",
  "description": "Biology of bryophytes; includes structure, life histories, classification, and ecology.",
  "prerequisites": []
}, {
  "corequisites": [],
  "course_name": "COMMUNITY STRUCTURE AND ANALYSIS",
  "course_number": "BOT 570",
  "credits": "4",
  "description": "Quantitative methods for the analysis of biotic communities, including community concepts, estimation of community composition parameters, theoretical aspects of multivariate methods of analyzing species-importance data, and overview of multivariate tools; hands-on computer analysis of data sets.",
  "prerequisites": []
}, {
  "corequisites": [],
  "course_name": "PHOTOSYNTHESIS AND PHOTOBIOLOGY",
  "course_number": "BOT 580",
  "credits": "3",
  "description": "Explores the diverse use of light in biological systems, with particular emphasis on photosynthesis. Lectures will discuss the nature of light, light in the natural environment, light absorption in biological systems, use of light energy for photosynthesis, communication, defense, motility, and vision, as well as deleterious effects of light and its use for global monitoring satellite systems.",
  "prerequisites": []
}, {
  "corequisites": [],
  "course_name": "PRIMARY PRODUCTION IN AQUATIC ECOSYSTEMS",
  "course_number": "BOT 583X",
  "credits": "3",
  "description": "Covers major primary producers in aquatic ecosystems. Explores both the bottom-up (light and nutrients) and top-down (grazing and mortality) controls on primary production. Addresses the ecosystem services provided by aquatic primary producers in supporting food webs and fisheries.",
  "prerequisites": []
}, {
  "corequisites": [],
  "course_name": "ENVIRONMENTAL PHYSIOLOGY OF PLANTS",
  "course_number": "BOT 588",
  "credits": "3",
  "description": "Introduces the mechanisms of plant responses to environmental change caused by humans, including atmospheric, nutrient, water, and global climate factors. Concepts are built around principles of plant environment relations.",
  "prerequisites": []
}, {
  "corequisites": [],
  "course_name": "SPECIAL TOPICS",
  "course_number": "BOT 599",
  "credits": "0-16",
  "description": "",
  "prerequisites": []
}, {
  "corequisites": [],
  "course_name": "RESEARCH",
  "course_number": "BOT 601",
  "credits": "1-16",
  "description": "",
  "prerequisites": []
}, {
  "corequisites": [],
  "course_name": "THESIS",
  "course_number": "BOT 603",
  "credits": "1-16",
  "description": "",
  "prerequisites": []
}, {
  "corequisites": [],
  "course_name": "READING AND CONFERENCE",
  "course_number": "BOT 605",
  "credits": "1-16",
  "description": "",
  "prerequisites": []
}, {
  "corequisites": [],
  "course_name": "SEMINAR",
  "course_number": "BOT 607",
  "credits": "1",
  "description": "",
  "prerequisites": []
}, {
  "corequisites": [],
  "course_name": "WORKSHOP",
  "course_number": "BOT 608",
  "credits": "1-16",
  "description": "",
  "prerequisites": []
}, {
  "corequisites": [],
  "course_name": "SELECTED TOPICS: PLANT PATHOLOGY",
  "course_number": "BOT 692",
  "credits": "1-3",
  "description": "Selected topics concerning plant pathogens and plant disease processes, emphasizing current literature and theory. Topics vary from year to year.",
  "prerequisites": []
}, {
  "corequisites": [],
  "course_name": "SPECIAL TOPICS",
  "course_number": "BOT 699",
  "credits": "1-16",
  "description": "",
  "prerequisites": []
}]