[{
  "corequisites": [],
  "course_name": "MATERIAL BALANCES AND STOICHIOMETRY",
  "course_number": "CBEE 211",
  "credits": "3",
  "description": "Material balances, thermophysical, and thermochemical calculations.",
  "prerequisites": [["MTH 252", "MTH 252H"]]
}, {
  "corequisites": [],
  "course_name": "MATERIAL BALANCES AND STOICHIOMETRY",
  "course_number": "CBEE 211H",
  "credits": "3",
  "description": "Material balances, thermophysical, and thermochemical calculations.",
  "prerequisites": [["MTH 252", "MTH 252H"]]
}, {
  "corequisites": [],
  "course_name": "ENERGY BALANCES",
  "course_number": "CBEE 212",
  "credits": "3",
  "description": "Energy balances, thermophysical and thermochemical calculations.",
  "prerequisites": [["CBEE 211", "CBEE 211H"], ["MTH 256", "MTH 256H"]]
}, {
  "corequisites": [],
  "course_name": "ENERGY BALANCES",
  "course_number": "CBEE 212H",
  "credits": "3",
  "description": "Energy balances, thermophysical and thermochemical calculations.",
  "prerequisites": [["CBEE 211", "CBEE 211H"], ["MTH 256", "MTH 256H"]]
}, {
  "corequisites": [],
  "course_name": "PROCESS DATA ANALYSIS",
  "course_number": "CBEE 213",
  "credits": "4",
  "description": "Applies material and energy balances, with an emphasis on data analysis important to chemical engineers, bioengineers, and environmental engineers. Emphasizes contextual learning through collaborative learning with peers and the use of process flow simulation modeling and analysis software.",
  "prerequisites": [["CBEE 212", "CBEE 212H", "CBEE 280"]]
}, {
  "corequisites": [],
  "course_name": "MATERIAL AND ENERGY BALANCES",
  "course_number": "CBEE 280",
  "credits": "1-6",
  "description": "Material balances, thermophysical, and thermochemical calculations. Energy balances, thermophysical and thermochemical calculations.",
  "prerequisites": [["MTH 256", "MTH 256H"]]
}, {
  "corequisites": [],
  "course_name": "PROFESSIONALISM AND ENGINEERING ETHICS",
  "course_number": "CBEE 320",
  "credits": "3",
  "description": "Introduces professionalism and engineering ethics through presentation of ethical theory, professional engineering responsibility, codes of ethics, conflicts of obligation, conflicts of interest, risk and safety, and loyalty and dissent. Explores the social and political dimensions of engineering and “macroethical” topics such as sustainability and bioethics.",
  "prerequisites": [["CBEE 212", "CBEE 212H", "CBEE 280"]]
}, {
  "corequisites": [],
  "course_name": "^PROCESS ENGINEERING LABORATORY",
  "course_number": "CBEE 414",
  "credits": "3",
  "description": "Unit operations and unit processes; preparation of technical reports.",
  "prerequisites": [["CBEE 213"], ["CHE 311"], ["CHE 333", "CHE 333H"]]
}, {
  "corequisites": [],
  "course_name": "^PROCESS ENGINEERING LABORATORY",
  "course_number": "CBEE 414H",
  "credits": "3",
  "description": "Unit operations and unit processes; preparation of technical reports.",
  "prerequisites": [["CBEE 213"], ["CHE 311"], ["CHE 333", "CHE 333H"]]
}, {
  "corequisites": [],
  "course_name": "HEMP PROCESSING TECHNOLOGIES",
  "course_number": "CBEE 430",
  "credits": "3",
  "description": "Focuses on hemp processing technologies including harvesting, drying, extraction of cannabinoids, fractionation and separation of various fractions, product formulation, waste management, storage, quality, and safety practices.",
  "prerequisites": []
}, {
  "corequisites": [],
  "course_name": "RESEARCH",
  "course_number": "CBEE 501",
  "credits": "1-16",
  "description": "",
  "prerequisites": []
}, {
  "corequisites": [],
  "course_name": "THESIS",
  "course_number": "CBEE 503",
  "credits": "1-16",
  "description": "",
  "prerequisites": []
}, {
  "corequisites": [],
  "course_name": "SEMINAR",
  "course_number": "CBEE 507",
  "credits": "1",
  "description": "",
  "prerequisites": []
}, {
  "corequisites": [],
  "course_name": "HEMP PROCESSING TECHNOLOGIES",
  "course_number": "CBEE 530",
  "credits": "3",
  "description": "Focuses on hemp processing technologies including harvesting, drying, extraction of cannabinoids, fractionation and separation of various fractions, product formulation, waste management, storage, quality, and safety practices.",
  "prerequisites": []
}]