[{
  "corequisites": [],
  "course_name": "SPECIAL TOPICS",
  "course_number": "CE 199",
  "credits": "1-4",
  "description": "",
  "prerequisites": []
}, {
  "corequisites": [],
  "course_name": "CIVIL ENGINEERING: GEOSPATIAL INFORMATION AND GIS",
  "course_number": "CE 202",
  "credits": "3",
  "description": "Introductory design principles presented with the use of GIS and geospatial information (remote sensing, GPS, surveying, and aerial photography) for civil engineering problem solving. Introduction to the integration of geospatial data and analysis for decision making and management for site selection, mitigation, change analysis, modeling and assessment. Standard software and custom programming used in course. Students participate in both individual and team projects and presentations. Projects from the area of civil engineering. Lec/lab.",
  "prerequisites": [["CCE 201", "ENGR 248"]]
}, {
  "corequisites": [],
  "course_name": "SPECIAL TOPICS",
  "course_number": "CE 299",
  "credits": "1-4",
  "description": "",
  "prerequisites": []
}, {
  "corequisites": [],
  "course_name": "SPECIAL TOPICS",
  "course_number": "CE 299H",
  "credits": "1-4",
  "description": "",
  "prerequisites": []
}, {
  "corequisites": [],
  "course_name": "FLUID MECHANICS",
  "course_number": "CE 311",
  "credits": "4",
  "description": "Focuses on fluid properties, fluid statics, fluid motion, conservation of mass, momentum and energy for incompressible fluids, dimensional analysis, civil engineering applications.",
  "prerequisites": [["MTH 256", "MTH 256H"], ["ENGR 211", "ENGR 211H"], ["PH 213", "PH 213H"]]
}, {
  "corequisites": [],
  "course_name": "HYDRAULIC ENGINEERING",
  "course_number": "CE 313",
  "credits": "4",
  "description": "Analysis of large civil engineering fluid systems including conduit flow, multiple reservoirs, pipe networks, pumps, turbines, open channel flow, and hydraulic structures.",
  "prerequisites": [["CE 311", "ARE 311", "CHE 331", "CHE 331H"]]
}, {
  "corequisites": [],
  "course_name": "SURVEYING THEORY",
  "course_number": "CE 361",
  "credits": "4",
  "description": "Use of surveying equipment, Gaussian error theory applied to measurements, calculations of position on spherical and plane surfaces, state plane coordinate systems, introduction to global positioning systems.",
  "prerequisites": [["CCE 201", "CE 202"], ["ENGR 213", "ENGR 213H"], ["PH 213", "PH 213H"], ["ST 314"]]
}, {
  "corequisites": [],
  "course_name": "HIGHWAY LOCATION AND DESIGN",
  "course_number": "CE 365",
  "credits": "3",
  "description": "Curve problems in highway design, including circular, vertical, compound curves and spirals; earth distribution analysis; preliminary office studies; paper location procedures and field layout problems.",
  "prerequisites": [["CE 361", "CEM 263", "FE 208"]]
}, {
  "corequisites": [],
  "course_name": "GEOTECHNICAL ENGINEERING I",
  "course_number": "CE 372",
  "credits": "4",
  "description": "Introduces basic soil mechanics including the identification and classification of soil. Computations for soil compaction and consolidation, flow through porous media, effective stress, and compressibility of soil.",
  "prerequisites": [["ENGR 213", "ENGR 213H"], ["ARE 311", "CE 311", "CEM 311"]]
}, {
  "corequisites": [],
  "course_name": "GEOTECHNICAL ENGINEERING II",
  "course_number": "CE 373",
  "credits": "4",
  "description": "Applies fundamental soil mechanics principles to analyses of slope stability, retaining structures, and foundation support.",
  "prerequisites": [["CE 372", "CEM 372", "FE 315"]]
}, {
  "corequisites": [],
  "course_name": "STRUCTURAL THEORY I",
  "course_number": "CE 381",
  "credits": "4",
  "description": "Analysis of statically determinate structures (beams, frames, trusses, arches, and cables). Approximate analysis, influence lines, deflections.",
  "prerequisites": [["ENGR 213", "ENGR 213H"]]
}, {
  "corequisites": [],
  "course_name": "STRUCTURAL THEORY II",
  "course_number": "CE 382",
  "credits": "4",
  "description": "Analysis of statically indeterminate structures (beams, frames, trusses). Deflections. Energy methods, introduction to matrix methods.",
  "prerequisites": [["CE 381"], ["MTH 306", "MTH 306H", "MTH 264", "MTH 264H"], ["MTH 265", "MTH 265H"]]
}, {
  "corequisites": [],
  "course_name": "DESIGN OF STEEL STRUCTURES",
  "course_number": "CE 383",
  "credits": "4",
  "description": "Introduction to design of steel members, connections and structural systems. Lec/lab.",
  "prerequisites": [["CE 382"]]
}, {
  "corequisites": [],
  "course_name": "INTRODUCTION TO HIGHWAY ENGINEERING",
  "course_number": "CE 392",
  "credits": "4",
  "description": "Introduces highway engineering standards. Topics including an overview of geometric design, cross-section design, and roadside design. Emphasizes types of highway surfaces, highways and the environment, pavement design, highway construction, and its maintenance.",
  "prerequisites": [["ENGR 212", "ENGR 212H"]]
}, {
  "corequisites": [],
  "course_name": "RESEARCH",
  "course_number": "CE 401",
  "credits": "1-16",
  "description": "",
  "prerequisites": []
}, {
  "corequisites": [],
  "course_name": "THESIS",
  "course_number": "CE 403",
  "credits": "1-16",
  "description": "",
  "prerequisites": []
}, {
  "corequisites": [],
  "course_name": "READING AND CONFERENCE",
  "course_number": "CE 405",
  "credits": "1-16",
  "description": "",
  "prerequisites": []
}, {
  "corequisites": [],
  "course_name": "PROJECTS",
  "course_number": "CE 406",
  "credits": "1-16",
  "description": "",
  "prerequisites": []
}, {
  "corequisites": [],
  "course_name": "SEMINAR",
  "course_number": "CE 407",
  "credits": "1-3",
  "description": "Understanding complexity and systems thinking.",
  "prerequisites": []
}, {
  "corequisites": [],
  "course_name": "SEMINAR",
  "course_number": "CE 407H",
  "credits": "1-3",
  "description": "Understanding complexity and systems thinking.",
  "prerequisites": []
}, {
  "corequisites": [],
  "course_name": "WORKSHOP",
  "course_number": "CE 408",
  "credits": "1-3",
  "description": "",
  "prerequisites": []
}, {
  "corequisites": [],
  "course_name": "INTERNSHIP",
  "course_number": "CE 410",
  "credits": "1-12",
  "description": "",
  "prerequisites": []
}, {
  "corequisites": [],
  "course_name": "OCEAN ENGINEERING",
  "course_number": "CE 411",
  "credits": "4",
  "description": "Covers linear wave theory and wave forces on ocean structures. Explores guided design of a fixed and floating body system for offshore renewable wind and wave energy. Reviews studies on excitation, drag, and system performance analyses on Oregon coasts. CROSSLISTED as CE 411/MIME 411.",
  "prerequisites": [["CE 313", "CEM 311"]]
}, {
  "corequisites": [],
  "course_name": "HYDROLOGY",
  "course_number": "CE 412",
  "credits": "4",
  "description": "Fundamentals of hydrology, the hydrologic cycle, precipitation, streamflow, hydrograph analysis and hydrologic measurements.",
  "prerequisites": [["CE 313"]]
}, {
  "corequisites": [],
  "course_name": "GIS IN WATER RESOURCES",
  "course_number": "CE 413",
  "credits": "3",
  "description": "Presents Geographic Information System (GIS) technology for developing solutions to water resource problems: water quality, availability, flooding, the natural environment, and management of water resources. Typical GIS data models for hydrologic information are presented. Synthesis of geospatial and temporal water resources to support hydrologic analysis and modeling are covered.",
  "prerequisites": []
}, {
  "corequisites": [],
  "course_name": "COASTAL INFRASTRUCTURE",
  "course_number": "CE 415",
  "credits": "3",
  "description": "Planning and design criteria of coastal infrastructure, including breakwaters, jetties, sea walls, groins, piers, submerged pipelines, harbor design, and tsunami defense. Use of laboratory models, numerical simulations, and field observations for design.",
  "prerequisites": [["CE 313"]]
}, {
  "corequisites": [],
  "course_name": "HYDRAULIC ENGINEERING DESIGN",
  "course_number": "CE 417",
  "credits": "4",
  "description": "Theory, planning, analysis, and design of hydraulic structures. Application of basic principles detailed analysis and design. Engineering planning and design of water resource systems.",
  "prerequisites": [["CE 313"]]
}, {
  "corequisites": [],
  "course_name": "^CIVIL ENGINEERING PROFESSIONAL PRACTICE",
  "course_number": "CE 418",
  "credits": "3",
  "description": "Explores engineering career paths; ethics and professionalism, project planning, execution and delivery; team building/management; dispute resolution; partnering; effective decision making; uncertainty and risk analysis; and current industry design and construction methods.",
  "prerequisites": [["CE 382"], ["CE 313"], ["CE 372", "FE 315"], ["CE 373", "CE 383", "CE 412", "CE 481", "CE 491"]]
}, {
  "corequisites": [],
  "course_name": "^CIVIL INFRASTRUCTURE DESIGN",
  "course_number": "CE 419",
  "credits": "3",
  "description": "A capstone design project experience exposing students to problems and issues similar to those encountered in the practice of civil engineering.",
  "prerequisites": [["CE 418"]]
}, {
  "corequisites": [],
  "course_name": "ENGINEERING PLANNING",
  "course_number": "CE 420",
  "credits": "4",
  "description": "The application of systems analysis to structuring, analyzing, and planning for civil engineering projects. Concept of the system and its environment; setting goals, objectives, and standards; evaluation criteria; solution generation and analysis; evaluation and optimization. Project management using precedence node diagramming; resource allocation and leveling; time-cost trade-off; and PERT.",
  "prerequisites": []
}, {
  "corequisites": [],
  "course_name": "CONTRACTS AND SPECIFICATIONS",
  "course_number": "CE 424",
  "credits": "4",
  "description": "Fundamentals of construction industry contracts, including technical specifications, and issues related to time, money, warranty, insurance, and changed conditions.",
  "prerequisites": [["CEM 442"]]
}, {
  "corequisites": [],
  "course_name": "TEMPORARY CONSTRUCTION STRUCTURES",
  "course_number": "CE 427",
  "credits": "4",
  "description": "Focuses on design and construction of temporary structures including formwork, shoring, and earth retaining structures.",
  "prerequisites": [["CCE 321"], ["FE 315", "CE 372", "CEM 372"], ["CEM 383", "CE 383"]]
}, {
  "corequisites": [],
  "course_name": "OPTIMIZATION IN WATER RESOURCES ENGINEERING",
  "course_number": "CE 429",
  "credits": "3",
  "description": "Introduction to problem formulation and optimization techniques for design of complex water resources systems.",
  "prerequisites": []
}, {
  "corequisites": [],
  "course_name": "PHOTOGRAMMETRY",
  "course_number": "CE 461",
  "credits": "3",
  "description": "Geometry of terrestrial and vertical photographs, flightline planning, stereoscopy and parallax, stereoscopic plotting instruments, analytical photogrammetry, orthophotography, introduction to photo interpretation, and aerial cameras.",
  "prerequisites": [["CE 361", "CEM 263", "FE 208"]]
}, {
  "corequisites": [],
  "course_name": "CONTROL SURVEYING",
  "course_number": "CE 463",
  "credits": "4",
  "description": "Global Positioning Systems (GPS) theory, networks, and fieldwork; control specifications, methods and problems in obtaining large area measurements; precise leveling; network adjustments using least square techniques; field instrument adjustments.",
  "prerequisites": [["CE 361", "CEM 263", "FE 208"]]
}, {
  "corequisites": [],
  "course_name": "OREGON LAND SURVEY LAW",
  "course_number": "CE 465",
  "credits": "3",
  "description": "Introduction to U.S. public land survey; Oregon state statutes, common law decisions, and administrative rules dealing with boundary law; case studies; unwritten land transfers; original and resurvey platting laws; guarantees of title; deed descriptions.",
  "prerequisites": [["CE 361", "CEM 263", "FE 208"]]
}, {
  "corequisites": [],
  "course_name": "PROPERTY SURVEYS",
  "course_number": "CE 469",
  "credits": "3",
  "description": "U.S. public land survey: restoration of corners, subdivision of sections; topographic mapping; subdivision and partition plats, resurvey plats, subdivision design; introduction to LIS/GIS; field astronomy.",
  "prerequisites": [["CE 361", "CEM 263", "FE 208"]]
}, {
  "corequisites": [],
  "course_name": "FOUNDATIONS FOR STRUCTURES",
  "course_number": "CE 471",
  "credits": "3",
  "description": "Criteria, theory, design, and construction for foundations of structures; use of in-situ tests for geotechnical engineering; computer applications.",
  "prerequisites": [["CE 373", "FE 316"]]
}, {
  "corequisites": [],
  "course_name": "SLOPE AND EMBANKMENT DESIGN",
  "course_number": "CE 479",
  "credits": "3",
  "description": "A comprehensive overview of evaluating stability and performance for natural and engineered slopes. Design aspects include construction of road embankments, slope remediation techniques and application of geosynthetics for slope stabilization, slope and wall construction, and drainage.",
  "prerequisites": [["CE 373", "FE 316"]]
}, {
  "corequisites": [],
  "course_name": "REINFORCED CONCRETE I",
  "course_number": "CE 481",
  "credits": "4",
  "description": "Basic principles of reinforced concrete design; strength, stability, and serviceability criteria; design of reinforced concrete members for flexure and shear. Detailing, development length and splices.",
  "prerequisites": [["CE 382"]]
}, {
  "corequisites": [],
  "course_name": "MASONRY DESIGN",
  "course_number": "CE 482",
  "credits": "3",
  "description": "A critical examination in depth of masonry design topics.",
  "prerequisites": [["CE 481"]]
}, {
  "corequisites": [],
  "course_name": "WOOD DESIGN",
  "course_number": "CE 484",
  "credits": "4",
  "description": "Study of basic wood properties and design considerations. Design and behavior of wood connectors, beams, columns and beam columns. Introduction to plywood and glued laminated members. Analysis and design of structural diaphragms and shear walls.",
  "prerequisites": [["CE 383", "CE 481"]]
}, {
  "corequisites": [],
  "course_name": "PRESTRESSED CONCRETE",
  "course_number": "CE 486",
  "credits": "3",
  "description": "Prestressed concrete analysis and design, systems of prestressing, materials, economics.",
  "prerequisites": [["CE 481"]]
}, {
  "corequisites": [],
  "course_name": "SEISMIC DESIGN FUNDAMENTALS",
  "course_number": "CE 489",
  "credits": "3",
  "description": "Explores fundamentals of earthquake engineering, introduction to structural dynamics principles, response spectra, and ASCE 7 design and analysis provisions.",
  "prerequisites": [["CE 383"], ["CE 481"]]
}, {
  "corequisites": [],
  "course_name": "TRANSPORTATION ENGINEERING",
  "course_number": "CE 491",
  "credits": "3",
  "description": "Introduction to transportation engineering systems characteristics, traffic estimation, comprehensive transportation planning, highway economics, driver and vehicle characteristics, highway operations and capacity, signalization and control. Introduction to intelligent transportation.",
  "prerequisites": [["CE 392"], ["ST 314"]]
}, {
  "corequisites": [],
  "course_name": "PAVEMENT STRUCTURES",
  "course_number": "CE 492",
  "credits": "3",
  "description": "Design and rehabilitation of pavement structures for streets, highways, and airports.",
  "prerequisites": [["CE 392"]]
}, {
  "corequisites": [],
  "course_name": "SPECIAL TOPICS",
  "course_number": "CE 499",
  "credits": "1-16",
  "description": "",
  "prerequisites": []
}, {
  "corequisites": [],
  "course_name": "RESEARCH",
  "course_number": "CE 501",
  "credits": "1-16",
  "description": "",
  "prerequisites": []
}, {
  "corequisites": [],
  "course_name": "THESIS",
  "course_number": "CE 503",
  "credits": "1-16",
  "description": "",
  "prerequisites": []
}, {
  "corequisites": [],
  "course_name": "READING AND CONFERENCE",
  "course_number": "CE 505",
  "credits": "1-16",
  "description": "",
  "prerequisites": []
}, {
  "corequisites": [],
  "course_name": "PROJECTS",
  "course_number": "CE 506",
  "credits": "1-16",
  "description": "",
  "prerequisites": []
}, {
  "corequisites": [],
  "course_name": "SEMINAR",
  "course_number": "CE 507",
  "credits": "1-16",
  "description": "",
  "prerequisites": []
}, {
  "corequisites": [],
  "course_name": "WORKSHOP",
  "course_number": "CE 508",
  "credits": "1-3",
  "description": "",
  "prerequisites": []
}, {
  "corequisites": [],
  "course_name": "INTERNSHIP",
  "course_number": "CE 510",
  "credits": "1-16",
  "description": "",
  "prerequisites": []
}, {
  "corequisites": [],
  "course_name": "OCEAN ENGINEERING",
  "course_number": "CE 511",
  "credits": "4",
  "description": "Covers linear wave theory and wave forces on ocean structures. Explores guided design of a fixed and floating body system for offshore renewable wind and wave energy. Reviews studies on excitation, drag, and system performance analyses on Oregon coasts. CROSSLISTED as CE 411/MIME 411.",
  "prerequisites": []
}, {
  "corequisites": [],
  "course_name": "HYDROLOGY",
  "course_number": "CE 512",
  "credits": "4",
  "description": "Fundamentals of hydrology, the hydrologic cycle, precipitation, streamflow, hydrograph analysis and hydrologic measurements.",
  "prerequisites": []
}, {
  "corequisites": [],
  "course_name": "GIS IN WATER RESOURCES",
  "course_number": "CE 513",
  "credits": "3",
  "description": "Presents Geographic Information System (GIS) technology for developing solutions to water resource problems: water quality, availability, flooding, the natural environment, and management of water resources. Typical GIS data models for hydrologic information are presented. Synthesis of geospatial and temporal water resources to support hydrologic analysis and modeling are covered.",
  "prerequisites": []
}, {
  "corequisites": [],
  "course_name": "GROUNDWATER HYDRAULICS",
  "course_number": "CE 514",
  "credits": "4",
  "description": "Emphasizes principles of groundwater flow and chemical transport in confined and unconfined aquifers, aquifer testing and well construction. Design and dewatering and contaminant recovery systems. CROSSLISTED as BEE 514/CE 514/GEO 514.",
  "prerequisites": []
}, {
  "corequisites": [],
  "course_name": "COASTAL INFRASTRUCTURE",
  "course_number": "CE 515",
  "credits": "3",
  "description": "Planning and design criteria of coastal infrastructure, including breakwaters, jetties, sea walls, groins, piers, submerged pipelines, harbor design, and tsunami defense. Use of laboratory models, numerical simulations, and field observations for design.",
  "prerequisites": []
}, {
  "corequisites": [],
  "course_name": "STORMWATER DESIGN AND MANAGEMENT",
  "course_number": "CE 516",
  "credits": "4",
  "description": "Introduction to urban stormwater drainage systems; urban hydrologic analysis; water quality in urban storm water; design of stormwater control systems; low impact development; storm water monitoring; and computer modeling of urban storm water systems.",
  "prerequisites": [["CE 512", "BEE 512"]]
}, {
  "corequisites": [],
  "course_name": "HYDRAULIC ENGINEERING DESIGN",
  "course_number": "CE 517",
  "credits": "4",
  "description": "Theory, planning, analysis, and design of hydraulic structures. Application of basic principles detailed analysis and design. Engineering planning and design of water resource systems.",
  "prerequisites": []
}, {
  "corequisites": [],
  "course_name": "ENGINEERING PLANNING",
  "course_number": "CE 520",
  "credits": "4",
  "description": "The application of systems analysis to structuring, analyzing, and planning for civil engineering projects. Concept of the system and its environment; setting goals, objectives, and standards; evaluation criteria; solution generation and analysis; and evaluation and optimization. Project management using precedence node diagramming; resource allocation and leveling; time-cost trade-off; and PERT.",
  "prerequisites": []
}, {
  "corequisites": [],
  "course_name": "CONTRACTS AND SPECIFICATIONS",
  "course_number": "CE 524",
  "credits": "4",
  "description": "Fundamentals of construction industry contracts, including technical specifications, and issues related to time, money, warranty, insurance, and changed conditions.",
  "prerequisites": []
}, {
  "corequisites": [],
  "course_name": "STOCHASTIC HYDROLOGY",
  "course_number": "CE 525",
  "credits": "3",
  "description": "Introduction to fundamental concepts that are needed for stochastic modeling of hydrologic processes in presence of nonstationarity and uncertainty.",
  "prerequisites": [["CE 512", "BEE 512"]]
}, {
  "corequisites": [],
  "course_name": "TEMPORARY CONSTRUCTION STRUCTURES",
  "course_number": "CE 527",
  "credits": "4",
  "description": "Design and construction of temporary structures including formwork, shoring, and earth retaining structures.",
  "prerequisites": []
}, {
  "corequisites": [],
  "course_name": "OPTIMIZATION IN WATER RESOURCES ENGINEERING",
  "course_number": "CE 529",
  "credits": "3",
  "description": "Introduction to problem formulation and optimization techniques for design of complex water resources systems.",
  "prerequisites": []
}, {
  "corequisites": [],
  "course_name": "SELECTED TOPICS IN STRUCTURAL ANALYSIS AND MECHANICS",
  "course_number": "CE 530",
  "credits": "3",
  "description": "A critical, in-depth examination of topics selected by the instructor from among topics not covered in other structural analysis and mechanics courses.",
  "prerequisites": []
}, {
  "corequisites": [],
  "course_name": "STRUCTURAL MECHANICS",
  "course_number": "CE 531",
  "credits": "3",
  "description": "Theories of failure, multi-axial stress conditions, torsion, shear distortions, energy methods of analysis, beams on elastic foundations. Nonlinear and inelastic behavior.",
  "prerequisites": []
}, {
  "corequisites": [],
  "course_name": "FINITE ELEMENT ANALYSIS",
  "course_number": "CE 532",
  "credits": "4",
  "description": "Emphasizes theory and applications of the finite element method to structural and mechanical analysis and elasticity problems. Focuses on element development and use of finite element computer programs.",
  "prerequisites": [["CE 531", "ME 521"]]
}, {
  "corequisites": [],
  "course_name": "STRUCTURAL STABILITY",
  "course_number": "CE 533",
  "credits": "3",
  "description": "Stability theory and applications, with emphasis on design of steel structures.",
  "prerequisites": []
}, {
  "corequisites": [],
  "course_name": "STRUCTURAL DYNAMICS",
  "course_number": "CE 534",
  "credits": "4",
  "description": "Analytical and numerical solutions for single, multi-degree of freedom and continuous vibrating systems. Behavior of structures, dynamic forces and support motions. Seismic response spectra analysis.",
  "prerequisites": []
}, {
  "corequisites": [],
  "course_name": "MATRIX METHODS OF STRUCTURAL ANALYSIS",
  "course_number": "CE 536",
  "credits": "4",
  "description": "Development of matrix methods for linear structural analysis. Force and displacement methods of analysis. Virtual work principles. Use of computer programs to analyze structures. Introduction to the finite-element method.",
  "prerequisites": []
}, {
  "corequisites": [],
  "course_name": "NONLINEAR STRUCTURAL ANALYSIS",
  "course_number": "CE 537",
  "credits": "4",
  "description": "Analyzes frame and truss structures using material and geometrically nonlinear formulations. Assesses solution strategies for nonlinear structural analysis. Investigates nonlinear constitutive models of steel and reinforced concrete members. Develops computer programs for nonlinear structural analysis.",
  "prerequisites": [["CE 536"]]
}, {
  "corequisites": [],
  "course_name": "STRUCTURAL RELIABILITY AND RISK ANALYSIS",
  "course_number": "CE 538",
  "credits": "4",
  "description": "Applies probability and statistics to the analysis and design of civil and mechanical engineering systems. Models uncertain characteristics of loading and resistance. Evaluates risk using reliability theory and hazard models.",
  "prerequisites": []
}, {
  "corequisites": [],
  "course_name": "SPECIAL TOPICS IN HYDRAULIC ENGINEERING",
  "course_number": "CE 540",
  "credits": "3-4",
  "description": "Introduction to the tools and methods employed to characterize hydrologic properties of subsurface systems. Hands-on use of GPR, TDR, resistivity, and methods of determining hydraulic conductivity, sorptivity, bulk density, and other fundamental hydrologic properties.",
  "prerequisites": []
}, {
  "corequisites": [],
  "course_name": "OPEN CHANNEL FLOW",
  "course_number": "CE 544",
  "credits": "3",
  "description": "Steady, uniform, and nonuniform flow in natural and artificial open channels; unsteady flow; interaction of flow with river structures; and computational methods.",
  "prerequisites": []
}, {
  "corequisites": [],
  "course_name": "WATER RESOURCES ENGINEERING I: PRINCIPLES OF FLUID MECHANICS",
  "course_number": "CE 547",
  "credits": "4",
  "description": "Fluid mechanics for water resources engineers, classifications of fluid flows; fluid statics and dynamics, incompressible viscous flows; dimensional analysis; applications to fluid machinery, flow through porous media, fluid motion in rivers, lakes, oceans. CROSSLISTED as BEE 547/CE 547.",
  "prerequisites": []
}, {
  "corequisites": [],
  "course_name": "ISOLATED SIGNALIZED INTERSECTIONS",
  "course_number": "CE 552",
  "credits": "3",
  "description": "Relationships between signal display, user response, vehicle detection, and signal timing parameters are examined in detail. Traffic simulation is introduced to visualize and design the various elements of isolated signalized intersections.",
  "prerequisites": []
}, {
  "corequisites": [],
  "course_name": "DRIVING SIMULATION",
  "course_number": "CE 554",
  "credits": "3",
  "description": "Relationships between the functional elements of driving simulation (simulation computer processing, sensory feedback generation, sensory display devices, and the human operator) are examined in detail. The role of driving simulation in transportation engineering research and practice is also considered in depth. Students will design experiments, analyze and interpret data, and extrapolate simulator results to real-world scenarios.",
  "prerequisites": []
}, {
  "corequisites": [],
  "course_name": "TRANSPORTATION SAFETY ANALYSIS",
  "course_number": "CE 556",
  "credits": "3",
  "description": "Provides students with a general knowledge of major transportation safety issues and a general background in the application of various statistical and econometric safety analysis techniques. In addition, this course presents a number of model-estimation methods used in transportation safety data analysis, and other subject areas that deal with safety analysis.",
  "prerequisites": []
}, {
  "corequisites": [],
  "course_name": "SELECTED TOPICS IN GEOMATICS ENGINEERING",
  "course_number": "CE 560",
  "credits": "0-4",
  "description": "Selected topics on contemporary problems in geomatics engineering; application of ongoing research from resident and visiting faculty.",
  "prerequisites": []
}, {
  "corequisites": [],
  "course_name": "PHOTOGRAMMETRY",
  "course_number": "CE 561",
  "credits": "3",
  "description": "Geometry of terrestrial and vertical photographs, flightline planning, stereoscopy and parallax, stereoscopic plotting instruments, analytical photogrammetry, orthophotography, introduction to photo interpretation, and aerial cameras.",
  "prerequisites": []
}, {
  "corequisites": [],
  "course_name": "DIGITAL TERRAIN MODELING",
  "course_number": "CE 562",
  "credits": "3",
  "description": "Explores fundamentals of lidar and creating digital terrain models. Computational geometry, Delaunay triangulations, spline interpolations, statistical gridding methods, ground filtering, data optimizations, and advanced topics in 3D modeling.",
  "prerequisites": []
}, {
  "corequisites": [],
  "course_name": "CONTROL SURVEYING",
  "course_number": "CE 563",
  "credits": "4",
  "description": "Global Positioning Systems (GPS) theory, networks, and fieldwork; control specifications, methods and problems in obtaining large area measurements; precise leveling; network adjustments using least square techniques; field instrument adjustments.",
  "prerequisites": []
}, {
  "corequisites": [],
  "course_name": "GLOBAL NAVIGATION SATELLITE SYSTEM",
  "course_number": "CE 564",
  "credits": "4",
  "description": "Theories and applications of surveying using satellites, focusing on the use of Global Navigation Satellite System (GNSS). The course will begin with the comprehensive overviews of the GNSS, reference and time systems as well as basic orbital mechanics. A description of the satellite signals and the data collected by GNSS receivers will also be covered. Different positioning and navigation techniques for using GNSS data (absolute/relative positioning, static/kinematic positioning, stand-alone/network based positioning) and different user applications will be reviewed, followed by practices of data collections and processing techniques.",
  "prerequisites": []
}, {
  "corequisites": [],
  "course_name": "OREGON LAND SURVEY LAW",
  "course_number": "CE 565",
  "credits": "3",
  "description": "Introduction to U.S. public land survey; Oregon state statutes, common law decisions, and administrative rules dealing with boundary law; case studies; unwritten land transfers; original and resurvey platting laws; guarantees of title; deed descriptions.",
  "prerequisites": []
}, {
  "corequisites": [],
  "course_name": "3D LASER SCANNING AND IMAGING",
  "course_number": "CE 566",
  "credits": "4",
  "description": "Fundamentals of lidar acquisition, registration, processing, modeling, analysis, and verification. Use of sensor platforms for 3D acquisition. Effective data management procedures. Introduction to other imaging techniques including structure from motion and structured light.",
  "prerequisites": []
}, {
  "corequisites": [],
  "course_name": "COASTAL REMOTE SENSING",
  "course_number": "CE 567",
  "credits": "4",
  "description": "Application of remote sensing technologies (e.g., unmanned aircraft systems, multi- and hyperspectral imagery, high-resolution commercial satellite imagery, synthetic-aperture radar, and topographic and bathymetric lidar) to coastal mapping and charting, coastal engineering and coastal zone management. Both the theory and applications of advanced remote sensing technologies are covered. Lec/lab.",
  "prerequisites": []
}, {
  "corequisites": [],
  "course_name": "LEAST SQUARES ADJUSTMENTS",
  "course_number": "CE 568",
  "credits": "3",
  "description": "Examines the theory of random error and statistical testing. Discusses the propagation of error in both indirect observations and direct observations from survey. Studies weights of observations and the principles of least squares. Explains how to adjust redundant observations in level nets, horizontal surveys, GNSS networks, and GNSS and terrestrial survey networks by least squares. Estimates the error ellipses of the adjusted observations. Evaluates methods for performing coordinate transformations.",
  "prerequisites": []
}, {
  "corequisites": [],
  "course_name": "PROPERTY SURVEYS",
  "course_number": "CE 569",
  "credits": "3",
  "description": "U.S. public land survey: restoration of corners, subdivision of sections; topographic mapping; subdivision and partition plats, resurvey plats, subdivision design; introduction to LIS/GIS; field astronomy.",
  "prerequisites": []
}, {
  "corequisites": [],
  "course_name": "GEOTECHNICAL SPECIAL TOPICS",
  "course_number": "CE 570",
  "credits": "1-16",
  "description": "",
  "prerequisites": []
}, {
  "corequisites": [],
  "course_name": "ADVANCED FOUNDATION ENGINEERING",
  "course_number": "CE 571",
  "credits": "4",
  "description": "Presents the planning, analysis, and design of shallow and deep foundations from the geotechnical engineering perspective. Topics supporting course objectives include planning and execution of subsurface investigations, interpretation of in-situ tests, analysis and design of deep and shallow foundations, including geotechnical capacity, and immediate settlement. Assessment of deep foundation installation, axial and lateral loading tests, and group effects is presented. Evaluation of foundation performance is conducted under deterministic and probabilistic frameworks.",
  "prerequisites": []
}, {
  "corequisites": [],
  "course_name": "ADVANCED GEOTECHNICAL LABORATORY",
  "course_number": "CE 572",
  "credits": "4",
  "description": "Examination of soil composition and engineering properties of soils including volume change, pore pressure generation, strength, and deformation behavior of soils in the laboratory. Advanced static and cyclic shear strength testing of soils will also be discussed. Lec/lab.",
  "prerequisites": []
}, {
  "corequisites": [],
  "course_name": "EARTH RETENTION AND SUPPORT",
  "course_number": "CE 575",
  "credits": "4",
  "description": "Presents the theory and practice of design and construction of earth retaining structures. Topics include rigid and flexible retaining structures, ranging from gravity and cantilever systems, cantilever and anchored sheet piling, tied-back shoring elements, soil nailing, and mechanically stabilized earth walls. These topics are developed with a view on compaction stresses and surface loading, and invokes approaches that range from the static equations of equilibrium to empirical rules of thumb.",
  "prerequisites": []
}, {
  "corequisites": [],
  "course_name": "GROUND IMPROVEMENT",
  "course_number": "CE 576",
  "credits": "3",
  "description": "Presents the analysis and design of ground improvement techniques. Topics supporting course objectives include design for accelerated settlement (surcharge design) with and without pre-fabricated vertical drains, vibro-compaction, vibro-replacement (stone columns) and aggregate piers, deep soil mixing, jet grouting, EPS geofoam, and other improvement techniques for improving soil strength and stability, and limiting deformations and the effects of liquefaction.",
  "prerequisites": [["CE 572"], ["CE 577"]]
}, {
  "corequisites": [],
  "course_name": "STATIC AND DYNAMIC SOIL BEHAVIOR",
  "course_number": "CE 577",
  "credits": "3",
  "description": "An advanced coverage of volume change and strength behavior of soil. Specific course topics include effective stress, one-dimensional compression of soil, rate of soil consolidation, Mohr circle analysis, shear strength of sands, clays, and silts, and dynamic soil properties, strength, and testing.",
  "prerequisites": []
}, {
  "corequisites": [],
  "course_name": "GEOTECHNICAL EARTHQUAKE ENGINEERING",
  "course_number": "CE 578",
  "credits": "4",
  "description": "Major course topics include engineering seismology, strong ground motion, seismic hazard analysis, soil dynamics, seismic site response, earthquake motion selection, liquefaction, and seismic slope stability. Attention will be given to earthquakes created by the Cascadia Subduction Zone. Lec/lab.",
  "prerequisites": []
}, {
  "corequisites": [],
  "course_name": "SLOPE AND EMBANKMENT DESIGN",
  "course_number": "CE 579",
  "credits": "3",
  "description": "A comprehensive overview of evaluating stability and performance for natural and engineered slopes. Design aspects include construction of road embankments, slope remediation techniques and application of geosynthetics for slope stabilization, slope and wall construction, and drainage.",
  "prerequisites": []
}, {
  "corequisites": [],
  "course_name": "SELECTED TOPICS IN STRUCTURAL DESIGN",
  "course_number": "CE 580",
  "credits": "3",
  "description": "A critical examination in depth of topics selected by the instructor from among topics not covered in other structural design courses.",
  "prerequisites": []
}, {
  "corequisites": [],
  "course_name": "REINFORCED CONCRETE I",
  "course_number": "CE 581",
  "credits": "4",
  "description": "Basic principles of reinforced concrete design; strength, stability, and serviceability criteria; design of reinforced concrete members for flexure and shear. Detailing, development length and splices.",
  "prerequisites": []
}, {
  "corequisites": [],
  "course_name": "MASONRY DESIGN",
  "course_number": "CE 582",
  "credits": "3",
  "description": "A critical examination in depth of masonry design topics.",
  "prerequisites": []
}, {
  "corequisites": [],
  "course_name": "BRIDGE DESIGN",
  "course_number": "CE 583",
  "credits": "3",
  "description": "AASHTO specifications for bridge design; load models; design for moving loads; design and analysis of bridge decks and simple and continuous bridge spans.",
  "prerequisites": []
}, {
  "corequisites": [],
  "course_name": "WOOD DESIGN",
  "course_number": "CE 584",
  "credits": "4",
  "description": "Study of basic wood properties and design considerations. Design and behavior of wood connectors, beams, columns and beam columns. Introduction to plywood and glued laminated members. Analysis and design of structural diaphragms and shear walls. CROSSLISTED as CE 584/WSE 558.",
  "prerequisites": []
}, {
  "corequisites": [],
  "course_name": "ADVANCED REINFORCED CONCRETE DESIGN",
  "course_number": "CE 585",
  "credits": "3",
  "description": "Covers advanced topics in the analysis and design of reinforced concrete (RC) structural components. Performs moment-curvature analysis to predict section response and to compute deflections, axial-moment interaction diagrams, and geometric nonlinear effects on slender RC columns. Explores topics on shear and gravity walls design.",
  "prerequisites": []
}, {
  "corequisites": [],
  "course_name": "PRESTRESSED CONCRETE",
  "course_number": "CE 586",
  "credits": "3",
  "description": "Prestressed concrete analysis and design, systems of prestressing, materials, economics.",
  "prerequisites": []
}, {
  "corequisites": [],
  "course_name": "ADVANCED STEEL DESIGN",
  "course_number": "CE 588",
  "credits": "3",
  "description": "Covers the behavior and design of various components used in steel structures. Focuses on flexural members with slender webs (“plate girders”), steel-concrete composite beams, and structural steel connections. Designs these components using the American Institute of Steel Construction (AISC) Load and Resistance Factor Design Specification and the AISC Steel Construction Manual.",
  "prerequisites": []
}, {
  "corequisites": [],
  "course_name": "SEISMIC DESIGN",
  "course_number": "CE 589",
  "credits": "4",
  "description": "Design of structures to resist the effects of earthquakes. Introduction to structural dynamics, dynamic analysis, seismic design philosophy, code requirements, and detailing for steel and reinforced concrete.",
  "prerequisites": []
}, {
  "corequisites": [],
  "course_name": "SELECTED TOPICS IN TRANSPORTATION ENGINEERING",
  "course_number": "CE 590",
  "credits": "1-3",
  "description": "Selected topics on contemporary problems in transportation engineering; application of ongoing research from resident and visiting faculty.",
  "prerequisites": []
}, {
  "corequisites": [],
  "course_name": "TRANSPORTATION SYSTEMS ANALYSIS",
  "course_number": "CE 591",
  "credits": "PLANNING",
  "description": "The systems approach and its applications to transportation engineering and planning. The making of transportation plans and policies. Development of transportation models. Transportation system performance. Decision analysis. Evaluation of transportation projects. Environmental and social impacts of transportation.",
  "prerequisites": []
}, {
  "corequisites": [],
  "course_name": "PAVEMENT STRUCTURES",
  "course_number": "CE 592",
  "credits": "3",
  "description": "Design and rehabilitation of pavement structures for streets, highways, and airports.",
  "prerequisites": []
}, {
  "corequisites": [],
  "course_name": "TRAFFIC FLOW ANALYSIS AND CONTROL",
  "course_number": "CE 593",
  "credits": "4",
  "description": "Traffic operations and control systems; traffic flow theory and stream characteristics; capacity analysis; traffic models and simulation; accident and safety improvement. Offered alternate years.",
  "prerequisites": []
}, {
  "corequisites": [],
  "course_name": "TRANSPORT FACILITY DESIGN",
  "course_number": "CE 594",
  "credits": "4",
  "description": "Location and design of highways, and other surface transportation terminals; design for safety, energy efficiency, and environmental quality. Offered alternate years.",
  "prerequisites": []
}, {
  "corequisites": [],
  "course_name": "TRAFFIC OPERATIONS AND DESIGN",
  "course_number": "CE 595",
  "credits": "3",
  "description": "Traffic operations and engineering; human and vehicular characteristics; traffic stream characteristics; highway capacity analysis; intersection operation, control and design.",
  "prerequisites": []
}, {
  "corequisites": [],
  "course_name": "PAVEMENT EVALUATION AND MANAGEMENT",
  "course_number": "CE 596",
  "credits": "3",
  "description": "Advanced topics in pavement evaluation techniques and pavement management procedures.",
  "prerequisites": []
}, {
  "corequisites": [],
  "course_name": "PUBLIC TRANSPORTATION",
  "course_number": "CE 597",
  "credits": "3",
  "description": "Characteristics and nature of public transportation systems, including bus, light and heavy rail; financing policy considerations; planning transit service; managing and operating transit systems for small and large urban areas.",
  "prerequisites": []
}, {
  "corequisites": [],
  "course_name": "INTELLIGENT TRANSPORTATION SYSTEMS",
  "course_number": "CE 599",
  "credits": "3",
  "description": "Introduction to intelligent transportation systems, including enabling surveillance, navigation, communication and computer technologies. Application of technologies for monitoring, analysis evaluation and prediction of transportation system performance. Intervention strategies, costs and benefits, safety, human factors, institutional issues and case studies. Offered alternate years.",
  "prerequisites": []
}, {
  "corequisites": [],
  "course_name": "RESEARCH",
  "course_number": "CE 601",
  "credits": "1-16",
  "description": "",
  "prerequisites": []
}, {
  "corequisites": [],
  "course_name": "THESIS",
  "course_number": "CE 603",
  "credits": "1-16",
  "description": "",
  "prerequisites": []
}, {
  "corequisites": [],
  "course_name": "READING AND CONFERENCE",
  "course_number": "CE 605",
  "credits": "1-16",
  "description": "",
  "prerequisites": []
}, {
  "corequisites": [],
  "course_name": "PROJECTS",
  "course_number": "CE 606",
  "credits": "1-16",
  "description": "",
  "prerequisites": []
}, {
  "corequisites": [],
  "course_name": "OCEAN ENGINEERING SEMINAR",
  "course_number": "CE 607",
  "credits": "1",
  "description": "Presentations from on-campus and off-campus speakers discussing state of technology topics in ocean engineering research, development, and construction.",
  "prerequisites": []
}, {
  "corequisites": [],
  "course_name": "OCEAN WAVE MECHANICS I",
  "course_number": "CE 630",
  "credits": "3",
  "description": "Linear wave boundary value problem formulation and solution, water particle kinematics, shoaling, refraction, diffraction, and reflection. Linear long wave theory with applications to tides, seiching, and storm surge. CROSSLISTED as CE 630/OC 630.",
  "prerequisites": []
}, {
  "corequisites": [],
  "course_name": "OCEAN WAVE MECHANICS II",
  "course_number": "CE 631",
  "credits": "3",
  "description": "Second in the sequence of ocean wave engineering mechanics, covers the following topics: introduction to long wave theory, wave superposition, wave height distribution, and the wind-wave spectrum, introduction to wave forces, and basic nonlinear properties of water waves. May include additional selected topic in wave mechanics. CROSSLISTED as CE 631/OC 631.",
  "prerequisites": [["CE 630", "OC 630"]]
}, {
  "corequisites": [],
  "course_name": "LONG WAVE MECHANICS",
  "course_number": "CE 634",
  "credits": "3",
  "description": "Theory of long waves. Depth-integrated Euler's equation and its jump conditions. Evolution equations and their solutions. Nonlinear shallow-water waves, the Korteweg-deVries equation and Boussinesq equation. Boundary-layer effects. Shallow-water waves on beaches. Applications of the fundamentals to problems of tsunamis.",
  "prerequisites": [["CE 630", "OC 630"], ["CE 631", "OC 631"]]
}, {
  "corequisites": [],
  "course_name": "DYNAMICS OF OCEAN STRUCTURES",
  "course_number": "CE 639",
  "credits": "3",
  "description": "Dynamic response of fixed and compliant structures to wind, wave and current loading; Morison equation and diffraction theory for wave and current load modeling, time and frequency domain solution methods; application of spectral and time series analyses; system parameter identification; and stochastic analysis of fatigue and response to extreme loads. Offered alternate years.",
  "prerequisites": []
}, {
  "corequisites": [],
  "course_name": "SELECTED TOPICS IN OCEAN AND COASTAL ENGINEERING",
  "course_number": "CE 640",
  "credits": "1-3",
  "description": "Selected topics on contemporary problems in ocean and coastal engineering; application of ongoing research from resident and visiting faculty. Offered alternate years.",
  "prerequisites": []
}, {
  "corequisites": [],
  "course_name": "RANDOM WAVE MECHANICS",
  "course_number": "CE 642",
  "credits": "3",
  "description": "Random wave theories, probability and statistics of random waves and wave forces, time series analyses of stochastic processes, ocean wave spectra. Offered alternate years.",
  "prerequisites": [["CE 630"]]
}, {
  "corequisites": [],
  "course_name": "COASTAL ENGINEERING",
  "course_number": "CE 643",
  "credits": "3",
  "description": "Coastal sediment transport including nearshore currents, longshore onshore-offshore transport, and shoreline configuration; equilibrium beach profile concept with application to shore protection; shoreline modeling; tidal inlet hydrodynamics and inlet stabilization; design criteria for soft structures. Offered alternate years.",
  "prerequisites": [["CE 630"]]
}, {
  "corequisites": [],
  "course_name": "WAVE FORCES ON STRUCTURES",
  "course_number": "CE 645",
  "credits": "3",
  "description": "Wave forces on small and large members, dimensional analyses and scaling of equations, identification and selection of force coefficients for Morison equation; compatibility of wave kinematics and force coefficients in Morison equation, diffraction and radiation of surface gravity waves by large floating bodies, wavemaker problem, and reciprocity relations.",
  "prerequisites": [["CE 630"]]
}, {
  "corequisites": [],
  "course_name": "OCEAN AND COASTAL ENGINEERING MEASUREMENTS",
  "course_number": "CE 647",
  "credits": "3",
  "description": "Emphasizes hands-on experience in the conduct of field and laboratory observations, including waves, currents, wind, tides, tsunami, sediments, bathymetry, shore profiles, wave forces on structures, and structural response. Focuses on online data archival and retrieval systems.",
  "prerequisites": []
}, {
  "corequisites": [],
  "course_name": "KINEMATIC POSITIONING AND NAVIGATION",
  "course_number": "CE 661",
  "credits": "3",
  "description": "Application of Global Navigation Satellite System (GNSS) aided Inertial Navigation Systems (INS) to directly georeference survey data acquired from a moving platform, such as an unmanned aircraft system (UAS), conventional aircraft, survey boat, or all-terrain vehicle. Topics include 3D coordinate transformations, dead-reckoning, inertial navigation, kinematic GNSS, Kalman filtering, and sensor modeling.",
  "prerequisites": []
}, {
  "corequisites": [],
  "course_name": "NEARSHORE HYDRODYNAMICS",
  "course_number": "CE 662",
  "credits": "3",
  "description": "Briefly reviews wave processes in the nearshore, and concentrates on the wave-averaged circulation with an eye towards it potential effects on bathymetric change.",
  "prerequisites": []
}, {
  "corequisites": [],
  "course_name": "GEODESY",
  "course_number": "CE 663",
  "credits": "4",
  "description": "Covers the geometrical aspects of terrestrial and celestial reference systems as well as modern realizations of these coordinate systems. In addition, an introductory level of the physical geodesy is also included, such as gravitational and gravity fields in order to deal with the geoid and heights. From this course, students are expected to understand the core elements of geometric and physical earth, which will assist them to have a solid background for other geospatial related studies.",
  "prerequisites": []
}, {
  "corequisites": [],
  "course_name": "ADVANCED POINT CLOUD PROGRAMMING",
  "course_number": "CE 666",
  "credits": "3",
  "description": "Explores programming techniques for processing point cloud data from lidar and structure from motion photogrammetry including concepts of data formats, structuring, parallel programming, and efficient computation strategies with application to terrain modeling, interpolation, ground filtering, and geometric primitive fitting.",
  "prerequisites": []
}, {
  "corequisites": [],
  "course_name": "WORKSHOP",
  "course_number": "CE 808",
  "credits": "1-16",
  "description": "",
  "prerequisites": []
}]