[{
  "corequisites": [],
  "course_name": "PLANE SURVEYING",
  "course_number": "CEM 263",
  "credits": "3",
  "description": "Use of field surveying equipment; error analysis; plane surveying methods applied to construction; plane coordinate computations; topographic mapping; and introduction to GPS.",
  "prerequisites": [["ENGR 211", "ENGR 211H"]]
}, {
  "corequisites": [],
  "course_name": "CONSTRUCTION SAFETY",
  "course_number": "CEM 326",
  "credits": "3",
  "description": "Training in construction safety with emphasis on hazard identification, avoidance, control, and prevention.",
  "prerequisites": [["CCE 207", "CEM 407"]]
}, {
  "corequisites": [],
  "course_name": "CONSTRUCTION ESTIMATING I",
  "course_number": "CEM 341",
  "credits": "4",
  "description": "Fundamentals of estimating and bidding construction projects; plan reading, specification interpretation; quantity take-off; types of estimates; estimating and methods of construction for sitework, concrete, and carpentry; estimating subcontracts, estimating job overhead and home office overhead; estimating profit, and computer-aided estimating.",
  "prerequisites": [["CEM 442"]]
}, {
  "corequisites": [],
  "course_name": "CONSTRUCTION ESTIMATING II",
  "course_number": "CEM 342",
  "credits": "4",
  "description": "Fundamentals of estimating and bidding construction projects; plan reading, specification interpretation; quantity take-off; types of estimates; estimating and methods of construction for sitework, concrete, and carpentry; estimating subcontracts, estimating job overhead and home office overhead; estimating profit, and computer-aided estimating.",
  "prerequisites": [["CEM 341"]]
}, {
  "corequisites": [],
  "course_name": "CONSTRUCTION PLANNING AND SCHEDULING",
  "course_number": "CEM 343",
  "credits": "4",
  "description": "Principles of construction planning, scheduling, and resource optimization; scheduling techniques and calculations; methods for integrating project resources (materials, equipment, personnel, and money) into the schedule.",
  "prerequisites": [["CEM 342"]]
}, {
  "corequisites": [],
  "course_name": "GEOTECHNICS FOR CONSTRUCTION",
  "course_number": "CEM 372",
  "credits": "4",
  "description": "Explore fundamentals of soil mechanics and geotechnical engineering, including the identification and classification of soil, principles of compaction, effective stress, soil strength, slope stability, earth pressure, shear strength and bearing capacity of strip footings.",
  "prerequisites": [["ENGR 213"]]
}, {
  "corequisites": [],
  "course_name": "STRUCTURES I",
  "course_number": "CEM 381",
  "credits": "4",
  "description": "Introduction to statically determinate analysis and design of steel structures.",
  "prerequisites": [["ENGR 213", "ENGR 213H"]]
}, {
  "corequisites": [],
  "course_name": "STRUCTURES II",
  "course_number": "CEM 383",
  "credits": "4",
  "description": "Analysis and design of building elements of concrete and timber; detailing and fabrication.",
  "prerequisites": [["CCE 321"], ["CEM 381"]]
}, {
  "corequisites": [],
  "course_name": "THESIS",
  "course_number": "CEM 403",
  "credits": "1-16",
  "description": "",
  "prerequisites": []
}, {
  "corequisites": [],
  "course_name": "READING AND CONFERENCE",
  "course_number": "CEM 405",
  "credits": "1-16",
  "description": "",
  "prerequisites": []
}, {
  "corequisites": [],
  "course_name": "PROJECTS",
  "course_number": "CEM 406",
  "credits": "1-16",
  "description": "",
  "prerequisites": []
}, {
  "corequisites": [],
  "course_name": "SEMINAR",
  "course_number": "CEM 407",
  "credits": "1",
  "description": "Professional practices of construction engineering management.",
  "prerequisites": []
}, {
  "corequisites": [],
  "course_name": "OBTAINING CONSTRUCTION CONTRACTS",
  "course_number": "CEM 431",
  "credits": "4",
  "description": "Preparing and effectively presenting detailed and complete proposals for the execution of construction projects.",
  "prerequisites": [["CEM 341"]]
}, {
  "corequisites": [],
  "course_name": "CONSTRUCTION PROJECT PLANNING",
  "course_number": "CEM 432",
  "credits": "3",
  "description": "Planning and preparing cost estimates, schedules, site logistics plans for executing construction projects; presenting written and oral construction proposals.",
  "prerequisites": [["CEM 341"]]
}, {
  "corequisites": [],
  "course_name": "HEAVY CIVIL CONSTRUCTION MANAGEMENT",
  "course_number": "CEM 441",
  "credits": "4",
  "description": "Explores heavy civil construction methods. Focuses on construction equipment types, capabilities, costs, productivity, and the selection, planning, and use of equipment needed for a construction project. Develops an estimate using production and costs from an actual project. Introduces soil characteristics, concrete construction, quantity analyses, and movement on construction sites.",
  "prerequisites": [["FE 315", "CE 372", "CEM 372"]]
}, {
  "corequisites": [],
  "course_name": "BUILDING CONSTRUCTION MANAGEMENT",
  "course_number": "CEM 442",
  "credits": "4",
  "description": "Building construction management and methods.",
  "prerequisites": [["CCE 207", "CEM 407"]]
}, {
  "corequisites": [],
  "course_name": "^PROJECT MANAGEMENT FOR CONSTRUCTION",
  "course_number": "CEM 443",
  "credits": "4",
  "description": "Project management concepts for construction; concepts, roles and responsibilities, labor relations and supervision, administrative systems, documentation, quality management, and process improvement.",
  "prerequisites": [["CEM 341"], ["CEM 343"]]
}, {
  "corequisites": [],
  "course_name": "ELECTRICAL FACILITIES",
  "course_number": "CEM 471",
  "credits": "4",
  "description": "Principles and applications of electrical components of constructed facilities; basic electrical circuit theory, power, motors, controls, codes, and building distribution systems.",
  "prerequisites": [["CCE 207", "CEM 407"]]
}, {
  "corequisites": [],
  "course_name": "MECHANICAL FACILITIES",
  "course_number": "CEM 472",
  "credits": "3",
  "description": "Principles and applications of mechanical components of constructed facilities; heating, ventilating, air conditioning, plumbing, fire protection, and other mechanical construction.",
  "prerequisites": [["CCE 207", "CEM 407"]]
}, {
  "corequisites": [],
  "course_name": "HEAVY CIVIL CONSTRUCTION MANAGEMENT",
  "course_number": "CEM 541",
  "credits": "4",
  "description": "Explores heavy civil construction methods. Focuses on construction equipment types, capabilities, costs, productivity, and the selection, planning, and use of equipment needed for a construction project. Develops an estimate using production and costs from an actual project. Introduces soil characteristics, concrete construction, quantity analyses, and movement on construction sites.",
  "prerequisites": []
}, {
  "corequisites": [],
  "course_name": "CONTEMPORARY TOPICS IN CONSTRUCTION ENGINEERING MANAGEMENT",
  "course_number": "CEM 550",
  "credits": "4",
  "description": "Contemporary topics of emerging technologies and processes, construction engineering and management, how industry environmental change causes development of new technologies, and the applications of the technologies in the field.",
  "prerequisites": []
}, {
  "corequisites": [],
  "course_name": "PROJECT CONTROLS",
  "course_number": "CEM 551",
  "credits": "4",
  "description": "Advanced methods of project controls including advanced technologies and methodologies for quality, time, and cost management; project management organization models, and intra-organizational relationships.",
  "prerequisites": []
}]