[{
  "corequisites": [],
  "course_name": "FOUNDATIONAL SKILLS FOR GENERAL CHEMISTRY",
  "course_number": "CH 101",
  "credits": "3",
  "description": "Provides some extra preparation for students before enrolling in a general chemistry course. Emphasizes the skills required to be successful in general chemistry and the use of those skill in the context of chemistry concepts.",
  "prerequisites": [["MTH 095", "MTH 103", "MTH 105", "MTH 105Z", "MTH 111", "MTH 111Z", "MTH 112", "MTH 112Z", "MTH 228", "MTH 241", "MTH 251", "MTH 251H", "MTH 252", "MTH 252H"]]
}, {
  "corequisites": [],
  "course_name": "*ROYGBIV: THE CHEMISTRY OF COLORS",
  "course_number": "CH 110",
  "credits": "4",
  "description": "An introduction to the concepts of chemistry and the importance of these concepts in understanding color. Lec/lab.",
  "prerequisites": []
}, {
  "corequisites": [],
  "course_name": "GENERAL CHEMISTRY",
  "course_number": "CH 121",
  "credits": "5",
  "description": "A general chemistry sequence for students who have had no previous training in chemistry and for those whose college aptitude test scores indicate the need for a more elementary introduction to chemistry. Entering students are expected to have a working knowledge of high school algebra, logarithms, and scientific notation.",
  "prerequisites": []
}, {
  "corequisites": [],
  "course_name": "*GENERAL CHEMISTRY",
  "course_number": "CH 122",
  "credits": "5",
  "description": "A general chemistry sequence intended for majors in fields other than the physical sciences.",
  "prerequisites": [["CH 121", "CH 201", "CH 231", "CH 231H"]]
}, {
  "corequisites": [],
  "course_name": "*GENERAL CHEMISTRY",
  "course_number": "CH 123",
  "credits": "5",
  "description": "A general chemistry sequence intended for majors in fields other than the physical sciences.",
  "prerequisites": [["CH 122", "CH 232", "CH 232H"], ["CH 262", "CH 262H", "CH 272", "CH 202"], ["CH 205"]]
}, {
  "corequisites": [],
  "course_name": "GENERAL CHEMISTRY OF LIVING SYSTEMS",
  "course_number": "CH 130",
  "credits": "4",
  "description": "Introduction to organic chemistry and the chemistry of biological systems. Organic nomenclature and fundamental reactions, emphasizing topics such as amino acids, proteins, biochemical energy, and nucleic acids (DNA and RNA). Intended as a terminal course in chemistry, not to serve as a prerequisite to higher numbered chemistry courses. Lec/lab. Does not count toward a chemistry minor.",
  "prerequisites": []
}, {
  "corequisites": [],
  "course_name": "GENERAL",
  "course_number": "CH 140",
  "credits": "ORGANIC",
  "description": "An introduction to general, organic, and biological chemistry. Intended as a terminal course in chemistry, not to serve as a prerequisite to higher numbered chemistry courses.",
  "prerequisites": []
}, {
  "corequisites": [],
  "course_name": "SPECIAL TOPICS",
  "course_number": "CH 199",
  "credits": "1-3",
  "description": "",
  "prerequisites": []
}, {
  "corequisites": [],
  "course_name": "CHEMISTRY FOR ENGINEERING MAJORS",
  "course_number": "CH 201",
  "credits": "3",
  "description": "A sequence of selected chemistry topics for engineering students.",
  "prerequisites": [["MTH 111", "MTH 111Z", "MTH 112", "MTH 112Z", "MTH 251", "MTH 251H", "MTH 252", "MTH 252H", "MTH 254", "MTH 254H"]]
}, {
  "corequisites": [],
  "course_name": "CHEMISTRY FOR ENGINEERING MAJORS",
  "course_number": "CH 202",
  "credits": "3",
  "description": "A sequence of selected chemistry topics for engineering students.",
  "prerequisites": [["CH 121", "CH 201", "CH 231", "CH 231H"]]
}, {
  "corequisites": [],
  "course_name": "LABORATORY FOR CH 202",
  "course_number": "CH 205",
  "credits": "1",
  "description": "Three-hour weekly session for the development of laboratory skills in general chemistry for engineers.",
  "prerequisites": [["CH 202"]]
}, {
  "corequisites": [],
  "course_name": "CAREERS IN CHEMISTRY",
  "course_number": "CH 220",
  "credits": "1",
  "description": "Course for chemistry majors that discusses strategies for success in the study of chemistry and the varied career opportunities available. Topics range from surviving freshman chemistry to choices of advanced classes, study abroad opportunities, internships, getting into and succeeding in graduate school, choices of chemical careers in academia, industry, government, non-governmental organizations, and using chemistry as a foundation for careers in other areas such as law and business.",
  "prerequisites": []
}, {
  "corequisites": [],
  "course_name": "GENERAL CHEMISTRY",
  "course_number": "CH 231",
  "credits": "4",
  "description": "A general chemistry sequence for students majoring in most sciences, pharmacy, and chemical engineering. CH 231 is a lecture course; CH 261 is the laboratory component. (Bacc Core Course if taken with CH 261)",
  "prerequisites": [["MTH 111", "MTH 111Z", "MTH 112", "MTH 112Z", "MTH 251", "MTH 251H", "MTH 252", "MTH 252H", "MTH 254", "MTH 254H"]]
}, {
  "corequisites": [],
  "course_name": "GENERAL CHEMISTRY",
  "course_number": "CH 231H",
  "credits": "4",
  "description": "A general chemistry sequence for students majoring in most sciences, pharmacy, and chemical engineering. CH 231 is a lecture course; CH 261 is the laboratory component. (Bacc Core Course if taken with CH 261)",
  "prerequisites": [["MTH 111", "MTH 111Z", "MTH 112", "MTH 112Z", "MTH 251", "MTH 251H", "MTH 252", "MTH 252H", "MTH 254", "MTH 254H"]]
}, {
  "corequisites": [],
  "course_name": "GENERAL CHEMISTRY",
  "course_number": "CH 232",
  "credits": "4",
  "description": "A general chemistry sequence for students majoring in most sciences, pre-pharmacy, and chemical engineering. CH 232 is a lecture course; CH 262 is the laboratory component. (Bacc Core Course if taken with CH 262)",
  "prerequisites": [["CH 231", "CH 231H", "CH 221"]]
}, {
  "corequisites": [],
  "course_name": "GENERAL CHEMISTRY",
  "course_number": "CH 232H",
  "credits": "4",
  "description": "A general chemistry sequence for students majoring in most sciences, pre-pharmacy, and chemical engineering. CH 232 is a lecture course; CH 262 is the laboratory component. (Bacc Core Course if taken with CH 262)",
  "prerequisites": [["CH 231", "CH 231H", "CH 221"]]
}, {
  "corequisites": [],
  "course_name": "GENERAL CHEMISTRY",
  "course_number": "CH 233",
  "credits": "4",
  "description": "A general chemistry sequence for students majoring in most sciences, pharmacy, and chemical engineering. CH 233 is a lecture course; CH 263 is the laboratory component. (Bacc Core Course if taken with CH 263)",
  "prerequisites": [["CH 232", "CH 232H", "CH 222"]]
}, {
  "corequisites": [],
  "course_name": "GENERAL CHEMISTRY",
  "course_number": "CH 233H",
  "credits": "4",
  "description": "A general chemistry sequence for students majoring in most sciences, pharmacy, and chemical engineering. CH 233 is a lecture course; CH 263 is the laboratory component. (Bacc Core Course if taken with CH 263)",
  "prerequisites": [["CH 232", "CH 232H", "CH 222"]]
}, {
  "corequisites": [["CH 231"]],
  "course_name": "*LABORATORY FOR CHEMISTRY 231",
  "course_number": "CH 261",
  "credits": "1",
  "description": "A general chemistry laboratory sequence for students majoring in most sciences, pharmacy, and chemical engineering. (Bacc Core Course if taken with CH 231)",
  "prerequisites": []
}, {
  "corequisites": [["CH 231H"]],
  "course_name": "*LABORATORY FOR CHEMISTRY 231",
  "course_number": "CH 261H",
  "credits": "1",
  "description": "A general chemistry laboratory sequence for students majoring in most sciences, pharmacy, and chemical engineering. (Bacc Core Course if taken with CH 231)",
  "prerequisites": []
}, {
  "corequisites": [["CH 232"]],
  "course_name": "*LABORATORY FOR CHEMISTRY 232",
  "course_number": "CH 262",
  "credits": "1",
  "description": "A general chemistry laboratory sequence for students majoring in most sciences, pharmacy, and chemical engineering. (Bacc Core Course if taken with CH 232)",
  "prerequisites": [["CH 261", "CH 261H", "CH 271", "CH 221", "CH 224H"]]
}, {
  "corequisites": [["CH 232H"]],
  "course_name": "*LABORATORY FOR CHEMISTRY 232",
  "course_number": "CH 262H",
  "credits": "1",
  "description": "A general chemistry laboratory sequence for students majoring in most sciences, pharmacy, and chemical engineering. (Bacc Core Course if taken with CH 232)",
  "prerequisites": [["CH 261", "CH 261H", "CH 271", "CH 221", "CH 224H"]]
}, {
  "corequisites": [["CH 233"]],
  "course_name": "*LABORATORY FOR CHEMISTRY 233",
  "course_number": "CH 263",
  "credits": "1",
  "description": "A general chemistry laboratory sequence for students majoring in most sciences, pharmacy, and chemical engineering. (Bacc Core Course if taken with CH 233)",
  "prerequisites": [["CH 262", "CH 262H", "CH 272", "CH 222", "CH 225H"]]
}, {
  "corequisites": [["CH 233H"]],
  "course_name": "*LABORATORY FOR CHEMISTRY 233",
  "course_number": "CH 263H",
  "credits": "1",
  "description": "A general chemistry laboratory sequence for students majoring in most sciences, pharmacy, and chemical engineering. (Bacc Core Course if taken with CH 233)",
  "prerequisites": [["CH 262", "CH 262H", "CH 272", "CH 222", "CH 225H"]]
}, {
  "corequisites": [["CH 231"]],
  "course_name": "*LABORATORY FOR CH 231 FOR CHEMISTRY MAJORS",
  "course_number": "CH 271",
  "credits": "1",
  "description": "A general chemistry laboratory sequence for students majoring in chemistry. (Bacc Core Course if taken with CH 231)",
  "prerequisites": []
}, {
  "corequisites": [["CH 232"]],
  "course_name": "*LABORATORY FOR CH 232 FOR CHEMISTRY MAJORS",
  "course_number": "CH 272",
  "credits": "1",
  "description": "A general chemistry laboratory sequence for students majoring in chemistry. (Bacc Core Course if taken with CH 232)",
  "prerequisites": [["CH 271", "CH 221", "CH 224H"]]
}, {
  "corequisites": [["CH 233"]],
  "course_name": "*LABORATORY FOR CH 233 FOR CHEMISTRY MAJORS",
  "course_number": "CH 273",
  "credits": "1",
  "description": "A general chemistry laboratory sequence for students majoring in chemistry. (Bacc Core Course if taken with CH 233)",
  "prerequisites": [["CH 272", "CH 222", "CH 225H"]]
}, {
  "corequisites": [],
  "course_name": "QUANTITATIVE ANALYSIS",
  "course_number": "CH 324",
  "credits": "4",
  "description": "A basic course in modern chemical analysis. Self-paced laboratory. CH 130 does not meet the prerequisites for this course.",
  "prerequisites": [["CH 123", "CH 223", "CH 226H", "CH 233", "CH 233H"], ["CH 263", "CH 263H", "CH 273"]]
}, {
  "corequisites": [],
  "course_name": "ORGANIC CHEMISTRY",
  "course_number": "CH 331",
  "credits": "4",
  "description": "Service course covering aliphatic and aromatic chemistry. Introduction to nomenclature, mechanism and synthesis.",
  "prerequisites": [["CH 123", "CH 223", "CH 226H", "CH 233", "CH 233H"], ["CH 263", "CH 263H", "CH 273"]]
}, {
  "corequisites": [],
  "course_name": "ORGANIC CHEMISTRY",
  "course_number": "CH 331H",
  "credits": "4",
  "description": "Service course covering aliphatic and aromatic chemistry. Introduction to nomenclature, mechanism and synthesis.",
  "prerequisites": [["CH 123", "CH 223", "CH 226H", "CH 233", "CH 233H"], ["CH 263", "CH 263H", "CH 273"]]
}, {
  "corequisites": [],
  "course_name": "ORGANIC CHEMISTRY",
  "course_number": "CH 332",
  "credits": "4",
  "description": "Service course covering aliphatic and aromatic chemistry. Introduction to nomenclature, mechanism and synthesis.",
  "prerequisites": [["CH 331"]]
}, {
  "corequisites": [],
  "course_name": "ORGANIC CHEMISTRY",
  "course_number": "CH 334",
  "credits": "3",
  "description": "Professional course for majors in chemistry, biochemistry, chemical engineering and other students who need a year of organic chemistry. In-depth treatment of major classes of organic compounds. Interrelation of mechanistic and synthetic approaches.",
  "prerequisites": [["CH 123", "CH 223", "CH 226H", "CH 233", "CH 233H"], ["CH 263", "CH 263H", "CH 273"]]
}, {
  "corequisites": [],
  "course_name": "ORGANIC CHEMISTRY",
  "course_number": "CH 335",
  "credits": "3",
  "description": "Professional course for majors in chemistry, biochemistry, chemical engineering and other students who need a year of organic chemistry. In-depth treatment of major classes of organic compounds. Interrelation of mechanistic and synthetic approaches.",
  "prerequisites": [["CH 334"]]
}, {
  "corequisites": [],
  "course_name": "ORGANIC CHEMISTRY",
  "course_number": "CH 336",
  "credits": "3",
  "description": "Professional course for majors in chemistry, biochemistry, chemical engineering and other students who need a year of organic chemistry. In-depth treatment of major classes of organic compounds. Interrelation of mechanistic and synthetic approaches.",
  "prerequisites": [["CH 335"]]
}, {
  "corequisites": [],
  "course_name": "ORGANIC CHEMISTRY LABORATORY",
  "course_number": "CH 337",
  "credits": "4",
  "description": "Laboratory course in organic chemistry for nonmajors, designed to supplement CH 331, CH 332 and CH 334, CH 335, CH 336.",
  "prerequisites": [["CH 331"], ["CH 332", "CH 334"], ["CH 335"], ["CH 336"]]
}, {
  "corequisites": [],
  "course_name": "EXPERIMENTAL CHEMISTRY I",
  "course_number": "CH 361",
  "credits": "3",
  "description": "First term of integrated laboratory program for chemistry majors highlighting techniques in organic, physical, and analytical chemistry. First-hand experience is gained using specialized glassware, scientific equipment and instrumentation plus computers. Essential technical laboratory standards and technical writing are emphasized. Lec/lab.",
  "prerequisites": [["CH 221"], ["CH 222"], ["CH 223", "CH 224H"], ["CH 225H"], ["CH 226H", "CH 231", "CH 231H"], ["CH 261", "CH 261H", "CH 271"], ["CH 232", "CH 232H"], ["CH 262", "CH 262H", "CH 272"], ["CH 233", "CH 233H"], ["CH 263", "CH 263H", "CH 273"], ["MTH 251", "MTH 251H"], ["PH 201", "PH 211", "PH 211H"], ["CH 334"]]
}, {
  "corequisites": [],
  "course_name": "EXPERIMENTAL CHEMISTRY I",
  "course_number": "CH 361H",
  "credits": "3",
  "description": "First term of integrated laboratory program for chemistry majors highlighting techniques in organic, physical, and analytical chemistry. First-hand experience is gained using specialized glassware, scientific equipment and instrumentation plus computers. Essential technical laboratory standards and technical writing are emphasized. Lec/lab.",
  "prerequisites": [["CH 221"], ["CH 222"], ["CH 223", "CH 224H"], ["CH 225H"], ["CH 226H", "CH 231", "CH 231H"], ["CH 261", "CH 261H", "CH 271"], ["CH 232", "CH 232H"], ["CH 262", "CH 262H", "CH 272"], ["CH 233", "CH 233H"], ["CH 263", "CH 263H", "CH 273"], ["MTH 251", "MTH 251H"], ["PH 201", "PH 211", "PH 211H"], ["CH 334"]]
}, {
  "corequisites": [],
  "course_name": "EXPERIMENTAL CHEMISTRY I",
  "course_number": "CH 362",
  "credits": "3",
  "description": "First-level integrated laboratory course for majors in chemistry and related disciplines, covering experimental techniques of analytical, inorganic, organic and physical chemistry. Lec/lab.",
  "prerequisites": [["CH 361", "CH 361H"], ["CH 335"]]
}, {
  "corequisites": [],
  "course_name": "EXPERIMENTAL CHEMISTRY I",
  "course_number": "CH 362H",
  "credits": "3",
  "description": "First-level integrated laboratory course for majors in chemistry and related disciplines, covering experimental techniques of analytical, inorganic, organic and physical chemistry. Lec/lab.",
  "prerequisites": [["CH 361", "CH 361H"], ["CH 335"]]
}, {
  "corequisites": [],
  "course_name": "ENVIRONMENTAL CHEMISTRY",
  "course_number": "CH 390",
  "credits": "3",
  "description": "Sources, reactions, transport, effects, and fates of chemical species in water, soil, air, and living environments and the effects of technology thereon.",
  "prerequisites": [["CH 331", "CH 334"]]
}, {
  "corequisites": [],
  "course_name": "SPECIAL TOPICS",
  "course_number": "CH 399",
  "credits": "1-16",
  "description": "Discussion of special topics in chemistry.",
  "prerequisites": []
}, {
  "corequisites": [],
  "course_name": "RESEARCH",
  "course_number": "CH 401",
  "credits": "1-16",
  "description": "",
  "prerequisites": []
}, {
  "corequisites": [],
  "course_name": "THESIS",
  "course_number": "CH 403",
  "credits": "1-16",
  "description": "",
  "prerequisites": []
}, {
  "corequisites": [],
  "course_name": "READING AND CONFERENCE",
  "course_number": "CH 405",
  "credits": "1-16",
  "description": "",
  "prerequisites": []
}, {
  "corequisites": [],
  "course_name": "PROJECTS",
  "course_number": "CH 406",
  "credits": "1-16",
  "description": "",
  "prerequisites": []
}, {
  "corequisites": [],
  "course_name": "SEMINAR",
  "course_number": "CH 407",
  "credits": "1-16",
  "description": "",
  "prerequisites": []
}, {
  "corequisites": [],
  "course_name": "SEMINAR",
  "course_number": "CH 407H",
  "credits": "1-16",
  "description": "",
  "prerequisites": []
}, {
  "corequisites": [],
  "course_name": "INTERNSHIP",
  "course_number": "CH 410",
  "credits": "1-16",
  "description": "",
  "prerequisites": []
}, {
  "corequisites": [],
  "course_name": "INORGANIC CHEMISTRY",
  "course_number": "CH 411",
  "credits": "3",
  "description": "Fundamental principles of inorganic chemistry including atomic structure, bonding models for molecules and solids, symmetry, acid/base chemistry, oxidation-reduction, and metal-ligand complexes.",
  "prerequisites": []
}, {
  "corequisites": [],
  "course_name": "INORGANIC CHEMISTRY",
  "course_number": "CH 412",
  "credits": "3",
  "description": "Descriptive chemistry of the elements, focusing on main-group compounds, transition metal complexes, and solid-state chemistry.",
  "prerequisites": [["CH 411"]]
}, {
  "corequisites": [],
  "course_name": "COORDINATION AND BIOINORGANIC CHEMISTRY",
  "course_number": "CH 417X",
  "credits": "3",
  "description": "Analyzes fundamental aspects of metalloenzymes in metabolism and synthesis, technical applications of hydrogenases, or metal-containing pharmaceuticals. Explores concepts of coordination chemistry in biological environments and analyzes the influence of such an environment on the reactivity of a metal center. Gains foundational tool for the development of metalloenzyme applications, material synthesis, and pharmaceutical development.",
  "prerequisites": []
}, {
  "corequisites": [],
  "course_name": "TRANSFERABLE PROFESSIONAL AND SCIENTIFIC SKILLS FOR CHEMISTS",
  "course_number": "CH 420X",
  "credits": "1",
  "description": "Examine key interpersonal and leadership skills for working in teams. Utilize strategies for time management to balance research and academic goals. Develop keys software and presentation skills for research. Analyze scientific literature to develop independent research questions and deconstruct a peer-reviewed journal article to identify how to convey science. Use the literature search to design a solution to global challenges in human health, the environment, and energy. Build a resume with marketable and transferable skills from this course.",
  "prerequisites": []
}, {
  "corequisites": [],
  "course_name": "ANALYTICAL CHEMISTRY",
  "course_number": "CH 421",
  "credits": "3",
  "description": "A professional sequence for majors in chemistry and related disciplines. Chemical equilibrium, analytical electrochemistry, separations, spectroscopy, instrumentation, and treatment of data.",
  "prerequisites": []
}, {
  "corequisites": [],
  "course_name": "ANALYTICAL CHEMISTRY",
  "course_number": "CH 422",
  "credits": "3",
  "description": "A professional sequence for majors in chemistry and related disciplines. Chemical equilibrium, analytical electrochemistry, separations, spectroscopy, basic electronics and instrumentation, and treatment of data.",
  "prerequisites": []
}, {
  "corequisites": [],
  "course_name": "BIOANALYTICAL CHEMISTRY",
  "course_number": "CH 424",
  "credits": "3",
  "description": "Analytical methods employed in the study of biologically important molecules. Separations (chromatography, electrophoresis), spectroscopy, mass spectrometry, biosensors, and immunoassays. Lec/lab. Not offered every year.",
  "prerequisites": []
}, {
  "corequisites": [],
  "course_name": "STRUCTURE DETERMINATION BY SPECTROSCOPIC METHODS",
  "course_number": "CH 435",
  "credits": "4",
  "description": "Use of infrared, nuclear magnetic resonance, and mass spectra for determination of structures and stereochemistry of complex organic molecules.",
  "prerequisites": [["CH 336"]]
}, {
  "corequisites": [],
  "course_name": "PHYSICAL CHEMISTRY",
  "course_number": "CH 440",
  "credits": "3",
  "description": "Thermodynamics, electrochemistry, solutions, kinetic theory of gases, chemical kinetics, quantum theory and statistical mechanics, molecular structure and spectroscopy.",
  "prerequisites": [["MTH 254", "MTH 254H"]]
}, {
  "corequisites": [],
  "course_name": "PHYSICAL CHEMISTRY",
  "course_number": "CH 441",
  "credits": "3",
  "description": "Thermodynamics, electrochemistry, solutions, kinetic theory of gases, chemical kinetics, quantum theory and statistical mechanics, molecular structure and spectroscopy.",
  "prerequisites": [["CH 440", "CHE 311"], ["MTH 254", "MTH 254H"]]
}, {
  "corequisites": [],
  "course_name": "PHYSICAL CHEMISTRY",
  "course_number": "CH 442",
  "credits": "3",
  "description": "Thermodynamics, electrochemistry, solutions, kinetic theory of gases, chemical kinetics, quantum theory and statistical mechanics, molecular structure and spectroscopy.",
  "prerequisites": [["MTH 254", "MTH 254H"], ["CH 441"]]
}, {
  "corequisites": [],
  "course_name": "INTRODUCTORY QUANTUM CHEMISTRY",
  "course_number": "CH 450",
  "credits": "3",
  "description": "Elementary wave mechanics and matrix mechanics of atoms and molecules. Quantum basis of chemical structure.",
  "prerequisites": [["CH 442"]]
}, {
  "corequisites": [],
  "course_name": "EXPERIMENTAL CHEMISTRY II",
  "course_number": "CH 461",
  "credits": "3",
  "description": "Second-level integrated laboratory course for majors in chemistry and related disciplines, covering experimental techniques of analytical, inorganic, organic and physical chemistry. Lec/lab.",
  "prerequisites": [["CH 362", "CH 362H"], ["CH 421"], ["CH 440"]]
}, {
  "corequisites": [],
  "course_name": "EXPERIMENTAL CHEMISTRY II",
  "course_number": "CH 461H",
  "credits": "3",
  "description": "Second-level integrated laboratory course for majors in chemistry and related disciplines, covering experimental techniques of analytical, inorganic and physical chemistry. Lec/Lab.",
  "prerequisites": [["CH 362", "CH 362H"], ["CH 421"], ["CH 440"]]
}, {
  "corequisites": [],
  "course_name": "^EXPERIMENTAL CHEMISTRY II",
  "course_number": "CH 462",
  "credits": "3",
  "description": "Second-level integrated laboratory course for majors in chemistry and related disciplines, covering experimental techniques of analytical, inorganic, organic and physical chemistry.",
  "prerequisites": [["CH 362", "CH 362H"], ["CH 441"], ["CH 324", "CH 461", "CH 461H"]]
}, {
  "corequisites": [],
  "course_name": "^EXPERIMENTAL CHEMISTRY II",
  "course_number": "CH 462H",
  "credits": "3",
  "description": "Second-level integrated laboratory course for majors in chemistry and related disciplines, covering experimental techniques of analytical, inorganic, organic and physical chemistry.",
  "prerequisites": [["CH 362", "CH 362H"], ["CH 441"], ["CH 324", "CH 461", "CH 461H"]]
}, {
  "corequisites": [],
  "course_name": "^EXPERIMENTAL CHEMISTRY II",
  "course_number": "CH 463",
  "credits": "3",
  "description": "Second-level integrated laboratory course for majors in chemistry and related disciplines, covering experimental techniques of analytical, inorganic, organic and physical chemistry.",
  "prerequisites": [["CH 362", "CH 362H"], ["CH 324", "CH 461", "CH 461H"], ["CH 442"]]
}, {
  "corequisites": [],
  "course_name": "^EXPERIMENTAL CHEMISTRY II",
  "course_number": "CH 463H",
  "credits": "3",
  "description": "Second-level integrated laboratory course for majors in chemistry and related disciplines, covering experimental techniques of analytical, inorganic, organic and physical chemistry.",
  "prerequisites": [["CH 362", "CH 362H"], ["CH 324", "CH 461", "CH 461H"], ["CH 442"]]
}, {
  "corequisites": [],
  "course_name": "^EXPERIMENTAL CHEMISTRY II",
  "course_number": "CH 464",
  "credits": "3",
  "description": "Second-level integrated laboratory course for majors in chemistry and related disciplines, covering experimental techniques of analytical, inorganic, organic and physical chemistry.",
  "prerequisites": [["CH 362", "CH 362H"], ["CH 442"]]
}, {
  "corequisites": [],
  "course_name": "^EXPERIMENTAL CHEMISTRY II",
  "course_number": "CH 464H",
  "credits": "3",
  "description": "Second-level integrated laboratory course for majors in chemistry and related disciplines, covering experimental techniques of analytical, inorganic, organic and physical chemistry.",
  "prerequisites": [["CH 362", "CH 362H"], ["CH 442"]]
}, {
  "corequisites": [],
  "course_name": "FOUNDATIONS OF INNOVATION",
  "course_number": "CH 470",
  "credits": "2",
  "description": "Learn the basic language and the initial skill set needed to address how scientific ideas and research results become innovations – solutions that address societal and market needs. Acquire the skills to become innovators and to create value for all types of academic, small-company, industrial, governmental, and non-profit research and development organizations. Students work in areas aligned with their scientific interests either individually or in a team. CROSSLISTED as CH 470/SCI 470.",
  "prerequisites": []
}, {
  "corequisites": [],
  "course_name": "RESEARCH TO INNOVATION",
  "course_number": "CH 472",
  "credits": "2",
  "description": "Produce a first-pass product-market gap analysis on one example application of a science technology platform in a given market. Define a platform in collaboration with research faculty or from work completed in CH 470/SCI 470. Assess the opportunity – if any – that a product might have for application in a chosen market before planning and conducting scientific research. CROSSLISTED as CH 472/SCI 472.",
  "prerequisites": [["SCI 470", "CH 470"]]
}, {
  "corequisites": [],
  "course_name": "INNOVATION TO IMPACT",
  "course_number": "CH 474",
  "credits": "2",
  "description": "Build on skills gained in CH 472/SCI 472 to conduct and refine a first pass product-market gap analysis on one example application of a technology platform for a market segment selected from a defined technology platform. Investigate and determine the opportunity – if any – that a product might have in a chosen market before proposing and executing a research plan. CROSSLISTED as CH 474/SCI 474.",
  "prerequisites": [["SCI 472", "CH 472"]]
}, {
  "corequisites": [],
  "course_name": "MATERIALS CHEMISTRY IN RECHARGEABLE BATTERIES",
  "course_number": "CH 482",
  "credits": "3",
  "description": "Introduces the definitions and basic principles of materials chemistry in secondary batteries. Examines the chemistry and materials currently in use and proposed for power batteries and storage batteries. Discusses in detail the state-of-the-art technologies for lithium-ion batteries, including anode and cathode materials. Addresses the opportunities about emerging storage batteries and other topics related to successful battery startup companies.",
  "prerequisites": []
}, {
  "corequisites": [],
  "course_name": "RESEARCH",
  "course_number": "CH 501",
  "credits": "1-16",
  "description": "",
  "prerequisites": []
}, {
  "corequisites": [],
  "course_name": "THESIS",
  "course_number": "CH 503",
  "credits": "1-16",
  "description": "",
  "prerequisites": []
}, {
  "corequisites": [],
  "course_name": "READING AND CONFERENCE",
  "course_number": "CH 505",
  "credits": "1-16",
  "description": "",
  "prerequisites": []
}, {
  "corequisites": [],
  "course_name": "PROJECTS",
  "course_number": "CH 506",
  "credits": "1-16",
  "description": "",
  "prerequisites": []
}, {
  "corequisites": [],
  "course_name": "SEMINAR",
  "course_number": "CH 507",
  "credits": "1-16",
  "description": "Student should enroll in the seminar section that meets the specific divisional requirements for credits and grading scheme or that is designated for teaching or mentoring programs.",
  "prerequisites": []
}, {
  "corequisites": [],
  "course_name": "INTERNSHIP",
  "course_number": "CH 510",
  "credits": "1-16",
  "description": "",
  "prerequisites": []
}, {
  "corequisites": [],
  "course_name": "INORGANIC CHEMISTRY",
  "course_number": "CH 511",
  "credits": "4",
  "description": "Fundamental principles of inorganic chemistry including atomic structure, bonding models for molecules and solids, symmetry, acid/base chemistry, oxidation-reduction, metal-ligand complexes, sol-gel chemistry and nanochemistry.",
  "prerequisites": []
}, {
  "corequisites": [],
  "course_name": "INORGANIC CHEMISTRY",
  "course_number": "CH 512",
  "credits": "4",
  "description": "Descriptive chemistry of the elements, focusing on main-group compounds, transition metal complexes, and solid-state chemistry.",
  "prerequisites": [["CH 511"]]
}, {
  "corequisites": [],
  "course_name": "SOLID STATE CHEMISTRY",
  "course_number": "CH 513",
  "credits": "3-4",
  "description": "Basic principles of chemistry are applied to descriptions of structure-property relationships in inorganic solids. Topics include crystal structure, materials synthesis, chemical bonding, electronic properties, optical properties, and magnetism. Students who register for 4 credits will perform independent study of an advanced topic based on research literature.",
  "prerequisites": []
}, {
  "corequisites": [],
  "course_name": "COORDINATION AND BIOINORGANIC CHEMISTRY",
  "course_number": "CH 517X",
  "credits": "3",
  "description": "Analyzes fundamental aspects of metalloenzymes in metabolism and synthesis, technical applications of hydrogenases, or metal-containing pharmaceuticals. Explores concepts of coordination chemistry in biological environments and analyzes the influence of such an environment on the reactivity of a metal center. Gains foundational tool for the development of metalloenzyme applications, material synthesis, and pharmaceutical development.",
  "prerequisites": []
}, {
  "corequisites": [],
  "course_name": "TRANSFERABLE PROFESSIONAL AND SCIENTIFIC SKILLS FOR CHEMISTS",
  "course_number": "CH 520X",
  "credits": "1",
  "description": "Examine key interpersonal and leadership skills for working in teams. Utilize strategies for time management to balance research and academic goals. Develop keys software and presentation skills for research. Analyze scientific literature to develop independent research questions and deconstruct a peer-reviewed journal article to identify how to convey science. Use the literature search to design a solution to global challenges in human health, the environment, and energy. Build a resume with marketable and transferable skills from this course.",
  "prerequisites": []
}, {
  "corequisites": [],
  "course_name": "ANALYTICAL CHEMISTRY",
  "course_number": "CH 521",
  "credits": "3",
  "description": "A professional sequence for majors in chemistry and related disciplines. Chemical equilibrium, analytical electrochemistry, separations, spectroscopy, instrumentation, and treatment of data.",
  "prerequisites": []
}, {
  "corequisites": [],
  "course_name": "ANALYTICAL CHEMISTRY",
  "course_number": "CH 522",
  "credits": "3",
  "description": "A professional sequence for majors in chemistry and related disciplines. Chemical equilibrium, analytical electrochemistry, separations, spectroscopy, basic electronics and instrumentation, and treatment of data.",
  "prerequisites": []
}, {
  "corequisites": [],
  "course_name": "BIOANALYTICAL CHEMISTRY",
  "course_number": "CH 524",
  "credits": "3",
  "description": "Analytical methods employed in the study of biologically important molecules. Separations (chromatography, electrophoresis), spectroscopy, mass spectrometry, biosensors, and immunoassays. Lec/lab. Not offered every year.",
  "prerequisites": []
}, {
  "corequisites": [],
  "course_name": "STRUCTURE DETERMINATION BY SPECTROSCOPIC METHODS",
  "course_number": "CH 535",
  "credits": "4",
  "description": "Use of infrared, nuclear magnetic resonance, and mass spectra for determination of structures and stereochemistry of complex organic molecules.",
  "prerequisites": []
}, {
  "corequisites": [],
  "course_name": "PHYSICAL CHEMISTRY",
  "course_number": "CH 540",
  "credits": "3",
  "description": "Thermodynamics, electrochemistry, solutions, kinetic theory of gases, chemical kinetics, quantum theory and statistical mechanics, molecular structure and spectroscopy.",
  "prerequisites": []
}, {
  "corequisites": [],
  "course_name": "PHYSICAL CHEMISTRY",
  "course_number": "CH 541",
  "credits": "3",
  "description": "Thermodynamics, electrochemistry, solutions, kinetic theory of gases, chemical kinetics, quantum theory and statistical mechanics, molecular structure and spectroscopy.",
  "prerequisites": []
}, {
  "corequisites": [],
  "course_name": "PHYSICAL CHEMISTRY",
  "course_number": "CH 542",
  "credits": "3",
  "description": "Thermodynamics, electrochemistry, solutions, kinetic theory of gases, chemical kinetics, quantum theory and statistical mechanics, molecular structure and spectroscopy.",
  "prerequisites": []
}, {
  "corequisites": [],
  "course_name": "INTRODUCTORY QUANTUM CHEMISTRY",
  "course_number": "CH 550",
  "credits": "3",
  "description": "Elementary wave mechanics and matrix mechanics of atoms and molecules. Quantum basis of chemical structure.",
  "prerequisites": [["CH 542"]]
}, {
  "corequisites": [],
  "course_name": "CHEMICAL THERMODYNAMICS",
  "course_number": "CH 553",
  "credits": "3",
  "description": "The laws of chemical thermodynamics applied to analyze properties of gases, gas mixtures, liquid solutions, fluctuations, critical phenomena, and magnetic systems. Not offered every year.",
  "prerequisites": []
}, {
  "corequisites": [],
  "course_name": "FOUNDATIONS OF INNOVATION",
  "course_number": "CH 570",
  "credits": "2",
  "description": "Learn the basic language and the initial skill set needed to address how scientific ideas and research results become innovations – solutions that address societal and market needs. Acquire the skills to become innovators and to create value for all types of academic, small-company, industrial, governmental, and non-profit research and development organizations. Students work in areas aligned with their scientific interests either individually or in a team. CROSSLISTED as CH 570/SCI 570.",
  "prerequisites": []
}, {
  "corequisites": [],
  "course_name": "RESEARCH TO INNOVATION",
  "course_number": "CH 572",
  "credits": "2",
  "description": "Produce a first-pass product-market gap analysis on one example application of a science technology platform in a given market. Define a platform in collaboration with research faculty or from work completed in CH 570/SCI 570. Assess the opportunity – if any – that a product might have for application in a chosen market before planning and conducting scientific research. CROSSLISTED as CH 572/SCI 572.",
  "prerequisites": [["SCI 570", "CH 570"]]
}, {
  "corequisites": [],
  "course_name": "INNOVATION TO IMPACT",
  "course_number": "CH 574",
  "credits": "2",
  "description": "Build on skills gained in CH 572/SCI 572 to conduct and refine a first pass product-market gap analysis on one example application of a technology platform for a market segment selected from a defined technology platform. Investigate and determine the opportunity – if any – that a product might have in a chosen market before proposing and executing a research plan. CROSSLISTED as CH 574/SCI 574.",
  "prerequisites": [["SCI 572", "CH 572"]]
}, {
  "corequisites": [],
  "course_name": "MATERIALS CHEMISTRY IN RECHARGEABLE BATTERIES",
  "course_number": "CH 582",
  "credits": "3",
  "description": "Introduces the definitions and basic principles of materials chemistry in secondary batteries. Examines the chemistry and materials currently in use and proposed for power batteries and storage batteries. Discusses in detail the state-of-the-art technologies for lithium-ion batteries, including anode and cathode materials. Addresses the opportunities about emerging storage batteries and other topics related to successful battery startup companies.",
  "prerequisites": []
}, {
  "corequisites": [],
  "course_name": "INSTRUMENTS AND ONLINE INTERACTIONS IN THE SCIENCES",
  "course_number": "CH 584",
  "credits": "3",
  "description": "Examine methods and technologies for and incorporating virtual instruments and online interactions into laboratory courses to support learners in becoming critical thinkers and creative producers of their knowledge and understanding in science.",
  "prerequisites": []
}, {
  "corequisites": [],
  "course_name": "RESEARCH",
  "course_number": "CH 601",
  "credits": "1-16",
  "description": "",
  "prerequisites": []
}, {
  "corequisites": [],
  "course_name": "THESIS",
  "course_number": "CH 603",
  "credits": "1-16",
  "description": "",
  "prerequisites": []
}, {
  "corequisites": [],
  "course_name": "READING AND CONFERENCE",
  "course_number": "CH 605",
  "credits": "1-16",
  "description": "",
  "prerequisites": []
}, {
  "corequisites": [],
  "course_name": "SEMINAR",
  "course_number": "CH 607",
  "credits": "1-16",
  "description": "Student should enroll in the seminar section that meets the specific divisional requirements for credits and grading scheme or that is designated for teaching or mentoring programs.",
  "prerequisites": []
}, {
  "corequisites": [],
  "course_name": "SELECTED TOPICS INORGANIC CHEMISTRY",
  "course_number": "CH 615",
  "credits": "0-8",
  "description": "",
  "prerequisites": []
}, {
  "corequisites": [],
  "course_name": "CRYSTALLOGRAPHY AND X-RAY DIFFRACTION",
  "course_number": "CH 616",
  "credits": "4",
  "description": "Principles of crystallography and x-ray diffraction as applied to the structural characterization of both single crystals, powders, and thin films.",
  "prerequisites": []
}, {
  "corequisites": [],
  "course_name": "MATERIALS AND SURFACE CHARACTERIZATION",
  "course_number": "CH 625",
  "credits": "3",
  "description": "Covers scientific principles of surface and structural characterization techniques. Explores methods to study both macro- and nano-scale properties. Emphasizes surface and interfacial analysis of metals, semiconductors, and dielectric materials. Applies basic knowledge of chemistry, physics, and engineering to understand scientific fundamentals and operating principles of spectroscopy and microscopy-based techniques. Covers a range of experimental methods for determining surface structure, elemental composition, and chemical states. Topics including X-ray photoelectron spectroscopy, Auger electron spectroscopy, X-ray absorption spectroscopy, low energy electron diffraction, scanning tunneling microscopy, low energy ion scattering, and ultraviolet photoelectron spectroscopy. CROSSLISTED as CH 625/CHE 625/MATS 625/PH 625.",
  "prerequisites": []
}, {
  "corequisites": [],
  "course_name": "ADVANCED ORGANIC CHEMISTRY",
  "course_number": "CH 630",
  "credits": "3",
  "description": "Molecular orbital bonding theory, orbital symmetry, reaction mechanisms, stereoisomerism, conformational analysis, and advanced methods of synthesis. Not offered every year.",
  "prerequisites": []
}, {
  "corequisites": [],
  "course_name": "ADVANCED ORGANIC CHEMISTRY",
  "course_number": "CH 631",
  "credits": "4",
  "description": "Carbon-carbon bond forming reactions, reaction mechanisms, stereoisomerism, conformational analysis, and advanced methods of synthesis. Not offered every year.",
  "prerequisites": []
}, {
  "corequisites": [],
  "course_name": "ADVANCED ORGANIC CHEMISTRY",
  "course_number": "CH 632",
  "credits": "3",
  "description": "Molecular orbital bonding theory, orbital symmetry, reaction mechanisms, stereoisomerism, conformational analysis, and advanced methods of synthesis. Not offered every year.",
  "prerequisites": []
}, {
  "corequisites": [],
  "course_name": "HYPOTHESIS",
  "course_number": "CH 633",
  "credits": "EVIDENCE",
  "description": "Appraise and evaluate scientific lectures and identify different aspects of lecture mechanics. Construct an abstract for a scientific presentation and analyze a set of lecture slides. Argue the need for a scientific project and defend a line of scientific inquiry.",
  "prerequisites": []
}, {
  "corequisites": [],
  "course_name": "SELECTED TOPICS IN ORGANIC CHEMISTRY",
  "course_number": "CH 636",
  "credits": "3",
  "description": "Nonsequence courses designed to acquaint students with recent advances in organic chemistry and their application to special fields of study. Topics covered vary from term to term and year to year. Topics include: theoretical organic chemistry, recent advances in reaction mechanisms, advanced synthesis, free radical reactions, organic sulfur chemistry, and biosynthesis of natural products. CH 636, CH 637, CH 638 need not be taken in order. Not offered every year.",
  "prerequisites": []
}, {
  "corequisites": [],
  "course_name": "SELECTED TOPICS IN ORGANIC CHEMISTRY",
  "course_number": "CH 637",
  "credits": "3",
  "description": "Nonsequence courses designed to acquaint students with advances in organic chemistry, specifically focusing on biosynthesis of natural products and enzyme reaction mechanisms. CH 636, CH 637, CH 638 need not be taken in order.",
  "prerequisites": []
}, {
  "corequisites": [],
  "course_name": "SELECTED TOPICS IN ORGANIC CHEMISTRY",
  "course_number": "CH 638",
  "credits": "3",
  "description": "Nonsequence courses designed to acquaint students with recent advances in organic chemistry and their application to special fields of study. Topics covered vary from term to term and year to year. Topics include: theoretical organic chemistry, recent advances in reaction mechanisms, advanced synthesis, free radical reactions, organic sulfur chemistry, and biosynthesis of natural products. CH 636, CH 637, CH 638 need not be taken in order. Not offered every year.",
  "prerequisites": []
}, {
  "corequisites": [],
  "course_name": "QUANTUM MECHANICS OF ATOMS AND MOLECULES",
  "course_number": "CH 651",
  "credits": "3",
  "description": "Not offered every year.",
  "prerequisites": []
}, {
  "corequisites": [],
  "course_name": "QUANTUM MECHANICS OF MOLECULAR SPECTROSCOPY",
  "course_number": "CH 652",
  "credits": "3",
  "description": "Not offered every year.",
  "prerequisites": []
}, {
  "corequisites": [],
  "course_name": "SPECTROCHEMICAL ANALYSIS",
  "course_number": "CH 660",
  "credits": "3",
  "description": "Theoretical concepts and methodology of optical spectrochemical methods of analysis, components of spectrometers, flame and electrothermal atomic spectrophotometry, ICP atomic emission spectrometry, molecular absorption and fluorescence spectrometry.",
  "prerequisites": []
}, {
  "corequisites": [],
  "course_name": "SEPARATIONS: CHROMATOGRAPHY AND RELATED METHODS",
  "course_number": "CH 661",
  "credits": "4",
  "description": "Theory, instrumentation, and practice of modern separation techniques (gas chromatography, liquid chromatography, electrokinetic separations) and sample preparation methods; handling and interpretation of chromatographic and electrophoretic data.",
  "prerequisites": []
}, {
  "corequisites": [],
  "course_name": "ANALYTICAL ELECTROCHEMISTRY",
  "course_number": "CH 662",
  "credits": "4",
  "description": "Study of current, voltage and time relationships in electrochemical cells. Offered alternate years.",
  "prerequisites": []
}, {
  "corequisites": [],
  "course_name": "SELECTED TOPICS IN PHYSICAL CHEMISTRY",
  "course_number": "CH 680",
  "credits": "3",
  "description": "Nonsequence courses designed to acquaint students with recent advances in physical chemistry. Topics include molecular structure dynamics determination (UV-visible, near-IR light sources, x-ray, electron and neutron diffraction), spectroscopy (ultrafast, nonlinear, multidimensional, multiphoton, magnetic resonance, photoelectron), physical chemistry of condensed phase systems (biomolecules, aqueous solution, novel materials, ionic, molecular and liquid crystals, critical phenomena, mass transport), theoretical chemistry (chemical bonding, scattering theory, group theory, dynamics), electronic structure theory of molecules, structural dynamics of complex systems. Need not be taken in order. Not offered every year.",
  "prerequisites": [["CH 550"]]
}, {
  "corequisites": [],
  "course_name": "SELECTED TOPICS IN PHYSICAL CHEMISTRY",
  "course_number": "CH 681",
  "credits": "2",
  "description": "Nonsequence courses designed to acquaint students with recent advances in physical chemistry. Topics include molecular structure determination (x-ray, electron and neutron diffraction), spectroscopy (nonlinear and multiphoton, magnetic resonance, photoelectron, Moessbauer effect), physical chemistry of condensed phases (ionic, molecular and liquid crystals, critical phenomena, mass transport), theoretical chemistry (chemical bonding, scattering theory, group theory, dynamics), electronic structure theory of molecules. Need not be taken in order. Not offered every year.",
  "prerequisites": []
}, {
  "corequisites": [],
  "course_name": "SELECTED TOPICS IN PHYSICAL CHEMISTRY",
  "course_number": "CH 682",
  "credits": "2",
  "description": "Nonsequence courses designed to acquaint students with recent advances in physical chemistry. Topics include molecular structure determination (x-ray, electron and neutron diffraction), spectroscopy (nonlinear and multiphoton, magnetic resonance, photoelectron, Moessbauer effect), physical chemistry of condensed phases (ionic, molecular and liquid crystals, critical phenomena, mass transport), theoretical chemistry (chemical bonding, scattering theory, group theory, dynamics), electronic structure theory of molecules. Need not be taken in order. Not offered every year.",
  "prerequisites": []
}, {
  "corequisites": [],
  "course_name": "SELECTED TOPICS IN ANALYTICAL CHEMISTRY",
  "course_number": "CH 683",
  "credits": "2",
  "description": "Nonsequence courses designed to acquaint the advanced graduate student with recent advances in analytical chemistry. Not offered every year.",
  "prerequisites": []
}, {
  "corequisites": [],
  "course_name": "SELECTED TOPICS IN ANALYTICAL CHEMISTRY",
  "course_number": "CH 684",
  "credits": "2",
  "description": "Nonsequence courses designed to acquaint the advanced graduate student with recent advances in analytical chemistry. Not offered every year.",
  "prerequisites": []
}, {
  "corequisites": [],
  "course_name": "SELECTED TOPICS IN ANALYTICAL CHEMISTRY",
  "course_number": "CH 685",
  "credits": "2",
  "description": "Nonsequence courses designed to acquaint the advanced graduate student with recent advances in analytical chemistry. Not offered every year.",
  "prerequisites": []
}, {
  "corequisites": [],
  "course_name": "SELECTED TOPICS IN NUCLEAR AND RADIATION CHEMISTRY",
  "course_number": "CH 686",
  "credits": "2",
  "description": "Nonsequence courses designed to acquaint the advanced graduate student with recent advances in nuclear and radiation chemistry. Not offered every year.",
  "prerequisites": []
}, {
  "corequisites": [],
  "course_name": "SELECTED TOPICS IN NUCLEAR AND RADIATION CHEMISTRY",
  "course_number": "CH 687",
  "credits": "2",
  "description": "Nonsequence courses designed to acquaint the advanced graduate student with recent advances in nuclear and radiation chemistry. Not offered every year.",
  "prerequisites": []
}, {
  "corequisites": [],
  "course_name": "SELECTED TOPICS IN NUCLEAR AND RADIATION CHEMISTRY",
  "course_number": "CH 688",
  "credits": "2",
  "description": "Nonsequence courses designed to acquaint the advanced graduate student with recent advances in nuclear and radiation chemistry. Not offered every year.",
  "prerequisites": []
}, {
  "corequisites": [],
  "course_name": "MASS SPECTROMETRY OF ORGANIC COMPOUNDS",
  "course_number": "CH 697",
  "credits": "4",
  "description": "Physical principles of mass spectrometric instrumentation and interpretation of the mass spectra of organic compounds and biomolecules. Not offered every year.",
  "prerequisites": []
}]