[{
  "corequisites": [],
  "course_name": "FIRST-YEAR CHINESE",
  "course_number": "CHN 111",
  "credits": "4",
  "description": "Essentials of colloquial Mandarin with emphasis on conversation, reading, and writing. Designed for students with no prior training in Chinese. Native and/or bilingual speakers of Chinese will not receive credit for CHN 111, CHN 112, CHN 113.",
  "prerequisites": []
}, {
  "corequisites": [],
  "course_name": "FIRST-YEAR CHINESE",
  "course_number": "CHN 112",
  "credits": "4",
  "description": "Essentials of colloquial Mandarin with emphasis on conversation, reading, and writing. Designed for students with no prior training in Chinese. Native and/or bilingual speakers of Chinese will not receive credit for CHN 111, CHN 112, CHN 113.",
  "prerequisites": [["CHN 111"]]
}, {
  "corequisites": [],
  "course_name": "FIRST-YEAR CHINESE",
  "course_number": "CHN 113",
  "credits": "4",
  "description": "Essentials of colloquial Mandarin with emphasis on conversation, reading, and writing. Designed for students with no prior training in Chinese. Native and/or bilingual speakers of Chinese will not receive credit for CHN 111, CHN 112, CHN 113.",
  "prerequisites": [["CHN 112"]]
}, {
  "corequisites": [],
  "course_name": "SPECIAL STUDIES",
  "course_number": "CHN 199",
  "credits": "1-16",
  "description": "May be repeated for credit when topic varies. Not offered every year.",
  "prerequisites": []
}, {
  "corequisites": [],
  "course_name": "SECOND-YEAR CHINESE",
  "course_number": "CHN 211",
  "credits": "4",
  "description": "Further development of listening comprehension, speaking, reading, and writing skills. Emphasis on conversational fluency and increased vocabulary. Native and/or bilingual speakers of Chinese will not receive credit for CHN 211, CHN 212, CHN 213.",
  "prerequisites": [["CHN 113"]]
}, {
  "corequisites": [],
  "course_name": "SECOND-YEAR CHINESE",
  "course_number": "CHN 212",
  "credits": "4",
  "description": "Further development of listening comprehension, speaking, reading, and writing skills. Emphasis on conversational fluency and increased vocabulary. Native and/or bilingual speakers of Chinese will not receive credit for CHN 211, CHN 212, CHN 213.",
  "prerequisites": [["CHN 211"]]
}, {
  "corequisites": [],
  "course_name": "SECOND-YEAR CHINESE",
  "course_number": "CHN 213",
  "credits": "4",
  "description": "Further development of listening comprehension, speaking, reading, and writing skills. Emphasis on conversational fluency and increased vocabulary. Native and/or bilingual speakers of Chinese will not receive credit for CHN 211, CHN 212, CHN 213.",
  "prerequisites": [["CHN 212"]]
}, {
  "corequisites": [],
  "course_name": "SPECIAL STUDIES",
  "course_number": "CHN 299",
  "credits": "1-16",
  "description": "May be repeated for credit when topic varies. Not offered every year.",
  "prerequisites": []
}, {
  "corequisites": [],
  "course_name": "THIRD-YEAR CHINESE LANGUAGE",
  "course_number": "CHN 311",
  "credits": "3",
  "description": "Further development of listening, speaking, reading, and writing skills to a more advanced level with emphasis on the practical application of the Chinese language.",
  "prerequisites": [["CHN 213"]]
}, {
  "corequisites": [],
  "course_name": "THIRD-YEAR CHINESE LANGUAGE",
  "course_number": "CHN 312",
  "credits": "3",
  "description": "Further development of listening, speaking, reading, and writing skills to a more advanced level with emphasis on the practical application of the Chinese language. Lec/rec.",
  "prerequisites": [["CHN 311"]]
}, {
  "corequisites": [],
  "course_name": "THIRD-YEAR CHINESE LANGUAGE",
  "course_number": "CHN 313",
  "credits": "3",
  "description": "Further development of listening, speaking, reading, and writing skills to a more advanced level with emphasis on the practical application of the Chinese language.",
  "prerequisites": [["CHN 312"]]
}, {
  "corequisites": [],
  "course_name": "PROCTOR EXPERIENCE",
  "course_number": "CHN 379",
  "credits": "1-2",
  "description": "Supervised practicum for advanced students, with assignments as proctor or tutor in lower-division Chinese courses.",
  "prerequisites": []
}, {
  "corequisites": [],
  "course_name": "SPECIAL TOPICS",
  "course_number": "CHN 399",
  "credits": "1-16",
  "description": "",
  "prerequisites": []
}, {
  "corequisites": [],
  "course_name": "INDEPENDENT STUDY",
  "course_number": "CHN 402",
  "credits": "1-16",
  "description": "",
  "prerequisites": []
}, {
  "corequisites": [],
  "course_name": "THESIS",
  "course_number": "CHN 403",
  "credits": "1-16",
  "description": "",
  "prerequisites": []
}, {
  "corequisites": [],
  "course_name": "READING AND CONFERENCE",
  "course_number": "CHN 405",
  "credits": "1-16",
  "description": "",
  "prerequisites": []
}, {
  "corequisites": [],
  "course_name": "INTERNSHIP",
  "course_number": "CHN 410",
  "credits": "1-15",
  "description": "",
  "prerequisites": []
}, {
  "corequisites": [],
  "course_name": "INDEPENDENT STUDY",
  "course_number": "CHN 502",
  "credits": "1-16",
  "description": "",
  "prerequisites": []
}, {
  "corequisites": [],
  "course_name": "READING AND CONFERENCE",
  "course_number": "CHN 505",
  "credits": "1-16",
  "description": "PREREQ: Departmental approval required.",
  "prerequisites": []
}]