[{
  "corequisites": [],
  "course_name": "*PUBLIC SPEAKING",
  "course_number": "COMM 111",
  "credits": "3",
  "description": "Public communication as it relates to informative and persuasive discourse. The theory and practice of public speaking in informative and persuasive contexts. NO LONGER TAUGHT. REPLACED WITH COMMON COURSE NUMBER COMM 111Z.",
  "prerequisites": []
}, {
  "corequisites": [],
  "course_name": "*PUBLIC SPEAKING",
  "course_number": "COMM 111H",
  "credits": "3",
  "description": "Public communication as it relates to informative and persuasive discourse. The theory and practice of public speaking in informative and persuasive contexts. NO LONGER TAUGHT. REPLACED WITH COMMON COURSE NUMBER COMM 111HZ.",
  "prerequisites": []
}, {
  "corequisites": [],
  "course_name": "+*PUBLIC SPEAKING",
  "course_number": "COMM 111HZ",
  "credits": "4",
  "description": "Emphasizes developing communication skills by examining and demonstrating how self-awareness, audience, content, and occasion influence the creation and delivery of speeches and presentations.",
  "prerequisites": []
}, {
  "corequisites": [],
  "course_name": "+*PUBLIC SPEAKING",
  "course_number": "COMM 111Z",
  "credits": "4",
  "description": "Emphasizes developing communication skills by examining and demonstrating how self-awareness, audience, content, and occasion influence the creation and delivery of speeches and presentations.",
  "prerequisites": []
}, {
  "corequisites": [],
  "course_name": "*ARGUMENT AND CRITICAL DISCOURSE",
  "course_number": "COMM 114",
  "credits": "3",
  "description": "Examination of argumentation as a part of human interaction and investigation. Emphasizes the processes by which people give reasons to gain adherence and to justify beliefs and actions. Includes readings, writing, and presentations concerned with the nature of arguments, processes of arguing, and argument criticism.",
  "prerequisites": []
}, {
  "corequisites": [],
  "course_name": "*ARGUMENT AND CRITICAL DISCOURSE",
  "course_number": "COMM 114H",
  "credits": "3",
  "description": "Examination of argumentation as a part of human interaction and investigation. Emphasizes the processes by which people give reasons to gain adherence and to justify beliefs and actions. Includes readings, writing, and presentations concerned with the nature of arguments, processes of arguing, and argument criticism.",
  "prerequisites": []
}, {
  "corequisites": [],
  "course_name": "SPECIAL TOPICS",
  "course_number": "COMM 199",
  "credits": "1-16",
  "description": "",
  "prerequisites": []
}, {
  "corequisites": [],
  "course_name": "*COMMUNICATING ONLINE",
  "course_number": "COMM 211",
  "credits": "3",
  "description": "In our increasingly technological world, we use mediated communication to build relationships. Introduces students to the theoretical and practical dimensions on online communication in order to facilitate more informed analysis and performance of online communication as a means of developing both interpersonal and public relationships.",
  "prerequisites": []
}, {
  "corequisites": [],
  "course_name": "*INTERPERSONAL COMMUNICATION",
  "course_number": "COMM 218",
  "credits": "3",
  "description": "Introduction to dyadic and relational communication. Overview of current research in such areas as verbal and nonverbal messages, self-concept and perception, culture and gender stereotypes and styles, relational development and dissolution, deception, compliance gaining and conflict management. NO LONGER TAUGHT. REPLACED WITH COMMON COURSE NUMBER COMM 218Z.",
  "prerequisites": []
}, {
  "corequisites": [],
  "course_name": "*INTERPERSONAL COMMUNICATION",
  "course_number": "COMM 218H",
  "credits": "3",
  "description": "Introduction to dyadic and relational communication. Overview of current research in such areas as verbal and nonverbal messages, self-concept and perception, culture and gender stereotypes and styles, relational development and dissolution, deception, compliance gaining and conflict management. NO LONGER TAUGHT. REPLACED WITH COMMON COURSE NUMBER COMM 218HZ.",
  "prerequisites": []
}, {
  "corequisites": [],
  "course_name": "*INTERPERSONAL COMMUNICATION",
  "course_number": "COMM 218HZ",
  "credits": "4",
  "description": "Increases the knowledge and use of competent communication skills to better understand oneself, others, and the role of communication in interpersonal relationships.",
  "prerequisites": []
}, {
  "corequisites": [],
  "course_name": "+*INTERPERSONAL COMMUNICATION",
  "course_number": "COMM 218Z",
  "credits": "4",
  "description": "Increases the knowledge and use of competent communication skills to better understand oneself, others, and the role of communication in interpersonal relationships.",
  "prerequisites": []
}, {
  "corequisites": [],
  "course_name": "SPECIAL TOPICS",
  "course_number": "COMM 299",
  "credits": "1-16",
  "description": "",
  "prerequisites": []
}, {
  "corequisites": [],
  "course_name": "ADVANCED PUBLIC SPEAKING",
  "course_number": "COMM 312",
  "credits": "3",
  "description": "Advanced theory and practice in public speaking. Simulated public speaking situations, audience analysis, and rhetorical strategies will be emphasized. Students will prepare and present a variety of public speeches.",
  "prerequisites": [["COMM 111", "COMM 111H", "COMM 111Z", "COMM 111H", "COMM 114", "COMM 114H"]]
}, {
  "corequisites": [],
  "course_name": "ARGUMENTATION",
  "course_number": "COMM 314",
  "credits": "3",
  "description": "Concepts and processes of argumentation, systems of logic, critical analysis of contemporary efforts to influence. Examination of arguing to gain adherence and argumentation as a way of knowing. Development of cases and argument briefs for presentation.",
  "prerequisites": [["COMM 114", "COMM 114H"]]
}, {
  "corequisites": [],
  "course_name": "ADVANCED PERSUASION",
  "course_number": "COMM 316",
  "credits": "3",
  "description": "Advanced theory and practice in persuasion, with evidence on social and behavioral science research. Examination of the cognitive and affective aspects of persuasion, focusing particularly on the audience. Consideration of persuasion in interpersonal relations, organizations, public advocacy, and public relations.",
  "prerequisites": []
}, {
  "corequisites": [],
  "course_name": "ADVANCED INTERPERSONAL COMMUNICATION",
  "course_number": "COMM 318",
  "credits": "3",
  "description": "Advanced theory and practice in communication in interpersonal relations.",
  "prerequisites": [["COMM 218", "COMM 218H", "COMM 218Z", "COMM 218H"]]
}, {
  "corequisites": [],
  "course_name": "INTRODUCTION TO RHETORICAL THEORY",
  "course_number": "COMM 320",
  "credits": "3",
  "description": "Introduction to the basic theories of rhetoric, as well as the background of rhetoric as a discipline in speech communication.",
  "prerequisites": []
}, {
  "corequisites": [],
  "course_name": "INTRODUCTION TO COMMUNICATION THEORY",
  "course_number": "COMM 321",
  "credits": "3",
  "description": "Introduction to 20th century models, theories, and empirical research programs in communication. Survey of selected theories and social scientific methods across diverse contexts in communication.",
  "prerequisites": []
}, {
  "corequisites": [],
  "course_name": "SMALL-GROUP PROBLEM SOLVING",
  "course_number": "COMM 322",
  "credits": "3",
  "description": "Theory and practice of small-group decision making. Group processes of problem solving and decision by consensus. The history and role of group problem solving in a democratic society. Group power, leadership, and roles. Experience with problems of fact, value, and policy.",
  "prerequisites": []
}, {
  "corequisites": [],
  "course_name": "COMMUNITY DIALOGUE",
  "course_number": "COMM 323",
  "credits": "4",
  "description": "Examination of the nature and role of community dialogue in formal and informal social scenes in which participants communicate differing perspectives, values and beliefs.",
  "prerequisites": []
}, {
  "corequisites": [],
  "course_name": "COMMUNICATION IN ORGANIZATIONS",
  "course_number": "COMM 324",
  "credits": "3",
  "description": "Examination of the nature and role of communication in formal and informal organizations. Introductory survey of central issues in the study of organizations, including corporate communication, leadership, organizational effectiveness, power, organizational culture, management styles, organizational conflict, and decision making.",
  "prerequisites": []
}, {
  "corequisites": [],
  "course_name": "COMMUNICATING LEADERSHIP",
  "course_number": "COMM 325",
  "credits": "4",
  "description": "Theory and practice of communicating leadership. Communication processes of facilitating productive climates, innovative and creative leading, and goal-oriented community leading.",
  "prerequisites": []
}, {
  "corequisites": [],
  "course_name": "INTERCULTURAL COMMUNICATION",
  "course_number": "COMM 326",
  "credits": "3",
  "description": "Perspectives, theories, and experiences of communication in intercultural, cross-cultural, and pan-cultural relations.",
  "prerequisites": []
}, {
  "corequisites": [],
  "course_name": "NONVERBAL COMMUNICATION",
  "course_number": "COMM 328",
  "credits": "3",
  "description": "The study of human communication behavior that transcends the spoken and written word; nondiscursive symbolism. The course examines the relationship between nonverbal and verbal communication behavior and nonverbal communication skill development. Topics addressed include space, distance, the environment, touch, gesture, facial expression, and gaze as communication.",
  "prerequisites": []
}, {
  "corequisites": [],
  "course_name": "FAMILY COMMUNICATION",
  "course_number": "COMM 332",
  "credits": "3",
  "description": "How various elements of communication impact familial relationships. Two main discussions: general communication patterns in the family, and various understudied types of family relationships. Provides students with insights into past familial experiences and skills for future family relationships.",
  "prerequisites": [["COMM 218", "COMM 218H", "COMM 218Z", "COMM 218H"]]
}, {
  "corequisites": [],
  "course_name": "INTRODUCTION TO PUBLIC RELATIONS",
  "course_number": "COMM 342",
  "credits": "3",
  "description": "Emphasizes theory and philosophy of public relations, and applications of theory through specific tools and techniques. Analyze current events from public relations perspective. Systematically develops public relations plan through research, planning, communication, and evaluation processes. CROSSLISTED as COMM 342/NMC 342.",
  "prerequisites": [["NMC 101", "NMC 101H", "COMM 111", "COMM 111H", "COMM 111Z", "COMM 111H"]]
}, {
  "corequisites": [],
  "course_name": "DEBATE AND FORENSICS WORKSHOP",
  "course_number": "COMM 350",
  "credits": "1-3",
  "description": "Laboratory experience in debate, public speaking, and interpretation of literature. Preparation for intercollegiate debate and forensics participation.",
  "prerequisites": []
}, {
  "corequisites": [],
  "course_name": "PROPAGANDA AND SOCIAL CONTROL",
  "course_number": "COMM 368",
  "credits": "3",
  "description": "Case studies, examples, and analyses of direct and indirect influences upon thought, belief, and action involving mass media of communication, including film, theatre, radio, television, posters, and art objects. Historical approach using film, tape, and recordings for student analysis and discussion.",
  "prerequisites": []
}, {
  "corequisites": [],
  "course_name": "VISUAL RHETORIC",
  "course_number": "COMM 372",
  "credits": "3",
  "description": "The course will survey the major theories of semiotics. Using semiotics as a foundation, students will explore the nature of the rhetoric of the visual image.",
  "prerequisites": []
}, {
  "corequisites": [],
  "course_name": "IMAGE AND MYTH IN FILM",
  "course_number": "COMM 380",
  "credits": "3",
  "description": "Film as a medium for creating, reflecting, and defining values, roles, styles, conflicts, problems, strategies, expectations, and institutions in American life. Various methods of analysis and evaluation are applied to film as an agent and artifact. Film images of the frontier, war, women, men, justice, America, progress, and beauty are explored.",
  "prerequisites": []
}, {
  "corequisites": [],
  "course_name": "COMMUNICATION AND CULTURE IN CYBERSPACE",
  "course_number": "COMM 385",
  "credits": "3",
  "description": "Covers history and culture of the Internet, as well as social, political, and economic issues of computer-mediated communication.",
  "prerequisites": []
}, {
  "corequisites": [],
  "course_name": "SOCIAL MEDIA AND INTERPERSONAL RELATIONSHIPS",
  "course_number": "COMM 388",
  "credits": "3",
  "description": "Examines how individuals build and maintain close relationships through new media and social networks. Currently, scholars are seeing a shift in how individuals self-report building close relationships, as people use elements of new media more and more frequently. Designed to look into the similarities and differences of these relationships as compared to face-to-face relationships. CROSSLISTED as COMM 388/NMC 388.",
  "prerequisites": []
}, {
  "corequisites": [],
  "course_name": "SPECIAL TOPICS",
  "course_number": "COMM 399",
  "credits": "1-16",
  "description": "",
  "prerequisites": []
}, {
  "corequisites": [],
  "course_name": "RESEARCH",
  "course_number": "COMM 401",
  "credits": "1-16",
  "description": "",
  "prerequisites": []
}, {
  "corequisites": [],
  "course_name": "INDEPENDENT STUDY",
  "course_number": "COMM 402",
  "credits": "1-16",
  "description": "",
  "prerequisites": []
}, {
  "corequisites": [],
  "course_name": "THESIS",
  "course_number": "COMM 403",
  "credits": "1-16",
  "description": "",
  "prerequisites": []
}, {
  "corequisites": [],
  "course_name": "READING AND CONFERENCE",
  "course_number": "COMM 405",
  "credits": "1-16",
  "description": "",
  "prerequisites": []
}, {
  "corequisites": [],
  "course_name": "PROJECTS",
  "course_number": "COMM 406",
  "credits": "1-16",
  "description": "",
  "prerequisites": []
}, {
  "corequisites": [],
  "course_name": "SEMINAR",
  "course_number": "COMM 407",
  "credits": "1-16",
  "description": "",
  "prerequisites": []
}, {
  "corequisites": [],
  "course_name": "WORKSHOP",
  "course_number": "COMM 408",
  "credits": "1-16",
  "description": "",
  "prerequisites": []
}, {
  "corequisites": [],
  "course_name": "COMMUNICATION INTERNSHIP",
  "course_number": "COMM 410",
  "credits": "1-16",
  "description": "An assignment in a private or public business or agency. The student observes or works in one or more departments of the enterprise, perhaps in one area of interest or specialization (e.g., public relations, training, personnel, research and planning). Work is supervised by the agency staff, supervising school faculty members(s) provide academic evaluation.",
  "prerequisites": []
}, {
  "corequisites": [],
  "course_name": "TOPICS IN SPEECH COMMUNICATION",
  "course_number": "COMM 412",
  "credits": "3",
  "description": "Contemporary issues in speech communication: appraisal and discussion of current theories, trends, research methods, problems, or applications.",
  "prerequisites": []
}, {
  "corequisites": [],
  "course_name": "COMMUNICATION RESEARCH METHODS",
  "course_number": "COMM 414",
  "credits": "3",
  "description": "Communication research and its relationship to theory. Quantitative and qualitative methods of investigation in speech communication. Experimental and non-experimental research design; naturalistic observation; issues of reliability and validity; statistical analysis. Standards and principles of writing and reporting research.",
  "prerequisites": [["COMM 321"]]
}, {
  "corequisites": [],
  "course_name": "ETHNOGRAPHY OF COMMUNICATION",
  "course_number": "COMM 416",
  "credits": "3",
  "description": "Study and practice of using ethnography of communication as a research method for developing theory in communication studies; topics include data collection, analysis, and writing ethnographic reports.",
  "prerequisites": [["COMM 321"]]
}, {
  "corequisites": [],
  "course_name": "^INTERPERSONAL COMMUNICATION THEORY AND RESEARCH",
  "course_number": "COMM 418",
  "credits": "3",
  "description": "Current theory, research, and practice in interpersonal communication. Issues addressed may include compliance gaining, nonverbal behavior, family communication, gender issues, impression formation, rules, and human relations.",
  "prerequisites": [["COMM 321"]]
}, {
  "corequisites": [],
  "course_name": "SCIENCE COMMUNICATION",
  "course_number": "COMM 421",
  "credits": "3",
  "description": "Introduces students to theoretical knowledge in the field of science communication along with important concepts and applied issues concerning effective science communication. Utilizes a social scientific approach to provide students with a broad overview and foundation for understanding science communication, including the background, purpose, theory, and practice of science communication. Applies this knowledge and creates a science communication for the benefit of a real-world client.",
  "prerequisites": [["COMM 321"]]
}, {
  "corequisites": [],
  "course_name": "^SMALL-GROUP COMMUNICATION THEORY AND RESEARCH",
  "course_number": "COMM 422",
  "credits": "3",
  "description": "Current theory, research, and practice in communication and small-group communication. Issues addressed may include leadership, decision making, problem solving, training, and human relations.",
  "prerequisites": [["COMM 321"]]
}, {
  "corequisites": [],
  "course_name": "COMMUNICATION AND YOUTH OUTREACH",
  "course_number": "COMM 425",
  "credits": "4",
  "description": "Examines the role of communication outreach when working with youth. Study and examination of applied youth communication theory and research. Topics may include establishing communication boundaries, communicating identity, anti-smoking and anti-drug campaigns, social exclusion, effects of media, and pro-social communication. Students are required to volunteer in a youth context coordinated by the instructor.",
  "prerequisites": []
}, {
  "corequisites": [],
  "course_name": "INTERCULTURAL COMMUNICATION: THEORIES AND ISSUES",
  "course_number": "COMM 426",
  "credits": "3",
  "description": "Advanced study in intercultural communication theoretical developments and research directions. Topics addressed may include intercultural research methods, training, language and culture, acculturation, and intercultural effectiveness.",
  "prerequisites": [["COMM 321"], ["COMM 326"]]
}, {
  "corequisites": [],
  "course_name": "CULTURAL CODES IN COMMUNICATION",
  "course_number": "COMM 427",
  "credits": "3",
  "description": "Study and examination of the contextualized use of communication within speech communities and cultures; topics include the cultural patterning of communication and cultural communication theory.",
  "prerequisites": []
}, {
  "corequisites": [],
  "course_name": "GENDER AND COMMUNICATION",
  "course_number": "COMM 432",
  "credits": "3",
  "description": "Investigation of impact of sex and gender on communication in conflict, decision-making, leadership, nonverbal messages, language, and interpersonal relationships. Focus on definitions of sex and gender in regard to knowledge, social constructs, and self-development.",
  "prerequisites": [["COMM 321"]]
}, {
  "corequisites": [],
  "course_name": "HEALTH COMMUNICATION",
  "course_number": "COMM 437",
  "credits": "3",
  "description": "This class is designed to unpack various elements of how communication impacts health, and vice versa. There are three main sections to this course: 1) discussing doctor-patient communication, 2) discussing the effects of health campaigns, and 3) discussing the link between communication and both psychological and physiological health.",
  "prerequisites": []
}, {
  "corequisites": [],
  "course_name": "THEORIES OF CONFLICT AND CONFLICT MANAGEMENT",
  "course_number": "COMM 440",
  "credits": "3",
  "description": "Conflict on a variety of levels: intrapersonal, interpersonal, group, public, and social. Conflict in a variety of contexts: relationships, family, organizations, community, and society. Constructive and destructive means of confronting and managing conflict; social and psychological aspects of conflict; conflict analysis; causes of conflict; conflict and peace, social order, and social change; case studies of conflict.",
  "prerequisites": []
}, {
  "corequisites": [],
  "course_name": "BARGAINING AND NEGOTIATION PROCESSES",
  "course_number": "COMM 442",
  "credits": "3",
  "description": "Theory and practice of bargaining and negotiation as means of settling disputes, with emphasis on the role of communication. Strategies and tactics of distributive and integrative bargaining orientations. Negotiation preparation and experience through case studies and simulations.",
  "prerequisites": []
}, {
  "corequisites": [],
  "course_name": "THIRD PARTIES IN DISPUTE RESOLUTION: MEDIATION AND ARBITRATION",
  "course_number": "COMM 444",
  "credits": "3",
  "description": "Philosophies, strategies, practices, and characteristics of mediation and arbitration processes in the settlement of conflicts and disputes. Study of the role of the third party neutral in the peace making process. Case studies and simulations in mediation and arbitration.",
  "prerequisites": []
}, {
  "corequisites": [],
  "course_name": "COMMUNICATION IN INTERNATIONAL CONFLICT AND DISPUTES",
  "course_number": "COMM 446",
  "credits": "3",
  "description": "Examination of the nature of international conflicts and disputes and the roles culture and communication play in resolving them constructively. Analysis of negotiation, mediation, and international law as approaches to dealing with international political, economic, cultural, and religious disputes. Scrutiny of contemporary world conflicts.",
  "prerequisites": []
}, {
  "corequisites": [],
  "course_name": "ADVANCED ARGUMENTATION",
  "course_number": "COMM 454",
  "credits": "3",
  "description": "Advanced study in classical and current theories of the persuasive and epistemological functions of argumentation. Examination of the dominant contemporary theorists, including Toulmin, Perelman, and Willard. Analysis of research and applied perspectives, including conversational argument, argument fields, the philosophy of argument, argument as rhetoric, and argument in contexts.",
  "prerequisites": [["COMM 320"]]
}, {
  "corequisites": [],
  "course_name": "^RHETORIC: 500 BC TO 500 AD",
  "course_number": "COMM 456",
  "credits": "3",
  "description": "History and philosophy of rhetorical principles.",
  "prerequisites": [["COMM 320"]]
}, {
  "corequisites": [],
  "course_name": "^RHETORIC: 500 AD TO 1900",
  "course_number": "COMM 458",
  "credits": "3",
  "description": "History and philosophy of rhetorical principles.",
  "prerequisites": [["COMM 320"]]
}, {
  "corequisites": [],
  "course_name": "^CONTEMPORARY THEORIES OF RHETORIC",
  "course_number": "COMM 459",
  "credits": "3",
  "description": "A survey of contemporary rhetorical theories from 1900 to the present.",
  "prerequisites": [["COMM 320"]]
}, {
  "corequisites": [],
  "course_name": "RHETORIC OF REVOLUTIONARIES AND REACTIONARIES: 1900-PRESENT",
  "course_number": "COMM 462",
  "credits": "3",
  "description": "Speech criticism; great American speakers; relation of their speaking to the history of ideas; rhetoric and political, social, and religious movements.",
  "prerequisites": [["COMM 320"]]
}, {
  "corequisites": [],
  "course_name": "RHETORICAL CRITICISM",
  "course_number": "COMM 464",
  "credits": "3",
  "description": "Explores the approaches to the criticism of rhetoric, including aesthetic, social movement, genre, feminist, and other modes of criticism.",
  "prerequisites": [["COMM 320"]]
}, {
  "corequisites": [],
  "course_name": "ETHICS OF RHETORIC",
  "course_number": "COMM 466",
  "credits": "3",
  "description": "Examines the ethical questions raised by the use of persuasive discourse, including the derivation of standards of ethical persuasion and approaches to ethical judgment about persuasion.",
  "prerequisites": [["COMM 320"]]
}, {
  "corequisites": [],
  "course_name": "THE RHETORIC OF POPULAR CULTURE",
  "course_number": "COMM 472",
  "credits": "3",
  "description": "A survey of theories of popular culture from Arnold to Hall. Students will examine various artifacts of popular culture and the influences they exert.",
  "prerequisites": []
}, {
  "corequisites": [],
  "course_name": "ISSUES IN THE FREEDOM OF SPEECH",
  "course_number": "COMM 476",
  "credits": "3",
  "description": "Examination of the theories of free expression and case materials related to tests of free speech in key U.S. Supreme Court cases. The course emphasizes the context of social and political movements from which the cases arise.",
  "prerequisites": []
}, {
  "corequisites": [],
  "course_name": "POLITICAL CAMPAIGN RHETORIC",
  "course_number": "COMM 478",
  "credits": "3",
  "description": "Theory, research and methods of political campaign rhetoric. Topics include rhetorical strategies and tactics in advertising, national conventions, broadcast debates, media coverage and public opinion polls.",
  "prerequisites": []
}, {
  "corequisites": [],
  "course_name": "SPECIAL TOPICS",
  "course_number": "COMM 499",
  "credits": "1-16",
  "description": "",
  "prerequisites": []
}, {
  "corequisites": [],
  "course_name": "RESEARCH",
  "course_number": "COMM 501",
  "credits": "1-16",
  "description": "",
  "prerequisites": []
}, {
  "corequisites": [],
  "course_name": "INDEPENDENT STUDY",
  "course_number": "COMM 502",
  "credits": "1-16",
  "description": "",
  "prerequisites": []
}, {
  "corequisites": [],
  "course_name": "THESIS",
  "course_number": "COMM 503",
  "credits": "1-16",
  "description": "",
  "prerequisites": []
}, {
  "corequisites": [],
  "course_name": "READING AND CONFERENCE",
  "course_number": "COMM 505",
  "credits": "1-16",
  "description": "",
  "prerequisites": []
}, {
  "corequisites": [],
  "course_name": "PROJECTS",
  "course_number": "COMM 506",
  "credits": "1-16",
  "description": "",
  "prerequisites": []
}, {
  "corequisites": [],
  "course_name": "SEMINAR",
  "course_number": "COMM 507",
  "credits": "1-16",
  "description": "",
  "prerequisites": []
}, {
  "corequisites": [],
  "course_name": "WORKSHOP",
  "course_number": "COMM 508",
  "credits": "1-16",
  "description": "",
  "prerequisites": []
}, {
  "corequisites": [],
  "course_name": "COMMUNICATION INTERNSHIP",
  "course_number": "COMM 510",
  "credits": "1-12",
  "description": "An assignment in a private or public business or agency. The student observes or works in one or more departments of the enterprise, perhaps in one area of interest or specialization (e.g., public relations, training, personnel, research and planning). Work is supervised by the agency staff, supervising school faculty member(s) provide academic evaluation.",
  "prerequisites": []
}, {
  "corequisites": [],
  "course_name": "TOPICS IN SPEECH COMMUNICATION",
  "course_number": "COMM 512",
  "credits": "3",
  "description": "Contemporary issues in speech communication: appraisal and discussion of current theories, trends, research methods, problems, or applications.",
  "prerequisites": []
}, {
  "corequisites": [],
  "course_name": "COMMUNICATION RESEARCH METHODS",
  "course_number": "COMM 514",
  "credits": "3",
  "description": "Communication research and its relationship to theory. Quantitative and qualitative methods of investigation in speech communication. Experimental and non-experimental research design; naturalistic observation; issues of reliability and validity; statistical analysis. Standards and principles of writing and reporting research.",
  "prerequisites": []
}, {
  "corequisites": [],
  "course_name": "CRITICAL METHODS IN COMMUNICATION RESEARCH",
  "course_number": "COMM 515",
  "credits": "3",
  "description": "Provides students with the skills necessary to critically analyze technological, discursive, and material communication phenomena. Introduces theoretical traditions, canonical texts, and critical vocabulary that are used to analyze communication from a critical humanistic perspective. Instructs students to produce their own original critical and interpretive research rooted in relevant disciplinary and interdisciplinary frameworks.",
  "prerequisites": []
}, {
  "corequisites": [],
  "course_name": "ETHNOGRAPHY OF COMMUNICATION",
  "course_number": "COMM 516",
  "credits": "3",
  "description": "Study and practice of using ethnography of communication as a research method for developing theory in communication studies; topics include data collection, analysis, and writing ethnographic reports.",
  "prerequisites": []
}, {
  "corequisites": [],
  "course_name": "RESEARCH METHODS IN COMMUNICATION",
  "course_number": "COMM 517",
  "credits": "3",
  "description": "Introduction to the structure, process, and logic of quantitative empirical research in communication. Topics include research design, measurement, methodology, and descriptive statistics. Think of this as a skills course, where you are going to learn how to understand, critique, and design quantitative methodological approaches. Note that this course is rigorous, and will hopefully challenge you to better understand how research applies to your life outside of the classroom.",
  "prerequisites": []
}, {
  "corequisites": [],
  "course_name": "INTERPERSONAL COMMUNICATION THEORY AND RESEARCH",
  "course_number": "COMM 518",
  "credits": "3",
  "description": "Current theory, research, and practice in interpersonal communication. Issues addressed may include compliance gaining, nonverbal behavior, family communication, gender issues, impression formation, rules, and human relations.",
  "prerequisites": []
}, {
  "corequisites": [],
  "course_name": "INTRODUCTION TO GRADUATE STUDY IN COMMUNICATION",
  "course_number": "COMM 520",
  "credits": "3",
  "description": "Introductory graduate seminar in the field of communication. Emphasis on the breadth and depth of the discipline, graduate study, and research directions.",
  "prerequisites": []
}, {
  "corequisites": [],
  "course_name": "SCIENCE COMMUNICATION",
  "course_number": "COMM 521",
  "credits": "3",
  "description": "Introduces students to theoretical knowledge in the field of science communication along with important concepts and applied issues concerning effective science communication. Utilizes a social scientific approach to provide students with a broad overview and foundation for understanding science communication, including the background, purpose, theory, and practice of science communication. Applies this knowledge and creates a science communication for the benefit of a real-world client.",
  "prerequisites": []
}, {
  "corequisites": [],
  "course_name": "SMALL-GROUP COMMUNICATION THEORY AND RESEARCH",
  "course_number": "COMM 522",
  "credits": "3",
  "description": "Current theory, research, and practice in communication and small-group communication. Issues addressed may include leadership, decision making, problem solving, training, and human relations.",
  "prerequisites": []
}, {
  "corequisites": [],
  "course_name": "INTERCULTURAL COMMUNICATION: THEORIES AND ISSUES",
  "course_number": "COMM 526",
  "credits": "3",
  "description": "Advanced study in intercultural communication theoretical developments and research directions. Topics addressed may include intercultural research methods, training, language and culture, acculturation, and intercultural effectiveness.",
  "prerequisites": []
}, {
  "corequisites": [],
  "course_name": "GENDER AND COMMUNICATION",
  "course_number": "COMM 532",
  "credits": "3",
  "description": "Investigation of impact of sex and gender on communication in conflict, decision-making, leadership, nonverbal messages, language, and interpersonal relationships. Focus on definitions of sex and gender in regard to knowledge, social constructs, and self-development.",
  "prerequisites": []
}, {
  "corequisites": [],
  "course_name": "HEALTH COMMUNICATION",
  "course_number": "COMM 537",
  "credits": "3",
  "description": "This class is designed to unpack various elements of how communication impacts health, and vice versa. There are three main sections to this course: 1) discussing doctor-patient communication, 2) discussing the effects of health campaigns, and 3) discussing the link between communication and both psychological and physiological health.",
  "prerequisites": []
}, {
  "corequisites": [],
  "course_name": "THEORIES OF CONFLICT AND CONFLICT MANAGEMENT",
  "course_number": "COMM 540",
  "credits": "3",
  "description": "Conflict on a variety of levels: intrapersonal, interpersonal, group, public, and social. Conflict in a variety of contexts: relationships, family, organizations, community, and society. Constructive and destructive means of confronting and managing conflict; social and psychological aspects of conflict; conflict analysis; causes of conflict; conflict and peace, social order, and social change; case studies of conflict.",
  "prerequisites": []
}, {
  "corequisites": [],
  "course_name": "BARGAINING AND NEGOTIATION PROCESSES",
  "course_number": "COMM 542",
  "credits": "3",
  "description": "Theory and practice of bargaining and negotiation as means of settling disputes, with emphasis on the role of communication. Strategies and tactics of distributive and integrative bargaining orientations. Negotiation preparation and experience through case studies and simulations.",
  "prerequisites": []
}, {
  "corequisites": [],
  "course_name": "THIRD PARTIES IN DISPUTE RESOLUTION: MEDIATION/ARBITRATION",
  "course_number": "COMM 544",
  "credits": "3",
  "description": "Philosophies, strategies, practices, and characteristics of mediation and arbitration processes in the settlement of conflicts and disputes. Study of the role of the third party neutral in the peace making process. Case studies and simulations in mediation and arbitration.",
  "prerequisites": []
}, {
  "corequisites": [],
  "course_name": "COMMUNICATION IN INTERNATIONAL CONFLICT AND DISPUTES",
  "course_number": "COMM 546",
  "credits": "3",
  "description": "Examination of the nature of international conflicts and disputes and the roles culture and communication play in resolving them constructively. Analysis of negotiation, mediation, and international law as approaches to dealing with international political, economic, cultural, and religious disputes. Scrutiny of contemporary world conflicts.",
  "prerequisites": []
}, {
  "corequisites": [],
  "course_name": "ADVANCED ARGUMENTATION",
  "course_number": "COMM 554",
  "credits": "3",
  "description": "Advanced study in classical and current theories of the persuasive and epistemological functions of argumentation. Examination of the dominant contemporary theorists, including Toulmin, Perelman, and Willard. Analysis of research and applied perspectives, including conversational argument, argument fields, the philosophy of argument, argument as rhetoric, and argument in contexts.",
  "prerequisites": []
}, {
  "corequisites": [],
  "course_name": "RHETORIC: 500 BC TO 500 AD",
  "course_number": "COMM 556",
  "credits": "3",
  "description": "History and philosophy of rhetorical principles.",
  "prerequisites": []
}, {
  "corequisites": [],
  "course_name": "RHETORIC: 500 AD TO 1900",
  "course_number": "COMM 558",
  "credits": "3",
  "description": "History and philosophy of rhetorical principles.",
  "prerequisites": []
}, {
  "corequisites": [],
  "course_name": "CONTEMPORARY THEORIES OF RHETORIC",
  "course_number": "COMM 559",
  "credits": "3",
  "description": "A survey of contemporary rhetorical theories from 1900 to the present.",
  "prerequisites": []
}, {
  "corequisites": [],
  "course_name": "RHETORIC OF REVOLUTIONARIES AND REACTIONARIES: 1900-PRESENT",
  "course_number": "COMM 562",
  "credits": "3",
  "description": "Speech criticism; great American speakers; relation of their speaking to the history of ideas; rhetoric and political, social, and religious movements.",
  "prerequisites": []
}, {
  "corequisites": [],
  "course_name": "RHETORICAL CRITICISM",
  "course_number": "COMM 564",
  "credits": "3",
  "description": "Explores the approaches to the criticism of rhetoric, including aesthetic, social movement, genre, feminist, and other modes of criticism.",
  "prerequisites": []
}, {
  "corequisites": [],
  "course_name": "RESEARCH METHODS IN RHETORIC",
  "course_number": "COMM 565",
  "credits": "3",
  "description": "A graduate-level introduction to research methods in rhetorical studies. Topics include rhetorical criticism, discourse analysis, and historiography. Course goals include the ability to understand and critique common methodological approaches in rhetorical studies.",
  "prerequisites": []
}, {
  "corequisites": [],
  "course_name": "ETHICS OF RHETORIC",
  "course_number": "COMM 566",
  "credits": "3",
  "description": "Examines the ethical questions raised by the use of persuasive discourse, including the derivation of standards of ethical persuasion and approaches to ethical judgment about persuasion.",
  "prerequisites": []
}, {
  "corequisites": [],
  "course_name": "THE RHETORIC OF POPULAR CULTURE",
  "course_number": "COMM 572",
  "credits": "3",
  "description": "A survey of theories of popular culture from Arnold to Hall. Students will examine various artifacts of popular culture popular culture and the influences they exert.",
  "prerequisites": []
}, {
  "corequisites": [],
  "course_name": "ISSUES IN THE FREEDOM OF SPEECH",
  "course_number": "COMM 576",
  "credits": "3",
  "description": "Examination of the theories of free expression and case materials related to tests of free speech in key U.S. Supreme Court cases. The course emphasizes the context of social and political movements from which the cases arise.",
  "prerequisites": []
}, {
  "corequisites": [],
  "course_name": "POLITICAL CAMPAIGN RHETORIC",
  "course_number": "COMM 578",
  "credits": "3",
  "description": "Theory, research and methods of political campaign rhetoric. Topics include rhetorical strategies and tactics in advertising, national conventions, broadcast debates, media coverage and public opinion polls.",
  "prerequisites": []
}, {
  "corequisites": [],
  "course_name": "GRADUATE SEMINAR IN RHETORIC",
  "course_number": "COMM 590",
  "credits": "3",
  "description": "Examines topics dealing with the current state of research in rhetorical studies. This includes discussing a number of approaches to the history, theory, and criticism of rhetoric, as well as to the relationship between rhetoric and related disciplines. Course goals include increased competence in understanding the current state of rhetorical theory and research in the area being explored.",
  "prerequisites": []
}, {
  "corequisites": [],
  "course_name": "SPECIAL TOPICS",
  "course_number": "COMM 599",
  "credits": "1-18",
  "description": "",
  "prerequisites": []
}, {
  "corequisites": [],
  "course_name": "WORKSHOP",
  "course_number": "COMM 808",
  "credits": "1-16",
  "description": "",
  "prerequisites": []
}]