[{
  "corequisites": [],
  "course_name": "PERSONAL GROWTH AND WELLNESS IN THE MODERN WORLD",
  "course_number": "COUN 421",
  "credits": "3",
  "description": "Explores social and emotional adjustment, growth, and wellness within current social contexts. Examines challenges to wellness and the role of normal development, self-help, and the helping professions in the growth process.",
  "prerequisites": []
}, {
  "corequisites": [],
  "course_name": "SOCIAL CHANGE: ADDICTIONS AND TREATMENT",
  "course_number": "COUN 431",
  "credits": "3",
  "description": "Explores the etiology of addictions in modern society including the history and development of addictions work. Studies many aspects of addiction including historical origins, risk factors, biological and psychological functioning, counseling issues, skills, theories, assessment, treatment, relapse prevention, research, cultural and social justice issues, co-occurring disorders and population-specific information.",
  "prerequisites": []
}, {
  "corequisites": [],
  "course_name": "INTRODUCTION TO PROFESSIONAL COUNSELING",
  "course_number": "COUN 441",
  "credits": "3",
  "description": "Provides students with an overview of the counseling profession that includes the history and philosophical foundations of the profession and roles and functions of professional counselors. The course content will critically engage the privilege and responsibility of the counseling profession in a multicultural society.",
  "prerequisites": []
}, {
  "corequisites": [],
  "course_name": "SPECIAL TOPICS",
  "course_number": "COUN 499",
  "credits": "1-16",
  "description": "",
  "prerequisites": []
}, {
  "corequisites": [],
  "course_name": "RESEARCH",
  "course_number": "COUN 501",
  "credits": "1-16",
  "description": "",
  "prerequisites": []
}, {
  "corequisites": [],
  "course_name": "INDEPENDENT STUDY",
  "course_number": "COUN 502",
  "credits": "1-16",
  "description": "",
  "prerequisites": []
}, {
  "corequisites": [],
  "course_name": "THESIS",
  "course_number": "COUN 503",
  "credits": "1-16",
  "description": "",
  "prerequisites": []
}, {
  "corequisites": [],
  "course_name": "READING AND CONFERENCE",
  "course_number": "COUN 505",
  "credits": "1-3",
  "description": "",
  "prerequisites": []
}, {
  "corequisites": [],
  "course_name": "PROJECTS",
  "course_number": "COUN 506",
  "credits": "1-3",
  "description": "",
  "prerequisites": []
}, {
  "corequisites": [],
  "course_name": "SEMINAR",
  "course_number": "COUN 507",
  "credits": "1-3",
  "description": "",
  "prerequisites": []
}, {
  "corequisites": [],
  "course_name": "WORKSHOP",
  "course_number": "COUN 508",
  "credits": "1-16",
  "description": "",
  "prerequisites": []
}, {
  "corequisites": [],
  "course_name": "PRACTICUM",
  "course_number": "COUN 509",
  "credits": "1-16",
  "description": "Designed to develop competencies in basic skills, facilitative dimensions, and counseling process. Self-critique, peer-critique, and supervisor-critique of videotaped interview. Written self-critique, oral case presentation and charting skills are learned.",
  "prerequisites": []
}, {
  "corequisites": [],
  "course_name": "INTERNSHIP",
  "course_number": "COUN 510",
  "credits": "1-18",
  "description": "The internship is the culminating field experience of the MS in Counseling program. It is designed to provide students with an on-site placement in a public or private mental health or school setting that will create the necessary bridge between training and professionalism. Students are expected to function per the expectations of other full-time employees and counseling staff at the internship site.",
  "prerequisites": []
}, {
  "corequisites": [],
  "course_name": "COUNSELING PRE-PRACTICUM",
  "course_number": "COUN 511",
  "credits": "4",
  "description": "Examines and develops competencies in basic counseling skills and processes. Integrates self-critiques, peer critiques, and supervisor critiques of counseling microskills.",
  "prerequisites": []
}, {
  "corequisites": [],
  "course_name": "PRACTICUM IN COUNSELING",
  "course_number": "COUN 512",
  "credits": "1-4",
  "description": "Applies knowledge of counseling skills, theory, and ethics to field-based practice with diverse populations of students/clients in school and clinical mental health settings. Integrates feedback received from qualified professional and faculty supervisors and peers in site-based and remote clinical supervision to improve competencies and enhance development of self-as-counselor. Investigates risk assessment, social justice counseling, and student/client advocacy.",
  "prerequisites": [["COUN 511"]]
}, {
  "corequisites": [],
  "course_name": "COUNSELING PRE-PRACTICUM",
  "course_number": "COUN 513",
  "credits": "3",
  "description": "Examines and develops competencies in basic counseling skills and processes. Integrates self-critiques, peer critiques, and supervisor critiques of counseling microskills.",
  "prerequisites": []
}, {
  "corequisites": [],
  "course_name": "PRACTICUM IN COUNSELING",
  "course_number": "COUN 514",
  "credits": "3",
  "description": "Applies knowledge of counseling skills, theory, and ethics to field-based practice with diverse populations of students/clients in school and clinical mental health settings. Integrates feedback received from qualified professional and faculty supervisors and peers in site-based and remote clinical supervision to improve competencies and enhance development of self-as-counselor. Investigates risk assessment, social justice counseling, and student/client advocacy.",
  "prerequisites": [["COUN 513"]]
}, {
  "corequisites": [],
  "course_name": "COUNSELING INTERNSHIP",
  "course_number": "COUN 515",
  "credits": "1-12",
  "description": "Builds and appraises the growth and development of students as professional counselors in an on-site clinical mental health or school setting. Expands and enhances students’ knowledge base, skill level, and professional identity via guided clinical practice in a public or private mental health or school setting. Guides students through a developmentally appropriate clinical training experience across three terms that creates the necessary bridge between pre-professional training and professional practice.",
  "prerequisites": [["COUN 512", "COUN 514"]]
}, {
  "corequisites": [],
  "course_name": "PROFESSIONAL PRACTICE IN CLINICAL MENTAL HEALTH COUNSELING",
  "course_number": "COUN 520",
  "credits": "4",
  "description": "Evaluates occupational, legal, and ethical aspects of professional counseling practice. Elaborates on advanced application of ethical codes, counselor licensure statutes and rules, professional identity, counseling advocacy and leadership, diversity, equity, and inclusion as best practice, continuing education and credentialing, and sustaining a career as a licensed professional clinical mental health counselor.",
  "prerequisites": []
}, {
  "corequisites": [],
  "course_name": "PROFESSIONAL PRACTICE IN CLINICAL MENTAL HEALTH COUNSELING",
  "course_number": "COUN 521",
  "credits": "3",
  "description": "Evaluates occupational, legal, and ethical aspects of professional counseling practice. Elaborates on advanced application of ethical codes, counselor licensure statutes and rules, professional identity, counseling advocacy and leadership, diversity, equity, and inclusion as best practice, continuing education and credentialing, and sustaining a career as a licensed professional clinical mental health counselor.",
  "prerequisites": []
}, {
  "corequisites": [],
  "course_name": "DEVELOPMENTAL PERSPECTIVES IN COUNSELING",
  "course_number": "COUN 529",
  "credits": "4",
  "description": "Explores affective, behavioral, cognitive, moral, and physical development for human growth and maturation across the lifespan. Differentiates between theories of personality, learning, and human development. Analyzes internal, situational, and environmental factors and events that impact human development, functioning, and behavior. Identifies and explains ethical considerations in working with diverse clients/students at various developmental levels. Creates culturally-informed intervention plans to facilitate academic, social/emotional, and career development of clients.",
  "prerequisites": []
}, {
  "corequisites": [],
  "course_name": "DEVELOPMENTAL PERSPECTIVES IN COUNSELING",
  "course_number": "COUN 531",
  "credits": "3",
  "description": "Explores affective, behavioral, cognitive, moral, and physical development for human growth and maturation across the lifespan. Differentiates between theories of personality, learning, and human development. Analyzes internal, situational, and environmental factors and events that impact human development, functioning, and behavior. Identifies and explains ethical considerations in working with diverse clients/students at various developmental levels. Creates culturally-informed intervention plans to facilitate academic, social/emotional, and career development of clients.",
  "prerequisites": []
}, {
  "corequisites": [],
  "course_name": "SOCIAL AND CULTURAL PERSPECTIVES IN COUNSELING",
  "course_number": "COUN 532",
  "credits": "3",
  "description": "Addresses social and cultural factors affecting counseling. Examines studies of change, ethnic groups, subcultures, changing roles of women, sexism, urban and rural societies, population patterns, cultural mores, use of leisure time, and differing life patterns.",
  "prerequisites": []
}, {
  "corequisites": [],
  "course_name": "ADDICTION THEORIES",
  "course_number": "COUN 533",
  "credits": "PREVENTION",
  "description": "Analyzes prevention, treatment, and recovery across the lifespan through a biopsychosocial perspective on substance use and other addictive behaviors. Outlines the etiology and neurobiology of addiction for counselors in school and community settings who may work with individuals and families impacted by addiction. Examines signs of substance intoxication and withdrawal, eating and gambling disorders; to conduct appropriate screenings; and to facilitate developmentally appropriate prevention for students/clients.",
  "prerequisites": []
}, {
  "corequisites": [],
  "course_name": "SOCIAL AND CULTURAL PERSPECTIVES IN COUNSELING",
  "course_number": "COUN 534",
  "credits": "4",
  "description": "Addresses social and cultural factors affecting counseling. Examines studies of change, ethnic groups, subcultures, changing roles of women, sexism, urban and rural societies, population patterns, cultural mores, use of leisure time, and differing life patterns.",
  "prerequisites": []
}, {
  "corequisites": [],
  "course_name": "ADDICTION THEORIES",
  "course_number": "COUN 535",
  "credits": "PREVENTION",
  "description": "Analyzes prevention, treatment, and recovery across the lifespan through a biopsychosocial perspective on substance use and other addictive behaviors. Outlines the etiology and neurobiology of addiction for counselors in school and community settings who may work with individuals and families impacted by addiction. Examines signs of substance intoxication and withdrawal, eating and gambling disorders; to conduct appropriate screenings; and to facilitate developmentally appropriate prevention for students/clients.",
  "prerequisites": []
}, {
  "corequisites": [],
  "course_name": "APPLIED PSYCHOPHARMACOLOGY FOR COUNSELORS",
  "course_number": "COUN 536",
  "credits": "3",
  "description": "Acquaints counseling students with the fundamentals of psychotropic drugs. Basics of pharmacology, adverse effects, indications, and drug interactions will be discussed. Boundaries of practice and practical issues of assessment and referral will be covered. The overall aim of the course is to provide information about psychopharmacology to the non-medical mental health care provider so that she or he can be a more informed member of the mental health care team. This course does not purport to prepare the student to be any part of the pharmacological prescriptive process. That is the purview of the medically trained person.",
  "prerequisites": []
}, {
  "corequisites": [],
  "course_name": "SUPPORTING DIVERSE POPULATIONS IN K-12 SCHOOLS",
  "course_number": "COUN 538",
  "credits": "3",
  "description": "Explores the selection and application of curriculum and the understanding of the classroom teaching experience as it relates to all student populations including ELL and SPED. Examines and understands the unique strengths and needs, assessment process, and state and federal law associated with these populations in order to effectively be able to support them and their families. Identifies the specialized school programs and state and national regulations that support a variety of learning in a collaborative framework.",
  "prerequisites": []
}, {
  "corequisites": [],
  "course_name": "COUNSELING IDENTITY",
  "course_number": "COUN 541",
  "credits": "PRACTICE",
  "description": "Introduces topics related to professional identity and ethical practice in counseling. Discusses history of the counseling profession; professional advocacy; counselors’ roles and responsibilities in institutional, community and educational settings; and counselors’ power and duty as agents of change in a global society.",
  "prerequisites": []
}, {
  "corequisites": [],
  "course_name": "COUNSELING IDENTITY",
  "course_number": "COUN 542",
  "credits": "PRACTICE",
  "description": "Introduces topics related to professional identity and ethical practice in counseling. Discusses history of the counseling profession; professional advocacy; counselors’ roles and responsibilities in institutional, community and educational settings; and counselors’ power and duty as agents of change in a global society.",
  "prerequisites": []
}, {
  "corequisites": [],
  "course_name": "LEADERSHIP OF SCHOOL COUNSELING PROGRAMS",
  "course_number": "COUN 546",
  "credits": "3",
  "description": "Examines the components of a Comprehensive School Counseling Program and the role of the school counselor. Prepares school counselors to lead teams as leaders in the development and implementation of comprehensive school counseling programs. Introduces principles of leadership, system change, and advocacy. Examines State and National Comprehensive School Counseling models to implement as a leader.",
  "prerequisites": []
}, {
  "corequisites": [],
  "course_name": "SPECIAL EDUCATION ISSUES IN COUNSELING",
  "course_number": "COUN 548",
  "credits": "3",
  "description": "Addresses various educational disability categories, the fundamentals of special education law, the special education assessment process, the special education definition of emotional/behavioral disorders, and the counselor's role in supporting children with special emotional needs.",
  "prerequisites": []
}, {
  "corequisites": [],
  "course_name": "FOUNDATIONS OF MENTAL HEALTH COUNSELING",
  "course_number": "COUN 550",
  "credits": "3",
  "description": "Explores the foundations of clinical mental health counseling including: (1) historical, philosophical, societal, cultural, economic, and political dimensions of and current trends in the community human service/mental health movement; (2) roles, functions, preparation standards, credentialing, licensure, and professional identity of clinical mental health counselors; and (3) policies, laws, legislation, recognition, reimbursement, right-to-practice, and other issues relevant to clinical mental health counseling. Focuses on prevention and intervention, social justice, advocacy within the medical model, and preparation for clinical practice.",
  "prerequisites": []
}, {
  "corequisites": [],
  "course_name": "THEORIES AND TECHNIQUES OF COUNSELING I",
  "course_number": "COUN 551",
  "credits": "3",
  "description": "Examines theoretical approaches to counseling and psychotherapy. Distinguishes the importance of therapeutic working alliance and the counseling process, and analyzes a select set of major current counseling theories, theory-specific processes, techniques, and application across counseling setting and populations. Fosters the development of theory-based conceptualization skills and theory-specific techniques; examines social and cultural influences on theory development and application in counseling; and cultivates counseling skill development through experiential lab practices of counseling techniques.",
  "prerequisites": []
}, {
  "corequisites": [],
  "course_name": "THEORIES AND TECHNIQUES OF COUNSELING II",
  "course_number": "COUN 552",
  "credits": "3",
  "description": "Builds on development of knowledge and skills in counseling theories and techniques gained in COUN 551 and surveys an additional select set of major current counseling theories by examining their respective processes, techniques, and application across counseling settings and populations. Strengthens counseling conceptualization skills and familiarity with theory-specific counseling techniques; examines ethical, diversity, and cultural considerations in case conceptualization and application of counseling techniques. Fosters skill development through experiential lab practices and develops personal theoretical orientation to counseling.",
  "prerequisites": [["COUN 551"]]
}, {
  "corequisites": [],
  "course_name": "THEORIES AND TECHNIQUES OF COUNSELING I",
  "course_number": "COUN 553",
  "credits": "4",
  "description": "Examines theoretical approaches to counseling and psychotherapy. Distinguishes the importance of therapeutic working alliance and the counseling process, and analyzes a select set of major current counseling theories, theory-specific processes, techniques, and application across counseling setting and populations. Fosters the development of theory-based conceptualization skills and theory-specific techniques; examines social and cultural influences on theory development and application in counseling; and cultivates counseling skill development through experiential lab practices of counseling techniques.",
  "prerequisites": []
}, {
  "corequisites": [],
  "course_name": "THEORIES AND TECHNIQUES OF COUNSELING II",
  "course_number": "COUN 554",
  "credits": "4",
  "description": "Builds on development of knowledge and skills in counseling theories and techniques gained in COUN 551 and surveys an additional select set of major current counseling theories by examining their respective processes, techniques, and application across counseling settings and populations. Strengthens counseling conceptualization skills and familiarity with theory-specific counseling techniques; examines ethical, diversity, and cultural considerations in case conceptualization and application of counseling techniques. Fosters skill development through experiential lab practices and develops personal theoretical orientation to counseling.",
  "prerequisites": [["COUN 553"]]
}, {
  "corequisites": [],
  "course_name": "INTRODUCTION TO RESEARCH METHODS IN COUNSELING",
  "course_number": "COUN 561",
  "credits": "4",
  "description": "Explores common methods for researching process and outcomes in clinical mental health and school counseling settings.",
  "prerequisites": []
}, {
  "corequisites": [],
  "course_name": "INTRODUCTION TO RESEARCH METHODS IN COUNSELING",
  "course_number": "COUN 562",
  "credits": "3",
  "description": "Explores common methods for researching process and outcomes in clinical mental health and school counseling settings.",
  "prerequisites": []
}, {
  "corequisites": [],
  "course_name": "ASSESSMENT AND APPRAISAL IN COUNSELING",
  "course_number": "COUN 565",
  "credits": "4",
  "description": "Investigates historical perspectives of assessment and testing, basic concepts related to types of tests and measurements, and statistical concepts relevant to assessments. Surveys assessment, appraisal, and various types of instruments and procedures used by counselors in educational, career, psychological, and mental health settings. Examines the use of assessments for diagnostic and counseling intervention purposes. Develops skills in using assessments and procedures relevant to the practice of counseling across work settings. Examines ethical and multicultural issues and concerns in assessment.",
  "prerequisites": []
}, {
  "corequisites": [],
  "course_name": "LIFESTYLE AND CAREER DEVELOPMENT",
  "course_number": "COUN 566",
  "credits": "4",
  "description": "Explores major theoretical approaches to career development and career counseling. Examines influence of development, culture, and intersectionality on career. Identifies available resources for educational and occupational assessment and procedures to enhance career exploration, planning, and placement. Emphasizes understanding of career decision-making processes across the lifespan and career counseling issues with diverse populations.",
  "prerequisites": []
}, {
  "corequisites": [],
  "course_name": "ASSESSMENT AND APPRAISAL IN COUNSELING",
  "course_number": "COUN 567",
  "credits": "3",
  "description": "Investigates historical perspectives of assessment and testing, basic concepts related to types of tests and measurements, and statistical concepts relevant to assessments. Surveys assessment, appraisal, and various types of instruments and procedures used by counselors in educational, career, psychological, and mental health settings. Examines the use of assessments for diagnostic and counseling intervention purposes. Develops skills in using assessments and procedures relevant to the practice of counseling across work settings. Examines ethical and multicultural issues and concerns in assessment.",
  "prerequisites": []
}, {
  "corequisites": [],
  "course_name": "LIFESTYLE AND CAREER DEVELOPMENT",
  "course_number": "COUN 568",
  "credits": "3",
  "description": "Explores major theoretical approaches to career development and career counseling. Examines influence of development, culture, and intersectionality on career. Identifies available resources for educational and occupational assessment and procedures to enhance career exploration, planning, and placement. Emphasizes understanding of career decision-making processes across the lifespan and career counseling issues with diverse populations.",
  "prerequisites": []
}, {
  "corequisites": [],
  "course_name": "GROUP WORK FOR PROFESSIONAL COUNSELORS",
  "course_number": "COUN 571",
  "credits": "3",
  "description": "Reviews the rationale for and role of culturally informed group work in education, prevention, and mental health treatment. Explores group development, group dynamics, and group work approaches and models in the context of diverse counseling settings. Examines group leadership theory, styles of leadership, and group facilitation skills. Encourages integration of knowledge and research into planning effective groups to meet diverse student and client goals.",
  "prerequisites": []
}, {
  "corequisites": [],
  "course_name": "GROUP WORK FOR PROFESSIONAL COUNSELORS",
  "course_number": "COUN 572",
  "credits": "4",
  "description": "Reviews the rationale for and role of culturally informed group work in education, prevention, and mental health treatment. Explores group development, group dynamics, and group work approaches and models in the context of diverse counseling settings. Examines group leadership theory, styles of leadership, and group facilitation skills. Encourages integration of knowledge and research into planning effective groups to meet diverse student and client goals.",
  "prerequisites": []
}, {
  "corequisites": [],
  "course_name": "INTRODUCTION TO FAMILY COUNSELING",
  "course_number": "COUN 573",
  "credits": "4",
  "description": "Examines the history of family counseling, investigates family structure, dynamics, and development, and explores major theoretical approaches to family counseling. Applies systems perspectives to (a) understand environmental influences on individual and family functioning, development, and mental health issues, and (b) formulate interventions. Explores family counseling legal and ethical issues. Examines skills and strategies for systemic collaborating with stakeholders in the community to empower children, youth, and families. Examines approaches to working with couples/marital relationships and investigates diversity and cultural factors in family counseling.",
  "prerequisites": []
}, {
  "corequisites": [],
  "course_name": "CRISIS",
  "course_number": "COUN 574",
  "credits": "SUICIDE",
  "description": "Focuses on interrelated topics in professional counseling: crisis management, suicidality assessment and interventions, grief and loss, and threat assessment and management. Addresses both theory and pragmatics.",
  "prerequisites": []
}, {
  "corequisites": [],
  "course_name": "INTRODUCTION TO FAMILY COUNSELING",
  "course_number": "COUN 575",
  "credits": "3",
  "description": "Examines the history of family counseling, investigates family structure, dynamics, and development, and explores major theoretical approaches to family counseling. Applies systems perspectives to (a) understand environmental influences on individual and family functioning, development, and mental health issues, and (b) formulate interventions. Explores family counseling legal and ethical issues. Examines skills and strategies for systemic collaborating with stakeholders in the community to empower children, youth, and families. Examines approaches to working with couples/marital relationships and investigates diversity and cultural factors in family counseling.",
  "prerequisites": []
}, {
  "corequisites": [],
  "course_name": "DIAGNOSIS AND TREATMENT: APPLIED PSYCHOPATHOLOGY AND PSYCHOPHARMACOLOGY",
  "course_number": "COUN 576",
  "credits": "4",
  "description": "Explores the assessment, diagnosis, and treatment of mental disorders as defined by the DSM classification system. Emphasizes principles and practices that relate to child and adult psychopathology, DSM diagnostic criteria, etiology and assessment, systematic treatment planning, interviewing, and short- and long-term interventions. Acquaints counseling students with the fundamentals of psychotropic drugs, the basics of pharmacology, adverse effects, indications, and drug interactions.",
  "prerequisites": [["COUN 541"], ["COUN 551"]]
}, {
  "corequisites": [],
  "course_name": "APPLIED PSYCHOPATHOLOGY AND PSYCHODIAGNOSTICS",
  "course_number": "COUN 577",
  "credits": "3",
  "description": "Addresses the principles of diagnosis of psychopathology and the use of current diagnostic tools, including the current edition of the Diagnostic and Statistical Manual (DSM). Includes psychiatric terminology, treatment, current research, cross cultural impact, ethical implications, and goal planning related to mental health processes and case management.",
  "prerequisites": []
}, {
  "corequisites": [],
  "course_name": "CRISIS",
  "course_number": "COUN 578",
  "credits": "SUICIDE",
  "description": "Focuses on interrelated topics in professional counseling: crisis management, suicidality assessment and interventions, grief and loss, and threat assessment and management. Addresses both theory and pragmatics.",
  "prerequisites": []
}, {
  "corequisites": [],
  "course_name": "TRAUMA-INFORMED COUNSELING",
  "course_number": "COUN 579",
  "credits": "3",
  "description": "Introduces knowledge and skills related to bolstering wellness and resilience for clients facing chronic stress and trauma. Examines environmental, physiological, and historical factors contributing to trauma and resilience, wellness-based resourcing/grounding strategies, and evidence-based approaches to treating trauma.",
  "prerequisites": [["COUN 578"]]
}, {
  "corequisites": [],
  "course_name": "SOCIAL JUSTICE",
  "course_number": "COUN 581",
  "credits": "DIVERSITY",
  "description": "Explores the multicultural counseling and social justice competencies that provide the foundation for this course. Focuses on counselor advocacy and considers global perspectives on counseling and diversity. Offers experiential learning activities in self-assessment, evaluation and reflection, and builds counselors’ cross-cultural knowledge, awareness, and skills.",
  "prerequisites": []
}, {
  "corequisites": [],
  "course_name": "MULTICULTURAL COUNSELING II",
  "course_number": "COUN 582",
  "credits": "3",
  "description": "Further explores multicultural counseling by studying in-depth the experience of specific student populations and their unique strengths and needs. Students will gain understanding of the specialized school programs and state and national regulations that support a variety of learners as well as the theories and research related to language acquisition to support ELL and bilingual students in the PK-12 system. Students will engage in authentic experiences and assignments to enrich their understanding of sub-populations of students and their families to enhance their cultural responsiveness with those specific groups of learners.",
  "prerequisites": [["COUN 581"]]
}, {
  "corequisites": [],
  "course_name": "SOCIAL JUSTICE",
  "course_number": "COUN 583",
  "credits": "DIVERSITY",
  "description": "Explores the multicultural counseling and social justice competencies that provide the foundation for this course. Focuses on counselor advocacy and considers global perspectives on counseling and diversity. Offers experiential learning activities in self-assessment, evaluation and reflection, and builds counselors’ cross-cultural knowledge, awareness, and skills.",
  "prerequisites": []
}, {
  "corequisites": [],
  "course_name": "INSTRUCTIONAL STRATEGIES FOR SCHOOL COUNSELORS",
  "course_number": "COUN 591",
  "credits": "3",
  "description": "Students will gain understanding in research-based classroom teaching practices including classroom planning and evaluation. Students will refine their educational beliefs of classroom practice and gain insight into the administrative structure of public schools as it relates to the teacher and school counselor.",
  "prerequisites": []
}, {
  "corequisites": [],
  "course_name": "CLASSROOM INSTRUCTION FOR COUNSELORS",
  "course_number": "COUN 592",
  "credits": "3",
  "description": "75 hours of supervised instruction in a public school setting.",
  "prerequisites": []
}, {
  "corequisites": [],
  "course_name": "INTRODUCTION TO CLINICAL SUPERVISION AND CONSULTATION",
  "course_number": "COUN 593",
  "credits": "4",
  "description": "Connects supervision and consultation to clinical mental health counselors’ practice and development. Discusses major models and approaches of supervision and consultation. Compares and contrasts clinical supervision with consultation and investigates processes and procedures of supervision and consultation. Examines ethical, legal, and multicultural considerations in supervision and consultation and develops supervision and consultation skills.",
  "prerequisites": [["COUN 514"]]
}, {
  "corequisites": [],
  "course_name": "SCHOOL COUNSELOR CONSULTATION AND SUPERVISION",
  "course_number": "COUN 594",
  "credits": "4",
  "description": "Connects consultation and supervision to school counselors’ practice and development and discusses major models and approaches in consultation and school counselor site supervision. Compares and contrasts supervision with consultation and investigates processes and procedures of supervision and consultation. Integrates ethical, legal, and multicultural considerations in consultation and supervision, and develops consultation and supervision skills.",
  "prerequisites": [["COUN 514"]]
}, {
  "corequisites": [],
  "course_name": "GROUP COUNSELING II",
  "course_number": "COUN 595",
  "credits": "3",
  "description": "Group counseling theories and pragmatics for clients with mental and emotional disorders.",
  "prerequisites": []
}, {
  "corequisites": [],
  "course_name": "INTRODUCTION TO COUNSELOR SUPERVISION",
  "course_number": "COUN 597",
  "credits": "3",
  "description": "Introduction to the theory and pragmatics of counselor supervision.",
  "prerequisites": []
}, {
  "corequisites": [],
  "course_name": "COUNSELOR CONSULTATION",
  "course_number": "COUN 598",
  "credits": "3",
  "description": "Development of consultation skills as a supervisor and counselor educator. Consultation theory and practice are studied. Students practice consultation skills and receive feedback.",
  "prerequisites": []
}, {
  "corequisites": [],
  "course_name": "SPECIAL TOPICS",
  "course_number": "COUN 599",
  "credits": "1-4",
  "description": "",
  "prerequisites": []
}, {
  "corequisites": [],
  "course_name": "RESEARCH",
  "course_number": "COUN 601",
  "credits": "1-16",
  "description": "",
  "prerequisites": []
}, {
  "corequisites": [],
  "course_name": "INDEPENDENT STUDY",
  "course_number": "COUN 602",
  "credits": "1-16",
  "description": "",
  "prerequisites": []
}, {
  "corequisites": [],
  "course_name": "THESIS",
  "course_number": "COUN 603",
  "credits": "1-16",
  "description": "",
  "prerequisites": []
}, {
  "corequisites": [],
  "course_name": "READING AND CONFERENCE",
  "course_number": "COUN 605",
  "credits": "1-16",
  "description": "",
  "prerequisites": []
}, {
  "corequisites": [],
  "course_name": "PROJECTS",
  "course_number": "COUN 606",
  "credits": "1-16",
  "description": "",
  "prerequisites": []
}, {
  "corequisites": [],
  "course_name": "SEMINAR",
  "course_number": "COUN 607",
  "credits": "1-16",
  "description": "",
  "prerequisites": []
}, {
  "corequisites": [],
  "course_name": "WORKSHOP",
  "course_number": "COUN 608",
  "credits": "1-16",
  "description": "",
  "prerequisites": []
}, {
  "corequisites": [],
  "course_name": "PRACTICUM IN COUNSELING",
  "course_number": "COUN 609",
  "credits": "1-12",
  "description": "Specialized counseling experiences supervised by a professional. Emphasis is on development of advanced skills in counseling specific to a population.",
  "prerequisites": []
}, {
  "corequisites": [],
  "course_name": "INTERNSHIP IN COUNSELING",
  "course_number": "COUN 610",
  "credits": "1-15",
  "description": "Designed to provide experiences in development of teaching and supervision skills in preparation as a counselor educator and supervisor.",
  "prerequisites": []
}, {
  "corequisites": [],
  "course_name": "RESEARCH PERSPECTIVES IN EDUCATION",
  "course_number": "COUN 612",
  "credits": "3",
  "description": "Research perspectives, how they are influenced by worldviews, and how these worldviews influence research.",
  "prerequisites": []
}, {
  "corequisites": [],
  "course_name": "RESEARCH ANALYSIS AND INTERPRETATION IN EDUCATION",
  "course_number": "COUN 613",
  "credits": "3",
  "description": "Critical analysis of scholarly studies in education from a variety of research perspectives.",
  "prerequisites": []
}, {
  "corequisites": [],
  "course_name": "UNIVERSITY LEVEL INSTRUCTIONAL THEORY AND METHODS",
  "course_number": "COUN 616",
  "credits": "3",
  "description": "Addresses general university level instructional theory and methods as well as pedagogy specific to counselor education.",
  "prerequisites": []
}, {
  "corequisites": [],
  "course_name": "ADVANCED COUNSELOR SUPERVISION",
  "course_number": "COUN 617",
  "credits": "3",
  "description": "Advanced theory and techniques in counselor supervision. Pedagogical issues in training supervisors are addressed.",
  "prerequisites": []
}, {
  "corequisites": [],
  "course_name": "PRACTICUM IN COUNSELING",
  "course_number": "COUN 618",
  "credits": "1-12",
  "description": "Specialized counseling experiences supervised by a professional. Emphasis is on development of advanced skills in counseling specific to a population.",
  "prerequisites": []
}, {
  "corequisites": [],
  "course_name": "INTERNSHIP IN COUNSELING",
  "course_number": "COUN 619",
  "credits": "1-12",
  "description": "Designed to provide experiences in development of teaching and supervision skills in preparation as a counselor educator and supervisor.",
  "prerequisites": []
}, {
  "corequisites": [],
  "course_name": "COUNSELOR EDUCATION QUANTITATIVE RESEARCH METHODS I",
  "course_number": "COUN 662",
  "credits": "3",
  "description": "Part I of a three-course sequence designed to prepare students to meet the CACREP doctoral standards for quantitative research methods in counselor education. Topics addressed in course I include application of the following in counselor education research: (1) data scales and scale transformation, (2) frequency distributions and histograms, (3) measures of central position, (4) variability, (5) characteristics of data curves, (6) normality, (7) measures of variability, (8) the statistical hypothesis, (9) statistical errors (Type I/Type II), (10) power analysis, and (11) statistical correlation.",
  "prerequisites": []
}, {
  "corequisites": [],
  "course_name": "COUNSELOR EDUCATION QUANTITATIVE RESEARCH METHODS II",
  "course_number": "COUN 663",
  "credits": "3",
  "description": "Part II of a three-part course sequence designed to prepare students to meet the CACREP doctoral standards for quantitative research methods in counselor education. Topics addressed in course II include application of the following in counselor education research: (1) a review of the dependent variable, normal curve, Type I and Type II errors, power analysis, and criteria for selecting statistical tools, (2) significance tests, including Chi-square t-test, one-factor analysis of variance, multiple comparison tests (L.S.D. and Tukey's HSD), two-factor analysis of variance, statistical interaction (ordinal and disordinal), linear regression, factor analysis, and analysis of covariance.",
  "prerequisites": []
}, {
  "corequisites": [],
  "course_name": "COUNSELOR EDUCATION QUANTITATIVE RESEARCH METHODS III",
  "course_number": "COUN 664",
  "credits": "3",
  "description": "Part III of a three-course sequence designed to prepare students to meet the CACREP doctoral standards for quantitative research methods in counselor education. Topics addressed in course III include application of the following in counselor education research: (1) multiple regression, (2) path analysis, (3) confirmatory factor analysis, analysis, (4) logistic regression, (5) reliability and generalizability theory, (6) cluster analysis, (7) structural equation modeling, and (8) single subject designs.",
  "prerequisites": []
}, {
  "corequisites": [],
  "course_name": "PUBLICATION METHODS IN COUNSELOR EDUCATION",
  "course_number": "COUN 665",
  "credits": "3",
  "description": "Teaches doctoral students how to write theses, grant reports, peer-reviewed journal articles, and textbook chapters.",
  "prerequisites": []
}, {
  "corequisites": [],
  "course_name": "ADVANCED ASSESSMENT IN COUNSELING",
  "course_number": "COUN 667",
  "credits": "3",
  "description": "Explores current issues in the use of assessment in counseling, best practices in instrument development, and best practices in assessment pedagogy.",
  "prerequisites": []
}, {
  "corequisites": [],
  "course_name": "ADVANCED CAREER DEVELOPMENT AND CONSULTATION IN COUNSELING",
  "course_number": "COUN 668",
  "credits": "3",
  "description": "An advanced course surveying past, current, and possible future technical and philosophical perspectives concerning career development and counseling. Issues in consultation, social change theory, and advocacy action planning are also reviewed in light of their impact on future counseling practitioners. Pedagogical methods for presenting current issues in career development, consultation, social change theory and advocacy action planning are a major focus of the class.",
  "prerequisites": []
}, {
  "corequisites": [],
  "course_name": "ADVANCED GROUP COUNSELING",
  "course_number": "COUN 671",
  "credits": "3",
  "description": "Provides learning experiences beyond the entry level in group counseling. Theoretical and pedagogical innovations in this area are discussed.",
  "prerequisites": []
}, {
  "corequisites": [],
  "course_name": "ADVANCED DIVERSITY AND SOCIAL JUSTICE IN COUNSELOR EDUCATION",
  "course_number": "COUN 681",
  "credits": "3",
  "description": "Addresses pedagogy relevant to multicultural, diversity, and social justice issues and the role of racial, ethnic, and cultural heritage, nationality, socioeconomic status, family structure, age, gender, sexual orientation, religious and spiritual beliefs, occupation, physical, and mental status, local, regional, national, international perspective, and issues of equity such as oppression, power and privilege in counselor education.",
  "prerequisites": []
}, {
  "corequisites": [],
  "course_name": "COUNSELOR EDUCATION",
  "course_number": "COUN 696",
  "credits": "3",
  "description": "Orientation to the profession of counselor education. Specific topics include: (1) history and organization of the profession, (2) program accreditation standards and practices, (3) instructional theory and methods relevant to counselor education, and (4) ethical and legal considerations in counselor education.",
  "prerequisites": []
}, {
  "corequisites": [],
  "course_name": "COUNSELOR SUPERVISION",
  "course_number": "COUN 697",
  "credits": "3",
  "description": "Practical experience for counseling professionals who have responsibility directing personal and professional development of counselors, promoting counselor competency, and developing and implementing counseling services and programs. Theoretical models of supervision are utilized to develop supervisor roles.",
  "prerequisites": []
}]