[{
  "corequisites": [],
  "course_name": "INTRODUCTION TO CROP",
  "course_number": "CROP 101",
  "credits": "SOIL",
  "description": "Introduces students with interests in crop, soil, and insect sciences to educational and professional opportunities in these disciplines. Speakers will discuss opportunities in research and academia as well as in the applied professional job market. CROSSLISTED as CROP 101/ENT 101/SOIL 101.",
  "prerequisites": []
}, {
  "corequisites": [],
  "course_name": "SPECIAL TOPICS",
  "course_number": "CROP 199",
  "credits": "1-16",
  "description": "",
  "prerequisites": []
}, {
  "corequisites": [],
  "course_name": "CROP ECOLOGY AND MORPHOLOGY",
  "course_number": "CROP 200",
  "credits": "3",
  "description": "An introduction to the concepts and principles of crop ecology and morphology and a foundation for other crop science courses. Examines the dynamics and function of crop communities, and the biotic and environmental interactions that influence productivity. Fundamentals of the developmental morphology of crop seeds, seedlings, and plants. Morphological features of seeds and plants in relation to the identification of crop families and species of economic importance.",
  "prerequisites": []
}, {
  "corequisites": [],
  "course_name": "INTRODUCTION TO THE COMPLEXITY OF OREGON CROPPING SYSTEMS",
  "course_number": "CROP 280",
  "credits": "4",
  "description": "An introduction to field cropping systems of western Oregon. Provides students with a broad overview of the complexity of cropping systems and the knowledge required to grow and produce a crop--plant physiology, seed biology, plant pathology, soil fertility, entomology, and weed science. Students will observe a crop under different management strategies to enhance understanding of management approaches.",
  "prerequisites": []
}, {
  "corequisites": [],
  "course_name": "CROP PRODUCTION IN PACIFIC NORTHWEST AGROECOSYSTEMS",
  "course_number": "CROP 300",
  "credits": "4",
  "description": "Relation of crop production to human culture and the natural environment. Origins of agriculture and the processes of agricultural change, and productivity and sustainability of specific crop production systems in the Pacific Northwest. History, geography, resource requirements, and key challenges faced are presented. Fundamental crop production practices in relation to productivity and sustainability. CROSSLISTED as CROP 300/HORT 300.",
  "prerequisites": []
}, {
  "corequisites": [],
  "course_name": "FORAGE PRODUCTION",
  "course_number": "CROP 310",
  "credits": "4",
  "description": "Importance of, and current production practices for, forage crops.",
  "prerequisites": []
}, {
  "corequisites": [],
  "course_name": "^AG AND ENVIRONMENTAL PREDICAMENTS: A CASE STUDY APPROACH",
  "course_number": "CROP 325",
  "credits": "3",
  "description": "Analyze controversial agricultural and environmental issues, synthesize information from diverse sources, and apply scientific knowledge to recommend specific courses of action to solve real world problems. Develop oral and written communication skills through individual and group work. CROSSLISTED as CROP 325/SOIL 325/SUS 325.",
  "prerequisites": []
}, {
  "corequisites": [],
  "course_name": "*WORLD FOOD CROPS",
  "course_number": "CROP 330",
  "credits": "3",
  "description": "Origin, production, utilization, and improvement of the world's major food crops. The role of crop production in global economic and social development; food security and worldwide nutritional requirements.",
  "prerequisites": []
}, {
  "corequisites": [],
  "course_name": "*PENS AND PLOWS: WRITINGS OF WORKING THE LAND",
  "course_number": "CROP 340",
  "credits": "3",
  "description": "A survey of literature from ancient Greece to the twentieth century focusing on the significance of agricultural life and/or the natural world. Students read and discuss writings considered critical in the development of Western culture and receive input on the literary significance and the accuracy of agriculture presented within the readings.",
  "prerequisites": []
}, {
  "corequisites": [],
  "course_name": "ORGANIC CERTIFICATION",
  "course_number": "CROP 355",
  "credits": "3",
  "description": "Learn about the USDA National Organic Program (NOP) standards relating to certified operations, inspection, certification processes, and labeling. Focus on the crops, processing, and livestock aspects of organic certification for farms and food manufacturing operations.",
  "prerequisites": []
}, {
  "corequisites": [],
  "course_name": "RESEARCH",
  "course_number": "CROP 401",
  "credits": "1-16",
  "description": "",
  "prerequisites": []
}, {
  "corequisites": [],
  "course_name": "THESIS",
  "course_number": "CROP 403",
  "credits": "1-16",
  "description": "",
  "prerequisites": []
}, {
  "corequisites": [],
  "course_name": "READING AND CONFERENCE",
  "course_number": "CROP 405",
  "credits": "1-16",
  "description": "",
  "prerequisites": []
}, {
  "corequisites": [],
  "course_name": "READING AND CONFERENCE",
  "course_number": "CROP 405H",
  "credits": "1-16",
  "description": "",
  "prerequisites": []
}, {
  "corequisites": [],
  "course_name": "SEMINAR",
  "course_number": "CROP 407",
  "credits": "1",
  "description": "",
  "prerequisites": []
}, {
  "corequisites": [],
  "course_name": "INTERNSHIP",
  "course_number": "CROP 410",
  "credits": "1-6",
  "description": "",
  "prerequisites": []
}, {
  "corequisites": [],
  "course_name": "PRECISION AGRICULTURE",
  "course_number": "CROP 414",
  "credits": "4",
  "description": "Provides insight into the technology available to support precision agriculture and data management planning applications. Examines the concepts and applications of precision agriculture to teach practical use of hardware, equipment and software. An overview of current technology including autonomous vehicles, GPS, soil and crop proximal sensors, imagery and mapping, variable rate control systems, and yield monitors. CROSSLISTED as CROP 414/HORT 414.",
  "prerequisites": []
}, {
  "corequisites": [],
  "course_name": "SEED SCIENCE AND TECHNOLOGY",
  "course_number": "CROP 420",
  "credits": "3",
  "description": "Seed formation and factors affecting their development and maturation. Seed structure and chemical composition. Physiological and biochemical aspects of seed germination, dormancy, deterioration and storability. The concept of seed quality, its importance in agriculture, its attributes and impact on field performance. Methods of measuring seed quality of conventional and genetically modified seeds.",
  "prerequisites": []
}, {
  "corequisites": [],
  "course_name": "ORGANIC SOIL AND CROP MANAGEMENT",
  "course_number": "CROP 430",
  "credits": "3",
  "description": "Explores organic soil and crop management, organic soil system management, soil microbiology under organic systems, cropping systems, organic cereal production systems, organic forage production system, organic horticultural systems management, organic field and horticulture cropping systems. CROSSLISTED as CROP 430/SOIL 430.",
  "prerequisites": []
}, {
  "corequisites": [],
  "course_name": "SYSTEMATICS AND ADAPTATION OF VEGETABLE CROPS",
  "course_number": "CROP 433",
  "credits": "4",
  "description": "Covers the botanical and taxonomic relationships, breeding systems and adaptation of vegetable crops. Fresh material is used to illustrate varietal differences and traits of importance. CROSSLISTED as CROP 433/HORT 433.",
  "prerequisites": [["BI 102", "BI 213", "BI 213H", "BI 223", "BI 223H", "BI 311", "BI 311H", "HORT 430", "CSS 430", "PBG 430", "HORT 450", "CSS 450", "PBG 450"]]
}, {
  "corequisites": [],
  "course_name": "WEED MANAGEMENT",
  "course_number": "CROP 440",
  "credits": "4",
  "description": "Principles of weed control by cultural, biological, and chemical means; weed identification; introduction to herbicides and factors influencing their use.",
  "prerequisites": []
}, {
  "corequisites": [],
  "course_name": "LIVESTOCK PRODUCTION ON PASTURE",
  "course_number": "CROP 448",
  "credits": "4",
  "description": "Focuses on grazing management in cultivated pastures in Oregon and other regions with similar agro-ecological conditions. Become familiar with the basic principles of pasture production, grazing management and feed planning and management in large and small ruminant production systems. Provides information on the underlying factors affecting pasture and animal production and product quality in pasture-based production systems. CROSSLISTED as ANS 448/CROP 448/RNG 448.",
  "prerequisites": []
}, {
  "corequisites": [],
  "course_name": "SEED PRODUCTION",
  "course_number": "CROP 460",
  "credits": "3",
  "description": "An introduction to principles and practices of seed-based genetic delivery systems. Fundamentals of seed crop biology, cultivar maintenance and production methods are stressed. Concepts are illustrated using Pacific Northwest seed crops.",
  "prerequisites": []
}, {
  "corequisites": [],
  "course_name": "SEED BIOLOGY",
  "course_number": "CROP 463",
  "credits": "3",
  "description": "Information about reproductive development of plants such as pollination and fertilization, which is important for the initiation of seed formation, will be provided. Embryo and endosperm development as well as accumulation of seed storage materials, which are major events during seed development, will be covered, as well as the dormancy and germination mechanisms in mature seeds. CROSSLISTED as CROP 463/HORT 463.",
  "prerequisites": []
}, {
  "corequisites": [],
  "course_name": "PRINCIPLES OF CANNABACEAE PRODUCTION: HEMP AND HOPS",
  "course_number": "CROP 475",
  "credits": "3",
  "description": "Explores hemp and hops history, products, utilization, phytochemistry, organic and conventional production systems, including rotation, fertilization, weed and pest control, multiple utilization streams, harvesting, postharvest operations.",
  "prerequisites": [["AGRI 420", "CROP 430", "CSS 205", "CSS 305", "CSS 315", "HORT 316", "HORT 421", "SOIL 205", "SOIL 205H", "SOIL 430", "WSE 266"]]
}, {
  "corequisites": [],
  "course_name": "CASE STUDIES IN CROPPING SYSTEMS MANAGEMENT",
  "course_number": "CROP 480",
  "credits": "4",
  "description": "Analyzes decision cases involving the production of field and horticultural crops; individual and group activities; discussion of the decision-making process. CROSSLISTED as CROP 480/HORT 480.",
  "prerequisites": []
}, {
  "corequisites": [],
  "course_name": "SPECIAL TOPICS IN CROP SCIENCE AND SOIL SCIENCE",
  "course_number": "CROP 499",
  "credits": "1-16",
  "description": "",
  "prerequisites": []
}, {
  "corequisites": [],
  "course_name": "SPECIAL TOPICS IN CROP SCIENCE AND SOIL SCIENCE",
  "course_number": "CROP 499H",
  "credits": "1-16",
  "description": "",
  "prerequisites": []
}, {
  "corequisites": [],
  "course_name": "RESEARCH",
  "course_number": "CROP 501",
  "credits": "1-16",
  "description": "",
  "prerequisites": []
}, {
  "corequisites": [],
  "course_name": "THESIS",
  "course_number": "CROP 503",
  "credits": "1-16",
  "description": "",
  "prerequisites": []
}, {
  "corequisites": [],
  "course_name": "READING AND CONFERENCE",
  "course_number": "CROP 505",
  "credits": "1-16",
  "description": "",
  "prerequisites": []
}, {
  "corequisites": [],
  "course_name": "PROJECTS",
  "course_number": "CROP 506",
  "credits": "1-16",
  "description": "",
  "prerequisites": []
}, {
  "corequisites": [],
  "course_name": "SEMINAR",
  "course_number": "CROP 507",
  "credits": "1",
  "description": "",
  "prerequisites": []
}, {
  "corequisites": [],
  "course_name": "PRACTICUM IN TEACHING",
  "course_number": "CROP 509",
  "credits": "1-3",
  "description": "Developing skills and competence in teaching under staff supervision; organization and presentation of instructional material by assisting in laboratory, recitation, and lectures. CROSSLISTED as CROP 509/ENT 509/PBG 509/SOIL 509.",
  "prerequisites": []
}, {
  "corequisites": [],
  "course_name": "PRECISION AGRICULTURE",
  "course_number": "CROP 514",
  "credits": "4",
  "description": "Provides insight into the technology available to support precision agriculture and data management planning applications. Examines the concepts and applications of precision agriculture to teach practical use of hardware, equipment and software. An overview of current technology including autonomous vehicles, GPS, soil and crop proximal sensors, imagery and mapping, variable rate control systems, and yield monitors.",
  "prerequisites": []
}, {
  "corequisites": [],
  "course_name": "SEED SCIENCE AND TECHNOLOGY",
  "course_number": "CROP 520",
  "credits": "3",
  "description": "Seed formation and factors affecting their development and maturation. Seed structure and chemical composition. Physiological and biochemical aspects of seed germination, dormancy, deterioration and storability. The concept of seed quality, its importance in agriculture, its attributes and impact on field performance. Methods of measuring seed quality of conventional and genetically modified seeds.",
  "prerequisites": []
}, {
  "corequisites": [],
  "course_name": "ORGANIC SOIL AND CROP MANAGEMENT",
  "course_number": "CROP 530",
  "credits": "3",
  "description": "Explores organic soil and crop management, organic soil system management, soil microbiology under organic systems, cropping systems, organic cereal production systems, organic forage production system, organic horticultural systems management, organic field and horticulture cropping systems. CROSSLISTED as CROP 530/SOIL 530.",
  "prerequisites": []
}, {
  "corequisites": [],
  "course_name": "SYSTEMATICS AND ADAPTATION OF VEGETABLE CROPS",
  "course_number": "CROP 533",
  "credits": "4",
  "description": "Covers the botanical and taxonomic relationships, breeding systems and adaptation of vegetable crops. Fresh material is used to illustrate varietal differences and traits of importance. CROP 533/HORT 533.",
  "prerequisites": []
}, {
  "corequisites": [],
  "course_name": "WEED MANAGEMENT",
  "course_number": "CROP 540",
  "credits": "4",
  "description": "Principles of weed control by cultural, biological, and chemical means; weed identification; introduction to herbicides and factors influencing their use.",
  "prerequisites": []
}, {
  "corequisites": [],
  "course_name": "SEED PRODUCTION",
  "course_number": "CROP 560",
  "credits": "3",
  "description": "An introduction to principles and practices of seed-based genetic delivery systems. Fundamentals of seed crop biology, cultivar maintenance and production methods are stressed. Concepts are illustrated using Pacific Northwest seed crops.",
  "prerequisites": []
}, {
  "corequisites": [],
  "course_name": "SEED BIOLOGY",
  "course_number": "CROP 563",
  "credits": "3",
  "description": "Information about reproductive development of plants such as pollination and fertilization, which is important for the initiation of seed formation, will be provided. Embryo and endosperm development as well as accumulation of seed storage materials, which are major events during seed development, will be covered, as well as the dormancy and germination mechanisms in mature seeds. CROSSLISTED as CROP 563/HORT 563.",
  "prerequisites": []
}, {
  "corequisites": [],
  "course_name": "PRINCIPLES OF CANNABACEAE PRODUCTION: HEMP AND HOPS",
  "course_number": "CROP 575",
  "credits": "3",
  "description": "Explores hemp and hops history, products, utilization, phytochemistry, organic and conventional production systems, including rotation, fertilization, weed and pest control, multiple utilization streams, harvesting, postharvest operations.",
  "prerequisites": [["AGRI 520", "CROP 530", "HORT 521", "SOIL 525", "SOIL 530"]]
}, {
  "corequisites": [],
  "course_name": "CASE STUDIES IN CROPPING SYSTEMS MANAGEMENT",
  "course_number": "CROP 580",
  "credits": "4",
  "description": "Analyzes decision cases involving the production of field and horticultural crops; individual and group activities; discussion of the decision-making process. CROSSLISTED as CROP 580/HORT 580.",
  "prerequisites": []
}, {
  "corequisites": [],
  "course_name": "EXPERIMENTAL DESIGN IN AGRICULTURE",
  "course_number": "CROP 590",
  "credits": "4",
  "description": "Field layout, analysis, and interpretation of basic experimental designs used in agronomy and plant breeding and including field plot techniques such as optimum plot size and shape, factorial arrangement, replication, sub-sampling, randomization, and blocking.",
  "prerequisites": []
}, {
  "corequisites": [],
  "course_name": "SPECIAL TOPICS IN CROP SCIENCE AND SOIL SCIENCE",
  "course_number": "CROP 599",
  "credits": "0-16",
  "description": "",
  "prerequisites": []
}, {
  "corequisites": [],
  "course_name": "RESEARCH",
  "course_number": "CROP 601",
  "credits": "1-16",
  "description": "",
  "prerequisites": []
}, {
  "corequisites": [],
  "course_name": "THESIS",
  "course_number": "CROP 603",
  "credits": "1-16",
  "description": "",
  "prerequisites": []
}, {
  "corequisites": [],
  "course_name": "READING AND CONFERENCE",
  "course_number": "CROP 605",
  "credits": "1-16",
  "description": "",
  "prerequisites": []
}, {
  "corequisites": [],
  "course_name": "PROJECTS",
  "course_number": "CROP 606",
  "credits": "1-16",
  "description": "",
  "prerequisites": []
}, {
  "corequisites": [],
  "course_name": "SEMINAR",
  "course_number": "CROP 607",
  "credits": "1",
  "description": "",
  "prerequisites": []
}, {
  "corequisites": [],
  "course_name": "WORKSHOP",
  "course_number": "CROP 608",
  "credits": "1-16",
  "description": "",
  "prerequisites": []
}, {
  "corequisites": [],
  "course_name": "PRACTICUM IN TEACHING",
  "course_number": "CROP 609",
  "credits": "1-3",
  "description": "Developing skills and competence in teaching under staff supervision; organization and presentation of instructional material by assisting in laboratory, recitation, and lectures.",
  "prerequisites": []
}, {
  "corequisites": [],
  "course_name": "SPECIAL TOPICS IN CROP SCIENCE AND SOIL SCIENCE",
  "course_number": "CROP 699",
  "credits": "1-16",
  "description": "",
  "prerequisites": []
}]