[{
  "corequisites": [],
  "course_name": "COMPUTERS: APPLICATIONS AND IMPLICATIONS",
  "course_number": "CS 101",
  "credits": "4",
  "description": "The varieties of computer hardware and software. The effects, positive and negative, of computers on human lives. Ethical implications of information technology. Hands-on experience with a variety of computer applications. Lec/lab.",
  "prerequisites": []
}, {
  "corequisites": [],
  "course_name": "INTRODUCTION TO COMPUTER SCIENCE I",
  "course_number": "CS 161",
  "credits": "4",
  "description": "Overview of fundamental concepts of computer science. Introduction to problem solving, software engineering, and object-oriented programming. Includes algorithm design and program development.",
  "prerequisites": [["MTH 112", "MTH 112Z"]]
}, {
  "corequisites": [],
  "course_name": "INTRODUCTION TO COMPUTER SCIENCE II",
  "course_number": "CS 162",
  "credits": "4",
  "description": "Provides an overview of the fundamental concepts of computer science. Studies basic data structures, computer programming techniques and application of software engineering principles. Introduces analysis of programs.",
  "prerequisites": [["CS 161", "EECS 161", "ENGR 103", "ENGR 103H"]]
}, {
  "corequisites": [],
  "course_name": "INTRODUCTION TO COMPUTER SCIENCE II",
  "course_number": "CS 162H",
  "credits": "4",
  "description": "Provides an overview of the fundamental concepts of computer science. Studies basic data structures, computer programming techniques and application of software engineering principles. Introduces analysis of programs.",
  "prerequisites": [["CS 161", "EECS 161", "ENGR 103", "ENGR 103H"]]
}, {
  "corequisites": [],
  "course_name": "*COMMUNICATIONS SECURITY AND SOCIAL MOVEMENTS",
  "course_number": "CS 175",
  "credits": "3",
  "description": "Equipping students with the theory and practice of communications security, this course explores how social movements can remain effective in the context of mass surveillance and state repression.",
  "prerequisites": []
}, {
  "corequisites": [],
  "course_name": "SPECIAL TOPICS/COMPUTER SCIENCE",
  "course_number": "CS 199",
  "credits": "1-16",
  "description": "",
  "prerequisites": []
}, {
  "corequisites": [],
  "course_name": "COMPUTER PROGRAMMING FOR NON-CS MAJORS",
  "course_number": "CS 201",
  "credits": "3",
  "description": "Covers a variety of fundamental topics in computer programming relevant to anyone who wants to write or work with computer code in their work or studies. Teaches basic computational thinking and programming skills which will allow students to solve a variety of real-world problems. In addition, students will learn more advanced topics such as how some basic algorithms work and can be written in computer code.",
  "prerequisites": [["MTH 111", "MTH 111Z", "MTH 112", "MTH 112Z", "MTH 227", "MTH 231", "MTH 231H", "MTH 241", "MTH 245", "MTH 251", "MTH 251H"]]
}, {
  "corequisites": [],
  "course_name": "DISCRETE STRUCTURES IN COMPUTER SCIENCE",
  "course_number": "CS 225",
  "credits": "4",
  "description": "An introduction to the discrete mathematics of computer science, including logic, set and set operations, methods of proof, recursive definitions, combinatorics, and graph theory.",
  "prerequisites": [["MTH 111", "MTH 111Z", "MTH 112", "MTH 112Z"]]
}, {
  "corequisites": [],
  "course_name": "DATA STRUCTURES",
  "course_number": "CS 261",
  "credits": "4",
  "description": "Abstract data types, dynamic arrays, linked lists, trees and graphs, binary search trees, hash tables, storage management, complexity analysis of data structures.",
  "prerequisites": [["CS 162", "CS 162H", "CS 165"], ["CS 225", "MTH 231", "MTH 231H"]]
}, {
  "corequisites": [],
  "course_name": "COMPUTER ARCHITECTURE AND ASSEMBLY LANGUAGE",
  "course_number": "CS 271",
  "credits": "4",
  "description": "Introduces functional organization and operation of digital computers. Coverage of assembly language; addressing, stacks, argument passing, arithmetic operations, decisions, macros, modularization, linkers, and debuggers.",
  "prerequisites": [["CS 151", "CS 161", "CS 165", "ENGR 103", "ENGR 103H"]]
}, {
  "corequisites": [],
  "course_name": "INTRODUCTION TO SYSTEMS PROGRAMMING",
  "course_number": "CS 274",
  "credits": "4",
  "description": "Explores systems-level programming using compiled languages such as C and C++. Explores terminals, shells, C and C++ syntax, pointers, memory models, and more. Learn to design and implement C and C++ programs, navigate language build pipelines, use terminals and shells, solve problems with different memory models, and manage dynamic memory. Gains practical skills for real-world coding challenges.",
  "prerequisites": [["CS 162", "CS 162H"]]
}, {
  "corequisites": [],
  "course_name": "WEB DEVELOPMENT",
  "course_number": "CS 290",
  "credits": "4",
  "description": "How to design and implement a multi-tier application using web technologies: Creation of extensive custom client- and server-side code, consistent with achieving a high-quality software architecture.",
  "prerequisites": [["CS 162", "CS 162H", "CS 165"]]
}, {
  "corequisites": [],
  "course_name": "SPECIAL TOPICS",
  "course_number": "CS 299",
  "credits": "0-4",
  "description": "",
  "prerequisites": []
}, {
  "corequisites": [],
  "course_name": "SYSTEM ADMINISTRATION",
  "course_number": "CS 312",
  "credits": "4",
  "description": "Introduction to system administration. Network administration and routing. Security issues. Computer, server, and network hardware.",
  "prerequisites": [["CS 311", "CS 344", "CS 374"], ["CS 372", "ECE 372"]]
}, {
  "corequisites": [],
  "course_name": "INTRODUCTION TO THEORY OF COMPUTATION",
  "course_number": "CS 321",
  "credits": "3",
  "description": "Survey of models of computation including finite automata, formal grammars, and Turing machines.",
  "prerequisites": [["CS 261"], ["CS 225", "MTH 231", "MTH 231H"]]
}, {
  "corequisites": [],
  "course_name": "INTRODUCTION TO THEORY OF COMPUTATION",
  "course_number": "CS 321H",
  "credits": "3",
  "description": "Survey of models of computation including finite automata, formal grammars, and Turing machines.",
  "prerequisites": [["CS 261"], ["CS 225", "MTH 231", "MTH 231H"]]
}, {
  "corequisites": [],
  "course_name": "ANALYSIS OF ALGORITHMS",
  "course_number": "CS 325",
  "credits": "4",
  "description": "Recurrence relations, combinatorics, recursive algorithms, proofs of correctness.",
  "prerequisites": [["CS 261"], ["CS 225", "MTH 231", "MTH 231H"]]
}, {
  "corequisites": [],
  "course_name": "ANALYSIS OF ALGORITHMS",
  "course_number": "CS 325H",
  "credits": "4",
  "description": "Recurrence relations, combinatorics, recursive algorithms, proofs of correctness.",
  "prerequisites": [["CS 261"], ["CS 225", "MTH 231", "MTH 231H"]]
}, {
  "corequisites": [],
  "course_name": "INTRODUCTION TO ARTIFICIAL INTELLIGENCE",
  "course_number": "CS 331",
  "credits": "4",
  "description": "Fundamental concepts in artificial intelligence using the unifying theme of an intelligent agent. Topics include agent architectures, search, games, logic and reasoning, and Bayesian networks.",
  "prerequisites": [["CS 325", "CS 325H"]]
}, {
  "corequisites": [],
  "course_name": "INTRODUCTION TO ARTIFICIAL INTELLIGENCE",
  "course_number": "CS 331H",
  "credits": "4",
  "description": "Fundamental concepts in artificial intelligence using the unifying theme of an intelligent agent. Topics include agent architectures, search, games, logic and reasoning, and Bayesian networks.",
  "prerequisites": [["CS 325", "CS 325H"]]
}, {
  "corequisites": [],
  "course_name": "INTRODUCTION TO DATABASES",
  "course_number": "CS 340",
  "credits": "4",
  "description": "Design and implementation of relational databases, including data modeling with ER or UML, diagrams, relational schema, SQL queries, relational algebra, user interfaces, and administration.",
  "prerequisites": [["CS 290"]]
}, {
  "corequisites": [],
  "course_name": "OPERATING SYSTEMS I",
  "course_number": "CS 344",
  "credits": "4",
  "description": "Introduction to operating systems using UNIX as the case study. System calls and utilities, fundamentals of processes and interprocess communication.",
  "prerequisites": [["CS 261"], ["CS 271", "ECE 271"]]
}, {
  "corequisites": [],
  "course_name": "INTRODUCTION TO USABILITY ENGINEERING",
  "course_number": "CS 352",
  "credits": "4",
  "description": "Explores basic principles of usability engineering methods for the design and evaluation of software systems. Includes the study of human-machine interactions, user interface characteristics and design strategies, software evaluation methods, and related guidelines and standards.",
  "prerequisites": [["CS 151", "CS 161", "CS 165", "CS 295", "ECE 151", "ENGR 103", "ENGR 103H"]]
}, {
  "corequisites": [],
  "course_name": "SOFTWARE ENGINEERING I",
  "course_number": "CS 361",
  "credits": "4",
  "description": "Introduction to the \"front end\" of the software engineering lifecycle; requirements analysis and specification; design techniques; project management.",
  "prerequisites": [["CS 261"]]
}, {
  "corequisites": [],
  "course_name": "SOFTWARE ENGINEERING II",
  "course_number": "CS 362",
  "credits": "4",
  "description": "Introduction to the \"back end\" of the software engineering lifecycle implementation; verification and validation; debugging; maintenance.",
  "prerequisites": [["CS 261"]]
}, {
  "corequisites": [],
  "course_name": "SOFTWARE ENGINEERING II",
  "course_number": "CS 362H",
  "credits": "4",
  "description": "Introduction to the \"back end\" of the software engineering lifecycle implementation; verification and validation; debugging; maintenance.",
  "prerequisites": [["CS 261"]]
}, {
  "corequisites": [],
  "course_name": "INTRODUCTION TO SECURITY",
  "course_number": "CS 370",
  "credits": "4",
  "description": "Introductory course on computer security with the objective to introduce concepts and principles of computer systems security. Notions of security, basic crytographic primitives and their application, basics of authentication and access control, basics of key-management, basics of malware and software security.",
  "prerequisites": [["CS 344", "CS 374"]]
}, {
  "corequisites": [],
  "course_name": "INTRODUCTION TO COMPUTER NETWORKS",
  "course_number": "CS 372",
  "credits": "4",
  "description": "Computer network principles, fundamental networking concepts, packet-switching and circuit switching, TCP/IP protocol layers, reliable data transfer, congestion control, flow control, packet forwarding and routing, MAC addressing, multiple access techniques. CROSSLISTED as CS 372/ECE 372.",
  "prerequisites": [["CS 261"], ["ECE 271", "CS 271"]]
}, {
  "corequisites": [],
  "course_name": "DEFENSE AGAINST THE DARK ARTS",
  "course_number": "CS 373",
  "credits": "4",
  "description": "Introduction to the current state of the art in anti-malware, computer forensics, and networking, messaging, and web security. Broad introduction to the field of computer security.",
  "prerequisites": [["CS 340"], ["CS 344", "CS 374"], ["CS 372", "ECE 372"]]
}, {
  "corequisites": [],
  "course_name": "OPERATING SYSTEMS I",
  "course_number": "CS 374",
  "credits": "4",
  "description": "Introduction to operating systems using UNIX as the case study. Emphasizes system calls and utilities, fundamentals of processes, and interprocess communication.",
  "prerequisites": [["CS 261"], ["CS 271", "ECE 271"]]
}, {
  "corequisites": [],
  "course_name": "PROGRAMMING LANGUAGE FUNDAMENTALS",
  "course_number": "CS 381",
  "credits": "4",
  "description": "An introduction to the concepts found in a variety of programming languages. Programming languages as tools for problem solving. A brief introduction to languages from a number of different paradigms.",
  "prerequisites": [["CS 261"], ["CS 225", "MTH 231", "MTH 231H"]]
}, {
  "corequisites": [],
  "course_name": "*SOCIAL AND ETHICAL ISSUES IN COMPUTER SCIENCE",
  "course_number": "CS 391",
  "credits": "3",
  "description": "In-depth exploration of the social, psychological, political, and ethical issues surrounding the computer industry and the evolving information society. (Bacc Core Course)",
  "prerequisites": []
}, {
  "corequisites": [],
  "course_name": "*SOCIAL AND ETHICAL ISSUES IN COMPUTER SCIENCE",
  "course_number": "CS 391H",
  "credits": "3",
  "description": "In-depth exploration of the social, psychological, political, and ethical issues surrounding the computer industry and the evolving information society. (Bacc Core Course)",
  "prerequisites": []
}, {
  "corequisites": [],
  "course_name": "SPECIAL TOPICS",
  "course_number": "CS 399",
  "credits": "0-4",
  "description": "",
  "prerequisites": []
}, {
  "corequisites": [],
  "course_name": "RESEARCH",
  "course_number": "CS 401",
  "credits": "1-16",
  "description": "",
  "prerequisites": []
}, {
  "corequisites": [],
  "course_name": "THESIS",
  "course_number": "CS 403",
  "credits": "1-16",
  "description": "",
  "prerequisites": []
}, {
  "corequisites": [],
  "course_name": "WRITING AND CONFERENCE",
  "course_number": "CS 404",
  "credits": "1-16",
  "description": "",
  "prerequisites": []
}, {
  "corequisites": [],
  "course_name": "READING AND CONFERENCE",
  "course_number": "CS 405",
  "credits": "1-16",
  "description": "",
  "prerequisites": []
}, {
  "corequisites": [],
  "course_name": "PROJECTS",
  "course_number": "CS 406",
  "credits": "1-16",
  "description": "",
  "prerequisites": []
}, {
  "corequisites": [],
  "course_name": "SEMINAR",
  "course_number": "CS 407",
  "credits": "1-16",
  "description": "",
  "prerequisites": []
}, {
  "corequisites": [],
  "course_name": "SEMINAR",
  "course_number": "CS 407H",
  "credits": "1-16",
  "description": "",
  "prerequisites": []
}, {
  "corequisites": [],
  "course_name": "OCCUPATIONAL INTERNSHIP",
  "course_number": "CS 410",
  "credits": "1-16",
  "description": "",
  "prerequisites": []
}, {
  "corequisites": [],
  "course_name": "SELECTED TOPICS IN COMPUTER SCIENCE",
  "course_number": "CS 419",
  "credits": "0-5",
  "description": "",
  "prerequisites": []
}, {
  "corequisites": [],
  "course_name": "SELECTED TOPICS IN COMPUTER SCIENCE",
  "course_number": "CS 419H",
  "credits": "0-5",
  "description": "",
  "prerequisites": []
}, {
  "corequisites": [],
  "course_name": "GRAPH THEORY WITH APPLICATIONS TO COMPUTER SCIENCE",
  "course_number": "CS 420",
  "credits": "3",
  "description": "Directed and undirected graphs; paths, circuits, trees, coloring, planar graphs, partitioning; computer representation of graphs and graph algorithms; applications in software complexity metrics, program testing, and compiling.",
  "prerequisites": [["CS 325", "CS 325H"]]
}, {
  "corequisites": [],
  "course_name": "CYBERSECURITY PRACTICUM I",
  "course_number": "CS 424",
  "credits": "5",
  "description": "Applies cybersecurity theories and principles in practice through clinical rotations at a security operations center serving a consortium of regional clients. Interactively examines and analyzes network, client, and sensor data to aid in the detection and remediation of cyber attacks. Applies incident management and response frameworks to create improved outcomes for security operations center clients. Explores technical, programmatic, and architectural solutions to common security operations problems. Recognizes professional responsibilities and makes informed judgments in cybersecurity practice based on legal and ethical principles.",
  "prerequisites": [["CS 370"], ["CS 372", "ECE 372"]]
}, {
  "corequisites": [],
  "course_name": "CYBERSECURITY PRACTICUM II",
  "course_number": "CS 425",
  "credits": "5",
  "description": "Applies cybersecurity theories and principles in practice through clinical rotations at a security operations center serving a consortium of regional clients. Interactively examines and analyzes security architectures at the CyberClinic Security Operations Center and at consortium client locations. Develops improved outcomes for security operations center clients through the application of cybersecurity engineering principles. Explores technical, programmatic, and architectural solutions to common security operations problems. Recognizes professional responsibilities and makes informed judgments in cybersecurity practice based on legal and ethical principles.",
  "prerequisites": [["CS 424"]]
}, {
  "corequisites": [],
  "course_name": "CYBERSECURITY PRACTICUM III",
  "course_number": "CS 426",
  "credits": "4",
  "description": "Applies cybersecurity theories and principles in practice through clinical rotations at a security operations center serving a consortium of regional clients. Interactively assesses client security maturity and risk and advises clients on prevention, defense, and response strategies. Applies network and end-client analysis to develop improved outcomes for security operations center clients through the application of threat-hunting principles and techniques. Recognizes professional responsibilities and makes informed judgments in cybersecurity practice based on legal and ethical principles.",
  "prerequisites": [["CS 425"]]
}, {
  "corequisites": [],
  "course_name": "CRYPTOGRAPHY",
  "course_number": "CS 427",
  "credits": "4",
  "description": "Introduction to the theory and practice of modern cryptography. Fundamental primitives including pseudorandom generators, block ciphers, hash functions. Symmetric-key cryptography for privacy and authenticity. Public-key cryptography based on number-theoretic problems.",
  "prerequisites": [["CS 261", "MTH 355", "MTH 310"]]
}, {
  "corequisites": [],
  "course_name": "^CYBERSECURITY CAPSTONE PROJECT",
  "course_number": "CS 428",
  "credits": "3",
  "description": "Utilize foundational knowledge of cybersecurity to complete a cybersecurity operations project. Develops skills for project development, including project planning, requirements analysis, design, coding, testing, configuration management, quality assurance, documentation, and delivery.",
  "prerequisites": [["CS 424"], ["WR 327", "WR 327H", "WR 227Z", "WR 227H"]]
}, {
  "corequisites": [],
  "course_name": "MACHINE LEARNING AND DATA MINING",
  "course_number": "CS 434",
  "credits": "4",
  "description": "Introduces machine learning and data mining algorithms and tools that are widely employed in industrial and research settings. Explores supervised learning for prediction problems, both discrete and real-valued; unsupervised learning for clustering data and discovering patterns in data sets; and reinforcement learning for controlling complex processes based on positive and negative feedback. Applies machine learning and data mining techniques to real problems with programming assignments and written homework assignments.",
  "prerequisites": [["CS 325", "CS 325H"], ["ST 314", "ECE 353"]]
}, {
  "corequisites": [],
  "course_name": "MACHINE LEARNING AND DATA MINING",
  "course_number": "CS 434H",
  "credits": "4",
  "description": "Introduces machine learning and data mining algorithms and tools that are widely employed in industrial and research settings. Explores supervised learning for prediction problems, both discrete and real-valued; unsupervised learning for clustering data and discovering patterns in data sets; and reinforcement learning for controlling complex processes based on positive and negative feedback. Applies machine learning and data mining techniques to real problems with programming assignments and written homework assignments.",
  "prerequisites": [["CS 325", "CS 325H"], ["ST 314", "ECE 353"]]
}, {
  "corequisites": [],
  "course_name": "DATABASE MANAGEMENT SYSTEMS",
  "course_number": "CS 440",
  "credits": "4",
  "description": "Relational database design, normalization, file structures, disk storage, query processing and optimization, team development of database applications.",
  "prerequisites": [["CS 261"], ["CS 340"]]
}, {
  "corequisites": [],
  "course_name": "OPERATING SYSTEMS II",
  "course_number": "CS 444",
  "credits": "4",
  "description": "Explores principles of computer operating systems: concurrent processes, memory management, job scheduling, multiprocessing, file systems, performance evaluation, and networking.",
  "prerequisites": [["CS 344", "CS 374"], ["CS 271", "ECE 375"]]
}, {
  "corequisites": [],
  "course_name": "NETWORKS IN COMPUTATIONAL BIOLOGY",
  "course_number": "CS 446",
  "credits": "3",
  "description": "Emphasizes computational and applied mathematical methods for modeling and analyzing biological networks. Covers various network centralities, topological measures, clustering algorithms, probabilistic annotation models and inference methods. Introduces those concepts in the context of protein interaction, gene regulatory, and metabolic networks. Uses graph frameworks, data frames (and related data structures for data science), and programming in Python or R. CROSSLISTED as BDS 446/CS 446.",
  "prerequisites": [["CS 161", "BDS 310", "BDS 470", "BOT 470", "BOT 476", "ENGR 103", "ENGR 103H"]]
}, {
  "corequisites": [],
  "course_name": "INTRODUCTION TO COMPUTER GRAPHICS",
  "course_number": "CS 450",
  "credits": "4",
  "description": "Theoretical and practical treatment of 3D computer graphics using OpenGL: geometric modeling, transformations, viewing, lighting, texture mapping, shading, rendering, and animation.",
  "prerequisites": [["CS 261"]]
}, {
  "corequisites": [],
  "course_name": "SCIENTIFIC VISUALIZATION",
  "course_number": "CS 453",
  "credits": "4",
  "description": "Applies 3D computer graphics methods to visually understand scientific and engineering data. Methods include hyperbolic projections; mapping scalar values to color spaces; data visualization using range sliders; scalar visualization (point clouds, cutting planes, contour plots, isosurfaces); vector visualization (arrow clouds, particle advection, streamlines); terrain visualization; Delauney triangulation; and volume visualization.",
  "prerequisites": [["CS 261"]]
}, {
  "corequisites": [],
  "course_name": "COMPUTER GRAPHICS SHADERS",
  "course_number": "CS 457",
  "credits": "4",
  "description": "Emphasizes theoretical and practical treatment of computer graphics shaders, including both RenderMan and GPU shaders. Explores programming in both RenderMan and OpenGL shading languages.",
  "prerequisites": [["CS 261"]]
}, {
  "corequisites": [],
  "course_name": "INTRODUCTION TO INFORMATION VISUALIZATION",
  "course_number": "CS 458",
  "credits": "4",
  "description": "Introduces data visualization concepts and techniques that aid knowledge discovery. Explores visualization design principles that are beneficial to cognitive learning and natural to human perception are the focus. Discussion topics will include graphs, trees, texts, time series and multivariate data.",
  "prerequisites": [["CS 361"]]
}, {
  "corequisites": [],
  "course_name": "^SENIOR SOFTWARE ENGINEERING PROJECT I",
  "course_number": "CS 461",
  "credits": "3",
  "description": "Utilize software engineering methodology in a team environment to develop a real-world application. Teams will be responsible for all phases of software development, including project planning, requirements analysis, design, coding, testing, configuration management, quality assurance, documentation, and delivery.",
  "prerequisites": [["CS 325", "CS 325H"], ["CS 361"], ["CS 362", "CS 362H"]]
}, {
  "corequisites": [],
  "course_name": "^SENIOR SOFTWARE ENGINEERING PROJECT II",
  "course_number": "CS 462",
  "credits": "3",
  "description": "Utilize software engineering methodology in a team environment to develop a real-world application. Teams will be responsible for all phases of software development, including project planning, requirements analysis, design, coding, testing, configuration management, quality assurance, documentation, and delivery.",
  "prerequisites": [["CS 362", "CS 362H"], ["CS 461"]]
}, {
  "corequisites": [],
  "course_name": "SENIOR SOFTWARE ENGINEERING PROJECT",
  "course_number": "CS 463",
  "credits": "2",
  "description": "Utilize software engineering methodology in a team environment to develop a real-world application. Teams will be responsible for all phases of software development, including project planning, requirements analysis, design, coding, testing, configuration management, quality assurance, documentation, and delivery.",
  "prerequisites": [["CS 462"]]
}, {
  "corequisites": [],
  "course_name": "OPEN SOURCE SOFTWARE",
  "course_number": "CS 464",
  "credits": "4",
  "description": "Provides a theoretical foundation of the history, key concepts, technologies, and practices associated with modern Free and Open Source Software (FOSS) projects, and gives students an opportunity to explore and make contributions to FOSS projects with some mentoring and guidance.",
  "prerequisites": [["CS 261"], ["CS 361"]]
}, {
  "corequisites": [["CS 461"]],
  "course_name": "WEB-BASED START-UP PROJECT",
  "course_number": "CS 466",
  "credits": "4",
  "description": "Real-world, hands-on learning in a high-tech web/mobile-based company environment. Research in the development of product ideas, hypotheses, and business models to create customer experiments. Prototyping and statistical analysis to develop, optimize, and evaluate solutions. Rapid iteration/refactoring based on customer input, web analytics, and user engagement metrics.",
  "prerequisites": []
}, {
  "corequisites": [],
  "course_name": "ONLINE CAPSTONE PROJECT",
  "course_number": "CS 467",
  "credits": "4",
  "description": "Real-world team-based experience with the software engineering design and delivery cycle, including requirements analysis and specification, design techniques, and requirements and final project written documentation.",
  "prerequisites": [["CS 361"], ["CS 362", "CS 362H"], ["CS 344", "CS 374"]]
}, {
  "corequisites": [],
  "course_name": "INCLUSIVE DESIGN (HCI)",
  "course_number": "CS 468",
  "credits": "4",
  "description": "Inclusive design is designing software that works for a wide variety of differently abled customers. Teaches the skills needed to design inclusively without having to have a separate design for each differently abled customer.",
  "prerequisites": [["CS 352"]]
}, {
  "corequisites": [],
  "course_name": "STRUCTURED PROJECT",
  "course_number": "CS 469",
  "credits": "2",
  "description": "Facilitates the completion of a working software product chosen and designed by the student. Introduces students to planning, reporting progress, and presenting results of software development work carried out as a structured project.",
  "prerequisites": []
}, {
  "corequisites": [],
  "course_name": "COMPUTER ARCHITECTURE",
  "course_number": "CS 472",
  "credits": "4",
  "description": "Computer architecture using processors, memories, and I/O devices as building blocks. Issues involved in the design of instruction set architecture, processor, pipelining and memory organization. Design philosophies and trade-offs involved in Reduced Instruction Set Computer (RISC) architectures. CROSSLISTED as CS 472/ECE 472 and CS 572/ECE 572.",
  "prerequisites": [["ECE 375"]]
}, {
  "corequisites": [],
  "course_name": "INTRODUCTION TO DIGITAL FORENSICS",
  "course_number": "CS 473",
  "credits": "4",
  "description": "Introduces concepts related to digital forensics, its role and importance, and tools and techniques for collecting and curating digital evidence. Discusses the role of evidence in the justice system and related legal aspects pertaining to digital forensics. Introduces tools and techniques for digital forensics.",
  "prerequisites": [["BA 479", "BIS 471", "CS 344", "CS 374"], ["CS 370"]]
}, {
  "corequisites": [],
  "course_name": "OPERATING SYSTEMS II",
  "course_number": "CS 474",
  "credits": "4",
  "description": "Examines principles of computer operating systems: concurrent processes, memory management, job scheduling, multiprocessing, file systems, performance evaluation, and networking.",
  "prerequisites": [["CS 344", "CS 374"], ["CS 271", "ECE 375"]]
}, {
  "corequisites": [],
  "course_name": "INTRODUCTION TO PARALLEL PROGRAMMING",
  "course_number": "CS 475",
  "credits": "4",
  "description": "Theoretical and practical survey of parallel programming, including a discussion of parallel architectures, parallel programming paradigms, and parallel algorithms. Programming one or more parallel computers in a higher-level parallel language.",
  "prerequisites": [["CS 261"]]
}, {
  "corequisites": [],
  "course_name": "ADVANCED COMPUTER NETWORKING",
  "course_number": "CS 476",
  "credits": "4",
  "description": "Covers advanced computer networking concepts: queuing theory, quality-of-service, buffer management, resource allocation and sharing, service models, scheduling policies, and performance modeling and analysis. CROSSLISTED as CS 476/ECE 476.",
  "prerequisites": [["CS 372", "ECE 372"], ["ECE 353", "ST 314", "ST 314H"]]
}, {
  "corequisites": [],
  "course_name": "NETWORK SECURITY",
  "course_number": "CS 478",
  "credits": "4",
  "description": "Basic concepts and techniques in network security, risks and vulnerabilities, applied cryptography and various network security protocols. Coverage of high-level concepts such as authentication, confidentiality, integrity, and availability applied to networking systems. Fundamental techniques including authentication protocols, group key establishment and management, trusted intermediaries, public key infrastructures, SSL/TLS, IPSec, firewalls and intrusion detection CROSSLISTED as CS 478/ECE 478.",
  "prerequisites": [["CS 372", "ECE 372"]]
}, {
  "corequisites": [],
  "course_name": "TRANSLATORS",
  "course_number": "CS 480",
  "credits": "4",
  "description": "Explores content on the subject of compilers; attribute grammars, syntax-directed translation, lex, yacc, LR(1) parsers, symbol tables, semantic analysis, and peep-hole optimization.",
  "prerequisites": [["CS 381"], ["CS 321", "CS 321H"], ["CS 344", "CS 374"]]
}, {
  "corequisites": [],
  "course_name": "COMPUTER SCIENCE SKILLS FOR SIMULATION AND GAME PROGRAMMING",
  "course_number": "CS 491",
  "credits": "4",
  "description": "Game and simulation development is very much a data and math-intensive activity. A certain number of actions must be produced, and producing them by hand is hard. This is a middleware CS course that fills in many of the missing pieces for those wanting to enter the simulation and game development worlds in a software tool-building capacity.",
  "prerequisites": [["CS 261"], ["CS 225", "MTH 231", "MTH 231H"], ["MTH 252", "MTH 252H"]]
}, {
  "corequisites": [],
  "course_name": "MOBILE SOFTWARE DEVELOPMENT",
  "course_number": "CS 492",
  "credits": "4",
  "description": "Introduction to concepts and techniques for developing mobile applications. Become familiar with modern mobile structure, implementation, development tools, and workflow.",
  "prerequisites": [["CS 344", "CS 374"]]
}, {
  "corequisites": [],
  "course_name": "CLOUD APPLICATION DEVELOPMENT",
  "course_number": "CS 493",
  "credits": "4",
  "description": "Covers developing RESTful cloud services, an approach based on representational state transfer technology, an architectural style and approach to communications used in modern cloud services development.",
  "prerequisites": [["CS 290"], ["CS 340"], ["CS 372"]]
}, {
  "corequisites": [],
  "course_name": "ADVANCED WEB DEVELOPMENT",
  "course_number": "CS 494",
  "credits": "4",
  "description": "Explores advanced concepts and techniques for developing client-side web applications. Emphasizes modern application design using contemporary tools and technologies such as component-based UI frameworks.",
  "prerequisites": [["CS 290"], ["CS 340"]]
}, {
  "corequisites": [],
  "course_name": "SPECIAL TOPICS",
  "course_number": "CS 499",
  "credits": "0-16",
  "description": "",
  "prerequisites": []
}, {
  "corequisites": [],
  "course_name": "RESEARCH",
  "course_number": "CS 501",
  "credits": "1-16",
  "description": "",
  "prerequisites": []
}, {
  "corequisites": [],
  "course_name": "COMPUTER SCIENCE MS THESIS",
  "course_number": "CS 503",
  "credits": "1-16",
  "description": "",
  "prerequisites": []
}, {
  "corequisites": [],
  "course_name": "WRITING AND CONFERENCE/EXPLORATION",
  "course_number": "CS 504",
  "credits": "1-9",
  "description": "",
  "prerequisites": []
}, {
  "corequisites": [],
  "course_name": "READING AND CONFERENCE",
  "course_number": "CS 505",
  "credits": "1-16",
  "description": "",
  "prerequisites": []
}, {
  "corequisites": [],
  "course_name": "PROJECTS",
  "course_number": "CS 506",
  "credits": "1-16",
  "description": "",
  "prerequisites": []
}, {
  "corequisites": [],
  "course_name": "SEMINAR",
  "course_number": "CS 507",
  "credits": "1-16",
  "description": "",
  "prerequisites": []
}, {
  "corequisites": [],
  "course_name": "OCCUPATIONAL INTERNSHIP",
  "course_number": "CS 510",
  "credits": "1-16",
  "description": "",
  "prerequisites": []
}, {
  "corequisites": [],
  "course_name": "PROGRAMMING AND DATA STRUCTURES",
  "course_number": "CS 511",
  "credits": "4",
  "description": "Focuses on computer programming, problem solving, data structures, object-oriented programming, sorting, asymptotic time complexity.",
  "prerequisites": []
}, {
  "corequisites": [],
  "course_name": "DATA SCIENCE TOOLS AND PROGRAMMING",
  "course_number": "CS 512",
  "credits": "4",
  "description": "Accessing and distributing data in the cloud; relational and non-relational databases; map reduction; cloud data processing; load balancing; types of data-stores used in the cloud.",
  "prerequisites": []
}, {
  "corequisites": [],
  "course_name": "APPLIED MACHINE LEARNING",
  "course_number": "CS 513",
  "credits": "4",
  "description": "Explores machine learning basics (variance and bias, underfitting and overfitting, etc). Reviews linear algebra and Numpy. Examines k-nearest neighbors, linear classification (perceptron and online learning), and linear and non-linear regression. Explores applications in housing price prediction (Kaggle contest) and text classification (sentiment analysis).",
  "prerequisites": []
}, {
  "corequisites": [],
  "course_name": "ALGORITHMS: DESIGN",
  "course_number": "CS 514",
  "credits": "ANALYSIS",
  "description": "Explores sorting and selection algorithms including divide-and-conquer, quicksort/quick select, merge sort, binary search trees, memorization, heaps and heapsort, priority queues, hashing, hashed heaps; asymptotic complexity analysis including the Master equation, tree method, amortization; Dynamic Programming on sequences, graphs, trees, and intervals; Graph algorithms including breadth-first search, depth-first search, topological sort, shortest path, minimum spanning tree, network flow. NP-hard and NP-Complete problems.",
  "prerequisites": []
}, {
  "corequisites": [],
  "course_name": "ALGORITHMS AND DATA STRUCTURES",
  "course_number": "CS 515",
  "credits": "4",
  "description": "Greedy algorithms, divide and conquer, dynamic programming, network flow, data structures.",
  "prerequisites": []
}, {
  "corequisites": [],
  "course_name": "THEORY OF COMPUTATION",
  "course_number": "CS 517",
  "credits": "4",
  "description": "Turing machines, decidability, NP-completeness, complexity classes, randomized computation, relativization, circuit complexity, interactive proof systems, lower bounds, cryptography.",
  "prerequisites": []
}, {
  "corequisites": [],
  "course_name": "SELECTED TOPICS IN COMPUTER SCIENCE",
  "course_number": "CS 519",
  "credits": "0-5",
  "description": "",
  "prerequisites": []
}, {
  "corequisites": [],
  "course_name": "GRAPH THEORY WITH APPLICATIONS TO COMPUTER SCIENCE",
  "course_number": "CS 520",
  "credits": "3",
  "description": "Directed and undirected graphs; paths, circuits, trees, coloring, planar graphs, partitioning; computer representation of graphs and graph algorithms; applications in software complexity metrics, program testing, and compiling.",
  "prerequisites": []
}, {
  "corequisites": [],
  "course_name": "CYBERSECURITY PRACTICUM I",
  "course_number": "CS 524",
  "credits": "5",
  "description": "Applies cybersecurity theories and principles in practice through clinical rotations at a security operations center serving a consortium of regional clients. Interactively examines and analyzes network, client, and sensor data to aid in the detection and remediation of cyber attacks. Applies incident management and response frameworks to create improved outcomes for security operations center clients. Explores technical, programmatic, and architectural solutions to common security operations problems. Recognizes professional responsibilities and makes informed judgments in cybersecurity practice based on legal and ethical principles.",
  "prerequisites": []
}, {
  "corequisites": [],
  "course_name": "CYBERSECURITY PRACTICUM II",
  "course_number": "CS 525",
  "credits": "5",
  "description": "Applies cybersecurity theories and principles in practice through clinical rotations at a security operations center serving a consortium of regional clients. Interactively examines and analyzes security architectures at the CyberClinic Security Operations Center and at consortium client locations. Develops improved outcomes for security operations center clients through the application of cybersecurity engineering principles. Explores technical, programmatic, and architectural solutions to common security operations problems. Recognizes professional responsibilities and makes informed judgments in cybersecurity practice based on legal and ethical principles.",
  "prerequisites": [["CS 524"]]
}, {
  "corequisites": [],
  "course_name": "CYBERSECURITY PRACTICUM III",
  "course_number": "CS 526",
  "credits": "4",
  "description": "Applies cybersecurity theories and principles in practice through clinical rotations at a security operations center serving a consortium of regional clients. Interactively assesses client security maturity and risk and advises clients on prevention, defense, and response strategies. Applies network and end-client analysis to develop improved outcomes for security operations center clients through the application of threat-hunting principles and techniques. Recognizes professional responsibilities and makes informed judgments in cybersecurity practice based on legal and ethical principles.",
  "prerequisites": [["CS 525"]]
}, {
  "corequisites": [],
  "course_name": "ERROR-CORRECTING CODES",
  "course_number": "CS 527",
  "credits": "4",
  "description": "Hamming codes, linear codes, cyclic codes, BCH and Reed-Solomon codes. Introduction to Galois fields. Encoding and decoding algorithms. Burst error correcting codes, asymmetric and unidirectional codes. Applications of codes for computer systems.",
  "prerequisites": []
}, {
  "corequisites": [],
  "course_name": "SELECTED TOPICS IN THEORETICAL COMPUTER SCIENCE",
  "course_number": "CS 529",
  "credits": "1-5",
  "description": "Topics of interest in algorithms and theory of computation. Topics include approximation algorithms, planar graph algorithms, distributed algorithms, combinatorial optimization, computational geometry.",
  "prerequisites": []
}, {
  "corequisites": [],
  "course_name": "DATABASE MANAGEMENT SYSTEMS",
  "course_number": "CS 540",
  "credits": "4",
  "description": "Purpose of database systems, levels of data representation. Entity-relationship model. Relational systems: data definition, data manipulation, query language (SQL), relational calculus and algebra, data dependencies and normal forms. DBTG network model. Query optimization, recovery, concurrency control.",
  "prerequisites": []
}, {
  "corequisites": [],
  "course_name": "OPERATING SYSTEMS II",
  "course_number": "CS 544",
  "credits": "4",
  "description": "Explores principles of computer operating systems: concurrent processes, memory management, job scheduling, multiprocessing, file systems, performance evaluation, and networking.",
  "prerequisites": []
}, {
  "corequisites": [],
  "course_name": "NETWORKS IN COMPUTATIONAL BIOLOGY",
  "course_number": "CS 546",
  "credits": "3",
  "description": "Emphasizes computational and applied mathematical methods for modeling and analyzing biological networks. Covers various network centralities, topological measures, clustering algorithms, probabilistic annotation models and inference methods. Introduces those concepts in the context of protein interaction, gene regulatory, and metabolic networks. Uses graph frameworks, data frames (and related data structures for data science), and programming in Python or R. CROSSLISTED as BDS 546/CS 546.",
  "prerequisites": []
}, {
  "corequisites": [],
  "course_name": "SELECTED TOPICS ON DATA SCIENCE & SYSTEMS",
  "course_number": "CS 549",
  "credits": "1-5",
  "description": "Current topics in data science and systems, e.g. querying, inference, and learning over large datasets; reasoning and learning on graph, heterogeneous, and multi-modal data; data curation; knowledge representation; systems for large data exploration and analytics; distributed data systems; human-centered data science; fairness and responsibility in data science.",
  "prerequisites": []
}, {
  "corequisites": [],
  "course_name": "INTRODUCTION TO COMPUTER GRAPHICS",
  "course_number": "CS 550",
  "credits": "4",
  "description": "Theoretical and practical treatment of 3D computer graphics using OpenGL: geometric modeling, transformations, viewing, lighting, texture mapping, shading, rendering, and animation.",
  "prerequisites": []
}, {
  "corequisites": [],
  "course_name": "COMPUTER GRAPHICS",
  "course_number": "CS 551",
  "credits": "4",
  "description": "3-D graphics hardware: Line and polygon scan conversion, modeling transformations, viewing transformations, matrix stacks, hierarchical models, perspective and orthographic projections, visible surface determination, illumination models, shading models, texture mapping, ray tracing.",
  "prerequisites": []
}, {
  "corequisites": [],
  "course_name": "COMPUTER ANIMATION",
  "course_number": "CS 552",
  "credits": "4",
  "description": "Traditional animation concepts: production pipeline, keyframing implementation, interpolation, point-mass dynamics, spring-mass systems, rigid body dynamics, forward and inverse kinematics, human motion control, motion capture.",
  "prerequisites": []
}, {
  "corequisites": [],
  "course_name": "SCIENTIFIC VISUALIZATION",
  "course_number": "CS 553",
  "credits": "4",
  "description": "Applies 3D computer graphics methods to visually understand scientific and engineering data. Methods include hyperbolic projections; mapping scalar values to color spaces; data visualization using range sliders; scalar visualization (point clouds, cutting planes, contour plots, isosurfaces); vector visualization (arrow clouds, particle advection, streamlines); terrain visualization; Delauney triangulation; and volume visualization.",
  "prerequisites": []
}, {
  "corequisites": [],
  "course_name": "GEOMETRIC MODELING IN COMPUTER GRAPHICS",
  "course_number": "CS 554",
  "credits": "4",
  "description": "Advanced topics in computer graphics focusing on representation and processing of polygonal models and their application. Surface fundamentals; discrete differential geometry and topology; data structures for representing 3-D surfaces; surface subdivision and smoothing; mesh simplification and multi-resolution representation of 3-D surfaces; geometry compression; surface parameterization; geometry remeshing; topological simplification; implicit surfaces.",
  "prerequisites": []
}, {
  "corequisites": [],
  "course_name": "COMPUTER GRAPHICS SHADERS",
  "course_number": "CS 557",
  "credits": "4",
  "description": "Emphasizes theoretical and practical treatment of computer graphics shaders, including both RenderMan and GPU shaders. Explores programming in both RenderMan and OpenGL shading languages.",
  "prerequisites": []
}, {
  "corequisites": [],
  "course_name": "INTRODUCTION TO INFORMATION VISUALIZATION",
  "course_number": "CS 558",
  "credits": "4",
  "description": "Introduces data visualization concepts and techniques that aid knowledge discovery. Explores visualization design principles that are beneficial to cognitive learning and natural to human perception are the focus. Discussion topics will include graphs, trees, texts, time series and multivariate data.",
  "prerequisites": []
}, {
  "corequisites": [],
  "course_name": "SELECTED TOPICS IN COMPUTER GRAPHICS AND VISION",
  "course_number": "CS 559",
  "credits": "0-5",
  "description": "Advanced topics in graphics, animation, and vision. Topics include distribution ray tracing, global-illumination, radiosity, image-based modeling and rendering, vision-assisted image and video editing, 3-D vision, 3-D virtual environments, 3-D interaction, control for physical simulation, motion graphs, computational geometry, etc.",
  "prerequisites": []
}, {
  "corequisites": [],
  "course_name": "DATA-DRIVEN SOFTWARE ENGINEERING",
  "course_number": "CS 560",
  "credits": "4",
  "description": "An overview of data-driven empirical research methods that can be used to understand the different aspects of software engineering.",
  "prerequisites": [["CS 561"]]
}, {
  "corequisites": [],
  "course_name": "SOFTWARE ENGINEERING METHODS",
  "course_number": "CS 561",
  "credits": "4",
  "description": "Master software engineering methods and supporting tools in the context of agile processes. Teams will engage in all aspects of software development including design, testing, implementation, deployment and maintenance. 3 hours of lecture per week plus one-hour independent lab per week.",
  "prerequisites": []
}, {
  "corequisites": [],
  "course_name": "FIELD STUDIES IN SE AND HCI",
  "course_number": "CS 564",
  "credits": "4",
  "description": "Deals with the type of empirical study known as the \"case\" study. These are studies that collect data from natural software development situations as they really occur in the field, in which the researcher does not manipulate or \"control\" anything. The course is an end-to-end coverage of the process. Mainly focuses on case studies involving human software developers in the field. The student will conduct a field study as part of this course.",
  "prerequisites": []
}, {
  "corequisites": [],
  "course_name": "HUMAN-COMPUTER INTERACTION",
  "course_number": "CS 565",
  "credits": "4",
  "description": "Basic principles of Human-Computer Interaction (HCI) for the design and evaluation of software systems. Includes research methods for studying human-machine interactions and user interfaces, design strategies, software evaluation methods, and related guidelines and standards.",
  "prerequisites": []
}, {
  "corequisites": [],
  "course_name": "LABORATORY STUDIES IN SE AND HCI",
  "course_number": "CS 567",
  "credits": "4",
  "description": "Empirical lab studies of software development. Covers how to go about designing, preparing for, running, analyzing, and writing-for-publication lab experiments of programming situations involving human subjects. This is an end-to-end coverage of the entire process, and will put students in a position to conduct lab studies of their own with human subjects.",
  "prerequisites": []
}, {
  "corequisites": [],
  "course_name": "INCLUSIVE DESIGN (HCI)",
  "course_number": "CS 568",
  "credits": "4",
  "description": "Inclusive design is designing software that works for a wide variety of differently abled customers. Teaches the skills needed to design inclusively without having to have a separate design for each differently abled customer.",
  "prerequisites": []
}, {
  "corequisites": [],
  "course_name": "SELECTED TOPICS IN SOFTWARE ENGINEERING",
  "course_number": "CS 569",
  "credits": "1-5",
  "description": "Topics include new programming methodologies, productivity, software development, software complexity metrics.",
  "prerequisites": []
}, {
  "corequisites": [],
  "course_name": "HIGH PERFORMANCE COMPUTER ARCHITECTURE",
  "course_number": "CS 570",
  "credits": "4",
  "description": "Advanced concepts in computer architecture. Performance improvement employing advanced pipelining and multiple instruction scheduling techniques. Issues in memory hierarchy and management. CROSSLISTED as CS 570/ECE 570.",
  "prerequisites": []
}, {
  "corequisites": [],
  "course_name": "COMPUTER ARCHITECTURE",
  "course_number": "CS 572",
  "credits": "4",
  "description": "Computer architecture using processors, memories, and I/O devices as building blocks. Issues involved in the design of instruction set architecture, processor, pipelining and memory organization. Design philosophies and trade-offs involved in Reduced Instruction Set Computer (RISC) architectures. CROSSLISTED as CS 472/ECE 472 and CS 572/ECE 572.",
  "prerequisites": []
}, {
  "corequisites": [],
  "course_name": "INTRODUCTION TO DIGITAL FORENSICS",
  "course_number": "CS 573",
  "credits": "4",
  "description": "Introduces concepts related to digital forensics, its role and importance, and tools and techniques for collecting and curating digital evidence. Discusses the role of evidence in the justice system and related legal aspects pertaining to digital forensics. Introduces tools and techniques for digital forensics.",
  "prerequisites": []
}, {
  "corequisites": [],
  "course_name": "OPERATING SYSTEMS II",
  "course_number": "CS 574",
  "credits": "4",
  "description": "Examines principles of computer operating systems: concurrent processes, memory management, job scheduling, multiprocessing, file systems, performance evaluation, and networking.",
  "prerequisites": []
}, {
  "corequisites": [],
  "course_name": "INTRODUCTION TO PARALLEL PROGRAMMING",
  "course_number": "CS 575",
  "credits": "4",
  "description": "Theoretical and practical survey of parallel programming, including a discussion of parallel architecture, parallel programming paradigms, and parallel algorithms. Programming one or more parallel computers in a higher-level parallel language.",
  "prerequisites": []
}, {
  "corequisites": [],
  "course_name": "ADVANCED COMPUTER NETWORKING",
  "course_number": "CS 576",
  "credits": "4",
  "description": "Covers advanced computer networking concepts: queuing theory, quality-of-service, buffer management, resource allocation and sharing, service models, scheduling policies, and performance modeling and analysis. CROSSLISTED as CS 576/ECE 576.",
  "prerequisites": []
}, {
  "corequisites": [],
  "course_name": "PRIVACY AND SURVEILLANCE",
  "course_number": "CS 577",
  "credits": "4",
  "description": "Explores the need for privacy and theories of surveillance. Examines the current state of privacy-enhancing technologies. Emphasizes the critical reading and discussion of technical literature on privacy-enhancing technologies.",
  "prerequisites": []
}, {
  "corequisites": [],
  "course_name": "CYBER-SECURITY",
  "course_number": "CS 578",
  "credits": "4",
  "description": "A broad overview of the field of computer and network security. Essential cryptographic mechanisms such as symmetric and public-key cryptography (e.g., encryption, signatures), network security and authentication protocols (e.g., Kerberos, TLS, IPSec), system security (e.g., access control, firewalls), advanced topics (e.g., searchable encryption, cloud security, secure computation). CROSSLISTED as CS 578/ECE 578.",
  "prerequisites": []
}, {
  "corequisites": [],
  "course_name": "TOPICS IN COMPUTER ARCHITECTURE AND PARALLEL PROCESSING",
  "course_number": "CS 579",
  "credits": "0-5",
  "description": "",
  "prerequisites": []
}, {
  "corequisites": [],
  "course_name": "PROGRAMMING LANGUAGES I",
  "course_number": "CS 581",
  "credits": "4",
  "description": "Introduces functional programming and programming language theory. Focuses on strongly typed functional programming, abstract syntax and grammars, interpreters, denotational and/or operational semantics, and lambda calculus.",
  "prerequisites": []
}, {
  "corequisites": [],
  "course_name": "PROGRAMMING LANGUAGES II",
  "course_number": "CS 582",
  "credits": "4",
  "description": "Essentials of programming language theory for understanding and conducting programming language research. Dependently typed programming in Agda, Coq, or Idris; operational semantics; type systems; unification and type inference.",
  "prerequisites": [["CS 581"]]
}, {
  "corequisites": [],
  "course_name": "ADVANCED FUNCTIONAL PROGRAMMING",
  "course_number": "CS 583",
  "credits": "4",
  "description": "Advanced functional programming concepts and strategies, with a focus on techniques useful for the design and implementation of programming languages. Includes higher-order abstract syntax, functors and monads, generalized algebraic data types, functional data structures, and graph reduction.",
  "prerequisites": [["CS 581"]]
}, {
  "corequisites": [],
  "course_name": "SELECTED TOPICS IN PROGRAMMING LANGUAGES",
  "course_number": "CS 589",
  "credits": "1-5",
  "description": "An in-depth examination of a specific topic of interest in programming language design and implementation. Example topics include object-oriented programming, parallel programming, compiler optimization, programming language semantics.",
  "prerequisites": []
}, {
  "corequisites": [],
  "course_name": "SPECIAL TOPICS",
  "course_number": "CS 599",
  "credits": "0-16",
  "description": "",
  "prerequisites": []
}, {
  "corequisites": [],
  "course_name": "RESEARCH",
  "course_number": "CS 601",
  "credits": "1-16",
  "description": "",
  "prerequisites": []
}, {
  "corequisites": [],
  "course_name": "COMPUTER SCIENCE PHD THESIS",
  "course_number": "CS 603",
  "credits": "1-16",
  "description": "",
  "prerequisites": []
}, {
  "corequisites": [],
  "course_name": "READING AND CONFERENCE",
  "course_number": "CS 605",
  "credits": "1-16",
  "description": "",
  "prerequisites": []
}, {
  "corequisites": [],
  "course_name": "SEMINAR",
  "course_number": "CS 607",
  "credits": "1-16",
  "description": "",
  "prerequisites": []
}]