[{
  "corequisites": [],
  "course_name": "*SOIL SCIENCE",
  "course_number": "CSS 205",
  "credits": "4",
  "description": "Introduction to the chemical, physical and biological nature of soils. Examines the functions of soil as a medium for plant growth, a recycling system for nutrients and wastes, a modifier of atmospheric chemistry, a habitat for soil organisms, a system for water purification, and an engineering medium. Field and laboratory projects provide an understanding of fundamental soil science principles and the impact of human activities on soil quality and sustainability.",
  "prerequisites": []
}]