[{
  "corequisites": [],
  "course_name": "RESEARCH AND SCHOLARSHIP",
  "course_number": "CSSA 501",
  "credits": "1-16",
  "description": "",
  "prerequisites": []
}, {
  "corequisites": [],
  "course_name": "INDEPENDENT STUDY",
  "course_number": "CSSA 502",
  "credits": "1-16",
  "description": "",
  "prerequisites": []
}, {
  "corequisites": [],
  "course_name": "THESIS",
  "course_number": "CSSA 503",
  "credits": "1-16",
  "description": "",
  "prerequisites": []
}, {
  "corequisites": [],
  "course_name": "READING AND CONFERENCE",
  "course_number": "CSSA 505",
  "credits": "1-16",
  "description": "",
  "prerequisites": []
}, {
  "corequisites": [],
  "course_name": "PROJECTS",
  "course_number": "CSSA 506",
  "credits": "1-16",
  "description": "",
  "prerequisites": []
}, {
  "corequisites": [],
  "course_name": "SEMINAR",
  "course_number": "CSSA 507",
  "credits": "1-5",
  "description": "",
  "prerequisites": []
}, {
  "corequisites": [],
  "course_name": "WORKSHOP",
  "course_number": "CSSA 508",
  "credits": "1-3",
  "description": "",
  "prerequisites": []
}, {
  "corequisites": [],
  "course_name": "INTERNSHIP",
  "course_number": "CSSA 510",
  "credits": "1-18",
  "description": "",
  "prerequisites": []
}, {
  "corequisites": [],
  "course_name": "RESEARCH IN HIGHER EDUCATION",
  "course_number": "CSSA 513",
  "credits": "3",
  "description": "Basic understanding of research and assessment ideas, uses, and practices in higher education and student affairs.",
  "prerequisites": []
}, {
  "corequisites": [],
  "course_name": "MULTICULTURAL ISSUES IN HIGHER EDUCATION",
  "course_number": "CSSA 520",
  "credits": "3",
  "description": "Developing understanding, knowledge, and skills of multiculturalism affecting the student affairs profession and careers in student affairs administration.",
  "prerequisites": []
}, {
  "corequisites": [],
  "course_name": "FUNDAMENTALS OF COUNSELING",
  "course_number": "CSSA 530",
  "credits": "3",
  "description": "Explores basic helping skills and processes appropriate in a variety of settings, specifically within the higher education arena. Focuses on a variety of counseling skills and techniques through videotape and role plays. Explores ethical standards of conduct, multicultural considerations and competencies, and engages in discussions of counseling issues within higher education.",
  "prerequisites": []
}, {
  "corequisites": [],
  "course_name": "TRAGEDY AND CRISIS MANAGEMENT IN HIGHER EDUCATION",
  "course_number": "CSSA 535",
  "credits": "3",
  "description": "Introduction to the history of major incidents of college and university tragedies and best practices for preventing and responding to these crisis situations.",
  "prerequisites": []
}, {
  "corequisites": [],
  "course_name": "AMERICAN HIGHER EDUCATION",
  "course_number": "CSSA 548",
  "credits": "3",
  "description": "The origins and development of higher education in the United States from the colonial colleges to the present.",
  "prerequisites": []
}, {
  "corequisites": [],
  "course_name": "GLOBALIZATION IN HIGHER EDUCATION",
  "course_number": "CSSA 549",
  "credits": "3",
  "description": "Exposes students to the multifaceted nature of global education by exploring Globalization/internationalization as it relates not only to student affairs, but to the greater higher education setting.",
  "prerequisites": []
}, {
  "corequisites": [],
  "course_name": "PROGRAMS AND FUNCTIONS IN COLLEGE STUDENT SERVICES",
  "course_number": "CSSA 551",
  "credits": "3",
  "description": "Historical, philosophical, and organizational foundations; operational components and functional areas; overview and analysis of college student services in postsecondary educational institutions; leadership development.",
  "prerequisites": []
}, {
  "corequisites": [],
  "course_name": "STUDENT DEVELOPMENT IN UNIVERSITIES AND COLLEGES",
  "course_number": "CSSA 552",
  "credits": "3",
  "description": "Theoretical and philosophical foundations of student development; analysis of college student characteristics and the student culture; nontraditional student subgroups; student attitudes, values, and beliefs; concepts and models that promote student learning; and assessment of student growth.",
  "prerequisites": []
}, {
  "corequisites": [],
  "course_name": "STUDENT DEVELOPMENT IN UNIVERSITIES AND COLLEGES II",
  "course_number": "CSSA 553",
  "credits": "3",
  "description": "Gain a deeper understanding of adult student populations and development theory (specifically, cognitive theories and typologies) and its application to practice.",
  "prerequisites": []
}, {
  "corequisites": [],
  "course_name": "LEGAL ISSUES IN HIGHER EDUCATION",
  "course_number": "CSSA 554",
  "credits": "3",
  "description": "A comprehensive presentation and discussion of the law governing administration within public colleges and universities with a special emphasis on tort liability and freedom of expression.",
  "prerequisites": []
}, {
  "corequisites": [],
  "course_name": "PROFESSIONAL DEVELOPMENT IN COLLEGE STUDENT SERVICES",
  "course_number": "CSSA 557",
  "credits": "1",
  "description": "Self-assessment, goal setting, professional growth, and professional ethics as a practitioner in college student services administration. Graded P/N.",
  "prerequisites": []
}, {
  "corequisites": [],
  "course_name": "ORGANIZATION AND ADMINISTRATION OF COLLEGE STUDENT SERVICES",
  "course_number": "CSSA 558",
  "credits": "3",
  "description": "Legal foundations, governance models, planning, and goal setting, resource acquisition and allocation, personnel and financial management and administrative leadership",
  "prerequisites": []
}, {
  "corequisites": [],
  "course_name": "CSSA TRANSITIONS",
  "course_number": "CSSA 559",
  "credits": "3",
  "description": "First-term CSSA students will explore issues of professional transition, orientation and acculturation, including: foundational professional values that inform student affairs work; student affairs professional associations; student affairs research and scholarship; social justice in higher education; and approaches to self-care and professional well-being.",
  "prerequisites": []
}, {
  "corequisites": [],
  "course_name": "FOUNDATIONS OF SOCIAL JUSTICE",
  "course_number": "CSSA 560",
  "credits": "3",
  "description": "Examines the foundations of social justice in higher education. Considers foundational critical pedagogists and explores how to engage in action to address issues of inequity and injustice in higher education.",
  "prerequisites": []
}, {
  "corequisites": [],
  "course_name": "BUDGET AND FINANCE",
  "course_number": "CSSA 574",
  "credits": "3",
  "description": "Introduces budget and finance in student services. Covers topics which student affairs practitioners should be familiar, able to use, and to assess.",
  "prerequisites": []
}, {
  "corequisites": [],
  "course_name": "INTRODUCTION TO COMMUNITY COLLEGES",
  "course_number": "CSSA 575",
  "credits": "3",
  "description": "Develops a baseline understanding of key community college concepts. Explores an overview of history and mission, culture, governance, funding, student demographics, academic programs, and student support services.",
  "prerequisites": []
}, {
  "corequisites": [],
  "course_name": "ACADEMIC ADVISING",
  "course_number": "CSSA 580",
  "credits": "2",
  "description": "Provides an introduction to academic advising as a profession and an essential component of quality higher education. Examines the history, theory, core values and practices that encompass this dynamic functional area and considers how advising skill sets play out in other student services areas.",
  "prerequisites": []
}, {
  "corequisites": [],
  "course_name": "SPECIAL TOPICS",
  "course_number": "CSSA 599",
  "credits": "1-16",
  "description": "",
  "prerequisites": []
}]