[{
  "corequisites": [],
  "course_name": "INTERNSHIP",
  "course_number": "DSGN 004",
  "credits": "0",
  "description": "Provides basic personal and professional skills that can be used within and outside of a work setting. Through practice, this experience guides students in building and maintaining positive professional relationships, networking/mentoring relationships, and enhances students’ understanding of the connection between theory and practice in their respective disciplines.",
  "prerequisites": []
}, {
  "corequisites": [],
  "course_name": "DESIGN FUNDAMENTALS",
  "course_number": "DSGN 101",
  "credits": "4",
  "description": "Explores principles and theories of design through iterative development and making of project work. Topics include basic design terminology, design principles, and materiality.",
  "prerequisites": []
}, {
  "corequisites": [],
  "course_name": "COMPUTER AIDED DESIGN",
  "course_number": "DSGN 121",
  "credits": "3",
  "description": "Introduction to the Adobe Creative Suite: Illustrator and Photoshop. Instruction in drawing, image editing, flat illustrations and textile design.",
  "prerequisites": []
}, {
  "corequisites": [],
  "course_name": "SPECIAL TOPICS",
  "course_number": "DSGN 199",
  "credits": "1-6",
  "description": "",
  "prerequisites": []
}, {
  "corequisites": [],
  "course_name": "INTRODUCTION TO APPAREL PRODUCT DEVELOPMENT",
  "course_number": "DSGN 226",
  "credits": "4",
  "description": "Introduces terminology, assembly process, quality factors, and costs in the development of sewn product specifications.",
  "prerequisites": [["DSGN 121"]]
}, {
  "corequisites": [],
  "course_name": "COLOR INNOVATION",
  "course_number": "DSGN 244",
  "credits": "4",
  "description": "The aesthetics, meaning, and perception of color provide the foundational knowledge in this course.",
  "prerequisites": []
}, {
  "corequisites": [],
  "course_name": "COLOR INNOVATION",
  "course_number": "DSGN 244H",
  "credits": "4",
  "description": "The aesthetics, meaning, and perception of color provide the foundational knowledge in this course.",
  "prerequisites": []
}, {
  "corequisites": [],
  "course_name": "PROFESSIONAL DEVELOPMENT",
  "course_number": "DSGN 253",
  "credits": "3",
  "description": "Introduces career management process. Emphasizes ongoing, systematic nature of process. Topics include self-assessment, career exploration, preliminary employment strategies.",
  "prerequisites": [["DSGN 121"]]
}, {
  "corequisites": [],
  "course_name": "TEXTILES",
  "course_number": "DSGN 255",
  "credits": "4",
  "description": "Properties, identification, selection, use and care of textile fibers and fabrics. Analysis of fiber, yarn, and fabric constructions in textiles.",
  "prerequisites": []
}, {
  "corequisites": [],
  "course_name": "INTRODUCTION TO MERCHANDISING MANAGEMENT",
  "course_number": "DSGN 276",
  "credits": "4",
  "description": "Provides the introductory knowledge necessary to prepare students for working in the retail industry. Introduces students to the retail industry including basic terminology, industry history, and to merchandising management decisions. Prepares students for more advanced knowledge in merchandising management.",
  "prerequisites": []
}, {
  "corequisites": [],
  "course_name": "DRAWING AND SKETCHING",
  "course_number": "DSGN 281",
  "credits": "4",
  "description": "Designed for both beginning drawers and those wanting to improve their skills. Focuses exclusively on hand drawing skills with an emphasis on technical drawing skills, observational and perspective drawing, as well as imagination and creativity. Students develop a working knowledge of visual methods for communicating design concepts. Class format includes a combination of quick drawing activities, demonstrations, lectures, critiques, and work time on drawing assignments. Introduces the drawings of several prominent designers and artists.",
  "prerequisites": []
}, {
  "corequisites": [],
  "course_name": "DRAFTING YOUR CAREER BLUEPRINT",
  "course_number": "DSGN 282",
  "credits": "1",
  "description": "Part of Blueprint – a 12 course professional development course series to guide the student from college to career. Topics include understanding and developing one’s own talents and strengths and beginning the initial stages of career exploration.",
  "prerequisites": []
}, {
  "corequisites": [],
  "course_name": "NAVIGATING CRUCIAL CONVERSATIONS IN THE WORKPLACE",
  "course_number": "DSGN 283",
  "credits": "1",
  "description": "Examines how a culture of effective dialogue fosters employee engagement.",
  "prerequisites": [["BA 252", "BA 252H"]]
}, {
  "corequisites": [],
  "course_name": "FOUNDATIONS OF PERSONAL FINANCE I",
  "course_number": "DSGN 284",
  "credits": "1",
  "description": "Part of Blueprint – a 12 course professional development course series to guide the student from college to career. Topics include foundations of personal finance, helping students navigate paying-for-college resources and aiding them in developing and sticking to a realistic budget while in school.",
  "prerequisites": []
}, {
  "corequisites": [],
  "course_name": "STUDIO I: DESIGN COMMUNICATION",
  "course_number": "DSGN 287",
  "credits": "4",
  "description": "Focuses on design communication. Develops skills to create 2D and 3D visualizations and presentations of interiors.",
  "prerequisites": [["DSGN 101"], ["DSGN 121"]]
}, {
  "corequisites": [],
  "course_name": "STUDIO II: RESIDENTIAL DESIGN",
  "course_number": "DSGN 288",
  "credits": "4",
  "description": "Emphasizes space planning principles in the design of residences. Explores rendering techniques, perspective drawing skills, graphic communication techniques, and model building skills.",
  "prerequisites": [["DSGN 287"]]
}, {
  "corequisites": [],
  "course_name": "FRAMING YOUR CAREER PLAN",
  "course_number": "DSGN 311",
  "credits": "1",
  "description": "Part of Blueprint – a 12 course professional development course series to guide the student from college to career. Course topics are designed to help the student explore different types of business communications and how to effectively communicate their ideas in a variety of methods.",
  "prerequisites": []
}, {
  "corequisites": [],
  "course_name": "FOUNDATIONS OF PERSONAL FINANCE II",
  "course_number": "DSGN 312",
  "credits": "1",
  "description": "Part of Blueprint – a 12 course professional development course series to guide the student from college to career. Second of four course in Blueprint that is dedicated to learning the foundations of personal finance. Topics include Taxes, Credit, Loans & Cars, and Investing.",
  "prerequisites": []
}, {
  "corequisites": [],
  "course_name": "A CASE FOR CIVIL DISCOURSE IN BUSINESS",
  "course_number": "DSGN 313",
  "credits": "1",
  "description": "Explores the role civil discourse plays in impacting societal issues from a business perspective.",
  "prerequisites": []
}, {
  "corequisites": [],
  "course_name": "APPAREL DESIGN WITH FLAT PATTERN",
  "course_number": "DSGN 327",
  "credits": "4",
  "description": "Develop apparel using fundamental flat pattern methods. Analyze apparel construction related to equipment, cost, quality, end use and customer need.",
  "prerequisites": [["DSGN 226"]]
}, {
  "corequisites": [],
  "course_name": "APPAREL INDUSTRY COLLABORATION",
  "course_number": "DSGN 329",
  "credits": "3",
  "description": "Engages in industry lead team project that incorporates the use of advanced 2D and 3D applications.",
  "prerequisites": [["DSGN 327"]]
}, {
  "corequisites": [],
  "course_name": "^FASHION FORECASTING AND MARKET ANALYSIS",
  "course_number": "DSGN 330",
  "credits": "4",
  "description": "Forecasting and market analysis processes applied to fashion goods.",
  "prerequisites": [["WR 222", "WR 222H", "WR 227Z", "WR 227H", "WR 323", "WR 323H", "WR 327", "WR 327H"]]
}, {
  "corequisites": [],
  "course_name": "HISTORY OF CONTEMPORARY FASHION",
  "course_number": "DSGN 333",
  "credits": "4",
  "description": "Historic analysis of fashion change in men’s and women’s apparel from 1890 to the present. The influence of social and cultural factors upon Euro-American fashion.",
  "prerequisites": []
}, {
  "corequisites": [],
  "course_name": "DESIGN THINKING AND PROCESS INNOVATION",
  "course_number": "DSGN 341",
  "credits": "4",
  "description": "Application of a qualitative, multi-method approach to gain insight into how the consumer experience can be improved within a given context. Application of design thinking principles to identify and develop solutions to improve consumer experience within a given context.",
  "prerequisites": []
}, {
  "corequisites": [],
  "course_name": "DESIGN THINKING AND PROCESS INNOVATION",
  "course_number": "DSGN 341H",
  "credits": "4",
  "description": "Application of a qualitative, multi-method approach to gain insight into how the consumer experience can be improved within a given context. Application of design thinking principles to identify and develop solutions to improve consumer experience within a given context.",
  "prerequisites": []
}, {
  "corequisites": [],
  "course_name": "INTRODUCTION TO DESIGN MANAGEMENT",
  "course_number": "DSGN 342",
  "credits": "4",
  "description": "Introduces the foundations and concepts of design strategy and creative development.",
  "prerequisites": [["DSGN 341", "DSGN 341H"]]
}, {
  "corequisites": [],
  "course_name": "IDEA VISUALIZATION",
  "course_number": "DSGN 343",
  "credits": "4",
  "description": "Focuses on the design process through visual communication of ideation and sketching.",
  "prerequisites": [["DSGN 342"]]
}, {
  "corequisites": [],
  "course_name": "SPECIFICATION AND EVALUATION OF PERFORMANCE MATERIALS",
  "course_number": "DSGN 356",
  "credits": "3",
  "description": "Specification of materials for athletic and outdoor apparel to enhance human comfort, safety, and performance.",
  "prerequisites": [["DSGN 255"]]
}, {
  "corequisites": [["DSGN 356"]],
  "course_name": "EVALUATION OF PERFORMANCE MATERIALS LABORATORY",
  "course_number": "DSGN 357",
  "credits": "1",
  "description": "Evaluation of materials for athletic and outdoor apparel to enhance human comfort, safety, and performance.",
  "prerequisites": [["DSGN 255"], ["DSGN 327"]]
}, {
  "corequisites": [],
  "course_name": "MERCHANDISE PLANNING AND CONTROL",
  "course_number": "DSGN 372",
  "credits": "4",
  "description": "Quantitative analysis of inventory planning, pricing, and control for the profitable management of soft goods; analysis of management problems using quantitative data and merchandising principles.",
  "prerequisites": [["DSGN 276"]]
}, {
  "corequisites": [],
  "course_name": "RETAIL AND MERCHANDISING ANALYTICS",
  "course_number": "DSGN 377",
  "credits": "4",
  "description": "Evaluates performance within the merchandising functions of an organization. Develops merchandising plans based on quantitative and qualitative analysis, as well merchandising principles.",
  "prerequisites": [["DSGN 372"]]
}, {
  "corequisites": [],
  "course_name": "BUILDING CONSTRUCTION AND MATERIALS",
  "course_number": "DSGN 383",
  "credits": "3",
  "description": "An introduction to the manufacture, characteristics, sustainability, and use of construction materials in commercial and residential construction.",
  "prerequisites": []
}, {
  "corequisites": [],
  "course_name": "STUDIO III: ADVANCED DESIGN COMMUNICATION",
  "course_number": "DSGN 387",
  "credits": "4",
  "description": "Development of presentation and Building Information Modeling (BIM) skills through various computer programs including Adobe Illustrator, Adobe PhotoShop, Sketchup, and Revit Architecture. In-class exercises and take-home assignments.",
  "prerequisites": [["DSGN 287"]]
}, {
  "corequisites": [],
  "course_name": "STUDIO IV: HOSPITALITY DESIGN",
  "course_number": "DSGN 388",
  "credits": "4",
  "description": "Study and design of hospitality spaces in compliance with building codes and industry standards, with emphasis on sustainability, safety, and cultural context.",
  "prerequisites": [["DSGN 387"]]
}, {
  "corequisites": [],
  "course_name": "STUDIO V: LIGHTING DESIGN",
  "course_number": "DSGN 394",
  "credits": "4",
  "description": "Lighting design and documentation for residential and small commercial projects. The commercial projects include space planning and lighting design for workspace and retail environments.",
  "prerequisites": [["DSGN 388"]]
}, {
  "corequisites": [],
  "course_name": "THESIS",
  "course_number": "DSGN 403",
  "credits": "1-16",
  "description": "",
  "prerequisites": []
}, {
  "corequisites": [],
  "course_name": "READING AND CONFERENCE",
  "course_number": "DSGN 405",
  "credits": "1-16",
  "description": "",
  "prerequisites": []
}, {
  "corequisites": [],
  "course_name": "PROJECTS",
  "course_number": "DSGN 406",
  "credits": "1-16",
  "description": "",
  "prerequisites": []
}, {
  "corequisites": [],
  "course_name": "SEMINAR",
  "course_number": "DSGN 407",
  "credits": "1-16",
  "description": "",
  "prerequisites": []
}, {
  "corequisites": [],
  "course_name": "WORKSHOP",
  "course_number": "DSGN 408",
  "credits": "1-16",
  "description": "",
  "prerequisites": []
}, {
  "corequisites": [],
  "course_name": "PRACTICUM",
  "course_number": "DSGN 409",
  "credits": "1-16",
  "description": "",
  "prerequisites": []
}, {
  "corequisites": [],
  "course_name": "INTERNSHIP",
  "course_number": "DSGN 410",
  "credits": "1-12",
  "description": "",
  "prerequisites": []
}, {
  "corequisites": [],
  "course_name": "NAVIGATING CAREER TRANSITIONS",
  "course_number": "DSGN 411",
  "credits": "1",
  "description": "Explores strategies and decision-making tactics to prepare for successful career transitions.",
  "prerequisites": []
}, {
  "corequisites": [],
  "course_name": "FINANCIAL PLANNING I",
  "course_number": "DSGN 412",
  "credits": "1",
  "description": "Part of Blueprint – a 12-course professional development course series to guide the student from college to career. Continues to build a foundation of financial planning, offering students the tools to successfully prepare for future wealth. Topics include: budgeting for life after graduation, planning for new earnings and income, saving for your future self, and keeping your money and yourself secure.",
  "prerequisites": []
}, {
  "corequisites": [],
  "course_name": "FINANCIAL PLANNING II",
  "course_number": "DSGN 413",
  "credits": "1",
  "description": "Part of Blueprint – a 12-course professional development course series to guide the student from college to career. Finalizes the foundations of financial planning, offering students the tools to successfully outline long-term financial goals. Topics include: addressing debt and buying a home, managing risk and insurance, planning for retirement, and creating a long-term legacy.",
  "prerequisites": []
}, {
  "corequisites": [],
  "course_name": "DIGITAL DESIGN FOR APPAREL",
  "course_number": "DSGN 426",
  "credits": "3",
  "description": "Develop apparel using computer-aided flat pattern, grading and marker software. Develop virtual prototypes to aid in design and product development.",
  "prerequisites": [["DSGN 329"]]
}, {
  "corequisites": [],
  "course_name": "APPAREL DESIGN WITH DRAPING",
  "course_number": "DSGN 427",
  "credits": "4",
  "description": "Develop apparel from 3D form using draping methods. Advanced analysis of apparel construction related to equipment, cost quality, end use, and customer needs.",
  "prerequisites": [["DSGN 329"]]
}, {
  "corequisites": [],
  "course_name": "APPAREL GRADING",
  "course_number": "DSGN 428",
  "credits": "SIZING",
  "description": "Focuses on theory and development of sizing and grading systems used in apparel, and evaluation of garment fit by use of virtual and physical prototypes.",
  "prerequisites": [["DSGN 426"], ["DSGN 427"]]
}, {
  "corequisites": [],
  "course_name": "SENIOR APPAREL DESIGN STUDIO",
  "course_number": "DSGN 429",
  "credits": "4",
  "description": "Develops individual design projects with the purpose of creating an apparel collection and digital showcase.",
  "prerequisites": [["DSGN 426"], ["DSGN 427"]]
}, {
  "corequisites": [],
  "course_name": "DESIGN RESEARCH",
  "course_number": "DSGN 440",
  "credits": "4",
  "description": "Surveys design principles, methods and applications in business outcomes. Application of design research is investigated and analyzed in group projects.",
  "prerequisites": [["DSGN 343"]]
}, {
  "corequisites": [],
  "course_name": "SERVICE DESIGN INNOVATION",
  "course_number": "DSGN 441",
  "credits": "4",
  "description": "Focuses on the impact that service design has on business enterprises. Creative ideation, critical analysis, and innovative thinking are integrated as foundations for service design outcomes.",
  "prerequisites": [["DSGN 440"]]
}, {
  "corequisites": [],
  "course_name": "MATERIALITY AND MAKING FIELD PROJECT",
  "course_number": "DSGN 442",
  "credits": "4",
  "description": "Focuses on material properties and specifications. Students work in the makerspace to design product outcomes.",
  "prerequisites": [["DSGN 440"]]
}, {
  "corequisites": [],
  "course_name": "CONTEMPORARY HISTORY OF INTERIORS AND HOUSING",
  "course_number": "DSGN 464",
  "credits": "3",
  "description": "Covers history of interior design from the mid-19th century until the present. Integrates social, political, and physical influences affecting historical changes in design of the built environment.",
  "prerequisites": [["DSGN 388"], ["ART 204", "ART 205", "ART 206"]]
}, {
  "corequisites": [],
  "course_name": "RETAIL ENVIRONMENT STRATEGIES",
  "course_number": "DSGN 471",
  "credits": "4",
  "description": "Examines competitive presentation strategies within retail environments and channels (e.g., in-store, catalog, online, mobile) by integrating the principles and elements of design with sensory marketing.",
  "prerequisites": [["DSGN 377"], ["BA 390", "BA 390H", "BA 223", "BA 223H"]]
}, {
  "corequisites": [],
  "course_name": "*GLOBAL SOURCING OF TEXTILES",
  "course_number": "DSGN 475",
  "credits": "APPAREL",
  "description": "Trade theory and the effects of trade policy, cultural values, and economics on the global production, distribution, and consumption of textiles, apparel, and footwear.",
  "prerequisites": []
}, {
  "corequisites": [],
  "course_name": "STUDIO VI: HEALTHCARE DESIGN",
  "course_number": "DSGN 488",
  "credits": "4",
  "description": "Interior design project development with emphasis on healthcare design, contract documents, and building codes.",
  "prerequisites": [["DSGN 394"]]
}, {
  "corequisites": [],
  "course_name": "STUDIO VII: SENIOR THESIS II",
  "course_number": "DSGN 495",
  "credits": "4",
  "description": "Individual design project development of programming document and construction drawings.",
  "prerequisites": [["DSGN 488"]]
}]