[{
  "corequisites": [],
  "course_name": "SPECIAL TOPICS",
  "course_number": "ECON 199",
  "credits": "1-16",
  "description": "",
  "prerequisites": []
}, {
  "corequisites": [],
  "course_name": "+*INTRODUCTION TO MICROECONOMICS",
  "course_number": "ECON 201",
  "credits": "4",
  "description": "Introduces the principles of microeconomics including economic scarcity, price theory, consumer behavior, producer behavior, market structure, government role in the market, externalities, and market failure. Additional selected topics may include game theory, behavioral economics, international trade, poverty, and inequality.",
  "prerequisites": []
}, {
  "corequisites": [],
  "course_name": "+*INTRODUCTION TO MICROECONOMICS",
  "course_number": "ECON 201H",
  "credits": "4",
  "description": "Introduces the principles of microeconomics including economic scarcity, price theory, consumer behavior, producer behavior, market structure, government role in the market, externalities, and market failure. Additional selected topics may include game theory, behavioral economics, international trade, poverty, and inequality.",
  "prerequisites": []
}, {
  "corequisites": [],
  "course_name": "+*INTRODUCTION TO MACROECONOMICS",
  "course_number": "ECON 202",
  "credits": "4",
  "description": "Introduces the principles of macroeconomics including the study of the aggregate activity of a market economy, sources of economic growth, inflation, unemployment, and the use of fiscal and monetary policy to address macroeconomic problems.",
  "prerequisites": []
}, {
  "corequisites": [],
  "course_name": "INTERMEDIATE MICROECONOMIC THEORY",
  "course_number": "ECON 311",
  "credits": "4",
  "description": "An examination of demand theory, production and cost theory, game theory, behavioral economics, competitive and imperfectly competitive markets, and general equilibrium and welfare economics. ECON 311 and ECON 411 cannot both be taken for credit toward the economics major.",
  "prerequisites": [["ECON 201", "ECON 201H"]]
}, {
  "corequisites": [],
  "course_name": "PRICES",
  "course_number": "ECON 314",
  "credits": "MARKETS",
  "description": "Explains determinants of demand and supply. Analyzes alternative market structures and behavioral economics. Assess impact on social welfare of alternative assumptions regarding market competition, externalities, asymmetric information, behavioral economics. Applies behavioral economics to analysis of public policy. Explains why policies often fail to achieve objectives.",
  "prerequisites": [["ECON 201", "ECON 201H"]]
}, {
  "corequisites": [],
  "course_name": "INTERMEDIATE MACROECONOMIC THEORY",
  "course_number": "ECON 315",
  "credits": "4",
  "description": "An examination of macroeconomic aggregates, income determination, aggregate demand and supply. The basic macroeconomic models will be discussed such as Keynesian, Classical, Monetarist, and Neo-Classical. ECON 315 and ECON 415 cannot both be taken for credit toward the Economics major.",
  "prerequisites": [["ECON 201", "ECON 201H"], ["ECON 202", "ECON 202H"]]
}, {
  "corequisites": [],
  "course_name": "INTRODUCTION TO MATHEMATICAL ECONOMICS",
  "course_number": "ECON 329",
  "credits": "4",
  "description": "Mathematical methods of economic analysis. Theory of economic structure and optimization developed through calculus and linear algebra, dynamic systems analyzed through integral calculus and difference and differential equations. The mathematical tools are developed in conjunction with their application to economic problems. Some acquaintance with calculus recommended.",
  "prerequisites": [["ECON 201", "ECON 201H"], ["ECON 202", "ECON 202H"], ["MTH 241", "MTH 251", "MTH 251H"]]
}, {
  "corequisites": [],
  "course_name": "MONEY AND BANKING",
  "course_number": "ECON 330",
  "credits": "4",
  "description": "Nature and functions of money; functions and operations of depository institutions; the money market; central banking and monetary policy. (SS)",
  "prerequisites": [["ECON 201", "ECON 201H"], ["ECON 202", "ECON 202H"]]
}, {
  "corequisites": [],
  "course_name": "INTERNATIONAL ECONOMICS",
  "course_number": "ECON 340",
  "credits": "4",
  "description": "An overview of international economics with an emphasis on current events and applications, including classical and modern trade theory and the study of trade and exchange-rate policies. (SS) (See Schedule Comment regarding Bacc Core status.)",
  "prerequisites": [["ECON 201", "ECON 201H"], ["ECON 202", "ECON 202H"]]
}, {
  "corequisites": [],
  "course_name": "FINANCIAL ECONOMICS",
  "course_number": "ECON 350",
  "credits": "4",
  "description": "Discusses how various securities meet the needs of different economic agents and the efficiency of financial markets in meeting those needs. Topics include interest rates, valuation, investment risk, trading and market structure, arbitrage, market efficiency, debt markets, equity markets, and financial derivatives.",
  "prerequisites": [["ECON 201", "ECON 201H"], ["ECON 202"]]
}, {
  "corequisites": [],
  "course_name": "*ENVIRONMENTAL ECONOMICS AND POLICY",
  "course_number": "ECON 352",
  "credits": "3",
  "description": "Provides an overview of the interrelationships between economic activity, the environment, and public policy. Through case studies, discussion groups, readings, and group activities, students learn how economists define and analyze environmental problems and the types of policies they advocate for managing environmental quality. CROSSLISTED as AEC 352/ECON 352.",
  "prerequisites": [["AEC 250", "AEC 250H", "ECON 201", "ECON 201H"]]
}, {
  "corequisites": [],
  "course_name": "*THE ECONOMICS OF DISCRIMINATION",
  "course_number": "ECON 383",
  "credits": "4",
  "description": "An economic analysis of discrimination, focusing on labor market inequities for women and minorities. Historical and current trends in pay, education, and employment disparities, economic explanations for such disparities, and econometric evidence for wage and employment discrimination. (SS) (Bacc Core Course)",
  "prerequisites": [["ECON 201", "ECON 201H"]]
}, {
  "corequisites": [],
  "course_name": "SPECIAL TOPICS",
  "course_number": "ECON 399",
  "credits": "1-16",
  "description": "",
  "prerequisites": []
}, {
  "corequisites": [],
  "course_name": "SPECIAL TOPICS",
  "course_number": "ECON 399H",
  "credits": "1-16",
  "description": "",
  "prerequisites": []
}, {
  "corequisites": [],
  "course_name": "RESEARCH AND SCHOLARSHIP",
  "course_number": "ECON 401",
  "credits": "1-16",
  "description": "",
  "prerequisites": []
}, {
  "corequisites": [],
  "course_name": "INDEPENDENT STUDY",
  "course_number": "ECON 402",
  "credits": "1-16",
  "description": "",
  "prerequisites": []
}, {
  "corequisites": [],
  "course_name": "THESIS",
  "course_number": "ECON 403",
  "credits": "1-16",
  "description": "",
  "prerequisites": []
}, {
  "corequisites": [],
  "course_name": "READING AND CONFERENCE",
  "course_number": "ECON 405",
  "credits": "1-16",
  "description": "",
  "prerequisites": []
}, {
  "corequisites": [],
  "course_name": "PROJECTS",
  "course_number": "ECON 406",
  "credits": "1-16",
  "description": "",
  "prerequisites": []
}, {
  "corequisites": [],
  "course_name": "SEMINAR",
  "course_number": "ECON 407",
  "credits": "1-16",
  "description": "",
  "prerequisites": []
}, {
  "corequisites": [],
  "course_name": "WORKSHOP",
  "course_number": "ECON 408",
  "credits": "1-16",
  "description": "",
  "prerequisites": []
}, {
  "corequisites": [],
  "course_name": "INTERNSHIP",
  "course_number": "ECON 410",
  "credits": "1-16",
  "description": "",
  "prerequisites": []
}, {
  "corequisites": [],
  "course_name": "ADVANCED MICROECONOMIC THEORY",
  "course_number": "ECON 411",
  "credits": "4",
  "description": "Rigorous treatment of optimizing behavior of economic agents and markets. Examines utility maximization and demand; cost minimization, profit maximization and supply; perfect competition and monopoly; imperfect competition and game theory; and general equilibrium, social welfare and market failure using sophisticated mathematical tools. Students cannot receive credit toward the major for both ECON 311 and ECON 411.",
  "prerequisites": [["ECON 201", "ECON 201H"], ["MTH 241", "MTH 251", "MTH 251H"]]
}, {
  "corequisites": [],
  "course_name": "BEHAVIORAL ECONOMICS",
  "course_number": "ECON 414",
  "credits": "4",
  "description": "Economic analysis of the effects of social, cognitive, and emotional factors on individual decision making and their implications for market outcomes and policy making. Topics include time inconsistency, decision making under risk, cognitive dissonance, heuristics, social preferences, and experimental economics.",
  "prerequisites": [["ECON 311", "ECON 411"]]
}, {
  "corequisites": [],
  "course_name": "ADVANCED MACROECONOMIC THEORY",
  "course_number": "ECON 415",
  "credits": "4",
  "description": "Macroeconomics as an application of general equilibrium theory. Macroeconomic models are developed taking preferences and technology as primitives. The models' short and long run predictions are analyzed and compared to the data. The welfare implications of fiscal and monetary policy are discussed. ECON 315 and ECON 415 cannot both be taken for credit toward the major.",
  "prerequisites": [["ECON 201", "ECON 201H"], ["ECON 202", "ECON 202H"], ["MTH 241", "MTH 251", "MTH 251H"]]
}, {
  "corequisites": [],
  "course_name": "GAME THEORY",
  "course_number": "ECON 420",
  "credits": "4",
  "description": "Systematically studies strategic interactions among multiple decision makers with applications in economics, politics, sociology, law, computer science, sports, and biology. Topics taught include static, sequential, and repeated games of perfect and imperfect information.",
  "prerequisites": [["ECON 311", "ECON 411"]]
}, {
  "corequisites": [],
  "course_name": "PRE-ECONOMETRICS",
  "course_number": "ECON 423",
  "credits": "4",
  "description": "Introduction to probability and statistics with an emphasis on estimation and hypothesis testing. Applications to economic models.",
  "prerequisites": [["MTH 241", "MTH 251", "MTH 251H"]]
}, {
  "corequisites": [],
  "course_name": "INTRODUCTION TO ECONOMETRICS",
  "course_number": "ECON 424",
  "credits": "4",
  "description": "Application of statistical techniques, including sampling theory, hypothesis testing, and multiple regression analysis, to economic models. Economic modeling, analysis of economic data, and policy analysis are emphasized.",
  "prerequisites": [["ECON 311", "ECON 411"], ["ST 351", "ST 351H", "ECON 423"]]
}, {
  "corequisites": [],
  "course_name": "INTRODUCTION TO ECONOMETRICS WITH CALCULUS",
  "course_number": "ECON 427",
  "credits": "4",
  "description": "Addresses both the theory and practice of econometrics, including properties of estimators, modeling economic processes, estimation, hypothesis testing, prediction and interpretation of results. Students cannot receive credit toward the major for both ECON 424 and ECON 427. Lec/lab.",
  "prerequisites": [["ECON 311", "ECON 411"], ["ECON 423"]]
}, {
  "corequisites": [],
  "course_name": "^INTRODUCTION TO ECONOMIC RESEARCH",
  "course_number": "ECON 428",
  "credits": "4",
  "description": "Basic methods of economic research: concepts and models; data sources, collection, and presentation; hypothesis formulation and testing; policy analysis. Written assignments apply methods.",
  "prerequisites": [["ECON 311", "ECON 411"]]
}, {
  "corequisites": [],
  "course_name": "PUBLIC ECONOMICS",
  "course_number": "ECON 435",
  "credits": "4",
  "description": "Composition and growth of government spending; theory of public expenditure; analysis of public expenditure programs; benefit-cost analysis; theory and practice of taxation; analysis of local, state, and federal taxes; government borrowing and fees; current issues in tax and expenditure policy.",
  "prerequisites": [["ECON 311", "ECON 411"]]
}, {
  "corequisites": [],
  "course_name": "^PUBLIC POLICY ANALYSIS",
  "course_number": "ECON 439",
  "credits": "4",
  "description": "Theory of public problems and decision making. Evaluation of public policy strategies, selected public programs and individual public projects considering the full range of efficiency and equity effects. Direct and indirect impacts of policy, strength of implicit incentives, administrative feasibility, and problems of policy implementation.",
  "prerequisites": [["ECON 311", "ECON 411"]]
}, {
  "corequisites": [],
  "course_name": "ECONOMICS OF GLOBALIZATION",
  "course_number": "ECON 440",
  "credits": "4",
  "description": "Examines the phenomenon of globalization using economic analysis to explore controversial themes of the globalization debate--offshoring, sweatshops, child labor, environmental standards, intellectual property protection, cultural diversity, economic development, immigration, and governance.",
  "prerequisites": [["ECON 311", "ECON 411"]]
}, {
  "corequisites": [],
  "course_name": "INTERNATIONAL FINANCE THEORY AND POLICY",
  "course_number": "ECON 441",
  "credits": "4",
  "description": "Theories and policies of exchange rate regimes; fixed, floating and managed floats; internal and external trade and capital balances; international capital flows and institutions.",
  "prerequisites": [["ECON 315"]]
}, {
  "corequisites": [],
  "course_name": "ECONOMIC DEVELOPMENT",
  "course_number": "ECON 455",
  "credits": "4",
  "description": "Describes the patterns of income, growth, poverty, and inequality across countries and through history with a focus on low-income countries. Examines definitions of development, theories of economic growth, development metrics, and the forces that have led to the distribution of wealth across the world. Analyzes inequality, population, education, health, trade, sustainability, foreign aid, urbanization and related topics.",
  "prerequisites": [["ECON 201", "ECON 201H"], ["ECON 202"]]
}, {
  "corequisites": [],
  "course_name": "INDUSTRIAL ORGANIZATION THEORY AND POLICY",
  "course_number": "ECON 460",
  "credits": "4",
  "description": "The study of the causes of market structure, the behavior of firms in game theoretic settings, and the welfare implications of competitive and imperfectly competitive markets; United States antitrust and other laws regulating business behavior.",
  "prerequisites": [["ECON 311", "ECON 411"]]
}, {
  "corequisites": [],
  "course_name": "LAW",
  "course_number": "ECON 461",
  "credits": "ECONOMICS",
  "description": "The analysis of the effectiveness of laws and government regulations in fostering economic efficiency and fairness. Topics include the design of laws and policies to promote social welfare and the study of the effectiveness of criminal law, antitrust law, and the government regulation of business in promoting social goals.",
  "prerequisites": [["ECON 201", "ECON 201H"]]
}, {
  "corequisites": [],
  "course_name": "MANAGERIAL ECONOMICS",
  "course_number": "ECON 462",
  "credits": "4",
  "description": "The application of microeconomic theory and quantitative methods to management decisions. Case-oriented course emphasizing actual business decisions.",
  "prerequisites": [["ECON 311", "ECON 411"]]
}, {
  "corequisites": [],
  "course_name": "ECONOMICS OF EDUCATION",
  "course_number": "ECON 464",
  "credits": "4",
  "description": "Examines history of K-20 education in the United States. Analyzes education decisions and career choices. Assesses impact of funding formulas, major education reforms, teacher experience, unions on student learning outcomes. Analyzes how educational attainment impacts technological change, economic growth and wage gap in the United States.",
  "prerequisites": [["ECON 311", "ECON 411"]]
}, {
  "corequisites": [],
  "course_name": "ECONOMICS OF TRADITIONAL AND RENEWABLE ENERGY",
  "course_number": "ECON 466",
  "credits": "4",
  "description": "Reviews and analyzes the economics and structure of world markets for various traditional energy (e.g., oil, coal, natural gas), as well as renewable energy (wind, geothermal and solar) with the latter focusing on the Pacific Northwest electrical industry structure and regulatory framework.",
  "prerequisites": [["ECON 201", "ECON 201H"]]
}, {
  "corequisites": [],
  "course_name": "LABOR ECONOMICS AND SOCIAL POLICY",
  "course_number": "ECON 480",
  "credits": "4",
  "description": "Interaction of workers and firms in labor markets, social policy and its effects on labor markets, human capital theory and education policy, discrimination and other sources of wage differentials, immigration, unemployment, inequality.",
  "prerequisites": [["ECON 311", "ECON 411"]]
}, {
  "corequisites": [],
  "course_name": "ECONOMICS OF INEQUALITY",
  "course_number": "ECON 491",
  "credits": "4",
  "description": "Analyze economic inequality. Describe and measure inequality, historical and current trends in inequality, causes and consequences of inequality, and policy implications.",
  "prerequisites": [["ECON 311", "ECON 411"]]
}, {
  "corequisites": [],
  "course_name": "SPECIAL TOPICS",
  "course_number": "ECON 499",
  "credits": "1-16",
  "description": "",
  "prerequisites": []
}, {
  "corequisites": [],
  "course_name": "RESEARCH AND SCHOLARSHIP",
  "course_number": "ECON 501",
  "credits": "1-16",
  "description": "",
  "prerequisites": []
}, {
  "corequisites": [],
  "course_name": "INDEPENDENT STUDY",
  "course_number": "ECON 502",
  "credits": "1-16",
  "description": "",
  "prerequisites": []
}, {
  "corequisites": [],
  "course_name": "THESIS",
  "course_number": "ECON 503",
  "credits": "1-16",
  "description": "",
  "prerequisites": []
}, {
  "corequisites": [],
  "course_name": "READING AND CONFERENCE",
  "course_number": "ECON 505",
  "credits": "1-16",
  "description": "",
  "prerequisites": []
}, {
  "corequisites": [],
  "course_name": "PROJECTS",
  "course_number": "ECON 506",
  "credits": "1-16",
  "description": "",
  "prerequisites": []
}, {
  "corequisites": [],
  "course_name": "SEMINAR",
  "course_number": "ECON 507",
  "credits": "1-16",
  "description": "",
  "prerequisites": []
}, {
  "corequisites": [],
  "course_name": "INTERNSHIP",
  "course_number": "ECON 510",
  "credits": "1-16",
  "description": "",
  "prerequisites": []
}, {
  "corequisites": [],
  "course_name": "MICROECONOMIC THEORY FOR MPP",
  "course_number": "ECON 517",
  "credits": "4",
  "description": "Familiarizes MPP students who do not have a strong background in microeconomics with the material they will need for their future economics course work.",
  "prerequisites": []
}, {
  "corequisites": [],
  "course_name": "GAME THEORY",
  "course_number": "ECON 520",
  "credits": "4",
  "description": "Systematically studies strategic interactions among multiple decision makers with applications in economics, politics, sociology, law, computer science, sports, and biology. Topics taught include static, sequential, and repeated games of perfect and imperfect information.",
  "prerequisites": []
}, {
  "corequisites": [],
  "course_name": "INTRODUCTION TO ECONOMETRICS",
  "course_number": "ECON 524",
  "credits": "4",
  "description": "Application of statistical techniques, including sampling theory, hypothesis testing, and multiple regression analysis, to economic models. Economic modeling, analysis of economic data, and policy analysis are emphasized.",
  "prerequisites": []
}, {
  "corequisites": [],
  "course_name": "PUBLIC ECONOMICS",
  "course_number": "ECON 535",
  "credits": "4",
  "description": "Composition and growth of government spending; theory of public expenditure; analysis of public expenditure programs; benefit-cost analysis; theory and practice of taxation; analysis of local, state, and federal taxes; government borrowing and fees; current issues in tax and expenditure policy.",
  "prerequisites": []
}, {
  "corequisites": [],
  "course_name": "PUBLIC POLICY ANALYSIS",
  "course_number": "ECON 539",
  "credits": "4",
  "description": "Theory of public problems and decision making. Evaluation of public policy strategies, selected public programs and individual public projects considering the full range of efficiency and equity effects. Direct and indirect impacts of policy, strength of implicit incentives, administrative feasibility, and problems of policy implementation.",
  "prerequisites": []
}, {
  "corequisites": [],
  "course_name": "ECONOMICS OF GLOBALIZATION",
  "course_number": "ECON 540",
  "credits": "4",
  "description": "Examines the phenomenon of globalization using economic analysis to explore controversial themes of the globalization debate--offshoring, sweatshops, child labor, environmental standards, intellectual property protection, cultural diversity, economic development, immigration, and governance.",
  "prerequisites": []
}, {
  "corequisites": [],
  "course_name": "INTERNATIONAL FINANCE THEORY AND POLICY",
  "course_number": "ECON 541",
  "credits": "4",
  "description": "Theories and policies of exchange rate regimes; fixed, floating and managed floats; internal and external trade and capital balances; international capital flows and institutions.",
  "prerequisites": []
}, {
  "corequisites": [],
  "course_name": "ECONOMIC DEVELOPMENT",
  "course_number": "ECON 555",
  "credits": "4",
  "description": "Describes the patterns of income, growth, poverty, and inequality across countries and through history with a focus on low-income countries. Examines definitions of development, theories of economic growth, development metrics, and the forces that have led to the distribution of wealth across the world. Analyzes inequality, population, education, health, trade, sustainability, foreign aid, urbanization and related topics.",
  "prerequisites": []
}, {
  "corequisites": [],
  "course_name": "INDUSTRIAL ORGANIZATION THEORY AND POLICY",
  "course_number": "ECON 560",
  "credits": "4",
  "description": "The study of the causes of market structure, the behavior of firms in game theoretic settings, and the welfare implications of competitive and imperfectly competitive markets; United States antitrust and other laws regulating business behavior.",
  "prerequisites": []
}, {
  "corequisites": [],
  "course_name": "LAW",
  "course_number": "ECON 561",
  "credits": "ECONOMICS",
  "description": "The analysis of the effectiveness of laws and government regulations in fostering economic efficiency and fairness. Topics include the design of laws and policies to promote social welfare and the study of the effectiveness of criminal law, antitrust law, and the government regulation of business in promoting social goals.",
  "prerequisites": []
}, {
  "corequisites": [],
  "course_name": "MANAGERIAL ECONOMICS",
  "course_number": "ECON 562",
  "credits": "4",
  "description": "The application of microeconomic theory and quantitative methods to management decisions. Case-oriented course emphasizing actual business decisions.",
  "prerequisites": []
}, {
  "corequisites": [],
  "course_name": "ECONOMICS OF EDUCATION",
  "course_number": "ECON 564",
  "credits": "4",
  "description": "Examines history of K-20 education in the United States. Analyzes education decisions and career choices. Assesses impact of funding formulas, major education reforms, teacher experience, unions on student learning outcomes. Analyzes how educational attainment impacts technological change, economic growth and wage gap in the United States.",
  "prerequisites": []
}, {
  "corequisites": [],
  "course_name": "ECONOMICS OF TRADITIONAL AND RENEWABLE ENERGY",
  "course_number": "ECON 566",
  "credits": "4",
  "description": "Reviews and analyzes the economics and structure of world markets for various traditional energy (e.g., oil, coal, natural gas), as well as renewable energy (wind, geothermal and solar) with the latter focusing on the Pacific Northwest electrical industry structure and regulatory framework.",
  "prerequisites": []
}, {
  "corequisites": [],
  "course_name": "LABOR ECONOMICS AND SOCIAL POLICY",
  "course_number": "ECON 580",
  "credits": "4",
  "description": "Interaction of workers and firms in labor markets, social policy and its effects on labor markets, human capital theory and education policy, discrimination and other sources of wage differentials; immigration, unemployment, inequality.",
  "prerequisites": []
}, {
  "corequisites": [],
  "course_name": "ECONOMICS OF INEQUALITY",
  "course_number": "ECON 591",
  "credits": "4",
  "description": "Analyze economic inequality. Describe and measure inequality, historical and current trends in inequality, causes and consequences of inequality, and policy implications.",
  "prerequisites": []
}, {
  "corequisites": [],
  "course_name": "SPECIAL TOPICS",
  "course_number": "ECON 599",
  "credits": "1-16",
  "description": "",
  "prerequisites": []
}, {
  "corequisites": [],
  "course_name": "RESEARCH AND SCHOLARSHIP",
  "course_number": "ECON 601",
  "credits": "1-16",
  "description": "",
  "prerequisites": []
}, {
  "corequisites": [],
  "course_name": "INDEPENDENT STUDY",
  "course_number": "ECON 602",
  "credits": "1-16",
  "description": "",
  "prerequisites": []
}, {
  "corequisites": [],
  "course_name": "THESIS",
  "course_number": "ECON 603",
  "credits": "1-16",
  "description": "",
  "prerequisites": []
}, {
  "corequisites": [],
  "course_name": "READING AND CONFERENCE",
  "course_number": "ECON 605",
  "credits": "1-16",
  "description": "",
  "prerequisites": []
}, {
  "corequisites": [],
  "course_name": "PROJECTS",
  "course_number": "ECON 606",
  "credits": "1-16",
  "description": "",
  "prerequisites": []
}, {
  "corequisites": [],
  "course_name": "SEMINAR",
  "course_number": "ECON 607",
  "credits": "1-16",
  "description": "",
  "prerequisites": []
}, {
  "corequisites": [],
  "course_name": "INTERNSHIP",
  "course_number": "ECON 610",
  "credits": "1-16",
  "description": "",
  "prerequisites": []
}]