[{
  "corequisites": [],
  "course_name": "*INTRODUCTION TO LITERATURE: THE YOUNG ADULT NOVEL",
  "course_number": "ENG 101",
  "credits": "3",
  "description": "Explores the craft, culture and racial significance, and emotional impact of contemporary young adult fiction. Examines Young Adult fiction as a category of reading audience that contains multiple genres. Considers such urgent topics as race, immigration, and gender identity while also attending to formal elements such as significant detail, tone, symbolism, and metaphor as portrayed in the young adult experience.",
  "prerequisites": []
}, {
  "corequisites": [],
  "course_name": "*INTRODUCTION TO LITERATURE: FICTION",
  "course_number": "ENG 104",
  "credits": "3",
  "description": "Study of fiction for greater understanding and enjoyment. NO LONGER TAUGHT. REPLACED WITH COMMON COURSE NUMBER ENG 104Z.",
  "prerequisites": []
}, {
  "corequisites": [],
  "course_name": "*INTRODUCTION TO FICTION",
  "course_number": "ENG 104Z",
  "credits": "4",
  "description": "Invites students to enter imaginative narratives and confront the challenges of being human. Provides opportunities for the appreciation of fiction, including deeper awareness of craft and insight into how reading fiction can lead to self-enrichment. Reads a variety of types of fiction, from diverse perspectives and eras, and develops skills in discussion, literary analysis, and critical thinking.",
  "prerequisites": []
}, {
  "corequisites": [],
  "course_name": "*INTRODUCTION TO LITERATURE: POETRY",
  "course_number": "ENG 106",
  "credits": "3",
  "description": "Study of poetry for greater understanding and enjoyment. NO LONGER TAUGHT. REPLACED WITH COMMON COURSE NUMBER ENG 106Z.",
  "prerequisites": []
}, {
  "corequisites": [],
  "course_name": "*INTRODUCTION TO POETRY",
  "course_number": "ENG 106Z",
  "credits": "4",
  "description": "Invites students to delve into the biggest questions about life and culture alongside the seemingly smallest issues of words and sounds. Provides opportunities for the appreciation of poetry, including deeper awareness of craft and insight into how reading poetry can lead to self-enrichment. Reads a variety of types of poetry and poetic forms, from diverse perspectives and eras, and develops skills in discussion, literary analysis, and critical thinking.",
  "prerequisites": []
}, {
  "corequisites": [],
  "course_name": "*INTRODUCTION TO LITERATURE: CREATIVE NONFICTION",
  "course_number": "ENG 107",
  "credits": "3",
  "description": "An introduction to the study of creative nonfiction as a diverse genre, from journalism to memoir and essay.",
  "prerequisites": []
}, {
  "corequisites": [],
  "course_name": "*INTRODUCTION TO SCIENCE FICTION AND FANTASY",
  "course_number": "ENG 108",
  "credits": "3",
  "description": "Focuses on modern and contemporary examples of science fiction and fantasy with some attention paid to the roots of the genres (myths, folklore, and fairy tales). Hypothesizes that both genres reflect the anxieties and aspirations of the eras that produce and consume them. Introduces students to a range of modern classics, including contemporary science fiction and fantasy written by women and people of color.",
  "prerequisites": []
}, {
  "corequisites": [],
  "course_name": "*INTRODUCTION TO TRUE CRIME",
  "course_number": "ENG 109",
  "credits": "3",
  "description": "Focuses on the American true crime genre, from its origins in the earliest colonial literature to the contemporary popularity of crime stories in various media. Pays particular attention to true crime examples from the last five decades, tracing the genre’s evolution and rise in popularity. Develops a collective understanding of how the true crime genre has evolved, why it has become so popular, and how its constituent texts reflect the cultural assumptions and anxieties of their American eras, especially in terms of their relationship to the genre’s core ideas of violence and truth. (Bacc Core Course)",
  "prerequisites": []
}, {
  "corequisites": [],
  "course_name": "SPECIAL STUDIES",
  "course_number": "ENG 199",
  "credits": "1-16",
  "description": "",
  "prerequisites": []
}, {
  "corequisites": [],
  "course_name": "*SHAKESPEARE",
  "course_number": "ENG 201",
  "credits": "4",
  "description": "The earlier plays. (H) (Bacc Core Course)",
  "prerequisites": []
}, {
  "corequisites": [],
  "course_name": "*SHAKESPEARE",
  "course_number": "ENG 201H",
  "credits": "4",
  "description": "The earlier plays. (H) (Bacc Core Course)",
  "prerequisites": []
}, {
  "corequisites": [],
  "course_name": "*SHAKESPEARE",
  "course_number": "ENG 202",
  "credits": "4",
  "description": "The later plays. (H) (Bacc Core Course)",
  "prerequisites": []
}, {
  "corequisites": [],
  "course_name": "*SHAKESPEARE",
  "course_number": "ENG 202H",
  "credits": "4",
  "description": "The later plays. (H) (Bacc Core Course)",
  "prerequisites": []
}, {
  "corequisites": [],
  "course_name": "*SURVEY OF BRITISH LITERATURE: BEGINNINGS TO 1660",
  "course_number": "ENG 204",
  "credits": "4",
  "description": "English literature presented in chronological sequence. (H) (Bacc Core Course)",
  "prerequisites": []
}, {
  "corequisites": [],
  "course_name": "*SURVEY OF BRITISH LITERATURE: BEGINNINGS TO 1660",
  "course_number": "ENG 204H",
  "credits": "4",
  "description": "English literature presented in chronological sequence. (H) (Bacc Core Course)",
  "prerequisites": []
}, {
  "corequisites": [],
  "course_name": "*SURVEY OF BRITISH LITERATURE: RESTORATION TO ROMANTIC ERA",
  "course_number": "ENG 205",
  "credits": "4",
  "description": "English literature presented in chronological sequence.",
  "prerequisites": []
}, {
  "corequisites": [],
  "course_name": "*SURVEY OF BRITISH LITERATURE: RESTORATION TO ROMANTIC ERA",
  "course_number": "ENG 205H",
  "credits": "4",
  "description": "English literature presented in chronological sequence.",
  "prerequisites": []
}, {
  "corequisites": [],
  "course_name": "*SURVEY OF BRITISH LITERATURE: VICTORIAN ERA TO 20TH CENTURY",
  "course_number": "ENG 206",
  "credits": "4",
  "description": "English literature presented in chronological sequence.",
  "prerequisites": []
}, {
  "corequisites": [],
  "course_name": "LITERATURE OF WESTERN CIVILIZATION: CLASSICAL-RENAISSANCE",
  "course_number": "ENG 207",
  "credits": "4",
  "description": "The great plays, poems and fiction of Western civilization. Covers the Classical World: (Greek, Hebrew, Roman) and Western European major authors through the Renaissance.",
  "prerequisites": []
}, {
  "corequisites": [],
  "course_name": "*LITERATURES OF THE WORLD: ASIA",
  "course_number": "ENG 210",
  "credits": "4",
  "description": "Representative works of poetry, prose, and drama from nonwestern cultural traditions. Covers literature of Asia.",
  "prerequisites": []
}, {
  "corequisites": [],
  "course_name": "*LITERATURES OF THE WORLD: AFRICA",
  "course_number": "ENG 211",
  "credits": "4",
  "description": "Representative works of poetry, prose, and drama from nonwestern cultural traditions. Covers literature of Africa.",
  "prerequisites": []
}, {
  "corequisites": [],
  "course_name": "*LITERATURES OF THE WORLD: AFRICA",
  "course_number": "ENG 211H",
  "credits": "4",
  "description": "Representative works of poetry, prose, and drama from nonwestern cultural traditions. Covers literature of Africa.",
  "prerequisites": []
}, {
  "corequisites": [],
  "course_name": "*LITERATURES OF THE WORLD: MESO/SOUTH AMERICA",
  "course_number": "ENG 212",
  "credits": "CARIBBEAN",
  "description": "Representative works of poetry, prose, and drama from nonwestern cultural traditions. Covers literature of Meso- and South America and the Caribbean. (H) (NC) (Bacc Core Course)",
  "prerequisites": []
}, {
  "corequisites": [],
  "course_name": "*LITERATURES OF THE WORLD: MIDDLE EAST",
  "course_number": "ENG 213",
  "credits": "4",
  "description": "Representative works of poetry, prose, and drama from nonwestern cultural traditions. Covers literature of the Middle East.",
  "prerequisites": []
}, {
  "corequisites": [],
  "course_name": "*LITERATURES OF THE WORLD: MIDDLE EAST",
  "course_number": "ENG 213H",
  "credits": "4",
  "description": "Representative works of poetry, prose, and drama from nonwestern cultural traditions. Covers literature of the Middle East.",
  "prerequisites": []
}, {
  "corequisites": [],
  "course_name": "*LITERATURE OF THE WORLD: EUROPE",
  "course_number": "ENG 214",
  "credits": "4",
  "description": "Representative works of poetry, prose, and drama written by European authors.",
  "prerequisites": []
}, {
  "corequisites": [],
  "course_name": "+*CLASSICAL MYTHOLOGY",
  "course_number": "ENG 215",
  "credits": "4",
  "description": "Explores Greek and Roman mythology, its allusions, and continuing influences. Examines excerpts from Classical literature and their adaptations in a variety of modes (statues, film, dance, novels, internet memes) up to the present day. Investigates why we continue to turn to powerful archetypes to express the human experience and when and how they fail in this regard.",
  "prerequisites": []
}, {
  "corequisites": [],
  "course_name": "*ILLUMINATING HAPPINESS",
  "course_number": "ENG 216",
  "credits": "3",
  "description": "Explores subjects essential to human happiness, such as gratitude, kindness, joy, grief, grace, disgrace, emotional and spiritual growth, community, social identity, and global stewardship through the reading of poetry. Explores approaches arising from the reading of poetry, such as Reader Response techniques, imagination studies, and self-awareness inquiries. Develops rewirement models in conjunction with literary analysis and critical writing. (Bacc Core Course)",
  "prerequisites": []
}, {
  "corequisites": [],
  "course_name": "READING FOR WRITERS",
  "course_number": "ENG 217",
  "credits": "4",
  "description": "Introduces students to the varieties of reading necessary to the writer’s life. Surveys the main literary devices common to fiction, poetry, and nonfiction, and engages students in the understanding of these devices through analysis and creative practice.",
  "prerequisites": []
}, {
  "corequisites": [],
  "course_name": "*TOPICS IN DIFFERENCE",
  "course_number": "ENG 220",
  "credits": "POWER",
  "description": "A comparative treatment of literary topics in the context of institutional and systematic discrimination. Not offered every year. CROSSLISTED as ENG 220/FILM 220. (H) (Bacc Core Course)",
  "prerequisites": []
}, {
  "corequisites": [],
  "course_name": "*TOPICS IN DIFFERENCE",
  "course_number": "ENG 220H",
  "credits": "POWER",
  "description": "A comparative treatment of literary topics in the context of institutional and systematic discrimination. Not offered every year. CROSSLISTED as ENG 220/FILM 220. (H) (Bacc Core Course)",
  "prerequisites": []
}, {
  "corequisites": [],
  "course_name": "*AFRICAN-AMERICAN LITERATURE",
  "course_number": "ENG 221",
  "credits": "4",
  "description": "Reading and critical analysis of African-American literature in historical, political, and/or thematic perspective.",
  "prerequisites": []
}, {
  "corequisites": [],
  "course_name": "*AFRICAN-AMERICAN LITERATURE",
  "course_number": "ENG 221H",
  "credits": "4",
  "description": "Reading and critical analysis of African-American literature in historical, political, and/or thematic perspective.",
  "prerequisites": []
}, {
  "corequisites": [],
  "course_name": "CHILDREN'S LITERATURE",
  "course_number": "ENG 222",
  "credits": "4",
  "description": "Surveys a variety of genres, including fairy tales, folktales, and fables, nonsense poetry, picture books, historical and fantasy novels, examining how these texts represent childhood and connect with historical, cultural, and psychological contexts.",
  "prerequisites": []
}, {
  "corequisites": [],
  "course_name": "CHILDREN'S LITERATURE",
  "course_number": "ENG 222H",
  "credits": "4",
  "description": "Surveys a variety of genres, including fairy tales, folktales, and fables, nonsense poetry, picture books, historical and fantasy novels, examining how these texts represent childhood and connect with historical, cultural, and psychological contexts.",
  "prerequisites": []
}, {
  "corequisites": [],
  "course_name": "*INTRODUCTION TO ENVIRONMENTAL LITERATURE",
  "course_number": "ENG 240",
  "credits": "4",
  "description": "An exploration of the key figures, themes, theories, and works of American environmental literature.",
  "prerequisites": []
}, {
  "corequisites": [],
  "course_name": "*SURVEY OF AMERICAN LITERATURE: COLONIAL TO 1900",
  "course_number": "ENG 253",
  "credits": "4",
  "description": "Readings from American literature presented in chronological sequence, important eras and movements with emphasis on major writers.",
  "prerequisites": []
}, {
  "corequisites": [],
  "course_name": "*SURVEY OF AMERICAN LITERATURE: 1900 TO PRESENT",
  "course_number": "ENG 254",
  "credits": "4",
  "description": "Readings from American literature presented in chronological sequence, important eras and movements with emphasis on major writers.",
  "prerequisites": []
}, {
  "corequisites": [],
  "course_name": "*SURVEY OF AMERICAN LITERATURE: 1900 TO PRESENT",
  "course_number": "ENG 254H",
  "credits": "4",
  "description": "Readings from American literature presented in chronological sequence, important eras and movements with emphasis on major writers.",
  "prerequisites": []
}, {
  "corequisites": [],
  "course_name": "*LITERATURE OF AMERICAN MINORITIES",
  "course_number": "ENG 260",
  "credits": "4",
  "description": "Study of the literature of American minorities: North American Indian, black, Chicano/Chicana, Asian, Middle Eastern, gay and lesbian.",
  "prerequisites": []
}, {
  "corequisites": [],
  "course_name": "*FILMS FOR THE FUTURE",
  "course_number": "ENG 265",
  "credits": "4",
  "description": "An interdisciplinary study of film, literary, and philosophical visions of the future. Three hours of lecture and separate screenings each week. Film fee required.",
  "prerequisites": []
}, {
  "corequisites": [],
  "course_name": "*THE BIBLE AS LITERATURE",
  "course_number": "ENG 275",
  "credits": "4",
  "description": "Biblical structure, literary types, ideas, influences.",
  "prerequisites": []
}, {
  "corequisites": [],
  "course_name": "*THE BIBLE AS LITERATURE",
  "course_number": "ENG 275H",
  "credits": "4",
  "description": "Biblical structure, literary types, ideas, influences.",
  "prerequisites": []
}, {
  "corequisites": [],
  "course_name": "SPECIAL TOPICS",
  "course_number": "ENG 299",
  "credits": "1-16",
  "description": "",
  "prerequisites": []
}, {
  "corequisites": [],
  "course_name": "WAYS OF READING",
  "course_number": "ENG 301",
  "credits": "4",
  "description": "What’s the difference between reading a book for pleasure and reading it for a class? What kinds of skills are necessary for upper-level work as an English major? What exactly is literary criticism? Pursue these questions by studying a selection of texts paired with works providing historical and critical context. Learn how to think and write like a literary critic by reading carefully, discussing these works in class, and writing analytical essays.",
  "prerequisites": []
}, {
  "corequisites": [],
  "course_name": "^WRITING ABOUT LITERATURE",
  "course_number": "ENG 302",
  "credits": "4",
  "description": "Explore the conventions of academic writing, with the goal of developing original textual interpretations and situating those interpretations in relation to secondary sources. Develop an understanding of a broader scholarly conversation by writing about issues of difference, including but not limited to categories of gender, race, ethnicity, sexuality, class, and ability. Practice evaluating scholarly resources, including secondary sources and archival research.",
  "prerequisites": [["ENG 301"]]
}, {
  "corequisites": [],
  "course_name": "CAREER PREPARATION FOR ENGLISH MAJORS",
  "course_number": "ENG 304",
  "credits": "2",
  "description": "Introduces students majoring in English to tasks and processes needed to successfully prepare for a future career. Includes exercises in self-reflection, guidance in exploring professional options and networking, and feedback on job-seeking materials.",
  "prerequisites": [["ENG 301"]]
}, {
  "corequisites": [],
  "course_name": "^STUDIES IN BRITISH PROSE",
  "course_number": "ENG 311",
  "credits": "4",
  "description": "An introduction to the prose genre in British literature with intensive practice in reading and writing practices for literary study.",
  "prerequisites": []
}, {
  "corequisites": [],
  "course_name": "*THE AMERICAN NOVEL: BEGINNINGS TO CHOPIN",
  "course_number": "ENG 317",
  "credits": "4",
  "description": "Chronological survey of the novel in America. Covers from the beginnings to Chopin.",
  "prerequisites": []
}, {
  "corequisites": [],
  "course_name": "*THE AMERICAN NOVEL: MODERNIST PERIOD",
  "course_number": "ENG 318",
  "credits": "4",
  "description": "Chronological survey of the novel in America. Covers Modernist Period from Dreiser to Faulkner.",
  "prerequisites": []
}, {
  "corequisites": [],
  "course_name": "*THE AMERICAN NOVEL: POST-WORLD WAR II",
  "course_number": "ENG 319",
  "credits": "4",
  "description": "Chronological survey of the novel in America. Covers Post-World War II: Mailer to the present.",
  "prerequisites": []
}, {
  "corequisites": [],
  "course_name": "*STUDIES IN PAGE",
  "course_number": "ENG 320",
  "credits": "STAGE",
  "description": "Study of a particular theme, genre, movement, or author through the relations of text and performance. Topics change from term to term and may include content from film, drama, digital sources, and other visual media. (H) (Bacc Core Course)",
  "prerequisites": []
}, {
  "corequisites": [],
  "course_name": "*STUDIES IN WORD",
  "course_number": "ENG 321",
  "credits": "OBJECT",
  "description": "Study of a particular theme, genre, movement, or author through the relations of texts to material artifacts and/or static visual objects (e.g., paintings, engravings, printed matter, or photographs). Topics change from term to term. (Bacc Core Course)",
  "prerequisites": []
}, {
  "corequisites": [],
  "course_name": "*STUDIES IN GLOBALISM",
  "course_number": "ENG 322",
  "credits": "TEXT",
  "description": "Study of a particular theme, genre, movement, or author as informed by patterns of globalization, issues in international relations, and/or landmark moments of cultural exchange. Topics change from term to term.",
  "prerequisites": []
}, {
  "corequisites": [],
  "course_name": "*THE HOLOCAUST IN LITERATURE AND FILM",
  "course_number": "ENG 330",
  "credits": "4",
  "description": "Study of fiction, memoir, and film representing Nazi Holocaust of European Jewry. Reviews history of racial Anti-Semitism and rise of Nazism as context for textual analysis of Holocaust literature. Examines literary and filmic form as productive to social awareness of the roots, events, and aftermath of the Holocaust. (Bacc Core Course)",
  "prerequisites": []
}, {
  "corequisites": [],
  "course_name": "LITERATURES OF THE COAST",
  "course_number": "ENG 340",
  "credits": "4",
  "description": "Introduces the diverse means by which literature and the arts represent coastal and marine life. The working thesis is that modern cultural artifacts and literary theories are reflected in and have the power to transform the societal challenges facing coastal community and ocean health. Explores the significance of such interdisciplinary translations through a variety of generic perspectives including poetry, short story, philosophy, creative nonfiction, and graphic narrative.",
  "prerequisites": []
}, {
  "corequisites": [],
  "course_name": "INTRODUCTION TO LITERARY CRITICISM AND THEORY",
  "course_number": "ENG 345",
  "credits": "4",
  "description": "Focuses on study and analysis of critical frameworks and methodologies for the interpretation of literature and culture.",
  "prerequisites": [["ENG 301"]]
}, {
  "corequisites": [],
  "course_name": "*NATIVE AMERICAN LITERATURE",
  "course_number": "ENG 360",
  "credits": "4",
  "description": "An introduction to the prose and poetry written by Native Americans of the North American continent.",
  "prerequisites": []
}, {
  "corequisites": [],
  "course_name": "*AMERICAN WOMEN WRITERS",
  "course_number": "ENG 362",
  "credits": "4",
  "description": "Study of important literary works of any genre by American women from historical, thematic, or formalist perspectives. (H) (Bacc Core Course)",
  "prerequisites": []
}, {
  "corequisites": [],
  "course_name": "CHILDREN'S LITERATURE",
  "course_number": "ENG 375",
  "credits": "4",
  "description": "Surveys a variety of genres, including fairy tales, folktales, and fables, nonsense poetry, picture books, historical and fantasy novels, examining how these texts represent childhood and connect with historical, cultural, and psychological contexts.",
  "prerequisites": []
}, {
  "corequisites": [],
  "course_name": "CHILDREN'S LITERATURE",
  "course_number": "ENG 375H",
  "credits": "4",
  "description": "Surveys a variety of genres, including fairy tales, folktales and fables, nonsense poetry, picture books, historical and fantasy novels, examining how these texts represent childhood and connect with historical, cultural, and psychological contexts.",
  "prerequisites": []
}, {
  "corequisites": [],
  "course_name": "A CULTURAL HISTORY OF AMERICAN ART AND LITERATURE: PART I",
  "course_number": "ENG 386",
  "credits": "4",
  "description": "The first course in an interdisciplinary sequence that examines the development and interrelationships of American art and literature from contact to the present. Covers Conquest to Civil War. CROSSLISTED as ART 386/ENG 386.",
  "prerequisites": []
}, {
  "corequisites": [],
  "course_name": "A CULTURAL HISTORY OF AMERICAN ART AND LITERATURE: PART II",
  "course_number": "ENG 387",
  "credits": "4",
  "description": "The second course in an interdisciplinary sequence that examines the development and interrelationships of American art and literature from contact to the present. Covers Civil War to Harlem Renaissance. CROSSLISTED as ART 387/ENG 387.",
  "prerequisites": []
}, {
  "corequisites": [],
  "course_name": "A CULTURAL HISTORY OF AMERICAN ART AND LITERATURE: PART III",
  "course_number": "ENG 388",
  "credits": "4",
  "description": "The third course in an interdisciplinary sequence that examines the development and interrelationships of American art and literature from contact to the present. Covers Great Depression to Postmodernity. CROSSLISTED as ART 388/ENG 388.",
  "prerequisites": []
}, {
  "corequisites": [],
  "course_name": "SELECTED TOPICS",
  "course_number": "ENG 399",
  "credits": "1-16",
  "description": "(H)",
  "prerequisites": []
}, {
  "corequisites": [],
  "course_name": "SELECTED TOPICS",
  "course_number": "ENG 399H",
  "credits": "1-16",
  "description": "(H)",
  "prerequisites": []
}, {
  "corequisites": [],
  "course_name": "RESEARCH AND SCHOLARSHIP",
  "course_number": "ENG 401",
  "credits": "1-16",
  "description": "",
  "prerequisites": []
}, {
  "corequisites": [],
  "course_name": "INDEPENDENT STUDY",
  "course_number": "ENG 402",
  "credits": "1-16",
  "description": "",
  "prerequisites": []
}, {
  "corequisites": [],
  "course_name": "THESIS",
  "course_number": "ENG 403",
  "credits": "1-16",
  "description": "",
  "prerequisites": []
}, {
  "corequisites": [],
  "course_name": "READING AND CONFERENCE",
  "course_number": "ENG 405",
  "credits": "1-16",
  "description": "",
  "prerequisites": []
}, {
  "corequisites": [],
  "course_name": "PROJECTS",
  "course_number": "ENG 406",
  "credits": "1-16",
  "description": "",
  "prerequisites": []
}, {
  "corequisites": [],
  "course_name": "PROJECTS",
  "course_number": "ENG 406H",
  "credits": "1-16",
  "description": "",
  "prerequisites": []
}, {
  "corequisites": [],
  "course_name": "WORKSHOP",
  "course_number": "ENG 408",
  "credits": "1-16",
  "description": "",
  "prerequisites": []
}, {
  "corequisites": [],
  "course_name": "INTERNSHIP IN ENGLISH",
  "course_number": "ENG 410",
  "credits": "1-16",
  "description": "",
  "prerequisites": []
}, {
  "corequisites": [],
  "course_name": "POWER AND REPRESENTATION",
  "course_number": "ENG 416",
  "credits": "4",
  "description": "Critical analysis of works by colonized peoples, women, and ethnic minorities, with a focus on the issue of representation.",
  "prerequisites": []
}, {
  "corequisites": [],
  "course_name": "THE ENGLISH NOVEL: VICTORIAN PERIOD",
  "course_number": "ENG 418",
  "credits": "4",
  "description": "Selected English novels focusing on those from the Victorian period. (H)",
  "prerequisites": []
}, {
  "corequisites": [],
  "course_name": "STUDIES IN MEDIEVAL LITERATURE",
  "course_number": "ENG 425",
  "credits": "4",
  "description": "Particular genres, themes, and writers in medieval literature. Topics change from term to term. (H)",
  "prerequisites": []
}, {
  "corequisites": [],
  "course_name": "GLOBAL MEDIEVAL",
  "course_number": "ENG 427",
  "credits": "4",
  "description": "Investigates how the “medieval period”, spanning the fall of the Western Roman Empire (5th century CE) and the Fall of Constantinople (1453) and generally cast as European, was a complex millennium of global travel, commerce, and cultural exchange, far more heterogeneous than contemporary television, movies, and medievalising fantasy literature usually depicts. Identifies how the literature, travelogues, and life narratives written in Europe, Africa, and Asia reflect political, religious, philosophical, and artistic interpenetration. Examines how these texts help us redefine the medieval and illuminate modern discourses of the nation-state, debates about race and ethnicity, and the concerns of post- and decoloniality.",
  "prerequisites": [["ENG 301"]]
}, {
  "corequisites": [],
  "course_name": "STUDIES IN LITERATURE 1700-1900",
  "course_number": "ENG 434",
  "credits": "4",
  "description": "Explores literature and culture of the eighteenth and nineteenth centuries (1700-1900). Topics vary and address current conversations in eighteenth-century, Romantic, and/ or Victorian studies. Content may include a variety of genres as well as modern responses to older texts and traditions. Emphasizes texts in their historical context and examines the development of social categories, concepts, and/or crises.",
  "prerequisites": []
}, {
  "corequisites": [],
  "course_name": "STUDIES IN SHAKESPEARE",
  "course_number": "ENG 435",
  "credits": "4",
  "description": "Shakespeare's works from a variety of critical and scholarly perspectives. Not offered every term. (H)",
  "prerequisites": []
}, {
  "corequisites": [],
  "course_name": "STUDIES IN LITERATURE AFTER 1900",
  "course_number": "ENG 438",
  "credits": "4",
  "description": "Explores literature and culture of the twentieth century and beyond. Topics vary and address current conversations in Modernist (early 20th c.), Postmodernist (late 20th c.) and/ or Contemporary (21st c.) period studies. Content may include a variety of genres as well as modern responses to older texts and traditions. Emphasizes texts in their historical context and examines the development of social categories, concepts, and/or crises.",
  "prerequisites": []
}, {
  "corequisites": [],
  "course_name": "STUDIES IN MODERN IRISH LITERATURE",
  "course_number": "ENG 440",
  "credits": "4",
  "description": "Studies in the literature and contexts of the period of Irish writing often referred to as the Irish Renaissance. Authors may include Yeats, Joyce, Shaw, O'Casey, Gregory, Synge, Bowen, Moore, Behan, O'Brien, Kavanaugh, Cronin. Sometimes offered as a study of Joyce's works alone. Topics change from term to term. (H)",
  "prerequisites": []
}, {
  "corequisites": [],
  "course_name": "^STUDIES IN NONFICTION",
  "course_number": "ENG 445",
  "credits": "4",
  "description": "Particular essayists and journalists, movements, problems, conventions, and types of nonfiction writing in English. Topics change from term to term.",
  "prerequisites": []
}, {
  "corequisites": [],
  "course_name": "MAJOR AUTHORS",
  "course_number": "ENG 454",
  "credits": "4",
  "description": "Advanced study of major and influential authors from various cultures and backgrounds. Subjects change from term to term. Not offered every year. (H)",
  "prerequisites": []
}, {
  "corequisites": [],
  "course_name": "STUDIES IN DRAMA",
  "course_number": "ENG 460",
  "credits": "4",
  "description": "Particular dramatists, movements, conventions, and types of world drama. Topics change from term to term. Not offered every term. (H)",
  "prerequisites": []
}, {
  "corequisites": [],
  "course_name": "STUDIES IN THE NOVEL",
  "course_number": "ENG 465",
  "credits": "4",
  "description": "Particular novelists, movements, conventions, and types of the novel throughout its history. Topics change from term to term. Not offered every term. (H)",
  "prerequisites": []
}, {
  "corequisites": [],
  "course_name": "^STUDIES IN POETRY",
  "course_number": "ENG 470",
  "credits": "4",
  "description": "Particular poets, movements, problems, conventions, and types of poetry in English or English translation. Topics change from term to term.",
  "prerequisites": []
}, {
  "corequisites": [],
  "course_name": "STUDIES IN LITERATURE",
  "course_number": "ENG 480",
  "credits": "CULTURE",
  "description": "Study of literature in its relationship to society and culture; study of literary culture. Topics change from term to term. Not offered every term. (H)",
  "prerequisites": []
}, {
  "corequisites": [],
  "course_name": "STUDIES IN AMERICAN LITERATURE",
  "course_number": "ENG 482",
  "credits": "CULTURE",
  "description": "Creative nonfiction, fiction, poetry, and film from the mid-19th century to the present, examining relationships between rural and urban, and investigating the development of important patterns in how the physical environment is perceived, represented, interpreted, and used in the United States.",
  "prerequisites": []
}, {
  "corequisites": [],
  "course_name": "^STUDIES IN AMERICAN LITERATURE",
  "course_number": "ENG 485",
  "credits": "4",
  "description": "Special topics in American literary history. Organized around movements, regions, themes, or major authors. Topics change from term to term.",
  "prerequisites": []
}, {
  "corequisites": [],
  "course_name": "LITERATURE AND PEDAGOGY",
  "course_number": "ENG 488",
  "credits": "4",
  "description": "Practices, approaches, histories, and theories of teaching literature appropriate for secondary through college settings. Considers text selection, assignments, and evaluation. (H)",
  "prerequisites": []
}, {
  "corequisites": [],
  "course_name": "WRITING",
  "course_number": "ENG 489",
  "credits": "LITERATURE",
  "description": "Considers medical themes in literature, social meanings of illness, and writing strategies appropriate to the healing arts.",
  "prerequisites": []
}, {
  "corequisites": [],
  "course_name": "HISTORY OF THE ENGLISH LANGUAGE",
  "course_number": "ENG 490",
  "credits": "4",
  "description": "A study of the origins, changes, and reasons for changes in the grammar, sounds, and vocabulary of English from its earliest stages through its modern forms.",
  "prerequisites": []
}, {
  "corequisites": [],
  "course_name": "*INTERNATIONAL WOMEN'S VOICES",
  "course_number": "ENG 497",
  "credits": "4",
  "description": "A study of women and literature in an international context, focusing on the cultural differences among women and the effects of gender on language and literature.",
  "prerequisites": []
}, {
  "corequisites": [],
  "course_name": "SELECTED TOPICS",
  "course_number": "ENG 499",
  "credits": "1-16",
  "description": "(H)",
  "prerequisites": []
}, {
  "corequisites": [],
  "course_name": "RESEARCH AND SCHOLARSHIP",
  "course_number": "ENG 501",
  "credits": "1-16",
  "description": "",
  "prerequisites": []
}, {
  "corequisites": [],
  "course_name": "INDEPENDENT STUDY",
  "course_number": "ENG 502",
  "credits": "1-16",
  "description": "",
  "prerequisites": []
}, {
  "corequisites": [],
  "course_name": "THESIS",
  "course_number": "ENG 503",
  "credits": "1-16",
  "description": "",
  "prerequisites": []
}, {
  "corequisites": [],
  "course_name": "READING AND CONFERENCE",
  "course_number": "ENG 505",
  "credits": "1-16",
  "description": "",
  "prerequisites": []
}, {
  "corequisites": [],
  "course_name": "PROJECTS",
  "course_number": "ENG 506",
  "credits": "1-16",
  "description": "",
  "prerequisites": []
}, {
  "corequisites": [],
  "course_name": "SEMINAR",
  "course_number": "ENG 507",
  "credits": "1-16",
  "description": "CROSSLISTED as AMS 507/ENG 507.",
  "prerequisites": []
}, {
  "corequisites": [],
  "course_name": "GRADUATE INTERNSHIP IN ENGLISH",
  "course_number": "ENG 510",
  "credits": "1-2",
  "description": "Provides graduate students with supervised, on-the-job work experience and professional development. Graded P/N.",
  "prerequisites": []
}, {
  "corequisites": [],
  "course_name": "STUDIES IN BRITISH THEATER AND SOCIETY",
  "course_number": "ENG 512",
  "credits": "4",
  "description": "Study of major dramatists and the audiences they addressed, of socio-economic conditions and their interrelations with theatrical institutions. Readings may include dramatic and non-dramatic literature. Historical period and content may vary.",
  "prerequisites": []
}, {
  "corequisites": [],
  "course_name": "INTRODUCTION TO GRADUATE STUDIES",
  "course_number": "ENG 514",
  "credits": "4",
  "description": "Introduction to the MA program; theories and methods of English studies. Offered fall term only. Required for first-year MA students.",
  "prerequisites": []
}, {
  "corequisites": [],
  "course_name": "POWER AND REPRESENTATION",
  "course_number": "ENG 516",
  "credits": "4",
  "description": "Critical analysis of works by colonized peoples, women, and ethnic minorities, with a focus on the issue of representation. Not offered every year.",
  "prerequisites": []
}, {
  "corequisites": [],
  "course_name": "STUDIES IN WORD",
  "course_number": "ENG 521X",
  "credits": "OBJECT",
  "description": "Study of a particular theme, genre, movement, or author through the relations of texts to material artifacts and/or static visual objects (e.g., paintings, engravings, printed matter, or photographs).",
  "prerequisites": []
}, {
  "corequisites": [],
  "course_name": "STUDIES IN MEDIEVAL LITERATURE",
  "course_number": "ENG 525",
  "credits": "4",
  "description": "Particular genres, themes, and writers in medieval literature. Topics change from term to term.",
  "prerequisites": []
}, {
  "corequisites": [],
  "course_name": "GLOBAL MEDIEVAL",
  "course_number": "ENG 527",
  "credits": "4",
  "description": "Investigates how the “medieval period”, spanning the fall of the Western Roman Empire (5th century CE) and the Fall of Constantinople (1453) and generally cast as European, was a complex millennium of global travel, commerce, and cultural exchange, far more heterogeneous than contemporary television, movies, and medievalising fantasy literature usually depicts. Identifies how the literature, travelogues, and life narratives written in Europe, Africa, and Asia reflect political, religious, philosophical, and artistic interpenetration. Examines how these texts help us redefine the medieval and illuminate modern discourses of the nation-state, debates about race and ethnicity, and the concerns of post- and decoloniality.",
  "prerequisites": []
}, {
  "corequisites": [],
  "course_name": "STUDIES IN LITERATURE 1700-1900",
  "course_number": "ENG 534",
  "credits": "4",
  "description": "Explores literature and culture of the eighteenth and nineteenth centuries (1700-1900). Topics vary and address current conversations in eighteenth-century, Romantic, and/ or Victorian studies. Content may include a variety of genres as well as modern responses to older texts and traditions. Emphasizes texts in their historical context and examines the development of social categories, concepts, and/or crises.",
  "prerequisites": []
}, {
  "corequisites": [],
  "course_name": "STUDIES IN SHAKESPEARE",
  "course_number": "ENG 535",
  "credits": "4",
  "description": "Shakespeare's works from a variety of critical and scholarly perspectives. Not offered every term.",
  "prerequisites": []
}, {
  "corequisites": [],
  "course_name": "STUDIES IN LITERATURE AFTER 1900",
  "course_number": "ENG 538",
  "credits": "4",
  "description": "Explores literature and culture of the twentieth century and beyond. Topics vary and address current conversations in Modernist (early 20th c.), Postmodernist (late 20th c.) and/ or Contemporary (21st c.) period studies. Content may include a variety of genres as well as modern responses to older texts and traditions. Emphasizes texts in their historical context and examines the development of social categories, concepts, and/or crises.",
  "prerequisites": []
}, {
  "corequisites": [],
  "course_name": "STUDIES IN MODERN IRISH LITERATURE",
  "course_number": "ENG 540",
  "credits": "4",
  "description": "Studies in the literature and context of the period of Irish writing often referred to as the Irish Renaissance. Authors may include Yeats, Joyce, Shaw, O'Casey, Gregory, Synge, Bowen, Moore, Behan, O'Brien, Kavanaugh, Cronin. Sometimes offered as a study of Joyce's works alone. Topics change from term to term.",
  "prerequisites": []
}, {
  "corequisites": [],
  "course_name": "STUDIES IN NONFICTION",
  "course_number": "ENG 545",
  "credits": "4",
  "description": "Particular essayists and journalists, movements, problems, conventions, and types of nonfiction writing in English. Topics change from term to term.",
  "prerequisites": []
}, {
  "corequisites": [],
  "course_name": "MAJOR AUTHORS",
  "course_number": "ENG 554",
  "credits": "4",
  "description": "Advanced study of major and influential authors from various cultures and backgrounds. Subjects change from term to term. Not offered every year.",
  "prerequisites": []
}, {
  "corequisites": [],
  "course_name": "STUDIES IN DRAMA",
  "course_number": "ENG 560",
  "credits": "4",
  "description": "Particular dramatists, movements, conventions, and types of world drama. Topics change from term to term. Not offered every term.",
  "prerequisites": []
}, {
  "corequisites": [],
  "course_name": "STUDIES IN THE NOVEL",
  "course_number": "ENG 565",
  "credits": "4",
  "description": "Particular novelists, movements, conventions, and types of the novel throughout its history. Topics change from term to term. Not offered every term.",
  "prerequisites": []
}, {
  "corequisites": [],
  "course_name": "STUDIES IN POETRY",
  "course_number": "ENG 570",
  "credits": "4",
  "description": "Particular poets, movements, problems, conventions, and types of poetry in English or English translation. Topics change from term to term. Not offered every term.",
  "prerequisites": []
}, {
  "corequisites": [],
  "course_name": "STUDIES IN CRITICISM",
  "course_number": "ENG 575",
  "credits": "4",
  "description": "Particular critics, critical movements, issues, and histories of criticism. Topics change from term to term. Not offered every year.",
  "prerequisites": []
}, {
  "corequisites": [],
  "course_name": "STUDIES IN LITERATURE",
  "course_number": "ENG 580",
  "credits": "CULTURE",
  "description": "Study of literature in its relationship to society and culture; study of literary culture. Topics change from term to term. Not offered every term.",
  "prerequisites": []
}, {
  "corequisites": [],
  "course_name": "STUDIES IN AMERICAN LITERATURE",
  "course_number": "ENG 582",
  "credits": "CULTURE",
  "description": "Creative nonfiction, fiction, poetry, and film from the mid-19th century to the present, examining relationships between rural and urban, and investigating the development of important patterns in how the physical environment is perceived, represented, interpreted, and used in the United States.",
  "prerequisites": []
}, {
  "corequisites": [],
  "course_name": "STUDIES IN AMERICAN LITERATURE",
  "course_number": "ENG 585",
  "credits": "4",
  "description": "Special topics in American literary history. Organized around movements, regions, themes, or major authors. Topics change from term to term.",
  "prerequisites": []
}, {
  "corequisites": [],
  "course_name": "LITERATURE AND PEDAGOGY",
  "course_number": "ENG 588",
  "credits": "4",
  "description": "Practices, approaches, histories, and theories of teaching literature appropriate for secondary through college settings. Considers text selection, assignments, and evaluation.",
  "prerequisites": []
}, {
  "corequisites": [],
  "course_name": "WRITING",
  "course_number": "ENG 589",
  "credits": "LITERATURE",
  "description": "Considers medical themes in literature, social meanings of illness, and writing strategies appropriate to the healing arts.",
  "prerequisites": []
}, {
  "corequisites": [],
  "course_name": "HISTORY OF THE ENGLISH LANGUAGE",
  "course_number": "ENG 590",
  "credits": "4",
  "description": "A study of the origins, changes, and reasons for changes in the grammar, sounds, and vocabulary of English from its earliest stages through its modern forms.",
  "prerequisites": []
}]