[{
  "corequisites": [],
  "course_name": "UNDERGRADUATE RESEARCH",
  "course_number": "ENGR 003",
  "credits": "0",
  "description": "Engage in research activities appropriate to the discipline; and through the research experience, acquire skills, techniques, and knowledge relevant to the field of study. In consultation with a faculty mentor, engage in research activity, and make and execute a plan for a project.",
  "prerequisites": []
}, {
  "corequisites": [],
  "course_name": "THE OREGON STATE ENGINEERING STUDENT",
  "course_number": "ENGR 100",
  "credits": "3",
  "description": "Enables students to be successful both at Oregon State and in their engineering careers. Illustrates and uses effective teaming practices that account for social justice and equity. Analyzes professional codes of conduct and ethical practices in engineering professions through the lens of multidisciplinary and societally relevant engineering challenges. Develops critical thinking skills to collaboratively identify engineering problems and to articulate possible solutions. Engages students in major exploration through the lens of engineering challenges.",
  "prerequisites": []
}, {
  "corequisites": [],
  "course_name": "THE OREGON STATE ENGINEERING STUDENT",
  "course_number": "ENGR 100H",
  "credits": "3",
  "description": "Enables students to be successful both at Oregon State and in their engineering careers. Illustrates and uses effective teaming practices that account for social justice and equity. Analyzes professional codes of conduct and ethical practices in engineering professions through the lens of multidisciplinary and societally relevant engineering challenges. Develops critical thinking skills to collaboratively identify engineering problems and to articulate possible solutions. Engages students in major exploration through the lens of engineering challenges.",
  "prerequisites": []
}, {
  "corequisites": [],
  "course_name": "DESIGN ENGINEERING AND PROBLEM SOLVING",
  "course_number": "ENGR 102",
  "credits": "3",
  "description": "Explores the science of design and Design Thinking, including vetted ways of approaching and defining design problems, assessing stakeholder needs, ideation and concept generation, and prototyping and experimental design. Conducts work in teams of engineering designers to solve complex, real-world engineering problems. Learns methods to assess your problem-solving skills and to question your assumptions, reinforcing your core mathematics and science knowledge and employing computational thinking and programming. Develops advanced professional and communication skills in an engineering design team setting.",
  "prerequisites": []
}, {
  "corequisites": [],
  "course_name": "DESIGN ENGINEERING AND PROBLEM SOLVING",
  "course_number": "ENGR 102H",
  "credits": "3",
  "description": "Explores the science of design and Design Thinking, including vetted ways of approaching and defining design problems, assessing stakeholder needs, ideation and concept generation, and prototyping and experimental design. Conducts work in teams of engineering designers to solve complex, real-world engineering problems. Learns methods to assess your problem-solving skills and to question your assumptions, reinforcing your core mathematics and science knowledge and employing computational thinking and programming. Develops advanced professional and communication skills in an engineering design team setting.",
  "prerequisites": []
}, {
  "corequisites": [],
  "course_name": "ENGINEERING COMPUTATION AND ALGORITHMIC THINKING",
  "course_number": "ENGR 103",
  "credits": "3",
  "description": "Explores fundamental computational concepts and practices with algorithmic thinking. Focuses on problem solving skills, algorithm design, debugging, and writing programs using universal design principles. Articulates limitations in these solutions related to social or structural inequities such as: racial, cultural, gender, socioeconomic and accessibility. Explores computation through an application to specific topics.",
  "prerequisites": [["ENGR 102", "ENGR 102H"], ["MTH 112", "MTH 112Z"]]
}, {
  "corequisites": [],
  "course_name": "ENGINEERING COMPUTATION AND ALGORITHMIC THINKING",
  "course_number": "ENGR 103H",
  "credits": "3",
  "description": "Explores fundamental computational concepts and practices with algorithmic thinking. Focuses on problem solving skills, algorithm design, debugging, and writing programs using universal design principles. Articulates limitations in these solutions related to social or structural inequities such as: racial, cultural, gender, socioeconomic and accessibility. Explores computation through an application to specific topics.",
  "prerequisites": [["ENGR 102", "ENGR 102H"], ["MTH 112", "MTH 112Z"]]
}, {
  "corequisites": [],
  "course_name": "SPECIAL TOPICS",
  "course_number": "ENGR 199",
  "credits": "0-16",
  "description": "",
  "prerequisites": []
}, {
  "corequisites": [],
  "course_name": "ELECTRICAL FUNDAMENTALS I",
  "course_number": "ENGR 201",
  "credits": "3",
  "description": "Analysis of linear circuits. Circuit laws and theorems. DC responses of circuits. Operational amplifier characteristics and applications. Lec/lab.",
  "prerequisites": [["MTH 251", "MTH 251H"], ["MTH 252", "MTH 252H"]]
}, {
  "corequisites": [],
  "course_name": "ELECTRICAL FUNDAMENTALS I",
  "course_number": "ENGR 201H",
  "credits": "3",
  "description": "Analysis of linear circuits. Circuit laws and theorems. DC responses of circuits. Operational amplifier characteristics and applications. Lec/lab.",
  "prerequisites": [["MTH 251", "MTH 251H"], ["MTH 252", "MTH 252H"]]
}, {
  "corequisites": [],
  "course_name": "ELECTRICAL FUNDAMENTALS II",
  "course_number": "ENGR 202",
  "credits": "3",
  "description": "Sinusoidal steady-state analysis and phasors. Application of circuit analysis to solve single-phase and three-phase circuits including power, mutual inductance, transformers and passive filters. Lec/lab.",
  "prerequisites": [["ENGR 201", "ENGR 201H"]]
}, {
  "corequisites": [],
  "course_name": "ELECTRICAL FUNDAMENTALS III",
  "course_number": "ENGR 203",
  "credits": "3",
  "description": "Laplace transforms, Fourier series, Bode plots, and their application to circuit analysis.",
  "prerequisites": [["ENGR 201", "ENGR 201H"], ["ENGR 202", "ENGR 202H"], ["MTH 256", "MTH 256H"]]
}, {
  "corequisites": [],
  "course_name": "STATICS",
  "course_number": "ENGR 211",
  "credits": "3",
  "description": "Analysis of forces induced in structures and machines by various types of loading.",
  "prerequisites": [["MTH 252", "MTH 252H"]]
}, {
  "corequisites": [],
  "course_name": "STATICS",
  "course_number": "ENGR 211H",
  "credits": "3",
  "description": "Analysis of forces induced in structures and machines by various types of loading.",
  "prerequisites": [["MTH 252", "MTH 252H"]]
}, {
  "corequisites": [],
  "course_name": "DYNAMICS",
  "course_number": "ENGR 212",
  "credits": "3",
  "description": "Kinematics, Newton's laws of motion, and work-energy and impulse-momentum relationships applied to engineering systems.",
  "prerequisites": [["ENGR 211", "ENGR 211H"], ["PH 211", "PH 211H"]]
}, {
  "corequisites": [],
  "course_name": "DYNAMICS",
  "course_number": "ENGR 212H",
  "credits": "3",
  "description": "Kinematics, Newton's laws of motion, and work-energy and impulse-momentum relationships applied to engineering systems.",
  "prerequisites": [["ENGR 211", "ENGR 211H"], ["PH 211", "PH 211H"]]
}, {
  "corequisites": [],
  "course_name": "STRENGTH OF MATERIALS",
  "course_number": "ENGR 213",
  "credits": "3",
  "description": "Properties of structural materials; analysis of stress and deformation in axially loaded members, circular shafts, and beams, and in statically indeterminate systems containing these components.",
  "prerequisites": [["ENGR 211", "ENGR 211H"]]
}, {
  "corequisites": [],
  "course_name": "STRENGTH OF MATERIALS",
  "course_number": "ENGR 213H",
  "credits": "3",
  "description": "Properties of structural materials; analysis of stress and deformation in axially loaded members, circular shafts, and beams, and in statically indeterminate systems containing these components.",
  "prerequisites": [["ENGR 211", "ENGR 211H"]]
}, {
  "corequisites": [],
  "course_name": "ENGINEERING GRAPHICS AND 3-D MODELING",
  "course_number": "ENGR 248",
  "credits": "3",
  "description": "Introduction to graphical communication theory, including freehand sketching techniques, geometric construction, multi-view, pictorial, sectional and auxiliary view representation and dimensioning techniques. Practical application of theoretical concepts using solid modeling software to capture design intent and generate engineering drawings. Lec/Lab.",
  "prerequisites": []
}, {
  "corequisites": [],
  "course_name": "SPECIAL TOPICS",
  "course_number": "ENGR 299",
  "credits": "1-16",
  "description": "",
  "prerequisites": []
}, {
  "corequisites": [],
  "course_name": "SPECIAL TOPICS",
  "course_number": "ENGR 299H",
  "credits": "1-16",
  "description": "",
  "prerequisites": []
}, {
  "corequisites": [],
  "course_name": "*SUSTAINABLE ENGINEERING",
  "course_number": "ENGR 350",
  "credits": "3",
  "description": "Examination of technological innovations and alternatives required to maintain human quality of life and environmental sustainability.",
  "prerequisites": []
}, {
  "corequisites": [],
  "course_name": "*SUSTAINABLE ENGINEERING",
  "course_number": "ENGR 350H",
  "credits": "3",
  "description": "Examination of technological innovations and alternatives required to maintain human quality of life and environmental sustainability.",
  "prerequisites": []
}, {
  "corequisites": [],
  "course_name": "*CREATIVE COLLABORATION: DESIGNING AND BUILDING",
  "course_number": "ENGR 352",
  "credits": "3",
  "description": "Working in multi-disciplinary teams, design, implement, and document a piece of public art work or science museum display. Projects may be made of any media, but must demonstrate creativity both in the engineering used to create them and the technology and society message they convey. CROSSLISTED as ART 352/ENGR 352.",
  "prerequisites": []
}, {
  "corequisites": [],
  "course_name": "ENGINEERING ECONOMY",
  "course_number": "ENGR 390",
  "credits": "3",
  "description": "Time value of money; economic study techniques, depreciation, taxes, retirement, and replacement of engineering facilities.",
  "prerequisites": []
}, {
  "corequisites": [],
  "course_name": "SPECIAL TOPICS",
  "course_number": "ENGR 399",
  "credits": "1-16",
  "description": "",
  "prerequisites": []
}, {
  "corequisites": [],
  "course_name": "SPECIAL TOPICS",
  "course_number": "ENGR 399H",
  "credits": "1-16",
  "description": "",
  "prerequisites": []
}, {
  "corequisites": [],
  "course_name": "SEMINAR",
  "course_number": "ENGR 407",
  "credits": "1-16",
  "description": "",
  "prerequisites": []
}, {
  "corequisites": [],
  "course_name": "SEMINAR",
  "course_number": "ENGR 407H",
  "credits": "1-16",
  "description": "",
  "prerequisites": []
}, {
  "corequisites": [],
  "course_name": "^ENGINEERING CAPSTONE DESIGN 1",
  "course_number": "ENGR 415",
  "credits": "4",
  "description": "Utilizes engineering methodologies in a team environment to develop real-world solutions to an engineering problem. Develops all phases of system development, including project planning, requirements analysis, design, testing, configuration management, quality assurance, documentation, and delivery. First course/term of a two term design project.",
  "prerequisites": []
}, {
  "corequisites": [],
  "course_name": "^ENGINEERING CAPSTONE DESIGN 2",
  "course_number": "ENGR 416",
  "credits": "4",
  "description": "Utilizes engineering methodologies in a team environment to develop real-world solutions to an engineering problem. Teams will be responsible for all phases of system development, including project planning, requirements analysis, design, testing, configuration management, quality assurance, documentation, and delivery. Second course/term of a two term design project.",
  "prerequisites": [["ENGR 415"]]
}, {
  "corequisites": [],
  "course_name": "SPECIAL TOPICS",
  "course_number": "ENGR 499",
  "credits": "1-16",
  "description": "",
  "prerequisites": []
}, {
  "corequisites": [],
  "course_name": "SPECIAL TOPICS",
  "course_number": "ENGR 499H",
  "credits": "1-16",
  "description": "",
  "prerequisites": []
}, {
  "corequisites": [],
  "course_name": "PROJECTS",
  "course_number": "ENGR 506",
  "credits": "1",
  "description": "",
  "prerequisites": []
}, {
  "corequisites": [],
  "course_name": "MENG INTRODUCTION TO PORTFOLIO",
  "course_number": "ENGR 520",
  "credits": "1",
  "description": "Explores OSU resources, Graduate School, and College of Engineering requirements to prepare for work on an MEng final portfolio. Engages in writing skills necessary to complete the final portfolio. Investigates communication styles, Imposter Syndrome, understanding and coping mechanisms, and professional ethics as they relate to an MEng final portfolio.",
  "prerequisites": []
}, {
  "corequisites": [],
  "course_name": "MENG PORTFOLIO COMPLETION",
  "course_number": "ENGR 521",
  "credits": "1",
  "description": "Demonstrate how graduate learning outcomes have been met. Formulate clear and reasonable professional goals and articulate how the program has helped prepare for achievement of those goals. Create a final portfolio document summarizing core knowledge and its integration with other fields.",
  "prerequisites": [["ENGR 520"]]
}, {
  "corequisites": [],
  "course_name": "APPLIED IMAGING AND IMAGE PROCESSING",
  "course_number": "ENGR 531",
  "credits": "3",
  "description": "Explore image formats, storage issues, characteristics and significance of histograms; define and explain image artifacts such as random and periodic noise. Implement different image processing operations such as filters, registration, and mathematical algorithms to enhance an image and facilitate subsequent segmentation such as histogram thresholding, cluster analysis, watershed analysis, etc. Make quantitative measurements from images, such as length, area, orientation, connectivity, anisotropy, and perimeter of objects, as well as porosities, surface areas and curvatures. Apply advanced image analysis via skeletonization, morphological/ topological analysis, surface generation/triangulation etc.",
  "prerequisites": []
}, {
  "corequisites": [],
  "course_name": "PROFESSIONAL PREPARATION FOR ENGINEERS",
  "course_number": "ENGR 550",
  "credits": "1",
  "description": "Practical training on professional skills essential for a career as a practicing engineer. Covers development of networking and interviewing skills, preparation of a resume and related online media, and guidance on future professional development. As this is a graduate-level course, it will include guidance on how students can develop and present themselves in ways that differentiate their abilities from those of more junior engineers.",
  "prerequisites": []
}, {
  "corequisites": [],
  "course_name": "FOUNDATIONS OF ENGINEERING EDUCATION RESEARCH AND PRACTICE",
  "course_number": "ENGR 555",
  "credits": "3",
  "description": "An examination as to why engineering education is practiced and researched the way that it is through reading, discussion and writing. The focus of the course will be on written and verbal interactions informed by careful reading of assigned texts.",
  "prerequisites": []
}, {
  "corequisites": [],
  "course_name": "SPECIAL TOPICS",
  "course_number": "ENGR 599",
  "credits": "1-16",
  "description": "",
  "prerequisites": []
}]