[{
  "corequisites": [],
  "course_name": "UNDERGRADUATE RESEARCH",
  "course_number": "ENSC 003",
  "credits": "0",
  "description": "Engage in research activities appropriate to the discipline; and through the research experience, acquire skills, techniques, and knowledge relevant to the field of study. In consultation with a faculty mentor, engage in research activity, and make and execute a plan for a project.",
  "prerequisites": []
}, {
  "corequisites": [],
  "course_name": "INTERNSHIP",
  "course_number": "ENSC 004",
  "credits": "0",
  "description": "Provides basic personal and professional skills that can be used within and outside of a work setting. Through practice, this experience guides students in building and maintaining positive professional relationships, networking/mentoring relationships, and enhances students’ understanding of the connection between theory and practice in their respective disciplines.",
  "prerequisites": []
}, {
  "corequisites": [],
  "course_name": "ENVIRONMENTAL SCIENCES ORIENTATION",
  "course_number": "ENSC 101",
  "credits": "1",
  "description": "Introduction to the Environmental Sciences Program and related professional and educational opportunities. Recommended for all freshman and first-year transfer environmental sciences majors, but open to all students interested in learning about career options in the environmental sciences.",
  "prerequisites": []
}, {
  "corequisites": [],
  "course_name": "ENVIRONMENTAL FIELD STUDIES",
  "course_number": "ENSC 221",
  "credits": "4",
  "description": "Introduces field studies in environmental sciences. Covers a series of hands-on practicums that familiarize students with common skills, tools, and approaches for studying the environment. Emphasizes exploration of interests, identities, and aspirations in relation to careers in the environmental sciences.",
  "prerequisites": []
}, {
  "corequisites": [],
  "course_name": "SPECIAL TOPICS",
  "course_number": "ENSC 299",
  "credits": "1-16",
  "description": "",
  "prerequisites": []
}, {
  "corequisites": [],
  "course_name": "^ENVIRONMENTAL CASE STUDIES",
  "course_number": "ENSC 321",
  "credits": "3",
  "description": "Develops professional and scientific writing abilities through the analysis of current issues in environmental science. Integrates and applies multiple aspects of environmental problem solving, including diagnosis of issues, articulation of solutions, and communication of recommendations in a policy or management context.",
  "prerequisites": []
}, {
  "corequisites": [],
  "course_name": "TROPICAL ECOLOGY AND CONSERVATION",
  "course_number": "ENSC 341",
  "credits": "3",
  "description": "Examine the structure and function of tropical ecosystems, ranging from savannas to tropical rainforests to coral reefs. Explore the diversity of interactions in tropical ecosystems and explain how these interactions promote ecosystem functioning. Study relevant threats to tropical biodiversity and analyze restoration efforts. Apply ecological concepts to conservation in the tropics.",
  "prerequisites": [["BI 101"], ["BI 102"], ["BI 103", "BI 204"], ["BI 205"], ["BI 206", "BI 221", "BI 221H"], ["BI 222", "BI 222H"], ["BI 223", "BI 223H"]]
}, {
  "corequisites": [],
  "course_name": "SPECIAL TOPICS",
  "course_number": "ENSC 399",
  "credits": "1-16",
  "description": "",
  "prerequisites": []
}, {
  "corequisites": [],
  "course_name": "RESEARCH AND SCHOLARSHIP",
  "course_number": "ENSC 401",
  "credits": "1-16",
  "description": "",
  "prerequisites": []
}, {
  "corequisites": [],
  "course_name": "INDEPENDENT STUDIES",
  "course_number": "ENSC 402",
  "credits": "1-16",
  "description": "",
  "prerequisites": []
}, {
  "corequisites": [],
  "course_name": "THESIS",
  "course_number": "ENSC 403",
  "credits": "1-16",
  "description": "",
  "prerequisites": []
}, {
  "corequisites": [],
  "course_name": "READING AND CONFERENCE",
  "course_number": "ENSC 405",
  "credits": "1-12",
  "description": "",
  "prerequisites": []
}, {
  "corequisites": [],
  "course_name": "PROJECTS",
  "course_number": "ENSC 406",
  "credits": "1-16",
  "description": "",
  "prerequisites": []
}, {
  "corequisites": [],
  "course_name": "SEMINAR",
  "course_number": "ENSC 407",
  "credits": "1-16",
  "description": "",
  "prerequisites": []
}, {
  "corequisites": [],
  "course_name": "SEMINAR",
  "course_number": "ENSC 407H",
  "credits": "1-16",
  "description": "",
  "prerequisites": []
}, {
  "corequisites": [],
  "course_name": "WORKSHOP",
  "course_number": "ENSC 408",
  "credits": "1-16",
  "description": "",
  "prerequisites": []
}, {
  "corequisites": [],
  "course_name": "ENVIRONMENTAL SCIENCE INTERNSHIP",
  "course_number": "ENSC 410",
  "credits": "1-12",
  "description": "",
  "prerequisites": []
}, {
  "corequisites": [],
  "course_name": "ENVIRONMENTAL ASSESSMENT",
  "course_number": "ENSC 452",
  "credits": "3",
  "description": "Environmental site assessment is a primary tool for environmental science professionals. Apply environmental science concepts to evaluate features of a specific natural area and conduct a land suitability analysis. Create a conceptual site design and management plan that complies with federal, state, and local regulations and environmental laws. CROSSLISTED as ENSC 452/GEOG 452.",
  "prerequisites": []
}, {
  "corequisites": [],
  "course_name": "SPECIAL TOPICS",
  "course_number": "ENSC 499",
  "credits": "1-16",
  "description": "",
  "prerequisites": []
}, {
  "corequisites": [],
  "course_name": "RESEARCH AND SCHOLARSHIP",
  "course_number": "ENSC 501",
  "credits": "1-16",
  "description": "",
  "prerequisites": []
}, {
  "corequisites": [],
  "course_name": "THESIS",
  "course_number": "ENSC 503",
  "credits": "1-16",
  "description": "",
  "prerequisites": []
}, {
  "corequisites": [],
  "course_name": "READING AND CONFERENCE",
  "course_number": "ENSC 505",
  "credits": "1-16",
  "description": "",
  "prerequisites": []
}, {
  "corequisites": [],
  "course_name": "PROJECTS",
  "course_number": "ENSC 506",
  "credits": "1-16",
  "description": "",
  "prerequisites": []
}, {
  "corequisites": [],
  "course_name": "SEMINAR",
  "course_number": "ENSC 507",
  "credits": "1-16",
  "description": "",
  "prerequisites": []
}, {
  "corequisites": [],
  "course_name": "WORKSHOP",
  "course_number": "ENSC 508",
  "credits": "1-16",
  "description": "",
  "prerequisites": []
}, {
  "corequisites": [],
  "course_name": "INTERNSHIP",
  "course_number": "ENSC 510",
  "credits": "1-12",
  "description": "",
  "prerequisites": []
}, {
  "corequisites": [],
  "course_name": "GLOBAL ENVIRONMENTAL CHANGE: USING DATA TO INFORM DECISIONS",
  "course_number": "ENSC 511",
  "credits": "3",
  "description": "Empowers students interested in global change research to focus on the interactions between changes in human land use and climate. Using an innovative online data and mapping tool called Data Basin, students will explore topics accessing the highest quality datasets available in an all-in-one platform. CROSSLISTED as BEE 511/ENSC 511.",
  "prerequisites": []
}, {
  "corequisites": [],
  "course_name": "ENVIRONMENTAL PERSPECTIVES AND METHODS",
  "course_number": "ENSC 515",
  "credits": "3",
  "description": "Unique perspective or method each quarter. Possibilities include: remote sensing, modeling over a range of scales in time, space, and levels of system organization; and risk analysis.",
  "prerequisites": []
}, {
  "corequisites": [],
  "course_name": "USING BEST PRACTICES IN ENVIRONMENTAL PROJECT MANAGEMENT",
  "course_number": "ENSC 516",
  "credits": "4",
  "description": "Explore foundational project management concepts using a real world case-study to practice both soft and hard skills through individual and group assignments, discussions and presentations. Apply best practices, methodologies and tools using a global standards framework to achieve successful outcomes in environmental project management work. Active learning and networking are incorporated throughout the course to provide a full perspective on project management.",
  "prerequisites": []
}, {
  "corequisites": [],
  "course_name": "ENVIRONMENTAL MANAGEMENT AND SUSTAINABILITY ASSESSMENT",
  "course_number": "ENSC 517",
  "credits": "4",
  "description": "Examines a range of methods for measuring and evaluating performance towards effective environmental management and sustainability goals. Evaluates tools for making sustainable decisions and understand the limitations of a variety of assessment approaches in different contexts. Explores specific assessment techniques including environmental management systems (EMS and ISO standards), ESG (Environment-Society-Governance) reporting, the circular economy, life-cycle analysis, ecological and carbon footprinting, ecosystem services, and triple bottom line accounting.",
  "prerequisites": []
}, {
  "corequisites": [],
  "course_name": "ENVIRONMENTAL ANALYSIS",
  "course_number": "ENSC 520",
  "credits": "3",
  "description": "Develop analytical thinking, explore analytical approaches, enhance writing skills, and gain experience in oral communication about environmental issues.",
  "prerequisites": []
}, {
  "corequisites": [],
  "course_name": "ENVIRONMENTAL SCIENCE PERSPECTIVES ON THE FUTURE OF FOOD",
  "course_number": "ENSC 540",
  "credits": "4",
  "description": "Examines the newest developments in environmental science research and on-the-ground best management practices for achieving food security and sustainability for growing U.S. and global populations in a dynamic environment and climate.",
  "prerequisites": []
}, {
  "corequisites": [],
  "course_name": "ENVIRONMENTAL SCIENCE",
  "course_number": "ENSC 541",
  "credits": "SCIENTISTS",
  "description": "Focusing on analyzing the role of environmental science and scientists in decision-making in a variety of professional contexts at various scales (local through global) using a case-study approach and proposing a draft model process.",
  "prerequisites": []
}, {
  "corequisites": [],
  "course_name": "MANAGEMENT OPPORTUNITIES IN THE NITROGEN CASCADE",
  "course_number": "ENSC 542",
  "credits": "4",
  "description": "Analyzes the environmental science behind reducing excess reactive nitrogen entering the environment through our provision of food, power, and transportation for future populations. Identifies emerging complementary suites of interventions and legislation innovating management practices at local, regional, national and international scales.",
  "prerequisites": []
}, {
  "corequisites": [],
  "course_name": "EXCELLING IN AN INTERDISCIPLINARY TEAM",
  "course_number": "ENSC 543",
  "credits": "4",
  "description": "Identifying, examining and practicing the top skills, attributes and leadership dynamics involved in working in interdisciplinary environmental science teams in industry, government, and research organizations, informed by experienced experts across these areas.",
  "prerequisites": []
}, {
  "corequisites": [],
  "course_name": "SELECTED TOPICS",
  "course_number": "ENSC 599",
  "credits": "1-16",
  "description": "",
  "prerequisites": []
}, {
  "corequisites": [],
  "course_name": "RESEARCH AND SCHOLARSHIP",
  "course_number": "ENSC 601",
  "credits": "1-16",
  "description": "",
  "prerequisites": []
}, {
  "corequisites": [],
  "course_name": "THESIS",
  "course_number": "ENSC 603",
  "credits": "1-16",
  "description": "",
  "prerequisites": []
}, {
  "corequisites": [],
  "course_name": "READING AND CONFERENCE",
  "course_number": "ENSC 605",
  "credits": "1-16",
  "description": "",
  "prerequisites": []
}, {
  "corequisites": [],
  "course_name": "PROJECTS",
  "course_number": "ENSC 606",
  "credits": "1-16",
  "description": "",
  "prerequisites": []
}, {
  "corequisites": [],
  "course_name": "SEMINAR",
  "course_number": "ENSC 607",
  "credits": "1-16",
  "description": "",
  "prerequisites": []
}, {
  "corequisites": [],
  "course_name": "SELECTED TOPICS",
  "course_number": "ENSC 699",
  "credits": "1-16",
  "description": "",
  "prerequisites": []
}]