[{
  "corequisites": [],
  "course_name": "INTRODUCTION TO CROP",
  "course_number": "ENT 101",
  "credits": "SOIL",
  "description": "Introduces students with interests in crop, soil, and insect sciences to educational and professional opportunities in these disciplines. Speakers will discuss opportunities in research and academia as well as in the applied professional job market. CROSSLISTED as CROP 101/ENT 101/SOIL 101.",
  "prerequisites": []
}, {
  "corequisites": [],
  "course_name": "*PESTS",
  "course_number": "ENT 300",
  "credits": "PLAGUES",
  "description": "Explores the interaction between humans and insects over the course of history up to the modern era. Examines the interaction of entomology with other aspects of society including agriculture, natural resources, engineering, public health, humanities, business, and geopolitics. Explores how entomology has been inextricably linked with, and contributes to, technological advancements by human society. Develops the ability to analyze relationships among science, technology, and society and to articulate critical perspectives on how those relationships have shaped human society. CROSSLISTED as ENT 300/HORT 330.",
  "prerequisites": []
}, {
  "corequisites": [],
  "course_name": "INTRODUCTION TO INSECT PEST MANAGEMENT",
  "course_number": "ENT 311",
  "credits": "4",
  "description": "Identification, biology and management of injurious and beneficial insects. Concurrent laboratory is designed to provide hands-on experience with identification of insect groups of relevance to agricultural cropping systems.",
  "prerequisites": []
}, {
  "corequisites": [],
  "course_name": "HONEY BEE BIOLOGY AND BEEKEEPING",
  "course_number": "ENT 322",
  "credits": "3",
  "description": "In this introduction to the fascinating honey bee and its biology, honey bees are used as model organisms to illustrate general principles of biology, entomology, and sociobiology. Students will learn the basics of beekeeping, have an opportunity to manipulate honey bee colonies, and gain hands-on experience, prevailing winter weather permitting.",
  "prerequisites": []
}, {
  "corequisites": [],
  "course_name": "*POLLINATORS IN PERIL",
  "course_number": "ENT 331",
  "credits": "3",
  "description": "Pollinators, human influences on pollination systems, and the potential consequences of pollinator decline. An introduction to the skills needed to investigate media reports and multidisciplinary scientific research. Effects of pesticides, habitat fragmentation, climate change, invasive species, pests, pathogens, and other threats to pollinators in critical natural and agricultural systems around the world. CROSSLISTED as ENT 331/HORT 331.",
  "prerequisites": []
}, {
  "corequisites": [],
  "course_name": "RESEARCH",
  "course_number": "ENT 401",
  "credits": "1-16",
  "description": "Work on approved problems carried on in the library, laboratory or field.",
  "prerequisites": []
}, {
  "corequisites": [],
  "course_name": "THESIS",
  "course_number": "ENT 403",
  "credits": "1-16",
  "description": "",
  "prerequisites": []
}, {
  "corequisites": [],
  "course_name": "READING AND CONFERENCE",
  "course_number": "ENT 405",
  "credits": "1-16",
  "description": "Reading and discussions on special topics.",
  "prerequisites": []
}, {
  "corequisites": [],
  "course_name": "SEMINAR",
  "course_number": "ENT 407",
  "credits": "1-2",
  "description": "",
  "prerequisites": []
}, {
  "corequisites": [],
  "course_name": "INTERNSHIP",
  "course_number": "ENT 410",
  "credits": "1-16",
  "description": "",
  "prerequisites": []
}, {
  "corequisites": [],
  "course_name": "ISSUES IN INSECT TOXICOLOGY",
  "course_number": "ENT 440",
  "credits": "3",
  "description": "Introduction to concepts and mechanisms associated with molecular toxicology as it relates to insects, including interactions with naturally occurring and synthetic compounds. Overview of current research in insect toxicology including resistance to pesticides, protection of non-target species, and use of insects as model organisms. Discussion of laboratory and field approaches and potential strategies to address issues in insect toxicology.",
  "prerequisites": []
}, {
  "corequisites": [],
  "course_name": "INSECT AGROECOLOGY",
  "course_number": "ENT 444",
  "credits": "3",
  "description": "Agroecology incorporates ecological concepts and principles to the design and management of sustainable agricultural systems. Topics include: the role of insects in sustainable agricultural systems; application of the principles of insect ecology to better manage insect pests and maximize crop yield; conserving beneficial insects and other natural resources in agroecosystems and the surrounding landscape. CROSSLISTED as ENT 444/HORT 444.",
  "prerequisites": []
}, {
  "corequisites": [],
  "course_name": "SPECIAL TOPICS",
  "course_number": "ENT 499",
  "credits": "1-6",
  "description": "",
  "prerequisites": []
}, {
  "corequisites": [],
  "course_name": "RESEARCH",
  "course_number": "ENT 501",
  "credits": "1-16",
  "description": "Work on approved problems carried on in the library, laboratory or field.",
  "prerequisites": []
}, {
  "corequisites": [],
  "course_name": "THESIS",
  "course_number": "ENT 503",
  "credits": "1-16",
  "description": "",
  "prerequisites": []
}, {
  "corequisites": [],
  "course_name": "READING AND CONFERENCE",
  "course_number": "ENT 505",
  "credits": "1-16",
  "description": "Reading and discussions on special topics.",
  "prerequisites": []
}, {
  "corequisites": [],
  "course_name": "SEMINAR",
  "course_number": "ENT 507",
  "credits": "1-2",
  "description": "",
  "prerequisites": []
}, {
  "corequisites": [],
  "course_name": "WORKSHOP",
  "course_number": "ENT 508",
  "credits": "1-16",
  "description": "",
  "prerequisites": []
}, {
  "corequisites": [],
  "course_name": "PRACTICUM IN TEACHING",
  "course_number": "ENT 509",
  "credits": "1-3",
  "description": "Developing skills and competence in teaching under staff supervision; organization and presentation of instructional material by assisting in laboratory, recitation, and lectures. CROSSLISTED as CROP 509/ENT 509/PBG 509/SOIL 509.",
  "prerequisites": []
}, {
  "corequisites": [],
  "course_name": "INTERNSHIP",
  "course_number": "ENT 510",
  "credits": "1-16",
  "description": "",
  "prerequisites": []
}, {
  "corequisites": [],
  "course_name": "CURRENT TOPICS IN ENTOMOLOGY",
  "course_number": "ENT 518",
  "credits": "2",
  "description": "Provides an advanced understanding of entomology and its relationship to other disciplines through critical analysis of the scientific literature. Practice synthesizing information and presenting findings to peers. Instructors, topics, and specific learning objectives vary from term to term. CROSSLISTED as ENT 518/HORT 518.",
  "prerequisites": []
}, {
  "corequisites": [],
  "course_name": "ORGANIC BEEKEEPING AND HONEY PRODUCTION",
  "course_number": "ENT 523",
  "credits": "3",
  "description": "In this introduction to the fascinating honey bee and its biology, honey bees are used as model organisms to illustrate general principles of biology, entomology, and sociobiology. Learn the basics of beekeeping, organic beekeeping and honey production. Examine the culture and certification of organic and conventional systems of honey production.",
  "prerequisites": []
}, {
  "corequisites": [],
  "course_name": "ISSUES IN INSECT TOXICOLOGY",
  "course_number": "ENT 540",
  "credits": "3",
  "description": "Introduction to concepts and mechanisms associated with molecular toxicology as it relates to insects, including interactions with naturally occurring and synthetic compounds. Overview of current research in insect toxicology including resistance to pesticides, protection of non-target species, and use of insects as model organisms. Discussion of laboratory and field approaches and potential strategies to address issues in insect toxicology.",
  "prerequisites": []
}, {
  "corequisites": [],
  "course_name": "PRINCIPLES OF INTEGRATED PEST MANAGEMENT: SYSTEMS DESIGN",
  "course_number": "ENT 542",
  "credits": "4",
  "description": "Principles of integrated pest management design focusing on the use of systems analysis as a means to integrate management tactics, environmental and biological monitoring, pest control models, and implementation elements into a cohesive whole. Introduction to integrated pest management on websites. Students will design a hypothetical crop-pest management system.",
  "prerequisites": []
}, {
  "corequisites": [],
  "course_name": "INSECT AGROECOLOGY",
  "course_number": "ENT 544",
  "credits": "3",
  "description": "Agroecology incorporates ecological concepts and principles to the design and management of sustainable agricultural systems. Topics include: the role of insects in sustainable agricultural systems; application of the principles of insect ecology to better manage insect pests and maximize crop yield; conserving beneficial insects and other natural resources in agroecosystems and the surrounding landscape. CROSSLISTED as ENT 544/HORT 544.",
  "prerequisites": []
}, {
  "corequisites": [],
  "course_name": "SPECIAL TOPICS",
  "course_number": "ENT 599",
  "credits": "1-16",
  "description": "Important topics of current interest in the areas of systematics, insect physiology and toxicology, ecology and behavior, and pest management. Course content and title will change with each offering.",
  "prerequisites": []
}, {
  "corequisites": [],
  "course_name": "RESEARCH",
  "course_number": "ENT 601",
  "credits": "1-16",
  "description": "",
  "prerequisites": []
}, {
  "corequisites": [],
  "course_name": "THESIS",
  "course_number": "ENT 603",
  "credits": "1-16",
  "description": "",
  "prerequisites": []
}, {
  "corequisites": [],
  "course_name": "READING AND CONFERENCE",
  "course_number": "ENT 605",
  "credits": "1-16",
  "description": "",
  "prerequisites": []
}, {
  "corequisites": [],
  "course_name": "SEMINAR",
  "course_number": "ENT 607",
  "credits": "1-16",
  "description": "",
  "prerequisites": []
}, {
  "corequisites": [],
  "course_name": "PRACTICUM IN TEACHING",
  "course_number": "ENT 609",
  "credits": "1-3",
  "description": "Developing skills and competence in teaching under staff supervision; organization and presentation of instructional material by assisting in laboratory, recitation, and lectures.",
  "prerequisites": []
}, {
  "corequisites": [],
  "course_name": "SPECIAL TOPICS",
  "course_number": "ENT 699",
  "credits": "1-16",
  "description": "Important topics of current interest in the areas of systematics, insect physiology and toxicology, ecology and behavior, and pest management. Course content and title will change with each offering.",
  "prerequisites": []
}]