[{
  "corequisites": [],
  "course_name": "SPECIAL TOPICS",
  "course_number": "ENVE 199",
  "credits": "1-16",
  "description": "Seminar course that includes invited speakers. Open to all students interested in learning about the Environmental Engineering undergraduate program and potential career opportunities.",
  "prerequisites": []
}, {
  "corequisites": [],
  "course_name": "SPECIAL TOPICS",
  "course_number": "ENVE 299",
  "credits": "1-16",
  "description": "",
  "prerequisites": []
}, {
  "corequisites": [],
  "course_name": "SPECIAL TOPICS",
  "course_number": "ENVE 299H",
  "credits": "1-16",
  "description": "",
  "prerequisites": []
}, {
  "corequisites": [],
  "course_name": "ENVIRONMENTAL ENGINEERING FUNDAMENTALS",
  "course_number": "ENVE 321",
  "credits": "4",
  "description": "Application of engineering principles to the analysis of environmental problems. Topics include water, wastewater, solid wastes, and air pollution.",
  "prerequisites": [["MTH 256", "MTH 256H"]]
}, {
  "corequisites": [],
  "course_name": "FUNDAMENTALS OF ENVIRONMENTAL ENGINEERING",
  "course_number": "ENVE 322",
  "credits": "4",
  "description": "Application of engineering principles to the analysis of environmental problems. Topics include water, wastewater, solid wastes, and air pollution.",
  "prerequisites": [["CH 222", "CH 232", "CH 232H", "CH 225H"], ["MTH 256", "MTH 256H"]]
}, {
  "corequisites": [],
  "course_name": "RESEARCH",
  "course_number": "ENVE 401",
  "credits": "1-16",
  "description": "",
  "prerequisites": []
}, {
  "corequisites": [],
  "course_name": "THESIS",
  "course_number": "ENVE 403",
  "credits": "1-16",
  "description": "",
  "prerequisites": []
}, {
  "corequisites": [],
  "course_name": "READING AND CONFERENCE",
  "course_number": "ENVE 405",
  "credits": "1-16",
  "description": "",
  "prerequisites": []
}, {
  "corequisites": [],
  "course_name": "SPECIAL PROJECTS",
  "course_number": "ENVE 406",
  "credits": "1-16",
  "description": "",
  "prerequisites": []
}, {
  "corequisites": [],
  "course_name": "SEMINAR",
  "course_number": "ENVE 407",
  "credits": "1-16",
  "description": "",
  "prerequisites": []
}, {
  "corequisites": [],
  "course_name": "SEMINAR",
  "course_number": "ENVE 407H",
  "credits": "1-16",
  "description": "",
  "prerequisites": []
}, {
  "corequisites": [],
  "course_name": "OCCUPATIONAL INTERNSHIP",
  "course_number": "ENVE 410",
  "credits": "1-12",
  "description": "",
  "prerequisites": []
}, {
  "corequisites": [],
  "course_name": "ENVIRONMENTAL ENGINEERING LABORATORY",
  "course_number": "ENVE 415",
  "credits": "3",
  "description": "Theoretical and empirical analysis of several unit operations, use of formal work processes, safety, teamwork, oral and written communication, and personal accountability.",
  "prerequisites": [["CBEE 414"]]
}, {
  "corequisites": [],
  "course_name": "DRINKING WATER TREATMENT PROCESSES",
  "course_number": "ENVE 421",
  "credits": "4",
  "description": "Characterization and treatment of drinking water sources including engineering principles for the selection and design of treatment processes.",
  "prerequisites": [["ENVE 322"]]
}, {
  "corequisites": [],
  "course_name": "WASTEWATER TREATMENT PROCESSES",
  "course_number": "ENVE 422",
  "credits": "4",
  "description": "Characterization and treatment of municipal and industrial wastewaters including engineering principles for the selection and design of treatment processes.",
  "prerequisites": [["ENVE 421"]]
}, {
  "corequisites": [],
  "course_name": "AIR POLLUTION CONTROL",
  "course_number": "ENVE 425",
  "credits": "3",
  "description": "Study of air pollution sources, transport, and control, including engineering, chemical, meteorological, social, and economic aspects.",
  "prerequisites": [["ENVE 321", "ENVE 322"]]
}, {
  "corequisites": [],
  "course_name": "FATE AND TRANSPORT OF CHEMICALS IN ENVIRONMENTAL SYSTEMS",
  "course_number": "ENVE 431",
  "credits": "4",
  "description": "Fundamentals of organic chemistry and engineering principles applied to the movement and fate of xenobiotic compounds.",
  "prerequisites": [["CH 123", "CH 233", "CH 233H"], ["CH 440", "CHE 331", "CHE 331H"], ["ENVE 321", "ENVE 322"], ["ENVE 421"]]
}, {
  "corequisites": [],
  "course_name": "SUSTAINABLE WATER RESOURCES DEVELOPMENT",
  "course_number": "ENVE 456",
  "credits": "3",
  "description": "Sustainable water resources engineering principles, assessing the impact of engineering practices. Use of engineering analyses and sustainable principles to design projects and minimize their environmental impact.",
  "prerequisites": []
}, {
  "corequisites": [],
  "course_name": "BIOREACTORS",
  "course_number": "ENVE 457",
  "credits": "3",
  "description": "Design and analysis of bioreactors using suspension and immobilized microbial cultures.",
  "prerequisites": [["CHE 333", "CHE 333H"], ["ENVE 322"]]
}, {
  "corequisites": [],
  "course_name": "ENVIRONMENTAL ENGINEERING DESIGN",
  "course_number": "ENVE 490",
  "credits": "4",
  "description": "Open-ended design of environmental processes including development of process flow diagrams, control strategies, process simulators, and financial analysis of processes.",
  "prerequisites": [["ENVE 421"], ["ENVE 422"]]
}, {
  "corequisites": [],
  "course_name": "SPECIAL TOPICS IN ENVIRONMENTAL ENGINEERING",
  "course_number": "ENVE 499",
  "credits": "1-4",
  "description": "A critical examination of topics selected by the instructor from among topics not covered in other environmental engineering courses.",
  "prerequisites": []
}, {
  "corequisites": [],
  "course_name": "RESEARCH AND SCHOLARSHIP",
  "course_number": "ENVE 501",
  "credits": "1-16",
  "description": "",
  "prerequisites": []
}, {
  "corequisites": [],
  "course_name": "THESIS",
  "course_number": "ENVE 503",
  "credits": "1-16",
  "description": "",
  "prerequisites": []
}, {
  "corequisites": [],
  "course_name": "READING AND CONFERENCE",
  "course_number": "ENVE 505",
  "credits": "1-16",
  "description": "",
  "prerequisites": []
}, {
  "corequisites": [],
  "course_name": "PROJECTS",
  "course_number": "ENVE 506",
  "credits": "1-16",
  "description": "",
  "prerequisites": []
}, {
  "corequisites": [],
  "course_name": "SEMINAR",
  "course_number": "ENVE 507",
  "credits": "1-16",
  "description": "One-credit seminar.",
  "prerequisites": []
}, {
  "corequisites": [],
  "course_name": "INTERNSHIP",
  "course_number": "ENVE 510",
  "credits": "1-16",
  "description": "",
  "prerequisites": []
}, {
  "corequisites": [],
  "course_name": "GROUNDWATER MODELING",
  "course_number": "ENVE 518",
  "credits": "3",
  "description": "Explores implicit and explicit finite difference and iterative methods applied to boundary condition problems in transient and steady-state groundwater systems. Topics include groundwater and solute flows through porous media, aquifer dynamics, numerical methods, and mathematical model posedness, stability, and calibration.",
  "prerequisites": []
}, {
  "corequisites": [],
  "course_name": "DRINKING WATER TREATMENT PROCESSES",
  "course_number": "ENVE 521",
  "credits": "4",
  "description": "Characterization and treatment of drinking water sources including engineering principles for the selection and design of treatment processes.",
  "prerequisites": []
}, {
  "corequisites": [],
  "course_name": "WASTEWATER TREATMENT PROCESSES",
  "course_number": "ENVE 522",
  "credits": "4",
  "description": "Characterization and treatment of municipal and industrial wastewaters including engineering principles for the selection and design of treatment processes.",
  "prerequisites": []
}, {
  "corequisites": [],
  "course_name": "AIR POLLUTION CONTROL",
  "course_number": "ENVE 525",
  "credits": "3",
  "description": "Study of air pollution sources, transport, and control, including engineering, chemical, meteorological, social, and economic aspects.",
  "prerequisites": []
}, {
  "corequisites": [],
  "course_name": "FATE AND TRANSPORT OF CHEMICALS IN ENVIRONMENTAL SYSTEMS",
  "course_number": "ENVE 531",
  "credits": "4",
  "description": "Fundamentals of organic chemistry and engineering principles applied to the movement and fate of xenobiotic compounds.",
  "prerequisites": []
}, {
  "corequisites": [],
  "course_name": "AQUATIC CHEMISTRY: NATURAL AND ENGINEERED SYSTEMS",
  "course_number": "ENVE 532",
  "credits": "4",
  "description": "Low temperature thermodynamic and selective kinetic treatments primarily of the inorganic chemistry groups, but also organic ligands and surface active groups, of natural and engineered waters; thermodynamic principles and computational techniques for prediction of equilibrium speciation; comparison of predictions to observations; computer laboratory.",
  "prerequisites": []
}, {
  "corequisites": [],
  "course_name": "PHYSICAL AND CHEMICAL TREATMENT PROCESSES",
  "course_number": "ENVE 535",
  "credits": "4",
  "description": "Fundamental principles of physical and chemical processes relevant for the treatment of contaminants in environmental matrices (e.g. water, air and soil).",
  "prerequisites": [["ENVE 532"]]
}, {
  "corequisites": [],
  "course_name": "AQUEOUS ENVIRONMENTAL CHEMISTRY LABORATORY",
  "course_number": "ENVE 536",
  "credits": "2",
  "description": "Emphasizes laboratory investigation of acid/base equilibria, coordination chemistry, identification of organic compounds with GC-MS and LC-MS, and precipitation/dissolution chemistry.",
  "prerequisites": []
}, {
  "corequisites": [],
  "course_name": "MICROBIAL PROCESSES IN ENVIRONMENTAL SYSTEMS",
  "course_number": "ENVE 541",
  "credits": "4",
  "description": "Energetics kinetics and stoichiometry of microbial transformations of organic and inorganic compounds. Mathematical models of biodegradation.",
  "prerequisites": []
}, {
  "corequisites": [],
  "course_name": "MICROBIAL METHODS IN ENVIRONMENTAL ENGINEERING",
  "course_number": "ENVE 545",
  "credits": "3",
  "description": "Covers the principles of microbiological methods pertinent to environmental engineers with an emphasis on applications in drinking water treatment, wastewater treatment, and soil remediation. The course is targeted at engineering students that do not have much experience with culture-based and molecular-based techniques.",
  "prerequisites": [["ENVE 541"]]
}, {
  "corequisites": [],
  "course_name": "GROUNDWATER REMEDIATION",
  "course_number": "ENVE 554",
  "credits": "4",
  "description": "Theory and practice of groundwater remediation. Environmental site assessments. Physical, chemical, and biological methods for in situ treatment of contaminated aquifers. Modeling of remediation technologies.",
  "prerequisites": []
}, {
  "corequisites": [],
  "course_name": "SUSTAINABLE WATER RESOURCES DEVELOPMENT",
  "course_number": "ENVE 556",
  "credits": "3",
  "description": "Sustainable water resources engineering principles, assessing the impact of engineering practices. Use of engineering analyses and sustainable principles to design projects and minimize their environmental impact.",
  "prerequisites": []
}, {
  "corequisites": [],
  "course_name": "SPECIAL TOPICS",
  "course_number": "ENVE 599",
  "credits": "0-16",
  "description": "",
  "prerequisites": []
}, {
  "corequisites": [],
  "course_name": "RESEARCH AND SCHOLARSHIP",
  "course_number": "ENVE 601",
  "credits": "1-16",
  "description": "",
  "prerequisites": []
}, {
  "corequisites": [],
  "course_name": "THESIS",
  "course_number": "ENVE 603",
  "credits": "1-16",
  "description": "",
  "prerequisites": []
}, {
  "corequisites": [],
  "course_name": "SELECTED TOPICS IN ENVIRONMENTAL ENGINEERING",
  "course_number": "ENVE 699",
  "credits": "1-4",
  "description": "A critical examination of topics selected by the instructors from among topics not covered in other environmental engineering courses.",
  "prerequisites": []
}]