[{
  "corequisites": [],
  "course_name": "*INTRODUCTION TO ETHNIC STUDIES",
  "course_number": "ES 101",
  "credits": "3",
  "description": "This interdisciplinary course focuses on the ethnic group experience in the United States with emphasis on African Americans, Native Americans, Chicanos/as, Latinos/as, and Asian Americans.",
  "prerequisites": []
}, {
  "corequisites": [],
  "course_name": "*LANGUAGE",
  "course_number": "ES 159",
  "credits": "RACE",
  "description": "Unpack language, race and racism--as well as the intersections between those ideas-- as cornerstones to understanding identity and society as inherently socially constructed notions. CROSSLISTED as ANTH 159/ES 159/WLC 159. (Bacc Core Course)",
  "prerequisites": []
}, {
  "corequisites": [],
  "course_name": "SPECIAL TOPICS",
  "course_number": "ES 199",
  "credits": "1-16",
  "description": "",
  "prerequisites": []
}, {
  "corequisites": [],
  "course_name": "*INVENTING ETHNIC AMERICA",
  "course_number": "ES 201",
  "credits": "3",
  "description": "An examination of past and present constructions of race and ethnicity in U.S. culture and society and their impact on individuals, institutions, policies, and practices, with particular emphasis on contemporary America. (Bacc Core Course) (H) (SS)",
  "prerequisites": []
}, {
  "corequisites": [],
  "course_name": "*INTRODUCTION TO LATINO/A STUDIES",
  "course_number": "ES 211",
  "credits": "4",
  "description": "An introduction to key concepts and ideas in Latino/a Studies, with a focus on the processes that led to the historical incorporation of various Latin@ groups into the United States, and the factors that have shaped contexts of reception for Latino/as historically. Explore connections and disconnections between historical and present day discourses and processes.",
  "prerequisites": []
}, {
  "corequisites": [],
  "course_name": "*LATINO/A IDENTITIES AND ACTIVISM",
  "course_number": "ES 213",
  "credits": "4",
  "description": "A comparative interdisciplinary treatment of contemporary Latino/a cultures and current issues affecting their status in the United States.",
  "prerequisites": []
}, {
  "corequisites": [],
  "course_name": "*SURVEY OF AFRICAN AMERICAN STUDIES I",
  "course_number": "ES 221",
  "credits": "4",
  "description": "An interdisciplinary survey of the African American experience beginning with pre-colonial Africa to the early 1900s. (H) (NC) (Bacc Core Course)",
  "prerequisites": []
}, {
  "corequisites": [],
  "course_name": "*SURVEY OF AFRICAN AMERICAN STUDIES I",
  "course_number": "ES 221H",
  "credits": "4",
  "description": "An interdisciplinary survey of the African American experience beginning with pre-colonial Africa and ending with World War I. (H) (NC) (Bacc Core Course)",
  "prerequisites": []
}, {
  "corequisites": [],
  "course_name": "*SURVEY OF AFRICAN AMERICAN STUDIES II",
  "course_number": "ES 223",
  "credits": "4",
  "description": "An interdisciplinary survey of the African American experience from World War I to the present. (Bacc Core Course)",
  "prerequisites": []
}, {
  "corequisites": [],
  "course_name": "*SURVEY OF AFRICAN AMERICAN STUDIES II",
  "course_number": "ES 223H",
  "credits": "4",
  "description": "An interdisciplinary survey of the African American experience from World War I to the present. (Bacc Core Course)",
  "prerequisites": []
}, {
  "corequisites": [],
  "course_name": "*INTRODUCTION TO ASIAN AMERICAN STUDIES",
  "course_number": "ES 231",
  "credits": "4",
  "description": "An examination of the histories and experiences of Asian Americans from the mid-1800s to the present through historical texts, oral histories, personal essays, video, audio, and creative writings. (H) (Bacc Core Course)",
  "prerequisites": []
}, {
  "corequisites": [],
  "course_name": "*ASIAN PACIFIC AMERICAN ACTIVISM AND EMPOWERMENT",
  "course_number": "ES 233",
  "credits": "4",
  "description": "A look at Asian Pacific American activism and issues, from early labor organizing to contemporary community efforts, with particular emphasis on the 1960s to the present. (H) (Bacc Core Course)",
  "prerequisites": []
}, {
  "corequisites": [],
  "course_name": "*INTRODUCTION TO NATIVE AMERICAN STUDIES",
  "course_number": "ES 241",
  "credits": "4",
  "description": "A survey of Native American cultures and history, both prior to and following contact with Europeans. Introduces the key contemporary issues and questions in the field of Native American studies.",
  "prerequisites": []
}, {
  "corequisites": [],
  "course_name": "*INTRODUCTION TO NATIVE AMERICAN STUDIES",
  "course_number": "ES 241H",
  "credits": "4",
  "description": "A survey of Native American cultures and history, both prior to and following contact with Europeans. Introduces the key contemporary issues and questions in the field of Native American studies.",
  "prerequisites": []
}, {
  "corequisites": [],
  "course_name": "*NATIVE AMERICAN ASSIMILATION AND ACTIVISM",
  "course_number": "ES 243",
  "credits": "4",
  "description": "Comprehensive course dealing with Native American experiences in the United States. Focuses on tribal and individual Native American activism and responses to government policies and cultural practices of assimilation since 1900.",
  "prerequisites": []
}, {
  "corequisites": [],
  "course_name": "*INTRODUCTION TO PACIFIC ISLANDS STUDIES",
  "course_number": "ES 260",
  "credits": "4",
  "description": "Introduction to the geography, societies, histories, cultures, and contemporary issues of Oceania (Pacific islands). Especially concerned with the experience of indigenous communities and the representations generated inside and outside Oceania. (Bacc Core Course)",
  "prerequisites": []
}, {
  "corequisites": [],
  "course_name": "MAKING ALLIANCES AND SOLIDARITIES",
  "course_number": "ES 270",
  "credits": "4",
  "description": "Examines the history of social justice movement alliances and solidarity work. Students will learn from case studies and analyses of successes and failures in collaborations across race, gender, class, sexuality, and indigenous communities. Students will extend course learning via experiential projects requiring the application and practice of alliance-making and solidarity principles.",
  "prerequisites": []
}, {
  "corequisites": [],
  "course_name": "SPECIAL TOPICS",
  "course_number": "ES 299",
  "credits": "1-16",
  "description": "",
  "prerequisites": []
}, {
  "corequisites": [],
  "course_name": "*FEMINIST DECOLONIZING METHODOLOGIES: SOCIAL JUSTICE RESEARCH",
  "course_number": "ES 319",
  "credits": "3",
  "description": "Examines traditional scientific methods through a feminist philosophy of science lens that incorporates critiques of the racialized and gendered origins of modern science. Introduces the breadth of feminist research methods associated with social justice research.",
  "prerequisites": [["WGSS 223", "WGSS 223H"]]
}, {
  "corequisites": [],
  "course_name": "AFRICAN AMERICAN POLITICAL AND SOCIAL THOUGHT: 20TH CENTURY",
  "course_number": "ES 321",
  "credits": "4",
  "description": "This interdisciplinary course examines the dialogues, conflicts and self-representations produced by African Americans beginning with the closing years of the 19 century (1895) and ending with the opening days of World War II. (SS)",
  "prerequisites": []
}, {
  "corequisites": [],
  "course_name": "CONTEMPORARY AFRICAN AMERICAN SOCIAL DISCOURSE",
  "course_number": "ES 323",
  "credits": "4",
  "description": "Interdisciplinary course examines key African American political discourse(s) that emerged in response to major social and cultural transformations occurring in the United States after World War II to the present. (SS)",
  "prerequisites": []
}, {
  "corequisites": [],
  "course_name": "ASIAN PACIFIC AMERICAN LITERATURE",
  "course_number": "ES 334",
  "credits": "4",
  "description": "An examination of various works by Asian Pacific American writers and some of the critical debates surrounding them.",
  "prerequisites": []
}, {
  "corequisites": [],
  "course_name": "NATIVE AMERICANS IN OREGON",
  "course_number": "ES 345",
  "credits": "4",
  "description": "Analysis and understanding of the complex experiences of Native Americans in the present state of Oregon, from early contact with those of other ethnicities to contemporary demographic contexts.",
  "prerequisites": []
}, {
  "corequisites": [],
  "course_name": "^PUBLIC DISCOURSE AND WRITINGS ON RACE",
  "course_number": "ES 350",
  "credits": "4",
  "description": "Explores historical and contemporary cases of private, political, and public discourse on race and difference. Students will study diverse examples to explore strategies and methods of dominant and resistant discourse, as well as their social and material impacts.",
  "prerequisites": []
}, {
  "corequisites": [],
  "course_name": "*ETHNIC MINORITIES IN OREGON",
  "course_number": "ES 351",
  "credits": "4",
  "description": "Exploration of the cultures and contributions of major ethnic groups in the state of Oregon. With timelines, oral histories, and audiovisual aids, the course will allow students to learn the ethnic and regional diversity in Oregon history. (Bacc Core Course) (H)",
  "prerequisites": []
}, {
  "corequisites": [],
  "course_name": "*ENVIRONMENTAL RACISM",
  "course_number": "ES 353",
  "credits": "4",
  "description": "Introduces environmental racism; the unequal impact of environmental harm on communities of color and indigenous peoples. Presents empirical evidence and theoretical frames, and explores efforts by government, residents, and activists to combat it. Considers questions of environmental justice via social structure, public access, open space, indigeneity, food, and media. (Bacc Core Course)",
  "prerequisites": []
}, {
  "corequisites": [],
  "course_name": "*ENVIRONMENTAL RACISM",
  "course_number": "ES 353H",
  "credits": "4",
  "description": "Introduces environmental racism; the unequal impact of environmental harm on communities of color and indigenous peoples. Presents empirical evidence and theoretical frames, and explores efforts by government, residents, and activists to combat it. Considers questions of environmental justice via social structure, public access, open space, indigeneity, food, and media. (Bacc Core Course)",
  "prerequisites": []
}, {
  "corequisites": [],
  "course_name": "*RACE",
  "course_number": "ES 355",
  "credits": "SPACE",
  "description": "A hands-on approach to exploring how we make space, and why geography is always infused with markers of social identity and exercises of power. Will practice \"reading\" space and landscapes, and learn how notions of race and other forms of \"difference\" shape space (and vice versa) to produce experiences of inclusion, exclusion, cooperation, and conflict. (Bacc Core Course)",
  "prerequisites": []
}, {
  "corequisites": [],
  "course_name": "*RACE",
  "course_number": "ES 355H",
  "credits": "SPACE",
  "description": "A hands-on approach to exploring how we make space, and why geography is always infused with markers of social identity and exercises of power. Will practice \"reading\" space and landscapes, and learn how notions of race and other forms of \"difference\" shape space and (vice versa) to produce experiences of inclusion, exclusion, cooperation, and conflict. (Bacc Core Course)",
  "prerequisites": []
}, {
  "corequisites": [],
  "course_name": "*FARMWORKER JUSTICE MOVEMENTS",
  "course_number": "ES 357",
  "credits": "4",
  "description": "Justice movements for farmworkers have a long and storied past in the annals of US history. This course begins with the 1960s Chicano civil rights era struggles for social justice. Focus on the varied strategies of four farmworker justice movements: United Farm Workers, Farm Labor Organizing Committee, Pineros y Campesinos Unidos Noroeste, and the Coalition of Immokalee Workers. The course is structured around the question of the movement and its various articulations. Course covers central themes and strategies that comprise the core of farmworker movements but is designed to allow students to explore other articulations they find relevant. (Bacc Core Course)",
  "prerequisites": []
}, {
  "corequisites": [],
  "course_name": "*FARMWORKER JUSTICE MOVEMENTS",
  "course_number": "ES 357H",
  "credits": "4",
  "description": "Justice movements for farmworkers have a long and storied past in the annals of US history. This course begins with the 1960s Chicano civil rights era struggles for social justice. Focus on the varied strategies of four farmworker justice movements: United Farm Workers, Farm Labor Organizing Committee, Pineros y Campesinos Unidos Noroeste, and the Coalition of Immokalee Workers. The course is structured around the question of the movement and its various articulations. Course covers central themes and strategies that comprise the core of farmworker movements but is designed to allow students to explore other articulations they find relevant. (Bacc Core Course)",
  "prerequisites": []
}, {
  "corequisites": [],
  "course_name": "*INDIGENOUS OCEAN AND COAST",
  "course_number": "ES 360",
  "credits": "4",
  "description": "An intensive experiential course that explores Indigenous ocean and coast relationships. Work directly with the Confederated Tribes of Siletz on several possible coast related projects, all using hands-on learning and application methods. All projects will be centered on traditional knowledge, including traditional ecological knowledge (TEK). Projects will center current tribal interests and needs as well as engage with the complexities of continuing cultural practices within a confederated (and once terminated) tribe comprised of both coastal and inland bands and tribes.",
  "prerequisites": []
}, {
  "corequisites": [],
  "course_name": "*ARTS AND SOCIAL JUSTICE",
  "course_number": "ES 375",
  "credits": "4",
  "description": "Explores concepts of structural inequality, difference, power, and discrimination through a critical survey of arts activism. Think critically about artwork and artists which address a number of social issues in the United States, including race, ethnicity, class, gender, sexuality, immigration, and indigeneity. CROSSLISTED as ES 375/QS 375/WGSS 375.",
  "prerequisites": []
}, {
  "corequisites": [],
  "course_name": "*HEALTH AND SOCIAL JUSTICE",
  "course_number": "ES 377",
  "credits": "4",
  "description": "Introduction to the intersection of health and social justice, to better understand socially unjust health differences (inequities) present in communities across the United States and abroad. Examination of relevant historical issues, theories of justice, human rights, and empirical evidence of health inequities, with an emphasis in critical analysis and applied knowledge. Overview of community -engaged participatory approaches that may be used to address social injustices and health inequities.",
  "prerequisites": []
}, {
  "corequisites": [],
  "course_name": "SPECIAL TOPICS",
  "course_number": "ES 399",
  "credits": "1-16",
  "description": "",
  "prerequisites": []
}, {
  "corequisites": [],
  "course_name": "SPECIAL TOPICS",
  "course_number": "ES 399H",
  "credits": "1-16",
  "description": "",
  "prerequisites": []
}, {
  "corequisites": [],
  "course_name": "RESEARCH",
  "course_number": "ES 401",
  "credits": "1-16",
  "description": "",
  "prerequisites": []
}, {
  "corequisites": [],
  "course_name": "INDEPENDENT STUDY",
  "course_number": "ES 402",
  "credits": "1-16",
  "description": "",
  "prerequisites": []
}, {
  "corequisites": [],
  "course_name": "THESIS",
  "course_number": "ES 403",
  "credits": "1-16",
  "description": "",
  "prerequisites": []
}, {
  "corequisites": [],
  "course_name": "READING AND CONFERENCE",
  "course_number": "ES 405",
  "credits": "1-16",
  "description": "",
  "prerequisites": []
}, {
  "corequisites": [],
  "course_name": "PROJECTS",
  "course_number": "ES 406",
  "credits": "1-16",
  "description": "",
  "prerequisites": []
}, {
  "corequisites": [],
  "course_name": "SEMINAR",
  "course_number": "ES 407",
  "credits": "1-16",
  "description": "",
  "prerequisites": []
}, {
  "corequisites": [],
  "course_name": "WORKSHOP",
  "course_number": "ES 408",
  "credits": "1-16",
  "description": "",
  "prerequisites": []
}, {
  "corequisites": [],
  "course_name": "PRACTICUM",
  "course_number": "ES 409",
  "credits": "1-16",
  "description": "",
  "prerequisites": []
}, {
  "corequisites": [],
  "course_name": "INTERNSHIP",
  "course_number": "ES 410",
  "credits": "1-16",
  "description": "",
  "prerequisites": []
}, {
  "corequisites": [],
  "course_name": "*QUEER OF COLOR CRITIQUES",
  "course_number": "ES 431",
  "credits": "4",
  "description": "\"Queer of color critiques\" refers to political theories and activism that emerge from LGBTQ people of color to examine the intersections between race, sexuality and gender. Addresses these intersections through theory, history, and activism. CROSSLISTED as ES 431/QS 431/WGSS 431 and ES 531/QS 531/WGSS 531.",
  "prerequisites": []
}, {
  "corequisites": [],
  "course_name": "INDIGENOUS RESISTANCE & POP CULTURE",
  "course_number": "ES 440X",
  "credits": "4",
  "description": "Examines Indigenous resistance through the mode of pop culture. Explores pop culture medium which includes street art, clothing, music, film/video, online gaming, and other forms of popular culture. Analyzes current issues facing Indigenous people in the Americas as well as Indigenous responses and resistance to these same struggles through pop culture.",
  "prerequisites": []
}, {
  "corequisites": [],
  "course_name": "NATIVE AMERICAN LAW: TRIBES",
  "course_number": "ES 444",
  "credits": "TREATIES",
  "description": "Examination of the parameters of native treaty relationships with the federal and state governments, and considers the future of these agreements.",
  "prerequisites": []
}, {
  "corequisites": [],
  "course_name": "*NATIVE AMERICAN SCIENCE AND TECHNOLOGY",
  "course_number": "ES 445",
  "credits": "4",
  "description": "Examination of scientific and technological discovery, continuity, and change among indigenous peoples, with particular emphasis on selected communities of pre- and post-European contact North America. (Bacc Core Course) (H) (NC)",
  "prerequisites": []
}, {
  "corequisites": [],
  "course_name": "*NATIVE AMERICAN SCIENCE AND TECHNOLOGY",
  "course_number": "ES 445H",
  "credits": "4",
  "description": "Examination of scientific and technological discovery, continuity, and change among indigenous peoples, with particular emphasis on selected communities of pre- and post-European contact North America. (Bacc Core Course) (H) (NC)",
  "prerequisites": []
}, {
  "corequisites": [],
  "course_name": "NATIVE AMERICAN PHILOSOPHIES",
  "course_number": "ES 448",
  "credits": "4",
  "description": "Native American perspectives on ways of knowing, sources of meaning and ethics, the nature of reality, self, community, and cosmos. Includes lectures, scholarship, story-telling, poetry, theater, and music as forums for this exploration. Introduces ideas of leading Native American thinkers about the human relation to the natural world, sources of strength and wisdom, the nature of time and place and spirit, right ways of acting in communities, both civic and biotic, and the place of beauty in a well-lived life. CROSSLISTED as ES 448/PHL 448/REL 448.",
  "prerequisites": []
}, {
  "corequisites": [],
  "course_name": "INDIGENOUS FEMINISMS",
  "course_number": "ES 449",
  "credits": "4",
  "description": "Explores Indigenous feminisms as well as some of the issues facing Indigenous women in the Americas and Pacific Islands. Relates Indigenous feminisms to the complexity of federal law and policies as well as land struggles between Indigenous communities and contemporary settler colonial nations. Raises awareness of current Indigenous struggles as well as Indigenous feminist responses and resistance to these same struggles.",
  "prerequisites": []
}, {
  "corequisites": [],
  "course_name": "THEORIES OF RACE AND ETHNICITY",
  "course_number": "ES 451",
  "credits": "4",
  "description": "A seminar examining various theories of race and ethnicity, their historical contexts, and applications.",
  "prerequisites": []
}, {
  "corequisites": [],
  "course_name": "*ETHNICITY IN FILM",
  "course_number": "ES 452",
  "credits": "4",
  "description": "Using ethnicity and gender as primary frames of reference, this upper-division/graduate level seminar seeks to introduce students to critical film theory and examine ethnicity and gender as a force both in front of and behind the camera.",
  "prerequisites": []
}, {
  "corequisites": [],
  "course_name": "*ETHNOHISTORY METHODOLOGY",
  "course_number": "ES 453",
  "credits": "4",
  "description": "A seminar developing techniques for collecting, analyzing, and incorporating ethnic community histories in research papers and theses.",
  "prerequisites": []
}, {
  "corequisites": [["ES 345"]],
  "course_name": "KALAPUYA PEOPLES CULTURE AND HISTORY STUDIES",
  "course_number": "ES 454",
  "credits": "4",
  "description": "Presents and analyzes the deep history and cultural contexts of the Kalapuya peoples of western Oregon from multiple academic disciplines, including anthropology, history, linguistics, archaeology, geography, and environmental studies. Addresses historic and prehistoric themes including Traditional Ecological Knowledge (TEK), arts and crafts (material culture), settler colonization, treaties & removal, reservation life, federal Indian policy, termination & restoration, and survivance of contemporary cultural identity. CROSSLISTED as ANTH 454/ES 454.",
  "prerequisites": [["ES 241", "ES 241H"]]
}, {
  "corequisites": [],
  "course_name": "INTERNSHIP SEMINAR",
  "course_number": "ES 455",
  "credits": "1",
  "description": "Prepares students for the internship and provides an opportunity to explore career options and/or graduate study.",
  "prerequisites": []
}, {
  "corequisites": [],
  "course_name": "LANGUAGE",
  "course_number": "ES 459",
  "credits": "RACE",
  "description": "Unpack language, race and racism--as well as the intersections between those ideas-- as cornerstones to understanding identity and society as inherently socially constructed ideas. Better understand how racism is produced and reproduced in talk and text (this will include symbols and signs), especially in the context of the denial of racism. Focuses on the language of racism, and more specifically, types of discourse that construct Whiteness as dominant over Color. CROSSLISTED as ANTH 459/ES 459/WLC 459.",
  "prerequisites": []
}, {
  "corequisites": [],
  "course_name": "ETHNICITY AND SOCIAL JUSTICE",
  "course_number": "ES 460",
  "credits": "4",
  "description": "Seminar examines inequities and social justice issues in contemporary U.S. society, particularly dimensions of race and ethnicity in our public policies and practices impacting communities in areas such as housing, poverty, employment, public health, education, law enforcement, and the environment.",
  "prerequisites": []
}, {
  "corequisites": [],
  "course_name": "RACISM AND THE PRISON INDUSTRIAL COMPLEX",
  "course_number": "ES 461",
  "credits": "4",
  "description": "The prison industrial/punishment complex in the late 20th and early 21st centuries has become a growth industry with the privatization of prisons, and mass incarceration of mostly people-of-color. This course examines the history and growth of this industry and the implications that it has on this democracy.",
  "prerequisites": []
}, {
  "corequisites": [],
  "course_name": "US EMPIRE/IMPERIALISM",
  "course_number": "ES 463",
  "credits": "SETTLER/COLONIALISM",
  "description": "How and when did the United States become an empire? This course approaches the historical and contemporary actions of the United States as both a continental and global empire through historiography, socio-political, economic, and racial analyses of U.S. hegemony. Students will learn from recent interdisciplinary scholars who have worked to understand the development of U.S. empire as a series of overlapping cultural projects in the homeland, and beyond the borders of the United States as mutually constitutive of political, and economic, and cultural processes of empire-building, that is capital accumulation, and power.",
  "prerequisites": []
}, {
  "corequisites": [],
  "course_name": "FOOD AND ETHNIC IDENTITY: DECOLONIZING OUR FOOD AND BODY",
  "course_number": "ES 464",
  "credits": "3",
  "description": "This interdisciplinary and comparative course will examine the relationship between food and identity. Food, from its production to consumption, is a powerful symbol of social and cultural meaning. As an expression of identity and subjectivity, food also marks borders between humans and non-humans, plants and animals, nature and culture, tradition and modernity, etc. CROSSLISTED as ES 464/FCSJ 464 and ES 564/FCSJ 564.",
  "prerequisites": []
}, {
  "corequisites": [],
  "course_name": "*RACE",
  "course_number": "ES 475",
  "credits": "GENDER",
  "description": "Examines the sociopolitical and cultural processes that constitute coastal spaces in Oregon, including issues of race/ethnicity, immigration, labor/class, and gender, as these shape and are shaped by human interactions with the coast and the ocean. In addition to reading, writing, and discussion, engage in guided-inquiry and problem-solving projects, to explore substantive issues in Newport and other locations along the Oregon coast. Takes advantage of the Hatfield Marine Science Center and available technologies, to connect students with Newport and other coastal locations including Coos Bay, Lincoln City, and Astoria. CROSSLISTED as ES 475/WGSS 475.",
  "prerequisites": []
}, {
  "corequisites": [],
  "course_name": "QUEER/TRANS PEOPLE OF COLOR ARTS AND ACTIVISM",
  "course_number": "ES 477",
  "credits": "4",
  "description": "LGBTQ people of color often engage struggles for social justice through artistic movements. Focuses on arts by LGBTQ people of color and the way these artistic movements contribute to activism that interrupts interlocking systems of oppression. CROSSLISTED as ES 477/QS 477/WGSS 477 and ES 577/QS 577/WGSS 577.",
  "prerequisites": []
}, {
  "corequisites": [],
  "course_name": "CAPSTONE IN SOCIAL JUSTICE",
  "course_number": "ES 485",
  "credits": "2",
  "description": "Working with an advisor from the Social Justice minor, conduct research to synthesize and extend analysis of a particular social justice issue, building on three previous papers or projects. Results are presented in a 10-15 page paper and a public poster, presentation or website. CROSSLISTED as ANTH 485/ES 485/WGSS 485.",
  "prerequisites": [["ANTH 373", "ES 373", "WGSS 373", "WLC 373"], ["ANTH 410", "ES 410", "WGSS 410", "WLC 410"]]
}, {
  "corequisites": [],
  "course_name": "SPECIAL TOPICS",
  "course_number": "ES 499",
  "credits": "1-16",
  "description": "",
  "prerequisites": []
}, {
  "corequisites": [],
  "course_name": "RESEARCH",
  "course_number": "ES 501",
  "credits": "1-16",
  "description": "",
  "prerequisites": []
}, {
  "corequisites": [],
  "course_name": "INDEPENDENT STUDY",
  "course_number": "ES 502",
  "credits": "1-16",
  "description": "",
  "prerequisites": []
}, {
  "corequisites": [],
  "course_name": "THESIS",
  "course_number": "ES 503",
  "credits": "1-16",
  "description": "",
  "prerequisites": []
}, {
  "corequisites": [],
  "course_name": "READING AND CONFERENCE",
  "course_number": "ES 505",
  "credits": "1-16",
  "description": "",
  "prerequisites": []
}, {
  "corequisites": [],
  "course_name": "SPECIAL PROJECTS",
  "course_number": "ES 506",
  "credits": "1-16",
  "description": "",
  "prerequisites": []
}, {
  "corequisites": [],
  "course_name": "SEMINAR",
  "course_number": "ES 507",
  "credits": "1-16",
  "description": "",
  "prerequisites": []
}, {
  "corequisites": [],
  "course_name": "WORKSHOP",
  "course_number": "ES 508",
  "credits": "1-16",
  "description": "",
  "prerequisites": []
}, {
  "corequisites": [],
  "course_name": "PRACTICUM",
  "course_number": "ES 509",
  "credits": "1-16",
  "description": "",
  "prerequisites": []
}, {
  "corequisites": [],
  "course_name": "INTERNSHIP",
  "course_number": "ES 510",
  "credits": "1-16",
  "description": "",
  "prerequisites": []
}, {
  "corequisites": [],
  "course_name": "QUEER OF COLOR CRITIQUES",
  "course_number": "ES 531",
  "credits": "4",
  "description": "\"Queer of color critiques\" refers to political theories and activism that emerge from LGBTQ people of color to examine the intersections between race, sexuality and gender. Addresses these intersections through theory, history, and activism. CROSSLISTED as ES 431/QS 431/WGSS 431 and ES 531/QS 531/WGSS 531.",
  "prerequisites": []
}, {
  "corequisites": [],
  "course_name": "INDIGENOUS RESISTANCE & POP CULTURE",
  "course_number": "ES 540X",
  "credits": "4",
  "description": "Examines Indigenous resistance through the mode of pop culture. Explores pop culture medium which includes street art, clothing, music, film/video, online gaming, and other forms of popular culture. Analyzes current issues facing Indigenous people in the Americas as well as Indigenous responses and resistance to these same struggles through pop culture.",
  "prerequisites": []
}, {
  "corequisites": [],
  "course_name": "NATIVE AMERICAN LAW: TRIBES",
  "course_number": "ES 544",
  "credits": "TREATIES",
  "description": "Examination of the parameters of native treaty relationships with the federal and state governments, and considers the future of these agreements.",
  "prerequisites": []
}, {
  "corequisites": [],
  "course_name": "NATIVE AMERICAN PHILOSOPHIES",
  "course_number": "ES 548",
  "credits": "4",
  "description": "Native American perspectives on ways of knowing, sources of meaning and ethics, the nature of reality, self, community, and cosmos. Includes lectures, scholarship, story-telling, poetry, theater, and music as forums for this exploration. Introduces ideas of leading Native American thinkers about the human relation to the natural world, sources of strength and wisdom, the nature of time and place and spirit, right ways of acting in communities, both civic and biotic, and the place of beauty in a well-lived life.",
  "prerequisites": []
}, {
  "corequisites": [],
  "course_name": "INDIGENOUS FEMINISMS",
  "course_number": "ES 549",
  "credits": "4",
  "description": "Explores Indigenous feminisms as well as some of the issues facing Indigenous women in the Americas and Pacific Islands. Relates Indigenous feminisms to the complexity of federal law and policies as well as land struggles between Indigenous communities and contemporary settler colonial nations. Raises awareness of current Indigenous struggles as well as Indigenous feminist responses and resistance to these same struggles.",
  "prerequisites": []
}, {
  "corequisites": [],
  "course_name": "THEORIES OF RACE AND ETHNICITY",
  "course_number": "ES 551",
  "credits": "4",
  "description": "A seminar examining various theories of race and ethnicity, their historical contexts, and applications.",
  "prerequisites": []
}, {
  "corequisites": [],
  "course_name": "ETHNICITY IN FILM",
  "course_number": "ES 552",
  "credits": "4",
  "description": "Using ethnicity and gender as primary frames of reference, this upper-division/graduate level seminar seeks to introduce students to critical film theory and examine ethnicity and gender as a force both in front of and behind the camera.",
  "prerequisites": []
}, {
  "corequisites": [],
  "course_name": "ETHNOHISTORY METHODOLOGY",
  "course_number": "ES 553",
  "credits": "4",
  "description": "A seminar developing techniques for collecting, analyzing, and incorporating ethnic community histories in research papers and theses.",
  "prerequisites": []
}, {
  "corequisites": [],
  "course_name": "KALAPUYA PEOPLES CULTURE AND HISTORY STUDIES",
  "course_number": "ES 554",
  "credits": "4",
  "description": "Presents and analyzes the deep history and cultural contexts of the Kalapuya peoples of western Oregon from multiple academic disciplines, including anthropology, history, linguistics, archaeology, geography, and environmental studies. Addresses historic and prehistoric themes including Traditional Ecological Knowledge (TEK), arts and crafts (material culture), settler colonization, treaties & removal, reservation life, federal Indian policy, termination & restoration, and survivance of contemporary cultural identity. CROSSLISTED as ANTH 554/ES 554.",
  "prerequisites": []
}, {
  "corequisites": [],
  "course_name": "LANGUAGE",
  "course_number": "ES 559",
  "credits": "RACE",
  "description": "Unpack language, race and racism--as well as the intersections between those ideas-- as cornerstones to understanding identity and society as inherently socially constructed ideas. Better understand how racism is produced and reproduced in talk and text (this will include symbols and signs), especially in the context of the denial of racism. Focuses on the language of racism, and more specifically, types of discourse that construct Whiteness as dominant over Color. CROSSLISTED as ANTH 559/ES 559/WLC 559.",
  "prerequisites": []
}, {
  "corequisites": [],
  "course_name": "ETHNICITY AND SOCIAL JUSTICE",
  "course_number": "ES 560",
  "credits": "4",
  "description": "Seminar examines inequities and social justice issues in contemporary U.S. society, particularly dimensions of race and ethnicity in our public policies and practices impacting communities in areas such as housing, poverty, employment, public health, education, law enforcement, and the environment.",
  "prerequisites": []
}, {
  "corequisites": [],
  "course_name": "RACISM AND THE PRISON INDUSTRIAL COMPLEX",
  "course_number": "ES 561",
  "credits": "4",
  "description": "The prison industrial/punishment complex in the late 20th and early 21st centuries has become a growth industry with the privatization of prisons, and mass incarceration of mostly people-of-color. This course examines the history and growth of this industry and the implications that it has on this democracy.",
  "prerequisites": []
}, {
  "corequisites": [],
  "course_name": "US EMPIRE/IMPERIALISM",
  "course_number": "ES 563",
  "credits": "SETTLER/COLONIALISM",
  "description": "How and when did the United States become an empire? This course approaches the historical and contemporary actions of the United States as both a continental and global empire through historiography, socio-political, economic, and racial analyses of U.S. hegemony. Students will learn from recent interdisciplinary scholars who have worked to understand the development of U.S. empire as a series of overlapping cultural projects in the homeland, and beyond the borders of the United States as mutually constitutive of political, and economic, and cultural processes of empire-building, that is capital accumulation, and power.",
  "prerequisites": []
}, {
  "corequisites": [],
  "course_name": "FOOD AND ETHNIC IDENTITY: DECOLONIZING OUR FOOD AND BODY",
  "course_number": "ES 564",
  "credits": "3",
  "description": "This interdisciplinary and comparative course will examine the relationship between food and identity. Food, from its production to consumption, is a powerful symbol of social and cultural meaning. As an expression of identity and subjectivity, food also marks borders between humans and non-humans, plants and animals, nature and culture, tradition and modernity, etc. CROSSLISTED as ES 464/FCSJ 464 and ES 564/FCSJ 564.",
  "prerequisites": []
}, {
  "corequisites": [],
  "course_name": "CRITICAL RACE FEMINISM AND OUTSIDER JURISPRUDENCE",
  "course_number": "ES 575",
  "credits": "4",
  "description": "Critical exploration of critical legal justice movements and their relationship to social identities. Seminar emphasizes specific legal cases, federal and state laws, and constitutional issues that impact groups deemed outsiders in legal discourse as well as their social implications. The critical justice movement and anti-subordination struggles will be explored via case analyses that shape race, class, gender, sexuality, and disability relations. Theoretical contributions of law and society, critical race theory, LatCrit, and critical race feminism, critical white studies, critical mixed race studies, OutCrit, ClassCrit, and critical disability studies applied to historical precedent and current attempts at marginalizing/empowering communities. CROSSLISTED as ES 575/WGSS 575.",
  "prerequisites": []
}, {
  "corequisites": [],
  "course_name": "QUEER/TRANS PEOPLE OF COLOR ARTS AND ACTIVISM",
  "course_number": "ES 577",
  "credits": "4",
  "description": "LGBTQ people of color often engage struggles for social justice through artistic movements. Focuses on arts by LGBTQ people of color and the way these artistic movements contribute to activism that interrupts interlocking systems of oppression. CROSSLISTED as ES 477/QS 477/WGSS 477 and ES 577/QS 577/WGSS 577.",
  "prerequisites": []
}, {
  "corequisites": [],
  "course_name": "SPECIAL TOPICS",
  "course_number": "ES 599",
  "credits": "1-16",
  "description": "",
  "prerequisites": []
}, {
  "corequisites": [],
  "course_name": "WORKSHOP",
  "course_number": "ES 808",
  "credits": "1-16",
  "description": "",
  "prerequisites": []
}]