[{
  "corequisites": [],
  "course_name": "SPECIAL TOPICS",
  "course_number": "FCSJ 199",
  "credits": "1-16",
  "description": "",
  "prerequisites": []
}, {
  "corequisites": [],
  "course_name": "*FOOD IN AMERICAN CULTURE",
  "course_number": "FCSJ 261",
  "credits": "3",
  "description": "Fosters understanding of the meanings of foods and foodways in American culture. Uses food as a lens to explore general topic areas such as work, family, ecology, and identity. Critically examines core issues that shape and have shaped American culture. CROSSLISTED as ANTH 261/FCSJ 261. (Bacc Core Course) (SS)",
  "prerequisites": []
}, {
  "corequisites": [],
  "course_name": "SPECIAL TOPICS",
  "course_number": "FCSJ 299",
  "credits": "1-16",
  "description": "",
  "prerequisites": []
}, {
  "corequisites": [],
  "course_name": "*FOOD JUSTICE",
  "course_number": "FCSJ 361",
  "credits": "4",
  "description": "Contemporary food systems are examined from a cultural and social justice perspective. The human right to food as recognized by the United Nations serves as the justice grounding point. Impediments to realizing the right to food will be examined in national and international contexts. CROSSLISTED as ANTH 361/FCSJ 361.",
  "prerequisites": []
}, {
  "corequisites": [],
  "course_name": "SPECIAL TOPICS",
  "course_number": "FCSJ 399",
  "credits": "1-16",
  "description": "",
  "prerequisites": []
}, {
  "corequisites": [],
  "course_name": "RESEARCH",
  "course_number": "FCSJ 401",
  "credits": "1-16",
  "description": "",
  "prerequisites": []
}, {
  "corequisites": [],
  "course_name": "INDEPENDENT STUDY",
  "course_number": "FCSJ 402",
  "credits": "1-16",
  "description": "",
  "prerequisites": []
}, {
  "corequisites": [],
  "course_name": "THESIS",
  "course_number": "FCSJ 403",
  "credits": "1-6",
  "description": "",
  "prerequisites": []
}, {
  "corequisites": [],
  "course_name": "READING AND CONFERENCE",
  "course_number": "FCSJ 405",
  "credits": "1-6",
  "description": "",
  "prerequisites": []
}, {
  "corequisites": [],
  "course_name": "FOOD PROJECTS",
  "course_number": "FCSJ 406",
  "credits": "1-6",
  "description": "",
  "prerequisites": []
}, {
  "corequisites": [],
  "course_name": "SEMINAR",
  "course_number": "FCSJ 407",
  "credits": "1-3",
  "description": "",
  "prerequisites": []
}, {
  "corequisites": [],
  "course_name": "INTERNSHIP",
  "course_number": "FCSJ 410",
  "credits": "1-16",
  "description": "Opportunities for students to take advantage of off-campus work experiences during regular term sessions for academic credit. Allows students to broaden and deepen their understanding and appreciation of the value of their academic activity. Internship is supervised and evaluated by individual faculty members.",
  "prerequisites": []
}, {
  "corequisites": [],
  "course_name": "*INTERNATIONAL PERSPECTIVES ON FOOD SYSTEMS",
  "course_number": "FCSJ 454",
  "credits": "4",
  "description": "Macro and micro-comparative overview of food systems in at least two different international settings, highlighting the influences of culture, social structure, geography, and economy on food systems. Non-traditional and emerging theoretical critiques of such influences on food systems are highlighted.",
  "prerequisites": []
}, {
  "corequisites": [],
  "course_name": "FOOD AND ETHNIC IDENTITY: DECOLONIZING OUR FOOD AND BODY",
  "course_number": "FCSJ 464",
  "credits": "3",
  "description": "This interdisciplinary and comparative course will examine the relationship between food and identity. Food, from its production to consumption, is a powerful symbol of social and cultural meaning. As an expression of identity and subjectivity, food also marks borders between humans and non-humans, plants and animals, nature and culture, tradition and modernity, etc. CROSSLISTED as ES 464/FCSJ 464 and ES 564/FCSJ 564.",
  "prerequisites": []
}, {
  "corequisites": [],
  "course_name": "CAPSTONE: FOOD IN CULTURE AND SOCIAL JUSTICE",
  "course_number": "FCSJ 467",
  "credits": "1",
  "description": "Working under the supervision of a Food in Culture and Social Justice faculty person, students further engage with a topic previously explored in FCSJ course work and produce a 5-page paper and public poster, presentation or website that demonstrates critical thinking and writing competencies about food, culture and social justice.",
  "prerequisites": []
}, {
  "corequisites": [],
  "course_name": "ANTHROPOLOGY OF FOOD",
  "course_number": "FCSJ 486",
  "credits": "4",
  "description": "The role of food in human cultures, both past and present. Includes discussion of different food procurement styles, social movements and the political economy of food. Looks at the symbolic aspects of food as well as its relationship with the environment. CROSSLISTED as ANTH 486/FCSJ 486 and ANTH 586/FCSJ 586.",
  "prerequisites": []
}, {
  "corequisites": [],
  "course_name": "SPECIAL TOPICS",
  "course_number": "FCSJ 499",
  "credits": "1-16",
  "description": "",
  "prerequisites": []
}, {
  "corequisites": [],
  "course_name": "RESEARCH",
  "course_number": "FCSJ 501",
  "credits": "1-6",
  "description": "",
  "prerequisites": []
}, {
  "corequisites": [],
  "course_name": "INDEPENDENT STUDY",
  "course_number": "FCSJ 502",
  "credits": "1-6",
  "description": "",
  "prerequisites": []
}, {
  "corequisites": [],
  "course_name": "THESIS",
  "course_number": "FCSJ 503",
  "credits": "1-12",
  "description": "",
  "prerequisites": []
}, {
  "corequisites": [],
  "course_name": "READING AND CONFERENCE",
  "course_number": "FCSJ 505",
  "credits": "1-6",
  "description": "",
  "prerequisites": []
}, {
  "corequisites": [],
  "course_name": "FOOD PROJECTS",
  "course_number": "FCSJ 506",
  "credits": "1-6",
  "description": "",
  "prerequisites": []
}, {
  "corequisites": [],
  "course_name": "SEMINAR",
  "course_number": "FCSJ 507",
  "credits": "1-3",
  "description": "",
  "prerequisites": []
}, {
  "corequisites": [],
  "course_name": "GRADUATE INTERNSHIP",
  "course_number": "FCSJ 510",
  "credits": "1-16",
  "description": "Opportunities for students to take advantage of off-campus work experiences during regular term sessions for academic credit. Allows students to broaden and deepen their understanding and appreciation of the value of their academic activity. Internship is supervised and evaluated by individual faculty members.",
  "prerequisites": []
}, {
  "corequisites": [],
  "course_name": "METHODS IN FOOD IN CULTURE AND SOCIAL JUSTICE",
  "course_number": "FCSJ 547",
  "credits": "4",
  "description": "Exposes graduate students to the methodological approaches and methods used in guiding empirical research on the socio-cultural aspects of food, focusing on vulnerable populations, food security, procurement, foodways, disasters, and climate change. Methodological approaches and methods as evidenced in peer-reviewed publications is the grounding for the course. CROSSLISTED as ANTH 547/FCSJ 547.",
  "prerequisites": []
}, {
  "corequisites": [],
  "course_name": "INTERNATIONAL PERSPECTIVES ON FOOD SYSTEMS",
  "course_number": "FCSJ 554",
  "credits": "4",
  "description": "Macro and micro-comparative overview of food systems in at least two different international settings, highlighting the influences of culture, social structure, geography, and economy on food systems. Non-traditional and emerging theoretical critiques of such influences on food systems are highlighted.",
  "prerequisites": []
}, {
  "corequisites": [],
  "course_name": "FOOD AND ETHNIC IDENTITY: DECOLONIZING OUR FOOD AND BODY",
  "course_number": "FCSJ 564",
  "credits": "3",
  "description": "This interdisciplinary and comparative course will examine the relationship between food and identity. Food, from its production to consumption, is a powerful symbol of social and cultural meaning. As an expression of identity and subjectivity, food also marks borders between humans and non-humans, plants and animals, nature and culture, tradition and modernity, etc. CROSSLISTED as ES 464/FCSJ 464 and ES 564/FCSJ 564.",
  "prerequisites": []
}, {
  "corequisites": [],
  "course_name": "ANTHROPOLOGY OF FOOD",
  "course_number": "FCSJ 586",
  "credits": "4",
  "description": "The role of food in human cultures, both past and present. Includes discussion of different food procurement styles, social movements and the political economy of food. Looks at the symbolic aspects of food as well as its relationship with the environment. CROSSLISTED as ANTH 486/FCSJ 486 and ANTH 586/FCSJ 586.",
  "prerequisites": []
}, {
  "corequisites": [],
  "course_name": "SPECIAL TOPICS",
  "course_number": "FCSJ 599",
  "credits": "1-16",
  "description": "",
  "prerequisites": []
}]