[{
  "corequisites": [],
  "course_name": "INTRODUCTION TO FOREST ENGINEERING",
  "course_number": "FE 101",
  "credits": "2",
  "description": "Introduction to the forest engineering discipline. Discussion of critical issues, available resources, career opportunities and professional opportunities. Overview of field instruments and analytical approaches.",
  "prerequisites": []
}, {
  "corequisites": [],
  "course_name": "FOREST ENGINEERING PROBLEM SOLVING AND TECHNOLOGY",
  "course_number": "FE 102",
  "credits": "3",
  "description": "A technology applications course designed to introduce students to formulating and implementing computational solutions to engineering analysis and design problems in a digital environment. Students will learn to evaluate engineering problems, formulate one or more solution techniques or algorithms, and code the solution using spreadsheet and/or programming software. Professionalism in completing and presenting laboratory exercises is emphasized. Laboratory examples draw from a variety of engineering topics. This course may be substituted for CE 102, Civil Engineering I: Problem Solving and Technology.",
  "prerequisites": []
}, {
  "corequisites": [],
  "course_name": "FOREST SURVEYING",
  "course_number": "FE 208",
  "credits": "4",
  "description": "Introduces theory and practice of surveying methods and measurements as applied to the specifics of forestry problems and their solutions. Prepares students for the Fundamentals of Land Surveying exam, which is necessary to become a professional land surveyor.",
  "prerequisites": [["MTH 112", "MTH 112Z", "MTH 241", "MTH 241H", "MTH 245", "MTH 251", "MTH 251H", "MTH 252", "MTH 252H"]]
}, {
  "corequisites": [],
  "course_name": "GIS AND FOREST ENGINEERING APPLICATIONS",
  "course_number": "FE 257",
  "credits": "3",
  "description": "An introduction to the appropriate use and potential applications of geographic information systems (GIS) and related technologies (GPS and remote sensing) in forest management and operational planning and problem solving. Students are presented with lectures and exercises that cover a wide range of GIS and GIS-related topics and issues including spatial database creation, structure, analysis, and modeling.",
  "prerequisites": []
}, {
  "corequisites": [],
  "course_name": "JUNIOR SEMINAR",
  "course_number": "FE 307",
  "credits": "1",
  "description": "College is the time to develop the skills necessary for the transition between academics and career. In conjunction with the expertise already available on campus, this course will guide students through career planning, exploration, placement, and employer expectations. CROSSLISTED as FE 307/FOR 307.",
  "prerequisites": []
}, {
  "corequisites": [],
  "course_name": "FOREST ROUTE SURVEYING",
  "course_number": "FE 310",
  "credits": "4",
  "description": "Route surveying and site surveying applied to forestry problems. Use of surveying equipment; traversing; computations; leveling; horizontal, vertical, compound, reverse and spiral curves; earthwork; construction staking as applied to new road and existing road P-line survey. Includes rapid survey techniques. Lec/lab.",
  "prerequisites": [["FE 208", "FE 308", "CE 361", "CEM 263"]]
}, {
  "corequisites": [],
  "course_name": "FORESTRY FIELD SCHOOL",
  "course_number": "FE 312",
  "credits": "2",
  "description": "A hands-on experience in the major aspects of forestry, including regeneration surveys, silviculture, cruising, recreation, forest disturbances, logging site and mill visits, east and west of the Cascades Range. CROSSLISTED as FE 312/FOR 312.",
  "prerequisites": []
}, {
  "corequisites": [],
  "course_name": "FORESTRY FIELD SCHOOL",
  "course_number": "FE 312H",
  "credits": "2",
  "description": "A hands-on experience in the major aspects of forestry, including regeneration surveys, silviculture, cruising, recreation, forest disturbances, logging site and mill visits, east and west of the Cascades Range. CROSSLISTED as FE 312/FOR 312.",
  "prerequisites": []
}, {
  "corequisites": [],
  "course_name": "SOIL ENGINEERING",
  "course_number": "FE 315",
  "credits": "4",
  "description": "Use of soil in engineering and construction. Identification and classification. Engineering properties of soil: permeability, compressibility, and strength. Compaction principles and methods. Field control of soil engineering projects.",
  "prerequisites": [["ENGR 213"]]
}, {
  "corequisites": [],
  "course_name": "SOIL MECHANICS",
  "course_number": "FE 316",
  "credits": "4",
  "description": "Soil strength and soil mechanics theories applied to analysis of slope stability, retaining structures, foundations, and pavements.",
  "prerequisites": [["FE 315", "CE 372"]]
}, {
  "corequisites": [],
  "course_name": "FOREST ENGINEERING FLUID MECHANICS AND HYDRAULICS",
  "course_number": "FE 330",
  "credits": "3",
  "description": "Fluid properties, pressure, fluid statics, continuity, energy equation, single and series pipe flow, open channel hydraulics, peakflow estimates for culvert design, stream crossing design. Lec/lab.",
  "prerequisites": [["ENGR 213"], ["FE 102"]]
}, {
  "corequisites": [],
  "course_name": "HARVESTING OPERATIONS",
  "course_number": "FE 370",
  "credits": "4",
  "description": "Timber harvesting and transport methods from the forest to the mill. Technical feasibility, economic, and environmental relationships in forestry operations.",
  "prerequisites": [["PH 201", "PH 211", "PH 211H"]]
}, {
  "corequisites": [],
  "course_name": "HARVESTING PROCESS ENGINEERING",
  "course_number": "FE 371",
  "credits": "4",
  "description": "Timber harvesting equipment and systems. Harvesting process evaluation and decisions aided by forest engineering analysis.",
  "prerequisites": [["ENGR 211", "ENGR 211H"], ["FE 102"]]
}, {
  "corequisites": [],
  "course_name": "THESIS",
  "course_number": "FE 403",
  "credits": "1-16",
  "description": "",
  "prerequisites": []
}, {
  "corequisites": [],
  "course_name": "READING AND CONFERENCE",
  "course_number": "FE 405",
  "credits": "1-16",
  "description": "",
  "prerequisites": []
}, {
  "corequisites": [],
  "course_name": "PROJECTS",
  "course_number": "FE 406",
  "credits": "1-16",
  "description": "",
  "prerequisites": []
}, {
  "corequisites": [],
  "course_name": "SEMINAR",
  "course_number": "FE 407",
  "credits": "1-16",
  "description": "",
  "prerequisites": []
}, {
  "corequisites": [],
  "course_name": "FOREST ROAD ENGINEERING",
  "course_number": "FE 415",
  "credits": "3",
  "description": "Location, surveying, design, cost estimation, and construction practices for forest roads. Lecture on principles, and laboratory field practice in locating, surveying, designing, and cost estimating.",
  "prerequisites": [["FE 310"]]
}, {
  "corequisites": [],
  "course_name": "FOREST ROAD SYSTEM MANAGEMENT",
  "course_number": "FE 416",
  "credits": "4",
  "description": "Structural characteristics of bridges, load rating, structural design of culverts, aggregate testing and evaluation, environmental assessment of forest road systems, road maintenance cycles and management.",
  "prerequisites": [["ENGR 211", "ENGR 211H"], ["ENGR 213", "ENGR 213H"], ["FE 316"], ["FE 415"]]
}, {
  "corequisites": [],
  "course_name": "UNMANNED AIRCRAFT SYSTEM REMOTE SENSING",
  "course_number": "FE 423",
  "credits": "3",
  "description": "Presents and explores techniques in Unmanned Aircraft System (UAS) design and applications for remote sensing measurements of both natural and constructed landscapes.",
  "prerequisites": [["GEOG 380", "GEOG 480", "GEOG 481"]]
}, {
  "corequisites": [],
  "course_name": "WATERSHED PROCESSES",
  "course_number": "FE 430",
  "credits": "4",
  "description": "Effects of land use practices on the physical hydrology (interception, infiltration, evapotranspiration, subsurface flow and surface runoff, water yields, and peak flows) of forested watersheds. Surface erosion, mass soil movements, stream temperatures, nutrient levels and effects of management activities upon riparian systems; forest practice rules.",
  "prerequisites": []
}, {
  "corequisites": [],
  "course_name": "FOREST WATERSHED MANAGEMENT",
  "course_number": "FE 434",
  "credits": "4",
  "description": "Physical hydrology, erosion processes, streams, and riparian areas of forested ecosystems. The material can be widely applied, but is applicable primarily to the humid, temperate rainforests of the Pacific Northwest.",
  "prerequisites": [["CH 121", "CH 201", "CH 231", "CH 231H"], ["SOIL 205", "SOIL 205H", "CSS 305", "CSS 205"], ["MTH 241", "MTH 251", "MTH 251H"]]
}, {
  "corequisites": [],
  "course_name": "FOREST DISTURBANCE HYDROLOGY",
  "course_number": "FE 436",
  "credits": "3",
  "description": "Impacts of forest disturbance, including timber harvest, wildfire, insect outbreaks, and low frequency storms and floods on watershed hydrology and streams.",
  "prerequisites": [["FE 434"]]
}, {
  "corequisites": [],
  "course_name": "FOREST OPERATIONS ANALYSIS",
  "course_number": "FE 440",
  "credits": "4",
  "description": "Identification and measurement of production components in harvesting systems. Methods analysis, productivity improvement and engineering economics. Report writing skills emphasized.",
  "prerequisites": [["FE 102"], ["FE 370", "FE 371"]]
}, {
  "corequisites": [],
  "course_name": "FOREST REMOTE SENSING AND PHOTOGRAMMETRY",
  "course_number": "FE 444",
  "credits": "4",
  "description": "Introduction to spectral reflectance, photogrammetry, image analysis, and point clouds. Fundamentals of data acquisition with passive and active sensors installed on airborne and spaceborne platforms. Radar and lidar in forestry.",
  "prerequisites": [["FE 257"], ["MTH 112", "MTH 112Z", "MTH 241", "MTH 251", "MTH 251H", "MTH 252", "MTH 252H"], ["PH 201", "PH 211", "PH 211H"]]
}, {
  "corequisites": [],
  "course_name": "*INTERNATIONAL FORESTRY",
  "course_number": "FE 456",
  "credits": "3",
  "description": "An introduction to the biological, physical, and sociological factors that shape the world's forests and the activities used to manage those forests. What influence these factors have on forest policies, practices, and outcomes. CROSSLISTED as FE 456/FOR 456.",
  "prerequisites": []
}, {
  "corequisites": [],
  "course_name": "TECHNIQUES FOR FOREST RESOURCE ANALYSIS",
  "course_number": "FE 457",
  "credits": "4",
  "description": "Use of linear programming, nonlinear programming, dynamic programming, and simulation to solve complex forest management problems, with emphasis on intertemporal multiple-use scheduling. Forestry transportation problems, multiple-use allocation, and investment analysis. Field trips required. CROSSLISTED as FE 457/FOR 457 and FE 557.",
  "prerequisites": [["FOR 329"], ["FOR 441", "FOR 443"]]
}, {
  "corequisites": [],
  "course_name": "FOREST MANAGEMENT PLANNING AND DESIGN I",
  "course_number": "FE 459",
  "credits": "4",
  "description": "Integration of environmental, economic, and social aspects of forestry in management planning. Development of strategic and tactical plans using diverse data types and sources. Senior capstone class projects. Lec/lab. CROSSLISTED as FE 459/FOR 459.",
  "prerequisites": [["FE 457", "FOR 457"]]
}, {
  "corequisites": [],
  "course_name": "^FOREST OPERATIONS REGULATIONS AND POLICY ISSUES",
  "course_number": "FE 460",
  "credits": "3",
  "description": "Reviews regulations and other policies that affect timber harvesting and other forest practices, particularly policies that address concerns of environment, safety, employment and transportation. Discusses how such rules and other policies evolve, including the role of public perceptions, forestry professionals and other key policy players.",
  "prerequisites": []
}, {
  "corequisites": [],
  "course_name": "^FOREST POLICY AND REGULATION",
  "course_number": "FE 463",
  "credits": "3",
  "description": "Explores policy formulation and analysis of policies affecting land management, timber harvesting, and other forest practices on both private and public lands, particularly policies that address environmental concerns. Evaluates how regulations and policies evolve, including the role of public perceptions, forestry professionals, and other key policy players. Integrates writing appropriate in topic and style for natural resource professionals. CROSSLISTED as FE 463/FOR 463.",
  "prerequisites": []
}, {
  "corequisites": [],
  "course_name": "FOREST MANAGEMENT PLANNING AND DESIGN II",
  "course_number": "FE 469",
  "credits": "4",
  "description": "A team-based, project-centric course for integrated timber harvest planning. Establish tactical and operational planning goals and constraints, identify feasible harvesting and transportation systems, and design harvest units to meet objectives and constraints. Lec/lab. CROSSLISTED as FE 469/FOR 469.",
  "prerequisites": [["FE 459", "FOR 459"]]
}, {
  "corequisites": [],
  "course_name": "LOGGING MECHANICS",
  "course_number": "FE 470",
  "credits": "4",
  "description": "Relationship of torque, power, and thrust to the operation of cable and ground-based harvesting systems. On-highway and off-highway heavy truck performance.",
  "prerequisites": [["ENGR 211", "ENGR 211H"], ["ENGR 213"], ["FE 371"]]
}, {
  "corequisites": [],
  "course_name": "HARVESTING MANAGEMENT",
  "course_number": "FE 471",
  "credits": "3",
  "description": "Verification of harvesting assessment plans and operational planning/field layout. Practical logging skills related to harvest planning, operations monitoring, and designing worker training programs.",
  "prerequisites": []
}, {
  "corequisites": [],
  "course_name": "FOREST ENGINEERING PRACTICE AND PROFESSIONALISM",
  "course_number": "FE 480",
  "credits": "1",
  "description": "Personal and professional skills, attributes, and issues in forest engineering practice. Includes topics such as ethics, land stewardship, media relations and risk management.",
  "prerequisites": []
}, {
  "corequisites": [],
  "course_name": "SPECIAL TOPICS",
  "course_number": "FE 499",
  "credits": "1-16",
  "description": "",
  "prerequisites": []
}, {
  "corequisites": [],
  "course_name": "RESEARCH AND SCHOLARHSIP",
  "course_number": "FE 501",
  "credits": "1-16",
  "description": "",
  "prerequisites": []
}, {
  "corequisites": [],
  "course_name": "THESIS",
  "course_number": "FE 503",
  "credits": "1-16",
  "description": "",
  "prerequisites": []
}, {
  "corequisites": [],
  "course_name": "READING AND CONFERENCE",
  "course_number": "FE 505",
  "credits": "1-16",
  "description": "",
  "prerequisites": []
}, {
  "corequisites": [],
  "course_name": "PROJECTS",
  "course_number": "FE 506",
  "credits": "1-16",
  "description": "",
  "prerequisites": []
}, {
  "corequisites": [],
  "course_name": "SEMINAR",
  "course_number": "FE 507",
  "credits": "1-16",
  "description": "Subject matter as required by graduate programs.",
  "prerequisites": []
}, {
  "corequisites": [],
  "course_name": "FOREST ROAD ENGINEERING",
  "course_number": "FE 515",
  "credits": "3",
  "description": "Location, surveying, design, cost estimation, and construction practices for forest roads. Lecture on principles, and laboratory field practice in locating, surveying, designing, and cost estimating.",
  "prerequisites": []
}, {
  "corequisites": [],
  "course_name": "FOREST ROAD SYSTEM MANAGEMENT",
  "course_number": "FE 516",
  "credits": "4",
  "description": "Structural characteristics of bridges, load rating, structural design of culverts, aggregate testing and evaluation, environmental assessment of forest road systems, road maintenance cycles and management.",
  "prerequisites": []
}, {
  "corequisites": [],
  "course_name": "UNMANNED AIRCRAFT SYSTEM REMOTE SENSING",
  "course_number": "FE 523",
  "credits": "3",
  "description": "Presents and explores techniques in Unmanned Aircraft System (UAS) design and applications for remote sensing measurements of both natural and constructed landscapes.",
  "prerequisites": [["GEOG 560", "GEOG 561", "GEOG 580", "GEOG 581", "OC 678"]]
}, {
  "corequisites": [],
  "course_name": "WATERSHED PROCESSES",
  "course_number": "FE 530",
  "credits": "4",
  "description": "Effects of land use practices on the physical hydrology (interception, infiltration, evapotranspiration, subsurface flow and surface runoff, water yields, and peak flows) of forested watersheds. Surface erosion, mass soil movements, stream temperatures, nutrient levels and effects of management activities upon riparian systems; forest practice rules.",
  "prerequisites": []
}, {
  "corequisites": [],
  "course_name": "FOREST HYDROLOGY",
  "course_number": "FE 532",
  "credits": "4",
  "description": "Physical hydrology, erosion processes, and attributes of stream ecosystems for forested watersheds. Material can be widely applied, but is applicable primarily to the humid, temperate rainforests of the Pacific Northwest.",
  "prerequisites": []
}, {
  "corequisites": [],
  "course_name": "FOREST DISTURBANCE HYDROLOGY",
  "course_number": "FE 536",
  "credits": "3",
  "description": "Impacts of forest disturbance, including timber harvest, wildfire, insect outbreaks, and low frequency storms and floods on watershed hydrology and streams.",
  "prerequisites": []
}, {
  "corequisites": [],
  "course_name": "FOREST OPERATIONS ANALYSIS",
  "course_number": "FE 540",
  "credits": "4",
  "description": "Identification and measurement of production components in harvesting systems. Methods analysis, productivity improvement and engineering economics. Report writing skills emphasized.",
  "prerequisites": []
}, {
  "corequisites": [],
  "course_name": "FOREST REMOTE SENSING AND PHOTOGRAMMETRY",
  "course_number": "FE 544",
  "credits": "4",
  "description": "Introduction to spectral reflectance, photogrammetry, image analysis, and point clouds. Fundamentals of data acquisition with passive and active sensors installed on airborne and spaceborne platforms. Radar and lidar in forestry.",
  "prerequisites": []
}, {
  "corequisites": [],
  "course_name": "FLUVIAL GEOMORPHOLOGY",
  "course_number": "FE 545",
  "credits": "4",
  "description": "Emphasizes fluvial-hydraulic dynamics occurring in streams and rivers. Discusses the functioning of rivers and compares the unique characteristics that distinguish one river from another. Delves into fluid dynamics and sediment transport, while also exploring how the river channel adapts to accommodate sediment and water supplied by a given watershed. Focuses on study in the context of alluvial gravel bed-rivers. CROSSLISTED as BEE 545/FE 545.",
  "prerequisites": []
}, {
  "corequisites": [],
  "course_name": "FOREST TRANSPORTATION SYSTEMS",
  "course_number": "FE 552",
  "credits": "4",
  "description": "Analysis of interactions between harvesting and road systems. Advanced topics in road and landing spacing, determination of road standards, analysis of logging road networks, transfer and sort yard facility location. Simultaneous resource scheduling and transportation planning.",
  "prerequisites": []
}, {
  "corequisites": [],
  "course_name": "FOREST SUPPLY CHAIN MGMT",
  "course_number": "FE 555",
  "credits": "3",
  "description": "Develop and implement operational planning and logistics scheduling systems to manage a forestry supply chain for typical forest organizations in the Pacific Northwest. Once developed, these supply chain plans will be implemented using simulation software that will allow students to view the results of their forest operations plans.",
  "prerequisites": []
}, {
  "corequisites": [],
  "course_name": "TECHNIQUES FOR FOREST RESOURCE ANALYSIS",
  "course_number": "FE 557",
  "credits": "4",
  "description": "Use of linear programming, nonlinear programming, dynamic programming, and simulation to solve complex forest management problems, with emphasis on intertemporal multiple-use scheduling. Forestry transportation problems, multiple-use allocation, and investment analysis. Field trips required. CROSSLISTED as FE 457/FOR 457 and FE 557.",
  "prerequisites": []
}, {
  "corequisites": [],
  "course_name": "LOGGING MECHANICS",
  "course_number": "FE 570",
  "credits": "4",
  "description": "Relationship of torque, power, and thrust to the operation of cable and ground-based harvesting systems. On-highway and off-highway heavy truck performance.",
  "prerequisites": []
}, {
  "corequisites": [],
  "course_name": "HARVESTING MANAGEMENT",
  "course_number": "FE 571",
  "credits": "3",
  "description": "Verification of harvesting assessment plans and operational planning/field layout. Practical logging skills related to harvest planning, operations monitoring, and designing worker training programs.",
  "prerequisites": []
}, {
  "corequisites": [],
  "course_name": "SPECIAL TOPICS",
  "course_number": "FE 599",
  "credits": "1-16",
  "description": "",
  "prerequisites": []
}, {
  "corequisites": [],
  "course_name": "RESEARCH AND SCHOLARSHIP",
  "course_number": "FE 601",
  "credits": "1-16",
  "description": "",
  "prerequisites": []
}, {
  "corequisites": [],
  "course_name": "THESIS",
  "course_number": "FE 603",
  "credits": "1-16",
  "description": "",
  "prerequisites": []
}, {
  "corequisites": [],
  "course_name": "READING AND CONFERENCE",
  "course_number": "FE 605",
  "credits": "1-16",
  "description": "",
  "prerequisites": []
}, {
  "corequisites": [],
  "course_name": "PROJECTS",
  "course_number": "FE 606",
  "credits": "1-16",
  "description": "",
  "prerequisites": []
}, {
  "corequisites": [],
  "course_name": "SEMINAR",
  "course_number": "FE 607",
  "credits": "1-16",
  "description": "Subject matter is required by graduate programs.",
  "prerequisites": []
}, {
  "corequisites": [],
  "course_name": "SPECIAL TOPICS IN FOREST ENGINEERING",
  "course_number": "FE 640",
  "credits": "1-3",
  "description": "Recent advances in logging engineering, forest engineering, and forest operations. Content will vary with instructor. May be retaken for credit.",
  "prerequisites": []
}]