[{
  "corequisites": [],
  "course_name": "SPECIAL TOPICS",
  "course_number": "FES 199",
  "credits": "1-16",
  "description": "",
  "prerequisites": []
}, {
  "corequisites": [],
  "course_name": "SOFTWARE TOOLS IN QUANTITATIVE SOCIAL SCIENCE RESEARCH",
  "course_number": "FES 202",
  "credits": "3",
  "description": "Develop and apply software skills to analyze quantitative social science data, then interpret and present results. Using software, students will conduct statistical analysis of primary and/or secondary data (for example, their own survey data or data from sources such as the US Census American Community Survey).",
  "prerequisites": [["ST 201", "ST 243Z"]]
}, {
  "corequisites": [],
  "course_name": "*FOREST BIOLOGY",
  "course_number": "FES 240",
  "credits": "4",
  "description": "Structure, function, development and biology of forest vegetation and their relationships to forestry and natural resource applications. Field trips required.",
  "prerequisites": []
}, {
  "corequisites": [],
  "course_name": "*FOREST BIOLOGY",
  "course_number": "FES 240H",
  "credits": "4",
  "description": "Structure, function, development and biology of forest vegetation and their relationships to forestry and natural resource applications. Field trips required.",
  "prerequisites": []
}, {
  "corequisites": [],
  "course_name": "DENDROLOGY",
  "course_number": "FES 241",
  "credits": "3",
  "description": "Learn to identify the principal forest trees of North America, and the principal trees and shrubs of the Pacific Northwest. Also learn about forested regions of the world.",
  "prerequisites": []
}, {
  "corequisites": [],
  "course_name": "FOREST ECOLOGY",
  "course_number": "FES 341",
  "credits": "3",
  "description": "Examines fundamentals of forest ecosystems, including factors that influence forest composition, structure, and function over space and time. Covers principles of social-ecological forest systems, species traits, species interactions, forest disturbance-succession cycles, community ecology and biodiversity, invasion ecology, landscape ecology, adaptation and transformation in forest ecosystems. Presents topics in the context of understanding a global array of forest ecosystems and considering issues in their management from multiple perspectives.",
  "prerequisites": [["FES 240", "FES 240H", "BI 211", "BI 211H"], ["BI 212", "BI 212H"], ["BI 213", "BI 213H", "BI 221", "BI 221H"], ["BI 222", "BI 222H"], ["BI 223", "BI 223H", "BI 204"], ["BI 205"], ["BI 206", "BI 370", "BI 370H"]]
}, {
  "corequisites": [],
  "course_name": "FOREST TYPES OF THE NORTHWEST",
  "course_number": "FES 342",
  "credits": "3",
  "description": "Forest trees in nature are aggregated into stable or transitory associations known as forest cover types. Knowledge of forest cover types, their species composition and ecology, is applicable to the fields of forestry, fire management, wildlife management, and forest ecology.",
  "prerequisites": []
}, {
  "corequisites": [],
  "course_name": "URBAN FORESTRY",
  "course_number": "FES 350",
  "credits": "3",
  "description": "Introduction to principles and practices of planting and managing trees as a system of urban environment; understanding the economic, environmental, social aspects of urban forests, and an overview of contemporary land use issues and societal perspectives between people and plants. CROSSLISTED as FES 350/HORT 350.",
  "prerequisites": []
}, {
  "corequisites": [],
  "course_name": "*ISSUES IN NATURAL RESOURCES CONSERVATION",
  "course_number": "FES 365",
  "credits": "3",
  "description": "Background of major current issues in natural resources conservation with emphasis on forests, soils, and water and potential sustainable carrying capacity. Focus on evaluating facts and opinions related to issues. Basics of terrestrial and aquatic ecology, recent and current issues of soil, water, and forest use and management. (Bacc Core Course)",
  "prerequisites": []
}, {
  "corequisites": [],
  "course_name": "SPECIAL TOPICS",
  "course_number": "FES 399",
  "credits": "1-16",
  "description": "",
  "prerequisites": []
}, {
  "corequisites": [],
  "course_name": "RESEARCH AND SCHOLARSHIP",
  "course_number": "FES 401",
  "credits": "1-16",
  "description": "",
  "prerequisites": []
}, {
  "corequisites": [],
  "course_name": "THESIS",
  "course_number": "FES 403",
  "credits": "1-16",
  "description": "",
  "prerequisites": []
}, {
  "corequisites": [],
  "course_name": "READING AND CONFERENCE",
  "course_number": "FES 405",
  "credits": "1-16",
  "description": "",
  "prerequisites": []
}, {
  "corequisites": [],
  "course_name": "PROJECTS",
  "course_number": "FES 406",
  "credits": "1-16",
  "description": "",
  "prerequisites": []
}, {
  "corequisites": [],
  "course_name": "SEMINAR",
  "course_number": "FES 407",
  "credits": "1-16",
  "description": "",
  "prerequisites": []
}, {
  "corequisites": [],
  "course_name": "INTERNSHIP",
  "course_number": "FES 410",
  "credits": "1-16",
  "description": "Full-time supervised professional experience emphasizing functional proficiency under joint sponsorship of university and agency personnel.",
  "prerequisites": []
}, {
  "corequisites": [],
  "course_name": "FOREST ENTOMOLOGY",
  "course_number": "FES 412",
  "credits": "3",
  "description": "Role of insects in natural and managed forests. Recognition of important forest insect pest groups and species, prediction of forest insect responses to environmental changes, and management strategies and treatments to protect forest resource values.",
  "prerequisites": [["BI 204", "BI 211", "BI 211H", "BI 212", "BI 212H", "BI 221", "BI 221H"]]
}, {
  "corequisites": [],
  "course_name": "RESEARCH METHODS IN SOCIAL SCIENCE",
  "course_number": "FES 422",
  "credits": "4",
  "description": "An introduction to research methods applied to social science issues and problems. Emphasis is on the nature of the research process, how to conduct research, and how to interpret and disseminate research results.",
  "prerequisites": [["ST 201", "ST 243Z", "ST 351", "ST 351H"]]
}, {
  "corequisites": [],
  "course_name": "FOREST AS CLASSROOM",
  "course_number": "FES 430",
  "credits": "4",
  "description": "Investigates instructional methods used to teach K-12 students about natural resources. Reveals how forest exploration can be used as a means to teach others about science, ecology, mathematics, social science, and history. Provides an opportunity for future teachers, naturalists, interpreters, and scientists to improve their teaching and communication skills.",
  "prerequisites": []
}, {
  "corequisites": [],
  "course_name": "*GENES AND CHEMICALS IN AGRICULTURE: VALUE AND RISK",
  "course_number": "FES 435",
  "credits": "3",
  "description": "A multidisciplinary course that examines the scientific, social, political, economic, environmental, and ethical controversies surrounding agricultural and natural resource biotechnologies. CROSSLISTED as FES 435/TOX 435.",
  "prerequisites": []
}, {
  "corequisites": [],
  "course_name": "WILDLAND FIRE ECOLOGY",
  "course_number": "FES 440",
  "credits": "3",
  "description": "Explores main principles of fire ecology, including fire regimes, fire histories, ecology, and socio-ecological systems across a broad range of ecosystems and landscape conditions. Develops toolbox of skills, theory, and information for contemporary land management in context of landscape restoration, conservation, and climate change.",
  "prerequisites": []
}, {
  "corequisites": [],
  "course_name": "ECOLOGICAL ASPECTS OF PARK MANAGEMENT",
  "course_number": "FES 444",
  "credits": "3",
  "description": "Ecological principles applied to the management of park recreation uses. The relationship between biological and physical science information and recreation management decisions is explored.",
  "prerequisites": []
}, {
  "corequisites": [],
  "course_name": "ECOLOGICAL RESTORATION",
  "course_number": "FES 445",
  "credits": "4",
  "description": "Fundamentals of restoring and reclaiming disturbed landscapes and ecosystems. Topics covered include types and assessment of site conditions; determining restoration goals and feasibility; hydrologic, biotic, and soil functions and their importance in restoration; and measures of successful restoration.",
  "prerequisites": []
}, {
  "corequisites": [],
  "course_name": "ECOLOGICAL RESTORATION",
  "course_number": "FES 445H",
  "credits": "4",
  "description": "Fundamentals of restoring and reclaiming disturbed landscapes and ecosystems. Topics covered include types and assessment of site conditions; determining restoration goals and feasibility; hydrologic, biotic, and soil functions and their importance in restoration; and measures of successful restoration.",
  "prerequisites": []
}, {
  "corequisites": [],
  "course_name": "ARBORICULTURE",
  "course_number": "FES 447",
  "credits": "4",
  "description": "The principles and practices of arboriculture, the art and science of selecting, planting, establishing and maintaining trees in urban, suburban, commercial and residential landscapes. CROSSLISTED as FES 447/HORT 447.",
  "prerequisites": []
}, {
  "corequisites": [],
  "course_name": "BIODIVERSITY CONSERVATION IN MANAGED FORESTS",
  "course_number": "FES 452",
  "credits": "3",
  "description": "Designed for students in forestry, wildlife, fisheries and related fields. Introduces the concepts of, and approaches to, managing forest stands, landscapes and regions to achieve desired habitat conditions for indicator species and conservation of biological diversity. CROSSLISTED as FES 452/FW 452.",
  "prerequisites": []
}, {
  "corequisites": [],
  "course_name": "URBAN FOREST PLANNING",
  "course_number": "FES 455",
  "credits": "POLICY",
  "description": "Examination of planning, policy, and management strategies used in the stewardship of urban natural resources. Fundamentals for developing effective programs to maximize the economic, environmental, and social values and benefits of urban forest landscapes. CROSSLISTED as FES 455/HORT 455.",
  "prerequisites": [["FES 350", "HORT 350"]]
}, {
  "corequisites": [],
  "course_name": "*AGROFORESTRY",
  "course_number": "FES 477",
  "credits": "3",
  "description": "Theory and worldwide practice of multiple-crop low input sustainable systems involving concurrent production of tree and agricultural products. Biological, economic, social, and political factors that underlie the application of agroforestry technology. CROSSLISTED as FES 477/NR 477 and FES 577.",
  "prerequisites": []
}, {
  "corequisites": [],
  "course_name": "*CONSENSUS AND NATURAL RESOURCES",
  "course_number": "FES 485",
  "credits": "3",
  "description": "Using a working group approach, select a natural resource topic, study the team process and interaction as a method of learning, explore the issue using systems practice, and strive for consensus on solutions to the issue.",
  "prerequisites": []
}, {
  "corequisites": [],
  "course_name": "*CONSENSUS AND NATURAL RESOURCES",
  "course_number": "FES 485H",
  "credits": "3",
  "description": "Using a working group approach, select a natural resource topic, study the team process and interaction as a method of learning, explore the issue using systems practice, and strive for consensus on solutions to the issue.",
  "prerequisites": []
}, {
  "corequisites": [],
  "course_name": "^PUBLIC LANDS POLICY AND MANAGEMENT",
  "course_number": "FES 486",
  "credits": "3",
  "description": "Examines public lands policy and management in the Western U.S. Overview of historical and current federal land management agency laws, regulations, and policies. Highlights political, legal, economic, ecological, and social context of public land management decisions.",
  "prerequisites": []
}, {
  "corequisites": [],
  "course_name": "SELECTED TOPICS IN FOREST SCIENCE",
  "course_number": "FES 499",
  "credits": "0-16",
  "description": "In-depth studies of specific topics within a field of specialization. Examples include biotechnology in forestry, mycorrhizal ecology, tree improvement, landscape ecology, global climatic change in relation to forestry, advanced silviculture prescriptions, agroforestry, and others.",
  "prerequisites": []
}, {
  "corequisites": [],
  "course_name": "MARKET TOOLS FOR MANAGING GREENHOUSE GAS EMISSIONS",
  "course_number": "FES 500",
  "credits": "3",
  "description": "Examines the use of market-based approaches to managing greenhouse gas emissions; the role of forestry and natural resource management in mitigating greenhouse gas emissions; and the design of carbon and offset markets in the context of broader climate change policies. CROSSLISTED as FES 500/MNR 500.",
  "prerequisites": []
}, {
  "corequisites": [],
  "course_name": "RESEARCH AND SCHOLARSHIP",
  "course_number": "FES 501",
  "credits": "1-16",
  "description": "",
  "prerequisites": []
}, {
  "corequisites": [],
  "course_name": "THESIS",
  "course_number": "FES 503",
  "credits": "1-16",
  "description": "",
  "prerequisites": []
}, {
  "corequisites": [],
  "course_name": "READING AND CONFERENCE",
  "course_number": "FES 505",
  "credits": "1-16",
  "description": "",
  "prerequisites": []
}, {
  "corequisites": [],
  "course_name": "PROJECTS",
  "course_number": "FES 506",
  "credits": "1-16",
  "description": "",
  "prerequisites": []
}, {
  "corequisites": [],
  "course_name": "SEMINAR",
  "course_number": "FES 507",
  "credits": "1-16",
  "description": "",
  "prerequisites": []
}, {
  "corequisites": [],
  "course_name": "WORKSHOP",
  "course_number": "FES 508",
  "credits": "1-16",
  "description": "",
  "prerequisites": []
}, {
  "corequisites": [],
  "course_name": "CASE STUDIES IN FORESTS AND CLIMATE CHANGE",
  "course_number": "FES 511",
  "credits": "1",
  "description": "Identifies and justifies topics for students to examine in their final independent projects. Evaluates scientific research, policy documents, and/or other materials related to the students’ selected topics. Generates a detailed outline and workplan for analyzing the topic during the Independent Project course.",
  "prerequisites": []
}, {
  "corequisites": [],
  "course_name": "FOREST ENTOMOLOGY",
  "course_number": "FES 512",
  "credits": "3",
  "description": "Role of insects in natural and managed forests. Recognition of important forest insect pest groups and species, prediction of forest insect responses to environmental changes, and management strategies and treatments to protect forest resource values.",
  "prerequisites": []
}, {
  "corequisites": [],
  "course_name": "CASE STUDIES IN URBAN FORESTRY",
  "course_number": "FES 516",
  "credits": "1",
  "description": "Introduces students to knowledge and skills appropriate for conducting case study analysis in the field of urban forestry and provides guidance for creating student-directed capstone study proposals.",
  "prerequisites": []
}, {
  "corequisites": [],
  "course_name": "POSING RESEARCH QUESTIONS",
  "course_number": "FES 520",
  "credits": "3",
  "description": "Acquaints beginning graduate students in the natural resources to the scientific method and formation of good researchable questions. The course consists of lectures, readings and discussions. Concepts in the course are reinforced and amplified by discipline-specific companion modules. Students prepare and orally present a researchable question in their area of interest that is critiqued by the class and instructors.",
  "prerequisites": []
}, {
  "corequisites": [],
  "course_name": "NATURAL RESOURCE RESEARCH PLANNING",
  "course_number": "FES 521",
  "credits": "3",
  "description": "Research planning and study plan development, investigative procedures, the principles and ethics of natural resource science, principles and practices in scientific communication.",
  "prerequisites": []
}, {
  "corequisites": [],
  "course_name": "RESEARCH METHODS SOCIAL SCIENCE",
  "course_number": "FES 522",
  "credits": "4",
  "description": "An introduction to research methods applied to social science issues and problems. Emphasis is on the nature of the research process, how to conduct research, and how to interpret and disseminate research results.",
  "prerequisites": []
}, {
  "corequisites": [],
  "course_name": "QUANTITATIVE ANALYSIS IN SOCIAL SCIENCE",
  "course_number": "FES 523",
  "credits": "4",
  "description": "Applies and interprets statistical approaches to human dimensions of natural resources, recreation and tourism, and other social sciences. Emphasizes an applied and practical approach focusing on understanding data, selecting appropriate statistics for theoretical and managerial problems, using statistical software for analyses, and interpreting the findings.",
  "prerequisites": []
}, {
  "corequisites": [],
  "course_name": "NATURAL RESOURCES DATA ANALYSIS",
  "course_number": "FES 524",
  "credits": "4",
  "description": "Hands-on experience in applied statistical modeling and data analysis for natural resources. Emphasis is on understanding of statistical models and the application and actual implementation of statistical analysis techniques, use of statistical software for analyses (e.g., R), and interpretation of findings. Students analyze data from their own research for final projects.",
  "prerequisites": [["ST 511"], ["ST 512"]]
}, {
  "corequisites": [],
  "course_name": "INTERDISCIPLINARY APPROACHES TO SOCIO-ECOLOGICAL PROBLEMS",
  "course_number": "FES 525",
  "credits": "3",
  "description": "Inter-, multi- and transdisciplinary approaches to socio-ecological problems, including terminology, assumptions, and analytical frameworks of different scientific fields. How disciplines have been integrated to approach specific case studies. Teams apply concepts, tools, and approaches in a final integrated analysis, resulting in proposed actions or policies.",
  "prerequisites": []
}, {
  "corequisites": [],
  "course_name": "EFFECTIVE COMMUNICATION & PRESENTATION SKILLS FOR SCIENTISTS",
  "course_number": "FES 526",
  "credits": "1",
  "description": "Provides an overview of communication principles and effective scientific communication skills for producing a seminar on proposed research presented to fellow scientists. Students evaluate strengths and weaknesses of communication styles; develop their ability to provide fair, timely feedback; and apply communication principles to evaluate strengths and weaknesses of presentations and proposed research.",
  "prerequisites": []
}, {
  "corequisites": [],
  "course_name": "FOREST CARBON ANALYSIS FOR ASSESSMENTS AND POLICY AGREEMENTS",
  "course_number": "FES 527",
  "credits": "3",
  "description": "Role of forests in mitigating greenhouse gas emissions. International GHG policies and recommendations for monitoring emissions and forest carbon. Measurement, modeling, and projections of forest ecosystem carbon. Evaluation of policies for reducing GHG emissions and increasing forest carbon stores.",
  "prerequisites": [["FES 536"]]
}, {
  "corequisites": [],
  "course_name": "FOREST AS CLASSROOM",
  "course_number": "FES 530",
  "credits": "4",
  "description": "Investigates instructional methods used to teach K-12 students about natural resources. Reveals how forest exploration can be used as a means to teach others about science, ecology, mathematics, social science, and history. Provides an opportunity for future teachers, naturalists, interpreters, and scientists to improve their teaching and communication skills.",
  "prerequisites": []
}, {
  "corequisites": [],
  "course_name": "PLANNING AGROFORESTRY PROJECTS",
  "course_number": "FES 533",
  "credits": "2",
  "description": "Helps forestry and other natural resource students understand various agroforestry concepts, systems and technologies and practices worldwide. Lays the groundwork for students to identify different systems, characterize socio-economic conditions and plan sustainable agroforestry systems. Class activities examine how biological, economic, and social factors influence agroforestry farming decisions.",
  "prerequisites": []
}, {
  "corequisites": [],
  "course_name": "GENES AND CHEMICALS IN AGRICULTURE: VALUE AND RISK",
  "course_number": "FES 535",
  "credits": "3",
  "description": "A multidisciplinary course that examines the scientific, social, political, economic, environmental, and ethical controversies surrounding agricultural and natural resource biotechnologies. CROSSLISTED as FES 535/TOX 535.",
  "prerequisites": []
}, {
  "corequisites": [],
  "course_name": "CARBON SEQUESTRATION IN FORESTS",
  "course_number": "FES 536",
  "credits": "3",
  "description": "Examines processes controlling the sequestration of carbon in the forest system including the forest itself and wood products. Examines how forests can be managed to sequester carbon as well as the important economic, policy, and other constraints. Designs, analyzes, and evaluates simulation experiments that test the effect of alternative management systems on forest carbon sequestration.",
  "prerequisites": []
}, {
  "corequisites": [],
  "course_name": "WILDLAND FIRE ECOLOGY",
  "course_number": "FES 540",
  "credits": "3",
  "description": "Explores main principles of fire ecology, including fire regimes, fire histories, ecology, and socio-ecological systems across a broad range of ecosystems and landscape conditions. Develops toolbox of skills, theory, and information for contemporary land management in context of landscape restoration, conservation, and climate change.",
  "prerequisites": []
}, {
  "corequisites": [],
  "course_name": "WILDLIFE LANDSCAPE ECOLOGY",
  "course_number": "FES 542",
  "credits": "3",
  "description": "Explores the interaction between spatial pattern and scale and ecological processes with particular emphasis on biodiversity in forests. Focuses on theory, methods and conservation applications in landscape ecology.",
  "prerequisites": []
}, {
  "corequisites": [],
  "course_name": "ECOLOGICAL RESTORATION",
  "course_number": "FES 545",
  "credits": "4",
  "description": "Fundamentals of restoring and reclaiming disturbed landscapes and ecosystems. Topics covered include types and assessment of site conditions; determining restoration goals and feasibility; hydrologic, biotic, and soil functions and their importance in restoration; and measures of successful restoration.",
  "prerequisites": []
}, {
  "corequisites": [],
  "course_name": "ARBORICULTURE",
  "course_number": "FES 547",
  "credits": "4",
  "description": "The principles and practices of arboriculture, the art and science of selecting, planting, establishing and maintaining trees in urban, suburban, commercial and residential landscapes. CROSSLISTED as FES 547/HORT 547.",
  "prerequisites": []
}, {
  "corequisites": [],
  "course_name": "INVASIVE PLANTS: BIOLOGY",
  "course_number": "FES 548",
  "credits": "ECOLOGY",
  "description": "Concepts of plant physiology, genetics and population dynamics are used to understand how plant invasions occur and some communities continue to exist. Management implications are explored.",
  "prerequisites": []
}, {
  "corequisites": [],
  "course_name": "TROPHIC CASCADES",
  "course_number": "FES 550",
  "credits": "2-3",
  "description": "Theory and empirical analysis of terrestrial carnivore effects on plants and ecosystems as mediated through herbivores. Emphasis on large carnivores, frequency/strength of trophic cascades, implications for ecosystem function, management, and restoration. Lectures, current literature, discussions, field exercise, term paper, and student presentations. CROSSLISTED as FES 550/FW 550.",
  "prerequisites": []
}, {
  "corequisites": [],
  "course_name": "FOREST WILDLIFE HABITAT MANAGEMENT",
  "course_number": "FES 552",
  "credits": "4",
  "description": "Management of terrestrial vertebrates in forest ecosystems. Effects on silvicultural practices and landscape pattern on habitats and populations. CROSSLISTED as FES 552/FW 552.",
  "prerequisites": []
}, {
  "corequisites": [],
  "course_name": "URBAN FOREST PLANNING",
  "course_number": "FES 555",
  "credits": "POLICY",
  "description": "Examination of planning, policy, and management strategies used in the stewardship of urban natural resources. Fundamentals for developing effective programs to maximize the economic, environmental, and social values and benefits of urban forest landscapes. CROSSLISTED as FES 555/HORT 555.",
  "prerequisites": []
}, {
  "corequisites": [],
  "course_name": "GREEN INFRASTRUCTURE",
  "course_number": "FES 560",
  "credits": "4",
  "description": "Explores the relationship between the natural and built environments in cities and examines how planning for and managing green infrastructure assets (such as urban tree canopy, watersheds, and natural areas) increases economic health, community livability and ecological resilience in cities.",
  "prerequisites": []
}, {
  "corequisites": [],
  "course_name": "URBAN FORESTRY LEADERSHIP",
  "course_number": "FES 565",
  "credits": "2",
  "description": "Examines the application of leadership theories and principles to the decision-making, policy creation, and effective administration of urban forestry programs in the public, private, and non-profit sectors. Taught via Ecampus only.",
  "prerequisites": []
}, {
  "corequisites": [],
  "course_name": "AGROFORESTRY",
  "course_number": "FES 577",
  "credits": "3",
  "description": "Theory and worldwide practice of multiple-crop low input sustainable systems involving concurrent production of tree and agricultural products. Biological, economic, social, and political factors that underlie the application of agroforestry technology. CROSSLISTED as FES 477/NR 477 and FES 577.",
  "prerequisites": []
}, {
  "corequisites": [],
  "course_name": "WRITING SCIENTIFIC MANUSCRIPTS",
  "course_number": "FES 580",
  "credits": "1",
  "description": "Discussion of parts of a scientific manuscript and the submission, review, and publication process. Brief presentations and discussion of examples provided by the instructor and students. Students write their own manuscripts and work in teams to provide feedback on manuscript components.",
  "prerequisites": []
}, {
  "corequisites": [],
  "course_name": "STREAM ECOLOGY",
  "course_number": "FES 581",
  "credits": "3",
  "description": "Explores structure and function of stream ecosystems, with emphasis on biological processes; physical and chemical relations; riparian influences and landscape perspectives.",
  "prerequisites": []
}, {
  "corequisites": [],
  "course_name": "CONSENSUS AND NATURAL RESOURCES",
  "course_number": "FES 585",
  "credits": "3",
  "description": "Using a working group approach, select a natural resource topic, study the team process and interaction as a method of learning, explore the issue using systems practice, and strive for consensus on solutions to the issue.",
  "prerequisites": []
}, {
  "corequisites": [],
  "course_name": "PUBLIC LANDS POLICY AND MANAGEMENT",
  "course_number": "FES 586",
  "credits": "3",
  "description": "Examines public lands policy and management in the Western U.S. Overview of historical and current federal land management agency laws, regulations, and policies. Highlights political, legal, economic, ecological, and social context of public land management decisions.",
  "prerequisites": []
}, {
  "corequisites": [],
  "course_name": "SELECTED TOPICS IN FOREST SCIENCE",
  "course_number": "FES 599",
  "credits": "0-16",
  "description": "In-depth studies of specific topics within a field of specialization. Examples include biotechnology in forestry, mycorrhizal ecology, tree improvement, landscape ecology, global climatic change in relation to forestry, advanced silviculture prescriptions, agroforestry, and others.",
  "prerequisites": []
}, {
  "corequisites": [],
  "course_name": "RESEARCH AND SCHOLARSHIP",
  "course_number": "FES 601",
  "credits": "1-16",
  "description": "",
  "prerequisites": []
}, {
  "corequisites": [],
  "course_name": "THESIS",
  "course_number": "FES 603",
  "credits": "1-16",
  "description": "",
  "prerequisites": []
}, {
  "corequisites": [],
  "course_name": "READING AND CONFERENCE",
  "course_number": "FES 605",
  "credits": "1-16",
  "description": "",
  "prerequisites": []
}, {
  "corequisites": [],
  "course_name": "PROJECTS",
  "course_number": "FES 606",
  "credits": "1-16",
  "description": "",
  "prerequisites": []
}, {
  "corequisites": [],
  "course_name": "TEACHING PRACTICUM IN FOREST SCIENCE",
  "course_number": "FES 629",
  "credits": "1",
  "description": "Preparation of graduate students in forest science and related disciplines for their first teaching experiences. Using concepts and information introduced in the class, students will develop the curriculum for one credit of college-level instruction (or an equivalent approved by the instructor) in a topic of their choice.",
  "prerequisites": []
}, {
  "corequisites": [],
  "course_name": "SELECTED TOPICS",
  "course_number": "FES 699",
  "credits": "1-16",
  "description": "",
  "prerequisites": []
}]