[{
  "corequisites": [],
  "course_name": "*INTRODUCTION TO FILM STUDIES: 1895-1945",
  "course_number": "FILM 110",
  "credits": "3",
  "description": "An introduction to the serious study of world cinema, 1895-1945. Class lectures will offer a variety of historical, critical and theoretical approaches. Weekly screenings of important films from the U.S., Europe, and Asia accompany the lectures. Film fee required.",
  "prerequisites": []
}, {
  "corequisites": [],
  "course_name": "*INTRODUCTION TO FILM STUDIES: 1945-PRESENT",
  "course_number": "FILM 125",
  "credits": "3",
  "description": "Provides an introduction to the serious study of world cinema, 1945-present. Class lectures will offer a variety of historical, critical and theoretical approaches. Weekly screenings of important films from the U.S., Europe, and Asia accompany the lectures. Film fee required.",
  "prerequisites": []
}, {
  "corequisites": [],
  "course_name": "*INTRODUCTION TO FILM STUDIES: 1968-1999",
  "course_number": "FILM 145",
  "credits": "3",
  "description": "Explores and examines American and European cinema, 1968-1999. Emphasizes on important films and filmmakers of the era as well as key events in American and European cultural history.",
  "prerequisites": []
}, {
  "corequisites": [],
  "course_name": "*INTRODUCTION TO FILM STUDIES: 1968-1999",
  "course_number": "FILM 145H",
  "credits": "3",
  "description": "Explores and examines American and European cinema, 1968-1999. Emphasizes on important films and filmmakers of the era as well as key events in American and European cultural history.",
  "prerequisites": []
}, {
  "corequisites": [],
  "course_name": "*TOPICS IN DIFFERENCE",
  "course_number": "FILM 220",
  "credits": "POWER",
  "description": "A comparative treatment of literary topics in the context of institutional and systematic discrimination. Not offered every year. CROSSLISTED as ENG 220/FILM 220. (H) (Bacc Core Course)",
  "prerequisites": []
}, {
  "corequisites": [],
  "course_name": "*TOPICS IN DIFFERENCE",
  "course_number": "FILM 220H",
  "credits": "POWER",
  "description": "A comparative treatment of literary topics in the context of institutional and systematic discrimination. Not offered every year. CROSSLISTED as ENG 220/FILM 220. (H) (Bacc Core Course)",
  "prerequisites": []
}, {
  "corequisites": [],
  "course_name": "*THE NEW AMERICAN CINEMA",
  "course_number": "FILM 245",
  "credits": "4",
  "description": "A formalist, ideological, and commercial investigation into contemporary American cinema.",
  "prerequisites": []
}, {
  "corequisites": [],
  "course_name": "*THE NEW AMERICAN CINEMA",
  "course_number": "FILM 245H",
  "credits": "4",
  "description": "A formalist, ideological, and commercial investigation into contemporary American cinema.",
  "prerequisites": []
}, {
  "corequisites": [],
  "course_name": "*WORLD CINEMA PART I: ORIGINS TO 1968",
  "course_number": "FILM 255",
  "credits": "4",
  "description": "A systematic introduction to the arts and history of international cinema, from the invention of the medium in 1895 to the rise of New Wave and Third Cinema in the 1960s. Weekly screenings of films such as Rashomon, Tokyo Story, Pather Parchali, Terra em Transe, and La Noire de. (Bacc Core Course)",
  "prerequisites": []
}, {
  "corequisites": [],
  "course_name": "*WORLD CINEMA PART II: 1968-PRESENT",
  "course_number": "FILM 256",
  "credits": "4",
  "description": "A systematic introduction to the arts and history of international cinema, from the decolonization movement in the 1960s and the 1970s to the dynamics of globalization that we are experiencing today. Weekly screenings include such films as A Better Tomorrow, Chungking Express, Spirited Away, Oldboy, Bombay, and City of God. (Bacc Core Course)",
  "prerequisites": []
}, {
  "corequisites": [],
  "course_name": "*FILMS FOR THE FUTURE",
  "course_number": "FILM 265",
  "credits": "4",
  "description": "An interdisciplinary study of film, literary, and philosophical visions of the future. Three hours of lecture and separate screenings each week. Film fee required.",
  "prerequisites": []
}, {
  "corequisites": [],
  "course_name": "*FILMS FOR THE FUTURE",
  "course_number": "FILM 265H",
  "credits": "4",
  "description": "An interdisciplinary study of film, literary, and philosophical visions of the future. Three hours of lecture and separate screenings each week. Film fee required.",
  "prerequisites": []
}, {
  "corequisites": [],
  "course_name": "*FILM THEORY AND CRITICISM",
  "course_number": "FILM 310",
  "credits": "4",
  "description": "Survey of significant works and movements in film theory and criticism, from classical to contemporary eras. Begins with the question of what distinguishes film from other visual arts, pursuing questions about the ontology of film, medium specificity, and aesthetics. Proceeds with investigations concerning issues of technology, authorship, genre, the avant-garde, gender, race and ethnicity, commercialism, transnationalism, queer theory, and affect. Weekly screenings will supplement class readings, lectures and discussions.",
  "prerequisites": [["FILM 110", "FILM 125"]]
}, {
  "corequisites": [],
  "course_name": "SPECIAL TOPICS",
  "course_number": "FILM 399",
  "credits": "1-16",
  "description": "",
  "prerequisites": []
}, {
  "corequisites": [],
  "course_name": "SPECIAL TOPICS",
  "course_number": "FILM 399H",
  "credits": "1-16",
  "description": "",
  "prerequisites": []
}, {
  "corequisites": [],
  "course_name": "DOCUMENTARY FILM STUDIES",
  "course_number": "FILM 445",
  "credits": "4",
  "description": "Examines the worldwide development of documentary filmmaking. Interrogates the nature, form, and function of non-fiction cinematic forms by analyzing diverse films, filmmakers, and theoretical models, while paying attention to social, technological, and aesthetic influences. Studies significant modes of documentary including the city symphony, political documentary, direct cinema/cinema verite, and postmodern documentary. Pays special attention to the cross-fertilization of non-fiction with other filmmaking modes. Seeks to answer the following questions: How do documentary conventions mark the \"Real\"? How is documentary film a tool for social change?",
  "prerequisites": []
}, {
  "corequisites": [],
  "course_name": "^STUDIES IN FILM",
  "course_number": "FILM 452",
  "credits": "4",
  "description": "Particular cinematographers, movements, types, conventions, or problems in film. Topics change from term to term. Lecture and separate screenings each week. Film fee required.",
  "prerequisites": []
}, {
  "corequisites": [],
  "course_name": "STUDIES IN FILM",
  "course_number": "FILM 480",
  "credits": "CULTURE",
  "description": "Study of film in its relationship to society and culture; study of film culture.",
  "prerequisites": []
}, {
  "corequisites": [],
  "course_name": "RESEARCH AND SCHOLARSHIP",
  "course_number": "FILM 501",
  "credits": "1-16",
  "description": "",
  "prerequisites": []
}, {
  "corequisites": [],
  "course_name": "INDEPENDENT STUDY",
  "course_number": "FILM 502",
  "credits": "1-16",
  "description": "",
  "prerequisites": []
}, {
  "corequisites": [],
  "course_name": "THESIS",
  "course_number": "FILM 503",
  "credits": "1-16",
  "description": "",
  "prerequisites": []
}, {
  "corequisites": [],
  "course_name": "SPECIAL PROJECTS",
  "course_number": "FILM 506",
  "credits": "1-16",
  "description": "",
  "prerequisites": []
}, {
  "corequisites": [],
  "course_name": "SEMINAR",
  "course_number": "FILM 507",
  "credits": "1-16",
  "description": "",
  "prerequisites": []
}, {
  "corequisites": [],
  "course_name": "WORKSHOP",
  "course_number": "FILM 508",
  "credits": "1-16",
  "description": "",
  "prerequisites": []
}, {
  "corequisites": [],
  "course_name": "INTERNSHIP",
  "course_number": "FILM 510",
  "credits": "1-16",
  "description": "",
  "prerequisites": []
}, {
  "corequisites": [],
  "course_name": "DOCUMENTARY FILM STUDIES",
  "course_number": "FILM 545",
  "credits": "4",
  "description": "Examines the worldwide development of documentary filmmaking. Interrogates the nature, form, and function of non-fiction cinematic forms by analyzing diverse films, filmmakers, and theoretical models, while paying attention to social, technological, and aesthetic influences. Studies significant modes of documentary including the city symphony, political documentary, direct cinema/cinema verite, and postmodern documentary. Pays special attention to the cross-fertilization of non-fiction with other filmmaking modes. Seeks to answer the following questions: How do documentary conventions mark the \"Real\"? How is documentary film a tool for social change?",
  "prerequisites": []
}, {
  "corequisites": [],
  "course_name": "STUDIES IN FILM",
  "course_number": "FILM 552",
  "credits": "4",
  "description": "Particular cinematographers, movements, types, conventions, or problems in film. Topics change from term to term. Lecture and separate screenings each week. Film fee required.",
  "prerequisites": []
}, {
  "corequisites": [],
  "course_name": "STUDIES IN FILM",
  "course_number": "FILM 580",
  "credits": "CULTURE",
  "description": "Study of film in its relationship to society and culture; study of film culture.",
  "prerequisites": []
}]