[{
  "corequisites": [],
  "course_name": "INVESTMENTS",
  "course_number": "FIN 341",
  "credits": "4",
  "description": "Risk and reward characteristics of investments; sources of investment information; domestic and international security markets; investment characteristics of common stocks, debt securities, convertible securities, option contracts, and investment companies; real property investment; economic market analysis; technical market analysis; tax aspects of investments; and investment management.",
  "prerequisites": [["BA 240", "BA 240H", "BA 360", "BA 360H"]]
}, {
  "corequisites": [],
  "course_name": "ADVANCED FINANCIAL MANAGEMENT",
  "course_number": "FIN 342",
  "credits": "4",
  "description": "Capital market theory and the valuation of risky assets, capital budgeting, valuing the firm's securities, capital structure theory, long-term financing alternatives, cost of capital, dividend policy, working capital management, financial analysis and planning, mergers, and takeovers.",
  "prerequisites": [["BA 240", "BA 240H", "BA 360", "BA 360H"]]
}, {
  "corequisites": [],
  "course_name": "CFA PREPARATION",
  "course_number": "FIN 434",
  "credits": "2-4",
  "description": "Provides students with structure and guidance in their preparation for the Chartered Financial Analyst (CFA) Level exam. Students systematically prepare for and are tested on the 18 sections of the exam.",
  "prerequisites": []
}, {
  "corequisites": [],
  "course_name": "APPLIED PORTFOLIO MANAGEMENT",
  "course_number": "FIN 437",
  "credits": "2",
  "description": "Hands-on experience of managing two investment portfolios. Each member in the Oregon State Investment Group (OSIG) should act as a financial analyst to analyze a chosen company by performing the Discounted Cash Flow (DCF) or Residual Income Model (RIM), the relative valuation, and the SWOT analyses. The weekly seminar offers opportunities for students to present their analyses and offer comments and suggestions to other's presentations.",
  "prerequisites": []
}, {
  "corequisites": [],
  "course_name": "APPLIED PORTFOLIO MANAGEMENT II",
  "course_number": "FIN 438",
  "credits": "1",
  "description": "Each student will act as a financial analyst to analyze a chosen company using models learned in FIN 437. Provides students with an opportunity to practice security valuation and get familiar with the tools. Focuses on various measures of portfolio performance.",
  "prerequisites": [["FIN 437"]]
}, {
  "corequisites": [],
  "course_name": "APPLIED PORTFOLIO MANAGEMENT III",
  "course_number": "FIN 439",
  "credits": "1",
  "description": "Each student will act as a financial analyst to analyze a chosen company using models learned from FIN 437. Provides students additional opportunity to practice security valuation and strengthen their understanding of the tools. Introduces ways to develop an efficient portfolio.",
  "prerequisites": [["FIN 437"]]
}, {
  "corequisites": [],
  "course_name": "FIXED INCOME SECURITIES",
  "course_number": "FIN 440",
  "credits": "4",
  "description": "Examines fixed income assets and the markets in which they trade. Topics include a broad survey of various fixed income instruments, their issuers, critical components, risks, pricing, yields, and underlying sources of volatility. Includes important institutional features of the bond, mortgage, and mortgage-backed securities markets and strategies for constructing portfolios.",
  "prerequisites": [["FIN 341"]]
}, {
  "corequisites": [],
  "course_name": "FINANCIAL INSTITUTIONS",
  "course_number": "FIN 441",
  "credits": "4",
  "description": "Provides an overview of financial markets and financial institutions that form the economic system of trading financial and real assets both domestically and internationally. Explore concepts of financial theory, institutional detail, regulatory environments and the history of financial markets. Explore the legal, ethical, technological and global issues facing financial managers, markets, and institutions.",
  "prerequisites": [["BA 240", "BA 240H", "BA 360", "BA 360H", "FIN 340", "FIN 340H"]]
}, {
  "corequisites": [],
  "course_name": "FINANCIAL STATEMENT ANALYSIS",
  "course_number": "FIN 442",
  "credits": "4",
  "description": "Develops the understanding and skill to use financial statements for investment decisions, credit decisions, performance analysis, and forecasting. Three main topic areas: analysis overview, accounting analysis, and financial analysis.",
  "prerequisites": [["FIN 342", "BA 240", "BA 240H", "BA 360", "BA 360H"], ["ACTG 317"]]
}, {
  "corequisites": [],
  "course_name": "PORTFOLIO MANAGEMENT",
  "course_number": "FIN 443",
  "credits": "4",
  "description": "An introduction to the construction, revision, and performance evaluation of financial asset portfolios.",
  "prerequisites": [["FIN 341"]]
}, {
  "corequisites": [],
  "course_name": "FINANCIAL RISK MANAGEMENT",
  "course_number": "FIN 444",
  "credits": "4",
  "description": "Investigation of financial hedging activities for corporations and financial institutions using futures, options, and other derivative securities. Identification of risk attributes, valid hedging rationales, and management of hedging programs.",
  "prerequisites": [["FIN 341"]]
}, {
  "corequisites": [],
  "course_name": "INTERNATIONAL FINANCIAL MANAGEMENT",
  "course_number": "FIN 445",
  "credits": "4",
  "description": "International monetary environment; foreign exchange risk management; source and availability of funds to finance trade and multinational operations; taxation planning and control; international portfolio diversification; international banking; capital budgeting; political risk evaluation of performance.",
  "prerequisites": [["FIN 341"], ["FIN 342"]]
}, {
  "corequisites": [],
  "course_name": "COMMERCIAL BANKING",
  "course_number": "FIN 447",
  "credits": "4",
  "description": "Develop an understanding of the banking system in the United States and gain insight into managing the financial assets of a bank. Emphasis on understanding the regulatory framework of the United States banking system, the organizational structures of banks, and managing the financial performance of a bank. Focus on integrating the theoretical framework of financial asset management with the “hands on” technical skills of risk mitigation and financial optimization strategies to increase a bank’s return on assets and equity.",
  "prerequisites": [["BA 240", "BA 240H", "BA 360", "BA 360H"]]
}, {
  "corequisites": [],
  "course_name": "INTERNATIONAL FINANCIAL MARKETS",
  "course_number": "FIN 448",
  "credits": "4",
  "description": "Explores international equity markets; international bond markets, foreign exchange markets; derivative markets; cryptocurrency markets; trading strategies; global financial crisis; volatility index VIX; market stabilization mechanisms.",
  "prerequisites": [["FIN 341"], ["FIN 342"]]
}, {
  "corequisites": [],
  "course_name": "FINANCING SPORT",
  "course_number": "FIN 450",
  "credits": "2",
  "description": "Provides an overview of the financial aspects of the sport industry and examines the mechanisms for funding sports leagues, teams, and venues at both the professional and college levels. Considers the role of public sector funding and its relationship to sources of revenue such as naming rights, ticket sales, media rights, sponsorships, and licensed merchandise.",
  "prerequisites": [["BA 350"]]
}, {
  "corequisites": [],
  "course_name": "PRINCIPLES OF FINANCIAL PLANNING",
  "course_number": "FIN 460",
  "credits": "4",
  "description": "Provides an overview of professional approach to personal financial planning. Topics included are client/planner interaction, financial statement development and analysis, time value of money, cash flow and debt management, risk management, education planning, retirement planning, tax planning, estate planning, special needs planning, business entity selection and taxation, economics and external environment study, ethics and practice standards of Certified Financial Planner. Formulates a comprehensive financial plan that best fits a client while following ethics and professional responsibilities.",
  "prerequisites": [["BA 240", "BA 240H", "BA 360", "BA 360H"]]
}, {
  "corequisites": [],
  "course_name": "INSURANCE PLANNING",
  "course_number": "FIN 461",
  "credits": "2",
  "description": "Introduces basic concepts of risk management process in financial planning which involves measuring risk exposures, comparing, and contrasting various risk management tools to manage risk exposures. Uses the risk management tools which include insurances on health, life, disability, auto and property. Enhances a student’s approach to Insurance planning.",
  "prerequisites": [["FIN 342", "FIN 460"]]
}, {
  "corequisites": [],
  "course_name": "TAX PLANNING",
  "course_number": "FIN 462",
  "credits": "2",
  "description": "Introduces basic concepts of tax planning. Covers income tax systems and ways to minimize tax liability in compliance with IRC. Provides an understanding of how to calculate taxes on various investments and learn strategies to manage tax liability.",
  "prerequisites": [["FIN 342", "FIN 460"]]
}, {
  "corequisites": [],
  "course_name": "RETIREMENT PLANNING",
  "course_number": "FIN 463",
  "credits": "2",
  "description": "Focuses on Retirement Planning. Develops appropriate retirement plans for individuals and small businesses. Examines qualified and non-qualified retirement plans, IRAs, and Social Security. Discusses regulatory and tax considerations.",
  "prerequisites": [["FIN 342", "FIN 460"]]
}, {
  "corequisites": [],
  "course_name": "ESTATE PLANNING",
  "course_number": "FIN 464",
  "credits": "2",
  "description": "Introduces Estate Planning and focuses on developing an appropriate technique to estate planning given a client’s objectives and needs. Covers the legal, tax, financial and non-financial aspects of the estate planning process. Topics include trusts, wills, probate, charitable giving, wealth transfers and related taxes.",
  "prerequisites": [["FIN 342", "FIN 460"]]
}, {
  "corequisites": [],
  "course_name": "FINANCIAL PLANNING CAPSTONE",
  "course_number": "FIN 465",
  "credits": "4",
  "description": "Serves as the capstone course in the Financial Planning program. Synthesize and integrate knowledge from previous courses to develop a comprehensive financial plan. Covers client communications skills.",
  "prerequisites": [["FIN 341"], ["FIN 342"], ["FIN 460"], ["FIN 461"], ["FIN 462"], ["FIN 463"], ["FIN 464"]]
}, {
  "corequisites": [],
  "course_name": "SELECTED TOPICS IN FINANCE",
  "course_number": "FIN 499",
  "credits": "1-4",
  "description": "",
  "prerequisites": []
}, {
  "corequisites": [],
  "course_name": "INDEPENDENT STUDY",
  "course_number": "FIN 502",
  "credits": "2-4",
  "description": "",
  "prerequisites": []
}, {
  "corequisites": [],
  "course_name": "FIXED INCOME SECURITIES",
  "course_number": "FIN 540",
  "credits": "4",
  "description": "Examines fixed income assets and the markets in which they trade. Topics include a broad survey of various fixed income instruments, their issuers, critical components, risks, pricing, yields, and underlying sources of volatility. Includes important institutional features of the bond, mortgage, and mortgage-backed securities markets and strategies for constructing portfolios.",
  "prerequisites": [["FIN 542"]]
}, {
  "corequisites": [],
  "course_name": "FINANCIAL INSTITUTIONS",
  "course_number": "FIN 541",
  "credits": "4",
  "description": "Provides an overview of financial markets and financial institutions that form the economic system of trading financial and real assets both domestically and internationally. Explore concepts of financial theory, institutional detail, regulatory environments and the history of financial markets. Explore the legal, ethical, technological and global issues facing financial managers, markets, and institutions.",
  "prerequisites": [["BA 540"]]
}, {
  "corequisites": [],
  "course_name": "INVESTMENTS",
  "course_number": "FIN 542",
  "credits": "3",
  "description": "Introduction to the tools and concepts of security analysis and investments; basic security types, including stocks, bonds, options and futures, respective markets and to how these securities are traded; fundamental valuation techniques and theory for stocks and bonds.",
  "prerequisites": []
}, {
  "corequisites": [],
  "course_name": "PORTFOLIO MANAGEMENT",
  "course_number": "FIN 543",
  "credits": "4",
  "description": "An introduction to the construction, revision, and performance evaluation of financial asset portfolios.",
  "prerequisites": [["FIN 542"]]
}, {
  "corequisites": [],
  "course_name": "FINANCIAL RISK MANAGEMENT",
  "course_number": "FIN 544",
  "credits": "4",
  "description": "Investigation of financial hedging activities for corporations and financial institutions using futures, options, and other derivative securities. Identification of risk attributes, valid hedging rationales, and management of hedging programs.",
  "prerequisites": []
}, {
  "corequisites": [],
  "course_name": "INTERNATIONAL FINANCIAL MANAGEMENT",
  "course_number": "FIN 545",
  "credits": "4",
  "description": "International monetary environment; foreign exchange risk management; source and availability of funds to finance trade and multinational operations; taxation planning and control; international portfolio diversification; international banking; capital budgeting; political risk evaluation of performance.",
  "prerequisites": [["BA 540"]]
}, {
  "corequisites": [],
  "course_name": "ADVANCED CORPORATE FINANCE",
  "course_number": "FIN 546",
  "credits": "3",
  "description": "Examines the influence of market imperfections on financial decision-making and corporate valuation; develops the skills necessary to assess a company's capital structure and its financial performance; and evaluates a company's corporate governance structures.",
  "prerequisites": [["BA 540"]]
}, {
  "corequisites": [],
  "course_name": "COMMERCIAL BANKING",
  "course_number": "FIN 547",
  "credits": "4",
  "description": "Develop an understanding of the banking system in the United States and gain insight into managing the financial assets of a bank. Emphasis on understanding the regulatory framework of the United States banking system, the organizational structures of banks, and managing the financial performance of a bank. Focus on integrating the theoretical framework of financial asset management with the “hands on” technical skills of risk mitigation and financial optimization strategies to increase a bank’s return on assets and equity.",
  "prerequisites": []
}, {
  "corequisites": [],
  "course_name": "INTERNATIONAL FINANCIAL MARKETS",
  "course_number": "FIN 548",
  "credits": "4",
  "description": "Explores international equity markets; international bond markets, foreign exchange markets; derivative markets; cryptocurrency markets; trading strategies; global financial crisis; volatility index VIX; market stabilization mechanisms.",
  "prerequisites": [["BA 540"], ["FIN 542"]]
}, {
  "corequisites": [],
  "course_name": "MERGERS AND ACQUISITIONS",
  "course_number": "FIN 549",
  "credits": "3",
  "description": "Examines the theory and practice of the market for corporate control, primarily focusing on mergers and acquisitions (M&A). Provides an understanding of how to structure, value, and implement an M&A transaction. Applies the appropriate tools and skills to evaluate M&A transactions.",
  "prerequisites": [["FIN 546"]]
}, {
  "corequisites": [],
  "course_name": "PRINCIPLES OF FINANCIAL PLANNING",
  "course_number": "FIN 560",
  "credits": "4",
  "description": "Provides an overview of professional approach to personal financial planning. Topics included are client/planner interaction, financial statement development and analysis, time value of money, cash flow and debt management, risk management, education planning, retirement planning, tax planning, estate planning, special needs planning, business entity selection and taxation, economics and external environment study, ethics and practice standards of Certified Financial Planner. Formulates a comprehensive financial plan that best fits a client while following ethics and professional responsibilities.",
  "prerequisites": []
}, {
  "corequisites": [],
  "course_name": "SELECTED TOPICS IN FINANCE",
  "course_number": "FIN 599",
  "credits": "1-4",
  "description": "",
  "prerequisites": []
}]