[{
  "corequisites": [],
  "course_name": "FIRST-YEAR FRENCH",
  "course_number": "FR 111",
  "credits": "4",
  "description": "Develops speaking, listening, writing, and reading skills in French at the novice level through interactive and communicative activities, the study and practice of French grammar, vocabulary, and pronunciation, as well as the exploration of cultural practices, products, and perspectives in the French-speaking world. Taught in French and English. Fluent users of the language are not permitted to enroll in this course.",
  "prerequisites": []
}, {
  "corequisites": [],
  "course_name": "FIRST-YEAR FRENCH",
  "course_number": "FR 112",
  "credits": "4",
  "description": "Develops speaking, listening, writing, and reading skills in French at the novice level through interactive and communicative activities, the study and practice of French grammar, vocabulary, and pronunciation, as well as the exploration of cultural practices, products, and perspectives in the French-speaking world. Taught in French and English. Fluent users of the language are not permitted to enroll in this course.",
  "prerequisites": [["FR 111"]]
}, {
  "corequisites": [],
  "course_name": "FIRST-YEAR FRENCH",
  "course_number": "FR 113",
  "credits": "4",
  "description": "Develops speaking, listening, writing, and reading skills in French at the novice level through interactive and communicative activities, the study and practice of French grammar, vocabulary, and pronunciation, as well as the exploration of cultural practices, products, and perspectives in the French-speaking world. Taught in French and English. Fluent users of the language are not permitted to enroll in this course.",
  "prerequisites": [["FR 112"]]
}, {
  "corequisites": [],
  "course_name": "SURVIVAL FRENCH FOR STUDENTS AND TRAVELERS",
  "course_number": "FR 121",
  "credits": "3",
  "description": "Provides practical linguistic tools for short stays in France. Basic conversation skills, pronunciation, introduction to French non-verbal language, as well as cultural tools, introduction to French etiquette, visual dictionary, and tips for avoiding cross-cultural misunderstandings common between Americans and the French.",
  "prerequisites": []
}, {
  "corequisites": [],
  "course_name": "SPECIAL STUDIES",
  "course_number": "FR 199",
  "credits": "1-16",
  "description": "Conversation, pronunciation, vocabulary-building, etc. Supplements basic sequence FR 111, FR 112, FR 113. May be repeated for credit when topic varies.",
  "prerequisites": []
}, {
  "corequisites": [],
  "course_name": "SECOND-YEAR FRENCH",
  "course_number": "FR 211",
  "credits": "4",
  "description": "Continued development of basic language skills, pronunciation, and vocabulary acquisition; introduction to extensive reading. Native and/or bilingual speakers of French will not receive credit for FR 211, FR 212, FR 213.",
  "prerequisites": [["FR 113"]]
}, {
  "corequisites": [],
  "course_name": "SECOND-YEAR FRENCH",
  "course_number": "FR 212",
  "credits": "4",
  "description": "Continued development of basic language skills, pronunciation, and vocabulary acquisition; introduction to extensive reading. Native and/or bilingual speakers of French will not receive credit for FR 211, FR 212, FR 213.",
  "prerequisites": [["FR 211"]]
}, {
  "corequisites": [],
  "course_name": "SECOND-YEAR FRENCH",
  "course_number": "FR 213",
  "credits": "4",
  "description": "Continued development of basic language skills, pronunciation, and vocabulary acquisition; introduction to extensive reading. Native and/or bilingual speakers of French will not receive credit for FR 211, FR 212, FR 213.",
  "prerequisites": [["FR 212"]]
}, {
  "corequisites": [],
  "course_name": "SPECIAL STUDIES",
  "course_number": "FR 299",
  "credits": "1-16",
  "description": "Conversation, pronunciation, vocabulary-building, etc. Supplements basic sequence FR 211, FR 212, FR 213. May not be offered every year. May be repeated for credit when topic varies.",
  "prerequisites": []
}, {
  "corequisites": [],
  "course_name": "THIRD-YEAR FRENCH",
  "course_number": "FR 311",
  "credits": "4",
  "description": "First course in the third-year sequence. Consolidates and expands writing, reading, listening, and speaking skills in French at the Intermediate level and above through authentic materials and interactions including short stories, news reports, and conversations with diverse fluent speakers and learners of French. Develops awareness of French-speaking cultures beyond France. Reviews grammatical structures and pronunciation rules. Conducted in French.",
  "prerequisites": [["FR 213"]]
}, {
  "corequisites": [],
  "course_name": "THIRD-YEAR FRENCH",
  "course_number": "FR 312",
  "credits": "4",
  "description": "Second course in the third-year sequence. Consolidates and expands writing, reading, listening, and speaking skills in French at the Intermediate level and above through authentic materials and interactions including short stories, news reports, and conversations with diverse fluent speakers and learners of French. Develops awareness of French-speaking cultures beyond France. Reviews grammatical structures and pronunciation rules. Conducted in French.",
  "prerequisites": [["FR 311"]]
}, {
  "corequisites": [],
  "course_name": "THIRD-YEAR FRENCH",
  "course_number": "FR 313",
  "credits": "4",
  "description": "Third course in the third-year sequence. Consolidates and expands writing, reading, listening, and speaking skills in French at the Intermediate level and above through authentic materials and interactions including short stories, news reports, and conversations with diverse fluent speakers and learners of French. Develops awareness of French-speaking cultures beyond France. Reviews grammatical structures and pronunciation rules. Conducted in French.",
  "prerequisites": [["FR 312"]]
}, {
  "corequisites": [],
  "course_name": "LE FRANÇAIS PROFESSIONNEL: BUSINESS FRENCH",
  "course_number": "FR 315",
  "credits": "3",
  "description": "Introduces French business world and business language. Develops business vocabulary; practice in writing resumes, business letters and business reports through reading and listening comprehension activities, conversations, peer collaborations. Taught in French.",
  "prerequisites": [["FR 312"]]
}, {
  "corequisites": [],
  "course_name": "SELECTED TOPICS IN FRENCH LANGUAGE",
  "course_number": "FR 319",
  "credits": "3",
  "description": "Skill-orientation variable. Conducted in French.",
  "prerequisites": []
}, {
  "corequisites": [],
  "course_name": "FRENCH CONVERSATION FOR ADVANCED SPEAKERS I",
  "course_number": "FR 321",
  "credits": "1",
  "description": "Designed for students who would like to continue developing basic listening and speaking skills in French through independent work with a variety of media.",
  "prerequisites": [["FR 213"]]
}, {
  "corequisites": [],
  "course_name": "FRENCH CONVERSATION FOR ADVANCED SPEAKERS II",
  "course_number": "FR 322",
  "credits": "1",
  "description": "Designed for students who would like to continue developing basic listening and speaking skills in French through independent work with a variety of media.",
  "prerequisites": [["FR 213"]]
}, {
  "corequisites": [],
  "course_name": "FRENCH CONVERSATION FOR ADVANCED SPEAKERS III",
  "course_number": "FR 323",
  "credits": "1",
  "description": "Designed for students who would like to continue developing basic listening and speaking skills in French through independent work with a variety of media.",
  "prerequisites": [["FR 213"]]
}, {
  "corequisites": [],
  "course_name": "*FRENCH CULTURE AND SOCIETY SINCE THE REVOLUTION",
  "course_number": "FR 333",
  "credits": "3",
  "description": "Cultural life of the French people from 1789 to the present. Conducted in French. Need not be taken in order. (H) (Bacc Core Course)",
  "prerequisites": []
}, {
  "corequisites": [],
  "course_name": "ESPACES FRANCOPHONES: FRANCOPHONE STUDIES",
  "course_number": "FR 339",
  "credits": "3",
  "description": "Explores geographical, historical, political, artistic and literary facets of the francophone world; examines questions of identity linked to cultural, linguistic, political, and economical dynamics that persist in the francophone world. Applies various linguistic and analytical skills through written analyses, debates, and discussions around authentic textual, multimedia, and/or cinematographic resources. Taught in French.",
  "prerequisites": [["FR 313"]]
}, {
  "corequisites": [],
  "course_name": "INTRODUCTION À LA LITTÉRATURE D'EXPRESSION FRANÇAISE: INTRODUCTION TO FRENCH LITERARY STUDIES",
  "course_number": "FR 340",
  "credits": "3",
  "description": "Explores concepts and vocabulary fundamental to the study of French literature. Synthesizes the main currents of French literary history. Introduces French genres: prose, poetry, and drama. Applies techniques of literary analysis through close reading activities, discussions, peer collaborations and essay writing. Taught in French.",
  "prerequisites": [["FR 313"]]
}, {
  "corequisites": [],
  "course_name": "CULTURES FRANCOPHONES ET CINÉMA: FRANCOPHONE CINEMA",
  "course_number": "FR 344",
  "credits": "3",
  "description": "Explores different cultures of France and the Francophone world through film. Discover socio-historical, political, economic, and cultural contexts through the study of films from (and/or about) France, West Africa, Quebec, the Maghreb, Vietnam, and the Caribbean. Taught in French.",
  "prerequisites": [["FR 313"]]
}, {
  "corequisites": [],
  "course_name": "SELECTED TOPICS IN FRANCOPHONE CINEMA",
  "course_number": "FR 349",
  "credits": "3",
  "description": "",
  "prerequisites": []
}, {
  "corequisites": [],
  "course_name": "PROCTOR EXPERIENCE",
  "course_number": "FR 379",
  "credits": "1-2",
  "description": "Supervised practicum for advanced students. Assignments as proctors or tutors in lower-division French courses. No more than 2 credits may be used to satisfy degree requirements for a major in French; may not be used to satisfy requirements for a minor in French.",
  "prerequisites": []
}, {
  "corequisites": [],
  "course_name": "SPECIAL TOPICS",
  "course_number": "FR 399",
  "credits": "1-16",
  "description": "May be repeated for credit when topic varies. Not offered every year.",
  "prerequisites": []
}, {
  "corequisites": [],
  "course_name": "RESEARCH",
  "course_number": "FR 401",
  "credits": "1-16",
  "description": "",
  "prerequisites": []
}, {
  "corequisites": [],
  "course_name": "INDEPENDENT STUDY",
  "course_number": "FR 402",
  "credits": "1-16",
  "description": "",
  "prerequisites": []
}, {
  "corequisites": [],
  "course_name": "THESIS",
  "course_number": "FR 403",
  "credits": "1-16",
  "description": "",
  "prerequisites": []
}, {
  "corequisites": [],
  "course_name": "READING AND CONFERENCE",
  "course_number": "FR 405",
  "credits": "1-16",
  "description": "",
  "prerequisites": []
}, {
  "corequisites": [],
  "course_name": "SEMINAR",
  "course_number": "FR 407",
  "credits": "1-16",
  "description": "",
  "prerequisites": []
}, {
  "corequisites": [],
  "course_name": "INTERNSHIP",
  "course_number": "FR 410",
  "credits": "1-15",
  "description": "",
  "prerequisites": []
}, {
  "corequisites": [],
  "course_name": "FOURTH-YEAR FRENCH",
  "course_number": "FR 411",
  "credits": "3",
  "description": "A language-use course; primary emphasis on developing oral and written proficiency; extensive practice in speaking and writing. Grammar review; vocabulary study; analysis of writing styles and techniques; oral reports and original presentations in French; original compositions. Conducted in French.",
  "prerequisites": [["FR 313"]]
}, {
  "corequisites": [],
  "course_name": "^FRENCH-ADVANCED COMPOSITION",
  "course_number": "FR 439",
  "credits": "3",
  "description": "Examines diverse discourse structures and genres. Reinforces reading and analytical skills using French (and Francophone) short literary and other cultural materials. Explores informal and formal writing in French. Taught in French.",
  "prerequisites": [["FR 411"]]
}, {
  "corequisites": [],
  "course_name": "SELECTED TOPICS IN FRANCOPHONE LITERATURE",
  "course_number": "FR 449",
  "credits": "3",
  "description": "Conducted in French. May be repeated for credit when topic varies. Not offered every year.",
  "prerequisites": []
}, {
  "corequisites": [],
  "course_name": "SPECIAL TOPICS",
  "course_number": "FR 499",
  "credits": "1-16",
  "description": "May be repeated for credit when topic varies. Not offered every year.",
  "prerequisites": []
}, {
  "corequisites": [],
  "course_name": "SPECIAL TOPICS",
  "course_number": "FR 499H",
  "credits": "1-16",
  "description": "May be repeated for credit when topic varies. See Schedule of Classes for current offerings and prerequisites. Not offered every year.",
  "prerequisites": []
}, {
  "corequisites": [],
  "course_name": "RESEARCH",
  "course_number": "FR 501",
  "credits": "1-16",
  "description": "",
  "prerequisites": []
}, {
  "corequisites": [],
  "course_name": "INDEPENDENT STUDY",
  "course_number": "FR 502",
  "credits": "1-16",
  "description": "",
  "prerequisites": []
}, {
  "corequisites": [],
  "course_name": "THESIS",
  "course_number": "FR 503",
  "credits": "1-16",
  "description": "",
  "prerequisites": []
}, {
  "corequisites": [],
  "course_name": "READING AND CONFERENCE.",
  "course_number": "FR 505",
  "credits": "1-16",
  "description": "",
  "prerequisites": []
}, {
  "corequisites": [],
  "course_name": "SEMINAR",
  "course_number": "FR 507",
  "credits": "1-16",
  "description": "",
  "prerequisites": []
}, {
  "corequisites": [],
  "course_name": "FOURTH-YEAR FRENCH",
  "course_number": "FR 511",
  "credits": "3",
  "description": "A language-use course; primary emphasis on developing oral and written proficiency; extensive practice in speaking and writing. Grammar review; vocabulary study; analysis of writing styles and techniques; oral reports and original presentations in French; original compositions. Conducted in French.",
  "prerequisites": []
}, {
  "corequisites": [],
  "course_name": "FRENCH/FRANCOPHONE STUDIES",
  "course_number": "FR 539",
  "credits": "3",
  "description": "",
  "prerequisites": []
}]