[{
  "corequisites": [],
  "course_name": "UNDERGRADUATE RESEARCH",
  "course_number": "GEO 003",
  "credits": "0",
  "description": "Engage in research activities appropriate to the discipline; and through the research experience, acquire skills, techniques, and knowledge relevant to the field of study. In consultation with a faculty mentor, engage in research activity, and make and execute a plan for a project.",
  "prerequisites": []
}, {
  "corequisites": [],
  "course_name": "INTERNSHIP",
  "course_number": "GEO 004",
  "credits": "0",
  "description": "Provides basic personal and professional skills that can be used within and outside of a work setting. Through practice, this experience guides students in building and maintaining positive professional relationships, networking/mentoring relationships, and enhances students’ understanding of the connection between theory and practice in their respective disciplines.",
  "prerequisites": []
}, {
  "corequisites": [],
  "course_name": "*NATURAL DISASTERS: HOLLYWOOD VERSUS REALITY",
  "course_number": "GEO 100",
  "credits": "4",
  "description": "Introduction to natural hazards, as seen through the lens of popular media. Explores the causes and consequences of natural disasters via exercises and activities designed to develop students' skills in scientific analysis and problem solving.",
  "prerequisites": []
}, {
  "corequisites": [],
  "course_name": "+*PLANET EARTH",
  "course_number": "GEO 101",
  "credits": "4",
  "description": "Explores our planet. Discovers Earth’s natural wonders, from the deepest ocean trenches to the highest mountain peaks; examine processes that mold the natural environment; experience the relevance of earth science concepts to daily life including volcanoes, earthquakes, the formation and use of earth resources, and global environmental change.",
  "prerequisites": []
}, {
  "corequisites": [],
  "course_name": "REGIONAL FIELD GEOLOGY OF THE PACIFIC NORTHWEST",
  "course_number": "GEO 136",
  "credits": "1",
  "description": "Experience the highly varied geology of Oregon. Explore field geology sites, discover the diversity of world class geology in driving distance from Corvallis, and learn how to find, analyze, and understand these sites. Includes field trips.",
  "prerequisites": []
}, {
  "corequisites": [],
  "course_name": "SPECIAL STUDIES",
  "course_number": "GEO 199",
  "credits": "1-16",
  "description": "",
  "prerequisites": []
}, {
  "corequisites": [],
  "course_name": "*PHYSICAL GEOLOGY",
  "course_number": "GEO 201",
  "credits": "4",
  "description": "Study of earth's interior. Tectonic processes and their influence on mountains, volcanoes, earthquakes, minerals, and rocks. Field trip(s) required; transportation fee charged.",
  "prerequisites": []
}, {
  "corequisites": [],
  "course_name": "*EARTH SYSTEMS SCIENCE",
  "course_number": "GEO 202",
  "credits": "4",
  "description": "Surficial processes (glaciers, rivers), climate, soils, vegetation, and their interrelationships. Field trip(s) required; transportation fee charged.",
  "prerequisites": []
}, {
  "corequisites": [],
  "course_name": "*EARTH SYSTEMS SCIENCE",
  "course_number": "GEO 202H",
  "credits": "4",
  "description": "Surficial processes (glaciers, rivers), climate, soils, vegetation, and their interrelationships. Field trip(s) required; transportation fee charged.",
  "prerequisites": []
}, {
  "corequisites": [],
  "course_name": "*EVOLUTION OF PLANET EARTH",
  "course_number": "GEO 203",
  "credits": "4",
  "description": "History of earth and life as interpreted from fossils and the rock record. Field trip(s) required; transportation fee charged.",
  "prerequisites": []
}, {
  "corequisites": [],
  "course_name": "*ENVIRONMENTAL GEOLOGY",
  "course_number": "GEO 221",
  "credits": "4",
  "description": "Introductory geology emphasizing geologic hazards (volcanoes, earthquakes, landslides, flooding), geologic resources (water, soil, air, mineral, energy), and associated environmental problems and mitigation strategies.",
  "prerequisites": []
}, {
  "corequisites": [],
  "course_name": "*ENVIRONMENTAL GEOLOGY",
  "course_number": "GEO 221H",
  "credits": "4",
  "description": "Introductory geology emphasizing geologic hazards (volcanoes, earthquakes, landslides, flooding), geologic resources (water, soil, air, mineral, energy), and associated environmental problems and mitigation strategies.",
  "prerequisites": []
}, {
  "corequisites": [],
  "course_name": "GEOSCIENCES DATA ANALYSIS",
  "course_number": "GEO 301",
  "credits": "4",
  "description": "Explores problem-based numerical data analysis in the Earth Sciences, with an emphasis on practical skills in visualizing and interpreting geoscience data sets.",
  "prerequisites": [["GEO 201"], ["ST 351", "ST 351H"]]
}, {
  "corequisites": [],
  "course_name": "*LIVING WITH ACTIVE CASCADE VOLCANOES",
  "course_number": "GEO 305",
  "credits": "3",
  "description": "The impact of volcanic activity on people, infrastructure, and natural resources; how and why volcanic activity in the Cascade Range occurs; volcano monitoring and hazard assessment. Field trip required, transportation fee charged.",
  "prerequisites": []
}, {
  "corequisites": [],
  "course_name": "*MINERALS",
  "course_number": "GEO 306",
  "credits": "ENERGY",
  "description": "Formation, occurrence, and use of earth resources including metallic minerals, building materials, energy resources including fossil fuels and nuclear energy, and water resources. Environmental consequences of resource use including surface and groundwater pollution, waste disposal, air pollution and acid rain, and global climate change. Implications of resource use and availability for economic development and geopolitical relations.",
  "prerequisites": []
}, {
  "corequisites": [],
  "course_name": "*NATIONAL PARK GEOLOGY AND PRESERVATION",
  "course_number": "GEO 307",
  "credits": "3",
  "description": "National parks as classrooms to study geological processes and the importance of preserving natural landscapes. Field trip(s) required; transportation fee charged.",
  "prerequisites": []
}, {
  "corequisites": [],
  "course_name": "*GLOBAL CHANGE AND EARTH SCIENCES",
  "course_number": "GEO 308",
  "credits": "3",
  "description": "Study of global change over different time scales during the history of the earth, with emphasis on evolution of its atmosphere, plate tectonics, paleoclimates, and mass extinctions.",
  "prerequisites": []
}, {
  "corequisites": [],
  "course_name": "EARTH MATERIALS I: MINERALOGY",
  "course_number": "GEO 310",
  "credits": "4",
  "description": "Principles of crystal morphology, and structure. Characteristics, identification, and origins of minerals.",
  "prerequisites": [["GEO 201", "GEO 221", "GEO 221H"], ["CH 121", "CH 231"], ["CH 261", "CH 231H"], ["CH 261H"]]
}, {
  "corequisites": [],
  "course_name": "EARTH MATERIALS II: PETROLOGY",
  "course_number": "GEO 315",
  "credits": "4",
  "description": "Origin, identification and classification of igneous, sedimentary, and metamorphic rocks. Field trip(s) required, transportation fee charged.",
  "prerequisites": [["GEO 310"]]
}, {
  "corequisites": [],
  "course_name": "SURFACE PROCESSES",
  "course_number": "GEO 322",
  "credits": "4",
  "description": "Examination of surficial processes and terrestrial landforms of the earth, including slopes, rivers, glaciers, deserts, and coastlines. Field trip(s) required; transportation fee charged.",
  "prerequisites": [["GEO 102", "GEO 102H", "GEO 202", "GEO 202H"], ["MTH 251", "MTH 251H"], ["PH 201", "PH 201H", "PH 211", "PH 211H"]]
}, {
  "corequisites": [],
  "course_name": "*ASTROBIOLOGY: LIFE BEYOND EARTH",
  "course_number": "GEO 331",
  "credits": "3",
  "description": "Evaluates the potential distribution of life in the Universe, presents the science and technology used to search for life, and explores the societal impacts of its discovery.",
  "prerequisites": []
}, {
  "corequisites": [],
  "course_name": "*GLOBAL WARMING: SCIENCE",
  "course_number": "GEO 332",
  "credits": "IMPACTS",
  "description": "Explores the fundamental science on the causes of, and solutions to, global warming that underly the policy issues facing global citizens, communities, and governments. Applies the science of climate change and documentation of its impacts to identify and evaluate options for adaptation and mitigation around the world.",
  "prerequisites": []
}, {
  "corequisites": [],
  "course_name": "STRUCTURAL GEOLOGY",
  "course_number": "GEO 340",
  "credits": "4",
  "description": "Analysis of geometry and kinematics of geologic structures including brittle and ductile faults, folds, joints, deformation fabrics. Field trip(s) required; transportation fee charged.",
  "prerequisites": [["GEO 201"]]
}, {
  "corequisites": [],
  "course_name": "STRATIGRAPHY AND SEDIMENTOLOGY",
  "course_number": "GEO 370",
  "credits": "4",
  "description": "Basic principles of sedimentology and stratigraphy. Sedimentology is largely concerned with classifying and interpreting the origin of sedimentary rocks. Stratigraphy provides formal rules and strategies for organizing sedimentary (and other) rocks into a temporal framework. Reconstruction of Earth history with various approaches centered on paleoclimatology, paleogeography, paleooceanography, and tectonics.",
  "prerequisites": [["GEO 201"], ["GEO 203"]]
}, {
  "corequisites": [],
  "course_name": "*EARTHQUAKES IN THE PACIFIC NORTHWEST",
  "course_number": "GEO 380",
  "credits": "3",
  "description": "Earthquake hazards in the Northwest; responses to reducing earthquake risk at state, local, and personal levels.",
  "prerequisites": []
}, {
  "corequisites": [],
  "course_name": "ENVIRONMENTAL HYDROGEOLOGY",
  "course_number": "GEO 387",
  "credits": "3",
  "description": "Explore basic groundwater concepts, including quantifying water levels, groundwater flow, and groundwater-surface water interactions. Apply hydrogeology concepts to actual management and environmental problems. Understand factors that impact how water flows through the ground and its availability for human consumption and for ecosystem health.",
  "prerequisites": [["GEO 201", "GEO 202", "GEO 202H", "GEO 221", "GEO 221H"]]
}, {
  "corequisites": [],
  "course_name": "INTRODUCTION TO FIELD GEOLOGY",
  "course_number": "GEO 395",
  "credits": "3",
  "description": "Build skills to identify igneous, sedimentary, and metamorphic rocks. Recognize and locate rock unit contacts. Establish a field traverse objective based on observations and collect structural and depositional data. Analyze collected field data through the development of geological maps, interpretive cross-sections, and stratigraphic columns. Interpret geological history in these products and written reports.",
  "prerequisites": [["GEO 201"]]
}, {
  "corequisites": [],
  "course_name": "SPECIAL TOPICS",
  "course_number": "GEO 399",
  "credits": "1-16",
  "description": "",
  "prerequisites": []
}, {
  "corequisites": [],
  "course_name": "SPECIAL TOPICS",
  "course_number": "GEO 399H",
  "credits": "1-16",
  "description": "",
  "prerequisites": []
}, {
  "corequisites": [],
  "course_name": "RESEARCH",
  "course_number": "GEO 401",
  "credits": "1-16",
  "description": "Independent, original research subjects guided by faculty conferences and resulting in a brief written report. Faculty sponsor must be prearranged.",
  "prerequisites": []
}, {
  "corequisites": [],
  "course_name": "THESIS",
  "course_number": "GEO 403",
  "credits": "1-16",
  "description": "Independent, original study that culminates in a senior thesis. Faculty sponsor must be prearranged.",
  "prerequisites": []
}, {
  "corequisites": [],
  "course_name": "READING AND CONFERENCE",
  "course_number": "GEO 405",
  "credits": "1-16",
  "description": "Independent reading in specialized topics guided by and discussed in faculty conferences. Faculty sponsor must be prearranged.",
  "prerequisites": []
}, {
  "corequisites": [],
  "course_name": "SEMINAR",
  "course_number": "GEO 407",
  "credits": "1-16",
  "description": "",
  "prerequisites": []
}, {
  "corequisites": [],
  "course_name": "SEMINAR",
  "course_number": "GEO 407H",
  "credits": "1-16",
  "description": "",
  "prerequisites": []
}, {
  "corequisites": [],
  "course_name": "WORKSHOP",
  "course_number": "GEO 408",
  "credits": "1-16",
  "description": "",
  "prerequisites": []
}, {
  "corequisites": [],
  "course_name": "INTERNSHIP",
  "course_number": "GEO 410",
  "credits": "1-15",
  "description": "Pre-career professional experience under joint faculty and employer supervision.",
  "prerequisites": []
}, {
  "corequisites": [],
  "course_name": "IGNEOUS PETROLOGY",
  "course_number": "GEO 412",
  "credits": "4",
  "description": "Petrogenesis of igneous rocks. Petrographic analysis using polarizing microscopes. Field trip may be required, transportation fee charged.",
  "prerequisites": [["GEO 315"]]
}, {
  "corequisites": [],
  "course_name": "EARTH MATERIALS III: PETROGRAPHY",
  "course_number": "GEO 415",
  "credits": "4",
  "description": "Microscope-based study of minerals and igneous, sedimentary and metamorphic rocks. Representation and interpretation of geological processes based on microscopic observation.",
  "prerequisites": [["GEO 201"], ["GEO 310"], ["GEO 315"]]
}, {
  "corequisites": [],
  "course_name": "^VOLCANOLOGY",
  "course_number": "GEO 427",
  "credits": "4",
  "description": "A survey of volcanoes: their distribution, forms, composition, eruptive products, eruptive styles, and associated phenomena. Field trip may be required; transportation fee charged.",
  "prerequisites": [["GEO 315"]]
}, {
  "corequisites": [],
  "course_name": "^GEOCHEMISTRY",
  "course_number": "GEO 430",
  "credits": "4",
  "description": "Principles of geochemistry applied to problems of earth science.",
  "prerequisites": [["GEO 315"], ["CH 121"], ["CH 122", "CH 231", "CH 231H"], ["CH 261", "CH 261H"], ["CH 232", "CH 232H"], ["CH 262", "CH 262H"]]
}, {
  "corequisites": [],
  "course_name": "ENVIRONMENTAL GEOCHEMISTRY",
  "course_number": "GEO 431",
  "credits": "3",
  "description": "An introduction to natural processes at and near the earth's surface, as well as an examination of the impact of human activities on the natural environment. Study includes discussion of the sources, transformations, transport, and fate of contaminants. Field trip(s) required; transportation fee charge.",
  "prerequisites": [["CH 121"], ["CH 122"], ["CH 123", "CH 231", "CH 231H"], ["CH 232", "CH 232H"], ["CH 233", "CH 233H"]]
}, {
  "corequisites": [],
  "course_name": "APPLIED GEOMORPHOLOGY",
  "course_number": "GEO 432",
  "credits": "3",
  "description": "Effect of landform processes upon human activity; consequences of resource management strategies on erosional balance within landscape; identification of mitigation of natural hazards; role of geomorphic process studies in environmental planning. Field trip(s) may be required; transportation fee charged.",
  "prerequisites": []
}, {
  "corequisites": [],
  "course_name": "COASTAL GEOMORPHOLOGY",
  "course_number": "GEO 433",
  "credits": "3",
  "description": "Morphodynamic approach to coastal landforms, processes and evolution including the impacts and response of humans to coastal change.",
  "prerequisites": [["PH 211", "PH 211H"], ["PH 212", "PH 212H"], ["GEO 322"]]
}, {
  "corequisites": [],
  "course_name": "ECONOMIC GEOLOGY",
  "course_number": "GEO 440",
  "credits": "4",
  "description": "Principles of the origin, distribution, and importance of metallic mineral deposits formed by magmatic, hydrothermal, and sedimentary processes.",
  "prerequisites": [["GEO 315"]]
}, {
  "corequisites": [],
  "course_name": "GEOLOGY OF EARTHQUAKES",
  "course_number": "GEO 461",
  "credits": "3",
  "description": "Tectonics of the present day as based on surface geology, geodesy, seismicity, and crustal structure; description of active faults and folds; use of neotectonics in evaluation of earthquake hazard. Field trip(s) may be required; transportation fee charged.",
  "prerequisites": [["GEO 340"]]
}, {
  "corequisites": [],
  "course_name": "^GEOPHYSICS AND TECTONICS",
  "course_number": "GEO 463",
  "credits": "4",
  "description": "Geophysical observations as constraints on geologic interpretation.",
  "prerequisites": []
}, {
  "corequisites": [],
  "course_name": "GLACIERS IN THE CLIMATE SYSTEM",
  "course_number": "GEO 477",
  "credits": "3",
  "description": "Discusses glaciers as an important component of the cryosphere and the climate of Earth. Examines the physics of glacier formation and flow; glacier interactions with atmosphere, ocean, and landscape. Explores the impact of modern glacier change on water resources and sea level rise.",
  "prerequisites": [["MTH 251", "MTH 251H"], ["MTH 252", "MTH 252H"], ["PH 211", "PH 211H"], ["PH 212", "PH 212H"]]
}, {
  "corequisites": [],
  "course_name": "GLACIAL GEOLOGY",
  "course_number": "GEO 481",
  "credits": "4",
  "description": "Mass balance of glaciers, physics of glacial flow, processes of glacial erosion and deposition, glacial meltwater, glacial isostasy and eustasy, and Quaternary stratigraphy. Field trip(s) may be required; transportation fee charged.",
  "prerequisites": []
}, {
  "corequisites": [],
  "course_name": "INTRODUCTION TO BIOGEOCHEMISTRY",
  "course_number": "GEO 484",
  "credits": "3",
  "description": "Interdisciplinary course, applying concepts from chemistry, physics, biology and geology to Earth systems including terrestrial, ocean and freshwater environments; water and energy cycles; carbon, nitrogen, phosphorus and sulfur cycles; biogeochemical cycles through Earth history.",
  "prerequisites": [["MTH 111", "MTH 111Z"], ["CH 121"], ["CH 122", "CH 231", "CH 231H"], ["CH 261", "CH 261H"], ["CH 232", "CH 232H"], ["CH 262", "CH 262H"]]
}, {
  "corequisites": [],
  "course_name": "QUATERNARY PALEOCLIMATOLOGY",
  "course_number": "GEO 486",
  "credits": "3",
  "description": "Introduction to geochronology, climate proxies, climate forcing, and climate modeling applied to paleoclimate problems. Emphasis on Quaternary climate history.",
  "prerequisites": [["GEO 202", "GEO 202H", "GEO 203"], ["CH 122", "CH 232", "CH 232H"], ["CH 262", "CH 262H", "CH 272"]]
}, {
  "corequisites": [],
  "course_name": "HYDROGEOLOGY",
  "course_number": "GEO 487",
  "credits": "4",
  "description": "Movement of water through porous media. Darcy's Law and groundwater flow equation. Development of groundwater resources. Computer models.",
  "prerequisites": [["MTH 252", "MTH 252H"]]
}, {
  "corequisites": [],
  "course_name": "QUATERNARY STRATIGRAPHY OF NORTH AMERICA",
  "course_number": "GEO 488",
  "credits": "3",
  "description": "Stratigraphic principles applied to Quaternary deposits. Survey Quaternary dating methods. Proxy records of glaciation and climate change. Quaternary stratigraphy of North America, emphasizing stratigraphic records of ice sheets, glaciers, and pluvial lakes.",
  "prerequisites": []
}, {
  "corequisites": [],
  "course_name": "ADVANCED FIELD GEOLOGY",
  "course_number": "GEO 495",
  "credits": "6",
  "description": "Six-week summer program in central Oregon. Collect field data to make geological maps, cross-sections, columns, and reports. Fee charged.",
  "prerequisites": [["GEO 295", "GEO 395"], ["GEO 315"], ["GEO 340"], ["GEO 370"]]
}, {
  "corequisites": [],
  "course_name": "FIELD MAPPING OF ORE DEPOSITS",
  "course_number": "GEO 497",
  "credits": "3",
  "description": "Field trip to a mineral district in the western United States, emphasizing detailed mapping of outcrops, trenches, and underground workings. Prepare final maps and a report suitable for presentation to management or publication.",
  "prerequisites": []
}, {
  "corequisites": [],
  "course_name": "SPECIAL TOPICS",
  "course_number": "GEO 499",
  "credits": "0-16",
  "description": "",
  "prerequisites": []
}, {
  "corequisites": [],
  "course_name": "RESEARCH",
  "course_number": "GEO 501",
  "credits": "1-16",
  "description": "Independent, original research subjects guided by faculty conferences and resulting in a brief written report. Faculty sponsor must be prearranged.",
  "prerequisites": []
}, {
  "corequisites": [],
  "course_name": "THESIS",
  "course_number": "GEO 503",
  "credits": "1-16",
  "description": "",
  "prerequisites": []
}, {
  "corequisites": [],
  "course_name": "READING AND CONFERENCE",
  "course_number": "GEO 505",
  "credits": "1-16",
  "description": "Independent reading in specialized topics guided by and discussed in faculty conferences. Faculty sponsor must be prearranged.",
  "prerequisites": []
}, {
  "corequisites": [],
  "course_name": "SEMINAR",
  "course_number": "GEO 507",
  "credits": "1-16",
  "description": "",
  "prerequisites": []
}, {
  "corequisites": [],
  "course_name": "WORKSHOP",
  "course_number": "GEO 508",
  "credits": "1-16",
  "description": "",
  "prerequisites": []
}, {
  "corequisites": [],
  "course_name": "INTERNSHIP",
  "course_number": "GEO 510",
  "credits": "1-15",
  "description": "Pre-career professional experience under joint faculty and employer supervision. May not be used to meet minimum credit hour requirements for graduate degrees in geosciences.",
  "prerequisites": []
}, {
  "corequisites": [],
  "course_name": "IGNEOUS PETROLOGY",
  "course_number": "GEO 512",
  "credits": "4",
  "description": "Petrogenesis of igneous rocks. Petrographic analysis using polarizing microscopes. Field trip may be required, transportation fee charged.",
  "prerequisites": []
}, {
  "corequisites": [],
  "course_name": "GROUNDWATER HYDRAULICS",
  "course_number": "GEO 514",
  "credits": "4",
  "description": "Emphasizes principles of groundwater flow and chemical transport in confined and unconfined aquifers, aquifer testing and well construction. Design and dewatering and contaminant recovery systems. CROSSLISTED as BEE 514/CE 514/GEO 514.",
  "prerequisites": []
}, {
  "corequisites": [],
  "course_name": "INTERPRETATION OF GEOLOGIC MAPS",
  "course_number": "GEO 516",
  "credits": "3",
  "description": "Development of skills in formulating geologic problems, using geologic maps, and developing solutions by the scientific method.",
  "prerequisites": []
}, {
  "corequisites": [],
  "course_name": "GEOSCIENCE COMMUNICATION",
  "course_number": "GEO 518",
  "credits": "3",
  "description": "Professional development of the skills of technical editing and writing for geoscientists. Practice the craft of presentation development and delivery, and the broader issues of problem development, and manuscript and proposal writing specific to geoscience graduate students.",
  "prerequisites": []
}, {
  "corequisites": [],
  "course_name": "VOLCANOLOGY",
  "course_number": "GEO 527",
  "credits": "4",
  "description": "A survey of volcanoes: their distribution, forms, composition, eruptive products, eruptive styles, and associated phenomena. Field trip may be required; transportation fee charged.",
  "prerequisites": []
}, {
  "corequisites": [],
  "course_name": "GEOCHEMISTRY",
  "course_number": "GEO 530",
  "credits": "4",
  "description": "Principles of geochemistry applied to problems of earth science.",
  "prerequisites": []
}, {
  "corequisites": [],
  "course_name": "ENVIRONMENTAL GEOCHEMISTRY",
  "course_number": "GEO 531",
  "credits": "3",
  "description": "An introduction to natural processes at and near the earth's surface, as well as an examination of the impact of human activities on the natural environment. Study includes discussion of the sources, transformations, transport, and fate of contaminants. Field trip(s) required; transportation fee charged.",
  "prerequisites": []
}, {
  "corequisites": [],
  "course_name": "APPLIED GEOMORPHOLOGY",
  "course_number": "GEO 532",
  "credits": "3",
  "description": "Effect of landform processes upon human activity; consequences of resource management strategies on erosional balance within landscape; identification of mitigation of natural hazards; role of geomorphic process studies in environmental planning. Field trip(s) may be required; transportation fee charged.",
  "prerequisites": []
}, {
  "corequisites": [],
  "course_name": "COASTAL GEOMORPHOLOGY",
  "course_number": "GEO 533",
  "credits": "3",
  "description": "Morphodynamic approach to coastal landforms, processes and evolution including the impacts and response of humans to coastal change.",
  "prerequisites": []
}, {
  "corequisites": [],
  "course_name": "GEOCHEMICAL ANALYSIS TECHNIQUES",
  "course_number": "GEO 535",
  "credits": "3",
  "description": "An introduction to the theory, techniques and instrumentation used for the chemical analysis of earth materials, with emphasis on analysis of solid earth material samples (predominantly, but not restricted to, rocks). Includes discussions of laboratory safety, relevant statistical approaches, basic physical and chemical principles of analysis, sample preparation techniques and data processing and reporting. Course also includes a large component of hands-on experience with instrumentation available in-house in the College of Earth, Ocean, and Atmospheric Sciences.",
  "prerequisites": [["GEO 530"]]
}, {
  "corequisites": [],
  "course_name": "TECTONIC GEOMORPHOLOGY",
  "course_number": "GEO 537",
  "credits": "3",
  "description": "Exploration of linkages between patterns of erosion, crustal deformation, and landscape evolution from geomorphic, geologic, geophysical, and modeling perspectives. Field trip required; transportation fee charged.",
  "prerequisites": []
}, {
  "corequisites": [],
  "course_name": "ECONOMIC GEOLOGY",
  "course_number": "GEO 540",
  "credits": "4",
  "description": "Principles of the origin, distribution, and importance of metallic mineral deposits formed by magmatic, hydrothermal, and sedimentary processes.",
  "prerequisites": []
}, {
  "corequisites": [],
  "course_name": "COASTAL HAZARDS: PROCESSES",
  "course_number": "GEO 550",
  "credits": "RESPONSE",
  "description": "Coastal hazards and the associated risks they pose to rapidly expanding coastal communities. Examination of coastal hazards from a trans-disciplinary perspective including the physical processes, the coastal response, and coastal adaptation/management options for dealing with the hazards. Emphasizes probabilistic and other user-inspired approaches for assessing coastal vulnerability to the various hazards.",
  "prerequisites": []
}, {
  "corequisites": [],
  "course_name": "GEOLOGY OF EARTHQUAKES",
  "course_number": "GEO 561",
  "credits": "3",
  "description": "Tectonics of the present day as based on surface geology, geodesy, seismicity, and crustal structure; description of active faults and folds; use of neotectonics in evaluation of earthquake hazard. Field trip(s) may be required; transportation fee charged.",
  "prerequisites": []
}, {
  "corequisites": [],
  "course_name": "GEOPHYSICS AND TECTONICS",
  "course_number": "GEO 563",
  "credits": "4",
  "description": "Geophysical observations as constraints on geologic interpretation.",
  "prerequisites": []
}, {
  "corequisites": [],
  "course_name": "GLACIERS IN THE CLIMATE SYSTEM",
  "course_number": "GEO 577",
  "credits": "3",
  "description": "Discusses glaciers as an important component of the cryosphere and the climate of Earth. Examines the physics of glacier formation and flow; glacier interactions with atmosphere, ocean, and landscape. Explores the impact of modern glacier change on water resources and sea level rise.",
  "prerequisites": []
}, {
  "corequisites": [],
  "course_name": "GLACIAL GEOLOGY",
  "course_number": "GEO 581",
  "credits": "4",
  "description": "Mass balance of glaciers, physics of glacial flow, processes of glacial erosion and deposition, glacial meltwater, glacial isostasy and eustasy, and Quaternary stratigraphy. Field trip(s) may be required; transportation fee charged.",
  "prerequisites": []
}, {
  "corequisites": [],
  "course_name": "QUATERNARY PALEOCLIMATOLOGY",
  "course_number": "GEO 586",
  "credits": "3",
  "description": "Introduction to geochronology, climate proxies, climate forcing, and climate modeling applied to paleoclimate problems. Emphasis on Quaternary climate history.",
  "prerequisites": []
}, {
  "corequisites": [],
  "course_name": "QUATERNARY STRATIGRAPHY OF NORTH AMERICA",
  "course_number": "GEO 588",
  "credits": "3",
  "description": "Stratigraphic principles applied to Quaternary deposits. Survey Quaternary dating methods. Proxy records of glaciation and climate change. Quaternary stratigraphy of North America, emphasizing stratigraphic records of ice sheets, glaciers, and pluvial lakes.",
  "prerequisites": []
}, {
  "corequisites": [],
  "course_name": "FIELD MAPPING OF ORE DEPOSITS",
  "course_number": "GEO 597",
  "credits": "3",
  "description": "Field trip to a mineral district in the western United States, emphasizing detailed mapping of outcrops, trenches, and underground workings. Prepare final maps and a report suitable for presentation to management or publication.",
  "prerequisites": []
}, {
  "corequisites": [],
  "course_name": "SPECIAL TOPICS",
  "course_number": "GEO 599",
  "credits": "0-16",
  "description": "",
  "prerequisites": []
}, {
  "corequisites": [],
  "course_name": "RESEARCH",
  "course_number": "GEO 601",
  "credits": "1-16",
  "description": "",
  "prerequisites": []
}, {
  "corequisites": [],
  "course_name": "THESIS",
  "course_number": "GEO 603",
  "credits": "1-16",
  "description": "",
  "prerequisites": []
}, {
  "corequisites": [],
  "course_name": "READING AND CONFERENCE",
  "course_number": "GEO 605",
  "credits": "1-16",
  "description": "",
  "prerequisites": []
}, {
  "corequisites": [],
  "course_name": "PROJECTS",
  "course_number": "GEO 606",
  "credits": "1-16",
  "description": "",
  "prerequisites": []
}, {
  "corequisites": [],
  "course_name": "SEMINAR",
  "course_number": "GEO 607",
  "credits": "1-16",
  "description": "",
  "prerequisites": []
}, {
  "corequisites": [],
  "course_name": "WORKSHOP",
  "course_number": "GEO 608",
  "credits": "1-16",
  "description": "",
  "prerequisites": []
}, {
  "corequisites": [],
  "course_name": "IGNEOUS PETROLOGY",
  "course_number": "GEO 622",
  "credits": "3",
  "description": "Controls on the distribution of major and trace elements; theory, applications, and examples. Field trip(s) may be required; transportation fee charged.",
  "prerequisites": []
}, {
  "corequisites": [],
  "course_name": "GEOCHRONOLOGY AND ISOTOPE GEOLOGY",
  "course_number": "GEO 633",
  "credits": "3",
  "description": "Measurements of cosmic and geologic time by radioactive decay. Use of radiogenic and stable isotopic tracers in geology.",
  "prerequisites": []
}, {
  "corequisites": [],
  "course_name": "STABLE ISOTOPE GEOCHEMISTRY",
  "course_number": "GEO 666",
  "credits": "3",
  "description": "Study of the principles governing terrestrial stable isotope distributions, with application to geologic, oceanographic, atmospheric and planetary processes. The primary focus is on isotopes of the light elements such as oxygen, hydrogen, carbon and sulfur, but may include other isotope systems, including Sr/Nd isotopes as geochemical tracers, noble gases, and metal isotopes (eg. Mo, Cu, Fe).",
  "prerequisites": []
}, {
  "corequisites": [],
  "course_name": "GLOBAL BIOGEOCHEMICAL CYCLES",
  "course_number": "GEO 684",
  "credits": "4",
  "description": "An in-depth treatment of global biogeochemical cycles, focusing on cycles of carbon, oxygen, nitrogen, phosphorus, and sulfur in the atmosphere, hydrosphere, and lithosphere. CROSSLISTED as GEO 684/SOIL 684.",
  "prerequisites": []
}, {
  "corequisites": [],
  "course_name": "TOPICS IN ORE GENESIS",
  "course_number": "GEO 694",
  "credits": "1-3",
  "description": "",
  "prerequisites": []
}, {
  "corequisites": [],
  "course_name": "SPECIAL TOPICS",
  "course_number": "GEO 699",
  "credits": "1-16",
  "description": "",
  "prerequisites": []
}]