[{
  "corequisites": [],
  "course_name": "FIRST-YEAR GERMAN",
  "course_number": "GER 111",
  "credits": "4",
  "description": "Development of basic writing, reading, listening, and speaking skills; includes cultural component. Designed solely for students with no prior training in German. Native or bilingual speakers of German will not receive credit for GER 111, GER 112, or GER 113.",
  "prerequisites": []
}, {
  "corequisites": [],
  "course_name": "FIRST-YEAR GERMAN",
  "course_number": "GER 112",
  "credits": "4",
  "description": "Development of basic writing, reading, listening, and speaking skills; includes cultural component. Designed solely for students with no prior training in German. Native or bilingual speakers of German will not receive credit for GER 111, GER 112, or GER 113.",
  "prerequisites": [["GER 111"]]
}, {
  "corequisites": [],
  "course_name": "FIRST-YEAR GERMAN",
  "course_number": "GER 113",
  "credits": "4",
  "description": "Development of basic writing, reading, listening, and speaking skills; includes cultural component. Designed solely for students with no prior training in German. Native or bilingual speakers of German will not receive credit for GER 111, GER 112, or GER 113.",
  "prerequisites": [["GER 112"]]
}, {
  "corequisites": [],
  "course_name": "SPECIAL STUDIES",
  "course_number": "GER 199",
  "credits": "1-16",
  "description": "May be repeated for credit when topic varies. Not offered every year.",
  "prerequisites": []
}, {
  "corequisites": [],
  "course_name": "SECOND-YEAR GERMAN",
  "course_number": "GER 211",
  "credits": "4",
  "description": "Continuing development of writing, reading, listening, and speaking skills; cultural component. Native or bilingual speakers of German will not receive credit for GER 211, GER 212 or GER 213.",
  "prerequisites": [["GER 113"]]
}, {
  "corequisites": [],
  "course_name": "SECOND-YEAR GERMAN",
  "course_number": "GER 212",
  "credits": "4",
  "description": "Continuing development of writing, reading, listening, and speaking skills; cultural component. Native or bilingual speakers of German will not receive credit for GER 211, GER 212, or GER 213.",
  "prerequisites": [["GER 211"]]
}, {
  "corequisites": [],
  "course_name": "SECOND-YEAR GERMAN",
  "course_number": "GER 213",
  "credits": "4",
  "description": "Continuing development of writing, reading, listening, and speaking skills; cultural component. Native or bilingual speakers of German will not receive credit for GER 211, GER 212, or GER 213.",
  "prerequisites": [["GER 212"]]
}, {
  "corequisites": [],
  "course_name": "SPECIAL STUDIES",
  "course_number": "GER 299",
  "credits": "1-16",
  "description": "May be repeated for credit when topic varies. Not offered every year.",
  "prerequisites": []
}, {
  "corequisites": [],
  "course_name": "THIRD-YEAR GERMAN",
  "course_number": "GER 311",
  "credits": "4",
  "description": "Focus on development of German writing, speaking, and listening skills towards the level B1/B2 of the Common European Framework of Languages. Conducted in German.",
  "prerequisites": [["GER 213"]]
}, {
  "corequisites": [],
  "course_name": "THIRD-YEAR GERMAN",
  "course_number": "GER 312",
  "credits": "4",
  "description": "Develop writing, speaking, and listening skills in German towards the B1 level of the Common European Framework of Languages. Focus on continued development of intermediate language skills learned in GER 311. Conducted in German.",
  "prerequisites": [["GER 311"]]
}, {
  "corequisites": [],
  "course_name": "THIRD-YEAR GERMAN",
  "course_number": "GER 313",
  "credits": "4",
  "description": "Develop writing, speaking, and listening skills in German towards the B1 level of the Common European Framework of Languages. Focus on continued development of intermediate language skills learned in GER 312. Conducted in German.",
  "prerequisites": [["GER 312"]]
}, {
  "corequisites": [],
  "course_name": "SELECTED TOPICS IN GERMAN LANGUAGE",
  "course_number": "GER 319",
  "credits": "3",
  "description": "",
  "prerequisites": []
}, {
  "corequisites": [],
  "course_name": "GERMAN FOR THE PROFESSIONS",
  "course_number": "GER 320",
  "credits": "3",
  "description": "Emphasizes intensive application of language for intermediate and advanced everyday proficiency (B1-C1), career exploration, and employment. Explores German-speaking companies: business practices, corporate structure, human resources, product development, marketing, finance, law, cultural aspects. Develops skills in different modes of communication as appropriate in business settings. Taught in German.",
  "prerequisites": [["GER 213"]]
}, {
  "corequisites": [],
  "course_name": "SELECTED TOPICS IN LITERATURE AND/OR CULTURE",
  "course_number": "GER 329",
  "credits": "3",
  "description": "",
  "prerequisites": []
}, {
  "corequisites": [],
  "course_name": "SELECTED TOPICS IN GERMAN CULTURE",
  "course_number": "GER 339",
  "credits": "3",
  "description": "",
  "prerequisites": []
}, {
  "corequisites": [],
  "course_name": "SELECTED TOPICS IN GERMAN LITERATURE",
  "course_number": "GER 349",
  "credits": "3",
  "description": "Attention to development of German language skills. Conducted in German. May be repeated for credit when topic varies. Not offered every year.",
  "prerequisites": []
}, {
  "corequisites": [],
  "course_name": "INTRODUCTION TO GERMAN LINGUISTICS",
  "course_number": "GER 350",
  "credits": "3",
  "description": "Introduces the linguistic structure of German and its variations through linguistic problem-solving. Explores what comprises the German language and how it is used today. Examines linguistic subfields and their relationship with a special focus on morphology, syntax, semantics and pragmatics. Develops skills for language analysis and applied linguistic knowledge in order to improve comprehension and communication skills in German. Taught in German.",
  "prerequisites": [["GER 213"]]
}, {
  "corequisites": [],
  "course_name": "GERMAN PRONUNCIATION AND PHONETICS",
  "course_number": "GER 351",
  "credits": "3",
  "description": "Analysis of the fundamentals of the German sound system, including pronunciation, phonology, phonetic and contrastive analysis of sounds; phonemes, intonation, and tone patterns.",
  "prerequisites": []
}, {
  "corequisites": [],
  "course_name": "TRANSLATION",
  "course_number": "GER 355",
  "credits": "3",
  "description": "Introduces students to translation studies in theory and practice. Students will learn problems behind translating texts and strategies to overcome these issues, before working on shorter and longer translation projects of a variety of texts. Taught in English.",
  "prerequisites": [["GER 312"]]
}, {
  "corequisites": [],
  "course_name": "CRITICAL ISSUES OF GERMAN CINEMA",
  "course_number": "GER 361",
  "credits": "3",
  "description": "Critique of current scholarly debates in German cinema (popular cinema, stars, institutional and cultural frameworks, cultural politics, and transnational connections) in connection with the critical viewing of a large variety of films from various periods. Taught in English.",
  "prerequisites": []
}, {
  "corequisites": [],
  "course_name": "DIVIDED SCREEN: GERMAN CINEMA BETWEEN 1945 AND 1990",
  "course_number": "GER 362",
  "credits": "3",
  "description": "Introduces German cinema between the corner dates 1945--division into East and West--and German unification in 1990. Compares and contrasts films made in East and West Germany to understand differences and similarities in the political and cultural set-up of the two states.",
  "prerequisites": []
}, {
  "corequisites": [],
  "course_name": "CONTEMPORARY GERMAN CINEMA",
  "course_number": "GER 363",
  "credits": "3",
  "description": "Introduces German cinema after unification in 1990. Analyzes German films from various genres, \"schools,\" and directors. Reflects and compares contemporary issues of Germany, Austria, and Switzerland to Hollywood cinema.",
  "prerequisites": []
}, {
  "corequisites": [],
  "course_name": "PROCTOR EXPERIENCE",
  "course_number": "GER 379",
  "credits": "1-2",
  "description": "Supervised practicum for advanced students, with assignments as proctors or tutors in lower-division German language courses. No more than 2 credits may be used to satisfy degree requirements for a major in German; no credit may be used to satisfy requirements for a minor in German.",
  "prerequisites": []
}, {
  "corequisites": [],
  "course_name": "SPECIAL TOPICS",
  "course_number": "GER 399",
  "credits": "1-16",
  "description": "",
  "prerequisites": []
}, {
  "corequisites": [],
  "course_name": "RESEARCH",
  "course_number": "GER 401",
  "credits": "1-16",
  "description": "",
  "prerequisites": []
}, {
  "corequisites": [],
  "course_name": "INDEPENDENT STUDY",
  "course_number": "GER 402",
  "credits": "1-16",
  "description": "",
  "prerequisites": []
}, {
  "corequisites": [],
  "course_name": "THESIS",
  "course_number": "GER 403",
  "credits": "1-16",
  "description": "",
  "prerequisites": []
}, {
  "corequisites": [],
  "course_name": "READING AND CONFERENCE",
  "course_number": "GER 405",
  "credits": "1-16",
  "description": "",
  "prerequisites": []
}, {
  "corequisites": [],
  "course_name": "SEMINAR",
  "course_number": "GER 407",
  "credits": "1-16",
  "description": "",
  "prerequisites": []
}, {
  "corequisites": [],
  "course_name": "INTERNSHIP",
  "course_number": "GER 410",
  "credits": "1-15",
  "description": "",
  "prerequisites": []
}, {
  "corequisites": [],
  "course_name": "^FOURTH-YEAR GERMAN",
  "course_number": "GER 411",
  "credits": "4",
  "description": "Develops German writing, speaking, and listening skills towards the level B2/C1 of the Common European Framework of Languages. Conducted in German.",
  "prerequisites": [["GER 313"]]
}, {
  "corequisites": [],
  "course_name": "FOURTH-YEAR GERMAN",
  "course_number": "GER 412",
  "credits": "4",
  "description": "Focus on development of German writing, speaking, and listening skills towards the level B2/C1 of the Common European Framework of Languages. Conducted in German.",
  "prerequisites": [["GER 411"]]
}, {
  "corequisites": [],
  "course_name": "FOURTH-YEAR GERMAN",
  "course_number": "GER 413",
  "credits": "4",
  "description": "Develops German writing, speaking, and listening skills towards the level B2/C1 of the Common European Framework of Languages. Conducted in German.",
  "prerequisites": [["GER 412"]]
}, {
  "corequisites": [],
  "course_name": "SELECTED TOPICS IN GERMAN LITERATURE",
  "course_number": "GER 449",
  "credits": "3",
  "description": "May be repeated for credit when topic varies. Conducted in German.",
  "prerequisites": []
}, {
  "corequisites": [],
  "course_name": "RESEARCH",
  "course_number": "GER 501",
  "credits": "1-16",
  "description": "",
  "prerequisites": []
}, {
  "corequisites": [],
  "course_name": "INDEPENDENT STUDY",
  "course_number": "GER 502",
  "credits": "1-16",
  "description": "",
  "prerequisites": []
}, {
  "corequisites": [],
  "course_name": "THESIS",
  "course_number": "GER 503",
  "credits": "1-16",
  "description": "",
  "prerequisites": []
}, {
  "corequisites": [],
  "course_name": "READING AND CONFERENCE",
  "course_number": "GER 505",
  "credits": "1-16",
  "description": "",
  "prerequisites": []
}, {
  "corequisites": [],
  "course_name": "SEMINAR",
  "course_number": "GER 507",
  "credits": "1-16",
  "description": "",
  "prerequisites": []
}, {
  "corequisites": [],
  "course_name": "SELECTED TOPICS IN GERMAN LITERATURE",
  "course_number": "GER 549",
  "credits": "3",
  "description": "May be repeated for credit when topic varies. Conducted in German.",
  "prerequisites": []
}]