[{
  "corequisites": [],
  "course_name": "SERVICE LEARNING",
  "course_number": "HC 001",
  "credits": "0",
  "description": "Engage in a service-learning or community engagement experience where skills and knowledge are applied to meet an authentic community-identified need. The experience will integrate meaningful community service with reflection. Through readings and discussions, critically reflect on the service in order to increase understanding of the discipline, gain a broader appreciation of the discipline, enhance a sense of civic responsibility, and strengthen connections with communities.",
  "prerequisites": []
}, {
  "corequisites": [],
  "course_name": "LEADERSHIP",
  "course_number": "HC 002",
  "credits": "0",
  "description": "Provides basic personal and interpersonal leadership skills that can be used within and outside of a work setting. Through practice, the leadership experience helps explore motivation, decision-making, time management, power, team building, conflict, ethics, dealing with change, communication skills, and diversity issues.",
  "prerequisites": []
}, {
  "corequisites": [],
  "course_name": "UNDERGRADUATE RESEARCH",
  "course_number": "HC 003",
  "credits": "0",
  "description": "Engage in research activities appropriate to the discipline; and through the research experience, acquire skills, techniques, and knowledge relevant to the field of study. In consultation with a faculty mentor, engage in research activity, and make and execute a plan for a project.",
  "prerequisites": []
}, {
  "corequisites": [],
  "course_name": "*HONORS WRITING",
  "course_number": "HC 199",
  "credits": "3",
  "description": "Through a range of assignments, texts, and guest speakers, Honors College students will develop critical thinking skills and a strategy for writing in their discipline.",
  "prerequisites": [["WR 121", "WR 121H", "WR 121Z", "WR 121H"]]
}, {
  "corequisites": [],
  "course_name": "SELECTED TOPICS",
  "course_number": "HC 299",
  "credits": "1-16",
  "description": "Selected topics for Honors College students.",
  "prerequisites": []
}, {
  "corequisites": [],
  "course_name": "SELECTED TOPICS",
  "course_number": "HC 399",
  "credits": "1-16",
  "description": "Upper-division special topics for Honors College students.",
  "prerequisites": []
}, {
  "corequisites": [],
  "course_name": "RESEARCH AND SCHOLARSHIP",
  "course_number": "HC 401",
  "credits": "1-16",
  "description": "",
  "prerequisites": []
}, {
  "corequisites": [],
  "course_name": "INDEPENDENT STUDY",
  "course_number": "HC 402",
  "credits": "1-16",
  "description": "",
  "prerequisites": []
}, {
  "corequisites": [],
  "course_name": "THESIS",
  "course_number": "HC 403",
  "credits": "1-16",
  "description": "",
  "prerequisites": []
}, {
  "corequisites": [],
  "course_name": "WRITING AND CONFERENCE",
  "course_number": "HC 404",
  "credits": "1-16",
  "description": "",
  "prerequisites": []
}, {
  "corequisites": [],
  "course_name": "READING AND CONFERENCE",
  "course_number": "HC 405",
  "credits": "1-16",
  "description": "",
  "prerequisites": []
}, {
  "corequisites": [],
  "course_name": "PROJECTS",
  "course_number": "HC 406",
  "credits": "1-16",
  "description": "",
  "prerequisites": []
}, {
  "corequisites": [],
  "course_name": "SEMINAR",
  "course_number": "HC 407",
  "credits": "1-16",
  "description": "",
  "prerequisites": []
}, {
  "corequisites": [],
  "course_name": "WORKSHOP",
  "course_number": "HC 408",
  "credits": "1-16",
  "description": "",
  "prerequisites": []
}, {
  "corequisites": [],
  "course_name": "PRACTICUM",
  "course_number": "HC 409",
  "credits": "1-16",
  "description": "",
  "prerequisites": []
}, {
  "corequisites": [],
  "course_name": "SPECIAL TOPICS",
  "course_number": "HC 499",
  "credits": "1-16",
  "description": "",
  "prerequisites": []
}]