[{
  "corequisites": [],
  "course_name": "RESEARCH AND SCHOLARSHIP",
  "course_number": "HDFS 101",
  "credits": "1-16",
  "description": "",
  "prerequisites": []
}, {
  "corequisites": [],
  "course_name": "IMPERFECT & THRIVING",
  "course_number": "HDFS 111",
  "credits": "2",
  "description": "Explores information and opportunities consistent with a positive transition to OSU in general, and the College of Health in particular. Emphasizes principles of health and wellness, enhancing a sense of belonging and engagement, resources that contribute to student success, as well as personal growth and development. CROSSLISTED as H 111/HDFS 111/KIN 111/NUTR 111.",
  "prerequisites": []
}, {
  "corequisites": [],
  "course_name": "SPECIAL PROJECTS",
  "course_number": "HDFS 199",
  "credits": "1-16",
  "description": "",
  "prerequisites": []
}, {
  "corequisites": [],
  "course_name": "*CONTEMPORARY FAMILIES IN THE U.S.",
  "course_number": "HDFS 201",
  "credits": "3",
  "description": "An introduction to families with application to personal life. Focuses on diversity in family structure, social class, race, gender, work and other social institutions.",
  "prerequisites": []
}, {
  "corequisites": [],
  "course_name": "HUMAN SERVICES PRACTICUM",
  "course_number": "HDFS 209",
  "credits": "4",
  "description": "Field experience to learn, primarily through observation, how to apply human service strategies and skills to helping individuals and families served by professional agencies. Supervision by agency and instructor. Requires 90 hours of work on-site. Seminar introduces basic theories and skills through readings, discussion and reflective exercises.",
  "prerequisites": [["HDFS 107"]]
}, {
  "corequisites": [],
  "course_name": "+INTRODUCTION TO THE FIELD OF EARLY CHILDHOOD",
  "course_number": "HDFS 233",
  "credits": "3",
  "description": "Examines current issues in working with children and families in the early childhood profession. Explores developmentally appropriate practice, legal and ethical issues, diversity, professionalism, and advocacy in early childhood care and education.",
  "prerequisites": []
}, {
  "corequisites": [],
  "course_name": "*HUMAN SEXUALITY",
  "course_number": "HDFS 240",
  "credits": "3",
  "description": "Physiological, psychological, social, and historical influences on sexuality; emphasis on developmental and relationship aspects. (Bacc Core Course)",
  "prerequisites": []
}, {
  "corequisites": [],
  "course_name": "*LIFE HACKS FOR EMOTIONAL INTELLIGENCE AND WELL-BEING",
  "course_number": "HDFS 260",
  "credits": "4",
  "description": "Explores how emotional intelligence develops across the lifespan and within family and societal contexts. Emphasizes theory, research, and practice associated with the development of emotional intelligence across socio-cultural and historical contexts while critically examining strengths and challenges associated with each.",
  "prerequisites": []
}, {
  "corequisites": [],
  "course_name": "INTRODUCTION TO HUMAN SERVICES",
  "course_number": "HDFS 262",
  "credits": "3",
  "description": "An exploration of the human services profession. Emphasis on prevention and early intervention concepts and programs. Development of internship search skills, including an introduction to a wide range of human services organizations.",
  "prerequisites": []
}, {
  "corequisites": [],
  "course_name": "SPECIAL TOPICS",
  "course_number": "HDFS 299",
  "credits": "1-16",
  "description": "",
  "prerequisites": []
}, {
  "corequisites": [],
  "course_name": "HUMAN SERVICES PRACTICUM",
  "course_number": "HDFS 310",
  "credits": "4",
  "description": "Field experience to learn, primarily through observation, how to apply human service intervention strategies and skills to helping individuals and families served by professional agencies and organizations. Supervision by agency and instructor. Requires 90 hours of work on-site. Supplementary bi-weekly seminar, readings, and reports.",
  "prerequisites": [["HDFS 262"]]
}, {
  "corequisites": [],
  "course_name": "INFANT AND CHILD DEVELOPMENT",
  "course_number": "HDFS 311",
  "credits": "4",
  "description": "Research and theory on development from infancy through middle childhood. Discussion of biological, familial, and sociocultural influences. Development of skills in observing children's behavior.",
  "prerequisites": []
}, {
  "corequisites": [],
  "course_name": "PARENTING RESEARCH AND APPLICATION",
  "course_number": "HDFS 312",
  "credits": "4",
  "description": "Research and theory regarding parenting and parent education, including parenting styles and practices, discipline, parent-child interactions, attachment, and the family context with an emphasis on professional implications for promoting child health and well-being.",
  "prerequisites": []
}, {
  "corequisites": [],
  "course_name": "ADOLESCENT DEVELOPMENT",
  "course_number": "HDFS 313",
  "credits": "4",
  "description": "Advanced theories and research on physical, social and psychological development during adolescence; emphasizes influences of family, peers, schools and community.",
  "prerequisites": []
}, {
  "corequisites": [],
  "course_name": "ADULT DEVELOPMENT AND AGING",
  "course_number": "HDFS 314",
  "credits": "4",
  "description": "Advanced theories and research related to developmental changes and stability in early, middle, and late adulthood. Gender issues, personality, cognition, and adaptation.",
  "prerequisites": []
}, {
  "corequisites": [],
  "course_name": "ENGAGING WITH CHILDREN AGES 0-8",
  "course_number": "HDFS 330",
  "credits": "4",
  "description": "Develops skills in applying theoretical approaches to observing, recording, and interpreting the behavior of young children in order to design interactions that support learning in group settings.",
  "prerequisites": [["HDFS 311"]]
}, {
  "corequisites": [],
  "course_name": "PRACTICUM IN CHILD DEVELOPMENT",
  "course_number": "HDFS 331",
  "credits": "3",
  "description": "Practices engaging in an educational program designed for young children through placement in a child development program (e.g., infant/toddler, preschool, early elementary school, early intervention or other). Focuses on interaction techniques, classroom management, and implementation of curricula, based on developmental observation, research, and theory.",
  "prerequisites": [["HDFS 311", "HDFS 211"], ["HDFS 330"]]
}, {
  "corequisites": [],
  "course_name": "FAMILY STUDIES",
  "course_number": "HDFS 341",
  "credits": "4",
  "description": "Study of family forms, family formation, and family change over the human life course is sociohistorical, economic, political, and cultural context.",
  "prerequisites": []
}, {
  "corequisites": [],
  "course_name": "CRITICAL THINKING IN HUMAN DEVELOPMENT AND FAMILY SCIENCES",
  "course_number": "HDFS 360",
  "credits": "4",
  "description": "Explores foundations of critical thinking, especially methods for sustaining open-minded inquiry and evaluating evidence and arguments. Current controversies in human development and family policy are targets of debate.",
  "prerequisites": []
}, {
  "corequisites": [],
  "course_name": "APPLIED RESEARCH METHODS",
  "course_number": "HDFS 361",
  "credits": "4",
  "description": "Basic research methods as they are applied in human development and family studies.",
  "prerequisites": []
}, {
  "corequisites": [],
  "course_name": "SPECIAL TOPICS",
  "course_number": "HDFS 399",
  "credits": "1-16",
  "description": "",
  "prerequisites": []
}, {
  "corequisites": [],
  "course_name": "RESEARCH",
  "course_number": "HDFS 401",
  "credits": "1-6",
  "description": "",
  "prerequisites": []
}, {
  "corequisites": [],
  "course_name": "INDEPENDENT STUDY",
  "course_number": "HDFS 402",
  "credits": "1-16",
  "description": "",
  "prerequisites": []
}, {
  "corequisites": [],
  "course_name": "THESIS",
  "course_number": "HDFS 403",
  "credits": "1-16",
  "description": "",
  "prerequisites": []
}, {
  "corequisites": [],
  "course_name": "READING AND CONFERENCE",
  "course_number": "HDFS 405",
  "credits": "1-6",
  "description": "",
  "prerequisites": []
}, {
  "corequisites": [],
  "course_name": "PROJECTS",
  "course_number": "HDFS 406",
  "credits": "1-12",
  "description": "",
  "prerequisites": []
}, {
  "corequisites": [],
  "course_name": "SEMINAR",
  "course_number": "HDFS 407",
  "credits": "1-16",
  "description": "",
  "prerequisites": []
}, {
  "corequisites": [],
  "course_name": "WORKSHOP",
  "course_number": "HDFS 408",
  "credits": "1-16",
  "description": "",
  "prerequisites": []
}, {
  "corequisites": [],
  "course_name": "HUMAN SERVICES INTERNSHIP",
  "course_number": "HDFS 410",
  "credits": "6-12",
  "description": "Field experience to apply theory and evidence-based practices to individual, family, and community problems in professional settings. Supervision by agency and instructor. Requires 300 hours of work on-site. Seminar includes reflection and constructive criticism processes. Can be taken across 2 consecutive terms (150 hours each) within the same agency.",
  "prerequisites": [["HDFS 107"], ["HDFS 209"], ["HDFS 462"]]
}, {
  "corequisites": [],
  "course_name": "CHILD DEVELOPMENT CENTER INTERNSHIP",
  "course_number": "HDFS 430",
  "credits": "12",
  "description": "Participate in an internship in a research-based model early childhood program focused on early childhood education, program development and evaluation, parent education and administration.",
  "prerequisites": [["HDFS 330"]]
}, {
  "corequisites": [],
  "course_name": "FAMILY",
  "course_number": "HDFS 431",
  "credits": "SCHOOL",
  "description": "Focus on family, school, community environments and interactions for children from infancy to adolescence. Resources and skills for enhancing child development across these settings are emphasized.",
  "prerequisites": [["HDFS 311", "HDFS 313"]]
}, {
  "corequisites": [],
  "course_name": "CHILDREN AND YOUTH WITH DISABILITIES",
  "course_number": "HDFS 432",
  "credits": "3",
  "description": "Developmental, educational, and family issues related to children and youth with disabilities. Highlights a broad range of human exceptionality, including giftedness.",
  "prerequisites": []
}, {
  "corequisites": [],
  "course_name": "EARLY CHILDHOOD INTERNSHIP",
  "course_number": "HDFS 433",
  "credits": "10",
  "description": "Students will complete an internship in a Pre-Kindergarten, Kindergarten or First Grade classroom and will focus on curriculum development, implementation and evaluation, individualizing for diverse student needs and communication with students.",
  "prerequisites": [["HDFS 311"], ["HDFS 330"], ["HDFS 331"]]
}, {
  "corequisites": [],
  "course_name": "FAMILY VIOLENCE AND NEGLECT",
  "course_number": "HDFS 444",
  "credits": "4",
  "description": "Examination of the causes and consequences of family abuse and neglect, including child abuse, domestic violence and elder abuse.",
  "prerequisites": []
}, {
  "corequisites": [],
  "course_name": "*FAMILIES AND POVERTY",
  "course_number": "HDFS 447",
  "credits": "4",
  "description": "Examines families in poverty focusing on causes and consequences of family poverty, including global economic factors, migration patterns, discrimination, and policies and programs for families. Community service required. (Bacc Core Course)",
  "prerequisites": []
}, {
  "corequisites": [],
  "course_name": "*FAMILIES AND POVERTY",
  "course_number": "HDFS 447H",
  "credits": "4",
  "description": "Examines families in poverty focusing on causes and consequences of family poverty, including global economic factors, migration patterns, discrimination, and policies and programs for families. Community service required. (Bacc Core Course)",
  "prerequisites": []
}, {
  "corequisites": [],
  "course_name": "FAMILY POLICY",
  "course_number": "HDFS 460",
  "credits": "4",
  "description": "Explores the relationships between family policies and family functioning using state, federal, and international policy examples. Reviews theoretical frameworks for conceptualizing family policy to assess the consequences policies may have for family well-being.",
  "prerequisites": []
}, {
  "corequisites": [],
  "course_name": "^PROGRAM DEVELOPMENT AND PROPOSAL WRITING",
  "course_number": "HDFS 461",
  "credits": "4",
  "description": "Principles of program development and evaluation applied to the development of a proposal for a human services program; analysis of needs and resources, identification of empirically-based strategies, and assessment.",
  "prerequisites": [["HDFS 360"], ["HDFS 361"]]
}, {
  "corequisites": [],
  "course_name": "PROFESSIONAL HELPING SKILLS",
  "course_number": "HDFS 462",
  "credits": "4",
  "description": "Explores collaborative, strengths-based methods to resolve individual, family, and community problems. Applies ethical standards to case study, with emphasis on the values of human dignity and social justice. Develops basic helping skills within an empowerment framework.",
  "prerequisites": [["HDFS 262"], ["HDFS 310"]]
}, {
  "corequisites": [],
  "course_name": "HUMAN SERVICES INTERNSHIP",
  "course_number": "HDFS 469",
  "credits": "6,12",
  "description": "Emphasizes field experience to apply theory and evidence-based practices to individual, family, and community problems in professional settings. Supervision by agency and instructor. Includes reflection and constructive criticism processes.",
  "prerequisites": [["HDFS 262"], ["HDFS 310"], ["HDFS 462"]]
}, {
  "corequisites": [],
  "course_name": "SPECIAL TOPICS",
  "course_number": "HDFS 499",
  "credits": "1-16",
  "description": "",
  "prerequisites": []
}, {
  "corequisites": [],
  "course_name": "SPECIAL TOPICS",
  "course_number": "HDFS 499H",
  "credits": "1-16",
  "description": "",
  "prerequisites": []
}, {
  "corequisites": [],
  "course_name": "RESEARCH",
  "course_number": "HDFS 501",
  "credits": "1-6",
  "description": "",
  "prerequisites": []
}, {
  "corequisites": [],
  "course_name": "INDEPENDENT STUDY",
  "course_number": "HDFS 502",
  "credits": "1-6",
  "description": "",
  "prerequisites": []
}, {
  "corequisites": [],
  "course_name": "THESIS",
  "course_number": "HDFS 503",
  "credits": "1-16",
  "description": "",
  "prerequisites": []
}, {
  "corequisites": [],
  "course_name": "READING AND CONFERENCE",
  "course_number": "HDFS 505",
  "credits": "1-6",
  "description": "",
  "prerequisites": []
}, {
  "corequisites": [],
  "course_name": "SPECIAL PROBLEMS/SPECIAL PROJECTS",
  "course_number": "HDFS 506",
  "credits": "1-6",
  "description": "",
  "prerequisites": []
}, {
  "corequisites": [],
  "course_name": "SEMINAR",
  "course_number": "HDFS 507",
  "credits": "1-16",
  "description": "",
  "prerequisites": []
}, {
  "corequisites": [],
  "course_name": "WORKSHOP",
  "course_number": "HDFS 508",
  "credits": "1-16",
  "description": "",
  "prerequisites": []
}, {
  "corequisites": [],
  "course_name": "PRACTICUM",
  "course_number": "HDFS 509",
  "credits": "1-16",
  "description": "",
  "prerequisites": []
}, {
  "corequisites": [],
  "course_name": "INTERNSHIP",
  "course_number": "HDFS 510",
  "credits": "3-15",
  "description": "",
  "prerequisites": []
}, {
  "corequisites": [],
  "course_name": "THEORIES OF HUMAN DEVELOPMENT",
  "course_number": "HDFS 511",
  "credits": "4",
  "description": "Critical examination of significant theories of human development. Emphasizes evolution of theories and impact on current human development research.",
  "prerequisites": []
}, {
  "corequisites": [],
  "course_name": "CHILD DEVELOPMENT",
  "course_number": "HDFS 516",
  "credits": "4",
  "description": "Study of theories, concepts, and issues related to physical, cognitive, social, and emotional development in infants and children. Covers family contexts, risk and resilience, nature/nurture issues, critical/sensitive periods, the importance of early experience, and the relationship between basic and applied research.",
  "prerequisites": []
}, {
  "corequisites": [],
  "course_name": "ADOLESCENT DEVELOPMENT",
  "course_number": "HDFS 517",
  "credits": "4",
  "description": "Study of theories, concepts, and issues related to biological, cognitive, social, and emotional development in adolescents. Covers identity formation, family contexts, adolescent sexuality, societal contexts for adolescent development, and risk and resilience processes.",
  "prerequisites": []
}, {
  "corequisites": [],
  "course_name": "ADULT DEVELOPMENT AND AGING",
  "course_number": "HDFS 518",
  "credits": "4",
  "description": "Study of theories, concepts, and issues related to biological, cognitive, social, and emotional development throughout adulthood. Covers life transitions, stress-related growth, optimal aging, wisdom, and developmental methods.",
  "prerequisites": []
}, {
  "corequisites": [],
  "course_name": "THE LIFE COURSE",
  "course_number": "HDFS 519",
  "credits": "4",
  "description": "Introduces students to key concepts, principles, and controversies in life-course studies. Emphasizes how the nature and rhythm of the life course is structured by time and place. Examines how the lives of individuals and groups are shaped by history, demography, social institutions, states and policies, and culture.",
  "prerequisites": []
}, {
  "corequisites": [],
  "course_name": "INTRODUCTORY DATA ANALYSIS WITH SAS",
  "course_number": "HDFS 529",
  "credits": "1",
  "description": "Introduction to basic statistical concepts and the use of the SAS software for data analysis.",
  "prerequisites": []
}, {
  "corequisites": [],
  "course_name": "APPLIED QUANTITATIVE METHODS I: ANOVA",
  "course_number": "HDFS 531",
  "credits": "4",
  "description": "Principles and application of general linear models for categorical predictors and repeated measures designs (e.g., ANOVA).",
  "prerequisites": [["HDFS 529"]]
}, {
  "corequisites": [],
  "course_name": "APPLIED QUANTITATIVE METHODS II: LINEAR REGRESSION",
  "course_number": "HDFS 532",
  "credits": "4",
  "description": "Principles and application of general linear models for continuous predictors (e.g., multiple regression).",
  "prerequisites": [["HDFS 531"]]
}, {
  "corequisites": [],
  "course_name": "SOCIAL POLICY AND HUMAN DEVELOPMENT",
  "course_number": "HDFS 533",
  "credits": "4",
  "description": "Probes how policies and governments affect human development over the life course. Examines experiences in family, education, work, and health. Families are a central lens for examining effects. Offered alternate years.",
  "prerequisites": []
}, {
  "corequisites": [],
  "course_name": "SOCIAL PROGRAM AND POLICY EVALUATION",
  "course_number": "HDFS 534",
  "credits": "4",
  "description": "Models of evaluation and application of applied research methods to social programs and policies.",
  "prerequisites": [["HDFS 531"]]
}, {
  "corequisites": [],
  "course_name": "QUALITATIVE RESEARCH METHODS I",
  "course_number": "HDFS 538",
  "credits": "4",
  "description": "Critical survey of qualitative approaches in social science research. Examines historical roots, epistemological perspectives, and ethical issues. Includes ethnographic and observational methods, interview, grounded theory, case study, and participatory approaches.",
  "prerequisites": []
}, {
  "corequisites": [],
  "course_name": "QUALITATIVE METHODS II",
  "course_number": "HDFS 539",
  "credits": "4",
  "description": "Critical survey of qualitative approaches in social science research. Examines historical roots, epistemological perspectives, and ethical issues. Includes ethnographic and observational methods, interview, grounded theory, case study, and participatory approaches. Application of qualitative methods through completion of a qualitative research project.",
  "prerequisites": [["HDFS 538"]]
}, {
  "corequisites": [],
  "course_name": "FAMILY STUDIES",
  "course_number": "HDFS 541",
  "credits": "4",
  "description": "Critical survey of current research in family studies with a focus on diverse family structures and processes.",
  "prerequisites": []
}, {
  "corequisites": [],
  "course_name": "THEORIES OF FAMILY STUDIES",
  "course_number": "HDFS 546",
  "credits": "4",
  "description": "An overview of the major theoretical perspectives used in the study of families. Issues of theory construction and evaluation are also covered. Course goal is to enable the student to apply conceptual frameworks to a particular area of interest.",
  "prerequisites": []
}, {
  "corequisites": [],
  "course_name": "FAMILIES AND POVERTY",
  "course_number": "HDFS 547",
  "credits": "3",
  "description": "Examines families in poverty focusing on causes and consequences of family poverty, including global economic factors, migration patterns, discrimination, and policies and programs for families.",
  "prerequisites": []
}, {
  "corequisites": [],
  "course_name": "FAMILY POLICY",
  "course_number": "HDFS 560",
  "credits": "4",
  "description": "Explores the relationships between family policies and family functioning using state, federal, and international policy examples. Reviews theoretical frameworks for conceptualizing family policy to assess the consequences policies may have for family well-being.",
  "prerequisites": []
}, {
  "corequisites": [],
  "course_name": "SOCIAL GERONTOLOGY",
  "course_number": "HDFS 587",
  "credits": "3",
  "description": "An introduction to aging research targeted toward understanding demographics of aging societies, lifespan theories, methods of aging research, psychosocial aging processes, family and caregiving issues, housing and long-term care, and current social policies.",
  "prerequisites": []
}, {
  "corequisites": [],
  "course_name": "RESEARCH",
  "course_number": "HDFS 601",
  "credits": "1-6",
  "description": "",
  "prerequisites": []
}, {
  "corequisites": [],
  "course_name": "INDEPENDENT STUDY",
  "course_number": "HDFS 602",
  "credits": "1-6",
  "description": "",
  "prerequisites": []
}, {
  "corequisites": [],
  "course_name": "DISSERTATION",
  "course_number": "HDFS 603",
  "credits": "1-16",
  "description": "",
  "prerequisites": []
}, {
  "corequisites": [],
  "course_name": "READING AND CONFERENCE",
  "course_number": "HDFS 605",
  "credits": "1-6",
  "description": "",
  "prerequisites": []
}, {
  "corequisites": [],
  "course_name": "SPECIAL PROJECTS",
  "course_number": "HDFS 606",
  "credits": "1-6",
  "description": "",
  "prerequisites": []
}, {
  "corequisites": [],
  "course_name": "SEMINAR",
  "course_number": "HDFS 607",
  "credits": "1-16",
  "description": "",
  "prerequisites": []
}, {
  "corequisites": [],
  "course_name": "WORKSHOP",
  "course_number": "HDFS 608",
  "credits": "1-16",
  "description": "",
  "prerequisites": []
}, {
  "corequisites": [],
  "course_name": "PRACTICUM/INTERNSHIP",
  "course_number": "HDFS 610",
  "credits": "3-15",
  "description": "",
  "prerequisites": []
}, {
  "corequisites": [],
  "course_name": "QUANTITATIVE METHODS IN FAMILY AND INDIVIDUAL DEVELOPMENT",
  "course_number": "HDFS 630",
  "credits": "3",
  "description": "Advanced quantitative techniques in human development and family studies. Includes longitudinal designs, structural equation modes. Content varies with each offering.",
  "prerequisites": [["HDFS 532"]]
}, {
  "corequisites": [],
  "course_name": "COMMMUNITY-BASED PARTICIPATORY RESEARCH",
  "course_number": "HDFS 639",
  "credits": "4",
  "description": "Focuses on initiating and conducting research in partnership with communities. Includes in-depth examination of community-based participatory research (CBPR) elements, principles, theories, and approaches; how researchers can successfully partner with communities; and research with minority and/or underprivileged communities; with examples from environmental health, gerontology, and health promotions.",
  "prerequisites": []
}, {
  "corequisites": [],
  "course_name": "TEACHING IN HUMAN DEVELOPMENT AND FAMILY SCIENCES",
  "course_number": "HDFS 665",
  "credits": "1",
  "description": "Principles and practices of pedagogy in human development and family sciences related to both on-campus and Ecampus instruction. Graded P/N.",
  "prerequisites": []
}, {
  "corequisites": [],
  "course_name": "SPECIAL TOPICS",
  "course_number": "HDFS 699",
  "credits": "1-4",
  "description": "",
  "prerequisites": []
}, {
  "corequisites": [],
  "course_name": "WORKSHOP",
  "course_number": "HDFS 808",
  "credits": "1-16",
  "description": "PREREQ: Application to Early Childhood Leadership Directions.",
  "prerequisites": []
}]