[{
  "corequisites": [],
  "course_name": "SPECIAL TOPICS",
  "course_number": "HEST 199",
  "credits": "1-6",
  "description": "",
  "prerequisites": []
}, {
  "corequisites": [],
  "course_name": "INNOVATION FOR SOCIAL IMPACT",
  "course_number": "HEST 201",
  "credits": "3",
  "description": "Introduces methods for designing solutions to address needs of low-resource or other vulnerable peoples using tools from engineering and social sciences, and investigates techniques to bring ideas to market sustainably through social entrepreneurship. Multidisciplinary teams will step through the design process, including detailed needs assessment and customer discovery, critique and application of theoretical frameworks, exploration of the diffusion process and relevant system/institutions, prototyping, plans for technical and user experience testing, and considering implementation. CROSSLISTED as ANTH 201/HEST 201.",
  "prerequisites": []
}, {
  "corequisites": [],
  "course_name": "HOUSEHOLD ENERGY IN GUATEMALA: BACKGROUND",
  "course_number": "HEST 241",
  "credits": "1",
  "description": "An introduction to the technical, social, environmental, and economic issues surrounding energy needs for households in developing countries and the technologies and policies needed to help address them. Students are introduced to concepts about global development, needs assessment and co-design, qualitative and quantitative evaluation, and local socioeconomic conditions. This course is preparation for the 10-day Summer HEST 242 faculty-led study abroad course in Guatemala. Students from any major are invited to participate in this multidisciplinary course series.",
  "prerequisites": []
}, {
  "corequisites": [],
  "course_name": "HOUSEHOLD ENERGY IN GUATEMALA: APPLICATIONS",
  "course_number": "HEST 242",
  "credits": "3",
  "description": "Through immersion in rural communities during this 10-day interdisciplinary study abroad course, students will gain a deeper understanding of household energy needs in developing countries, as well as the social, environmental, technical, and economic issues surrounding technologies and polices to help meet these needs. The outcomes produced by a variety of household technologies such as biomass cookstoves will be evaluated through qualitative and quantitative data gathering, including experiments, observations, and surveys, giving students the chance to practice their research and cross-cultural communication skills under a variety of circumstances.",
  "prerequisites": []
}, {
  "corequisites": [],
  "course_name": "SPECIAL TOPICS",
  "course_number": "HEST 299",
  "credits": "1-6",
  "description": "",
  "prerequisites": []
}, {
  "corequisites": [],
  "course_name": "*INTRO TO COMMUNITY ENGAGEMENT AND COMMUNITY-BASED DESIGN",
  "course_number": "HEST 310",
  "credits": "3",
  "description": "Includes study of civic problems and issues, design-thinking concepts and application to co-design of engineering, science and technology-based solutions with social impact, and development of dispositions for effective community engagement through field study and service-learning. Recommended course for student wanting to complete a HEST internship.",
  "prerequisites": []
}, {
  "corequisites": [],
  "course_name": "*ENGINEERING FOR GLOBAL HEALTH SOLUTIONS",
  "course_number": "HEST 320",
  "credits": "3",
  "description": "An introduction to the critical processes and drivers involved in the development of engineering solutions to address global health problems. Topics include world health challenges, accessing and interpreting health and economic data, basic healthcare systems around the world, the importance of ethical guidelines in ensuring the protection of human subjects, the process of cost effectiveness assessment of a technology, and the timescale and hurdles to adoption of a technology.",
  "prerequisites": []
}, {
  "corequisites": [],
  "course_name": "SPECIAL TOPICS",
  "course_number": "HEST 399",
  "credits": "1-6",
  "description": "",
  "prerequisites": []
}, {
  "corequisites": [],
  "course_name": "MULTIDISCIPLINARY CASE STUDIES IN HUMANITARIAN ENGINEERING",
  "course_number": "HEST 412",
  "credits": "SCIENCE",
  "description": "Introduces students to multidisciplinary methods and perspectives applied to case studies in humanitarian engineering, science and technology. Applications to real world issues with global implications at the interface of humanity and nature are addressed from a systems perspective using a case study approach.",
  "prerequisites": []
}, {
  "corequisites": [],
  "course_name": "UAV ENGINEERING",
  "course_number": "HEST 415",
  "credits": "4",
  "description": "Develop a strong foundation in Unmanned Aerial Vehicles (UAV) systems technologies. Engineering evaluation of UAV systems, subcomponents, aircraft missions, operations and Federal Aviation Administration (FAA) requirements. Apply actual UAV models and subsystems to a real-world project on UAV deployment for humanitarian and environmental missions. Write a technical report as a team-project, developing and demonstrating critical thinking and engineering reporting skills in the subject. CROSSLISTED as AAE 415/HEST 415.",
  "prerequisites": [["AAE 210"], ["ME 217"], ["ME 316"], ["ME 330", "ME 330H", "NSE 330"], ["ME 373", "ME 373H"]]
}, {
  "corequisites": [],
  "course_name": "CO-DESIGN FOR DEVELOPMENT: A REMOTE COLLABORATIVE EXPERIENCE",
  "course_number": "HEST 444",
  "credits": "2",
  "description": "Works in multidisciplinary teams and collaborates remotely with a group of local innovators from an indigenous global community to develop sustainable solutions that address some of their current challenges. Gathers and processes information to understand the context user needs, explore ideation methods to generate ideas and design proposals, prototype, test and gather feedback and develop an implementation plan through the design process. Final deliverables will consist of a prototype and implementation plan.",
  "prerequisites": []
}, {
  "corequisites": [],
  "course_name": "SYSTEM DYNAMICS MODELING FOR HUMANITARIAN ENGINEERING",
  "course_number": "HEST 462",
  "credits": "3",
  "description": "Introduces an accessible and practical framework for applying participatory system dynamics modeling to navigate the complexity of humanitarian engineering, projects and programs. Techniques highlighted include stakeholder-centric group model building, cross-impact analysis, causal loop diagramming, and stock and flow modeling. Culminates in a team project focused on a real-world global engineering intervention, where the team must model factors and subsystems that influence project success.",
  "prerequisites": []
}, {
  "corequisites": [],
  "course_name": "SPECIAL TOPICS",
  "course_number": "HEST 499",
  "credits": "1-6",
  "description": "",
  "prerequisites": []
}, {
  "corequisites": [],
  "course_name": "MULTIDISCIPLINARY CASE STUDIES IN HUMANITARIAN ENGINEERING",
  "course_number": "HEST 512",
  "credits": "SCIENCE",
  "description": "Introduces students to multidisciplinary methods and perspectives applied to case studies in humanitarian engineering, science and technology. Applications to real world issues with global implications at the interface of humanity and nature are addressed from a systems perspective using a case study approach.",
  "prerequisites": []
}, {
  "corequisites": [],
  "course_name": "HOUSEHOLD ENERGY IN GUATEMALA: BACKGROUND",
  "course_number": "HEST 541",
  "credits": "1",
  "description": "An introduction to the technical, social, environmental, and economic issues surrounding energy needs for households in developing countries and the technologies and policies needed to help address them. Students are introduced to concepts about global development, needs assessment and co-design, qualitative and quantitative evaluation, and local socioeconomic conditions. This course is preparation for the 10-day Summer HEST 542 faculty-led study abroad course in Guatemala. Students from any major are invited to participate in this multidisciplinary course series.",
  "prerequisites": []
}, {
  "corequisites": [],
  "course_name": "HOUSEHOLD ENERGY IN GUATEMALA: APPLICATIONS",
  "course_number": "HEST 542",
  "credits": "3",
  "description": "Through immersion in rural communities during this 10-day interdisciplinary study abroad course, students will gain a deeper understanding of household energy needs in developing countries, as well as the social, environmental, technical, and economic issues surrounding technologies and polices to help meet these needs. The outcomes produced by a variety of household technologies such as biomass cookstoves will be evaluated through qualitative and quantitative data gathering, including experiments, observations, and surveys, giving students the chance to practice their research and cross-cultural communication skills under a variety of circumstances.",
  "prerequisites": []
}, {
  "corequisites": [],
  "course_name": "CO-DESIGN FOR DEVELOPMENT: A REMOTE COLLABORATIVE EXPERIENCE",
  "course_number": "HEST 544",
  "credits": "2",
  "description": "Works in multidisciplinary teams and collaborates remotely with a group of local innovators from an indigenous global community to develop sustainable solutions that address some of their current challenges. Gathers and processes information to understand the context user needs, explore ideation methods to generate ideas and design proposals, prototype, test and gather feedback and develop an implementation plan through the design process. Final deliverables will consist of a prototype and implementation plan.",
  "prerequisites": []
}, {
  "corequisites": [],
  "course_name": "SYSTEM DYNAMICS MODELING FOR HUMANITARIAN ENGINEERING",
  "course_number": "HEST 562",
  "credits": "3",
  "description": "Introduces an accessible and practical framework for applying participatory system dynamics modeling to navigate the complexity of humanitarian engineering, projects and programs. Techniques highlighted include stakeholder-centric group model building, cross-impact analysis, causal loop diagramming, and stock and flow modeling. Culminates in a team project focused on a real-world global engineering intervention, where the team must model factors and subsystems that influence project success.",
  "prerequisites": []
}, {
  "corequisites": [],
  "course_name": "SPECIAL TOPICS",
  "course_number": "HEST 599",
  "credits": "1-6",
  "description": "",
  "prerequisites": []
}]