[{
  "corequisites": [],
  "course_name": "*HISTORY OF WESTERN CIVILIZATION",
  "course_number": "HST 101",
  "credits": "4",
  "description": "Provides an awareness and understanding of the Western cultural heritage. Stresses the major ideas and developments that have been of primary importance in shaping the Western tradition. Covers the Ancient World to 1000 A.D. HST 101, HST 102 and HST 103 need not be taken in sequence. (H) (SS) (Bacc Core Course)",
  "prerequisites": []
}, {
  "corequisites": [],
  "course_name": "*HISTORY OF WESTERN CIVILIZATION",
  "course_number": "HST 101H",
  "credits": "4",
  "description": "Provides an awareness and understanding of the Western cultural heritage. Stresses the major ideas and developments that have been of primary importance in shaping the Western tradition. Covers the Ancient World to 1000 A.D. HST 101, HST 102 and HST 103 need not be taken in sequence. (H) (SS) (Bacc Core Course)",
  "prerequisites": []
}, {
  "corequisites": [],
  "course_name": "*HISTORY OF WESTERN CIVILIZATION",
  "course_number": "HST 102",
  "credits": "4",
  "description": "Provides an awareness and understanding of the Western cultural heritage. Stresses the major ideas and developments that have been of primary importance in shaping the Western tradition. Covers 1000 A.D. to 1789.",
  "prerequisites": []
}, {
  "corequisites": [],
  "course_name": "*HISTORY OF WESTERN CIVILIZATION",
  "course_number": "HST 102H",
  "credits": "4",
  "description": "Provides an awareness and understanding of the Western cultural heritage. Stresses the major ideas and developments that have been of primary importance in shaping the Western tradition. Covers 1000 A.D. to 1789.",
  "prerequisites": []
}, {
  "corequisites": [],
  "course_name": "*HISTORY OF WESTERN CIVILIZATION",
  "course_number": "HST 103",
  "credits": "4",
  "description": "Provides an awareness and understanding of the Western cultural heritage. Stresses the major ideas and developments that have been of primary importance in shaping the Western tradition. Covers 1789 to the present.",
  "prerequisites": []
}, {
  "corequisites": [],
  "course_name": "*HISTORY OF WESTERN CIVILIZATION",
  "course_number": "HST 103H",
  "credits": "4",
  "description": "Provides an awareness and understanding of the Western cultural heritage. Stresses the major ideas and developments that have been of primary importance in shaping the Western tradition. Covers 1789 to the present.",
  "prerequisites": []
}, {
  "corequisites": [],
  "course_name": "*WORLD HISTORY I: ANCIENT CIVILIZATIONS",
  "course_number": "HST 104",
  "credits": "3",
  "description": "A survey of the historical development of several world civilizations from antiquity to roughly 600 to 700 A.D. Exploration of religious, cultural, social, political, and economic institutions of various societies. Cultural diversity analysis of both ancient Western and non-Western civilizations. Not offered every year. (H) (Bacc Core Course)",
  "prerequisites": []
}, {
  "corequisites": [],
  "course_name": "*WORLD HISTORY II: MIDDLE AND EARLY MODERN AGES",
  "course_number": "HST 105",
  "credits": "3",
  "description": "A survey of the historical development of several world civilizations roughly from the 8th century to the late 18th century. Exploration of religious, cultural, social, political, and economic institutions of various societies. Cultural diversity analysis of both ancient Western and non-Western civilizations. (H) (Bacc Core Course)",
  "prerequisites": []
}, {
  "corequisites": [],
  "course_name": "*WORLD HISTORY II: MIDDLE AND EARLY MODERN AGES",
  "course_number": "HST 105H",
  "credits": "3",
  "description": "A survey of the historical development of several world civilizations roughly from the 8th century to the late 18th century. Exploration of religious, cultural, social, political, and economic institutions of various societies. Cultural diversity analysis of both ancient Western and non-Western civilizations. (H) (Bacc Core Course)",
  "prerequisites": []
}, {
  "corequisites": [],
  "course_name": "*WORLD HISTORY III: THE MODERN AND CONTEMPORARY WORLD",
  "course_number": "HST 106",
  "credits": "3",
  "description": "A survey of the historical development of several world civilizations from the 18th century to the contemporary period. Exploration of religious, cultural, social, political, and economic institutions of various societies. Cultural diversity analysis of both ancient Western and non-Western civilizations. Not offered every year. (H) (Bacc Core Course)",
  "prerequisites": []
}, {
  "corequisites": [],
  "course_name": "*WORLD HISTORY III: THE MODERN AND CONTEMPORARY WORLD",
  "course_number": "HST 106H",
  "credits": "3",
  "description": "A survey of the historical development of several world civilizations from the 18th century to the contemporary period. Exploration of religious, cultural, social, political, and economic institutions of various societies. Cultural diversity analysis of both ancient Western and non-Western civilizations. Not offered every year. (H) (Bacc Core Course)",
  "prerequisites": []
}, {
  "corequisites": [],
  "course_name": "SPECIAL STUDIES",
  "course_number": "HST 199",
  "credits": "1-16",
  "description": "",
  "prerequisites": []
}, {
  "corequisites": [],
  "course_name": "*HISTORY OF THE UNITED STATES",
  "course_number": "HST 201",
  "credits": "4",
  "description": "Provides an overview of the development of the U.S. from the pre-Columbian era to the present. Attention is given to economic, political, and social trends, as well as to international relations. Covers pre-Columbian and colonial origins to 1820.",
  "prerequisites": []
}, {
  "corequisites": [],
  "course_name": "*HISTORY OF THE UNITED STATES",
  "course_number": "HST 201H",
  "credits": "4",
  "description": "Provides an overview of the development of the U.S. from the pre-Columbian era to the present. Attention is given to economic, political, and social trends, as well as to international relations. Covers pre-Columbian and colonial origins to 1820.",
  "prerequisites": []
}, {
  "corequisites": [],
  "course_name": "*HISTORY OF THE UNITED STATES",
  "course_number": "HST 202",
  "credits": "4",
  "description": "Provides an overview of the development of the U.S. from the pre-Columbian era to the present. Attention is given to economic, political, and social trends, as well as to international relations. Covers 1820 to 1920.",
  "prerequisites": []
}, {
  "corequisites": [],
  "course_name": "*HISTORY OF THE UNITED STATES",
  "course_number": "HST 202H",
  "credits": "4",
  "description": "Provides an overview of the development of the U.S. from the pre-Columbian era to the present. Attention is given to economic, political, and social trends, as well as to international relations. Covers 1820 to 1920.",
  "prerequisites": []
}, {
  "corequisites": [],
  "course_name": "*HISTORY OF THE UNITED STATES",
  "course_number": "HST 203",
  "credits": "4",
  "description": "Provides an overview of the development of the U.S. from the pre-Columbian era to the present. Emphasizes economic, political, and social trends as well as international relations. Covers 1920 to present.",
  "prerequisites": []
}, {
  "corequisites": [],
  "course_name": "*HISTORY OF THE UNITED STATES",
  "course_number": "HST 203H",
  "credits": "4",
  "description": "Provides an overview of the development of the U.S. from the pre-Columbian era to the present. Emphasizes economic, political, and social trends as well as international relations. Covers 1920 to present.",
  "prerequisites": []
}, {
  "corequisites": [],
  "course_name": "*RELIGION IN THE UNITED STATES",
  "course_number": "HST 210",
  "credits": "4",
  "description": "A thematic overview of the historical study of religion in the United States, with an eye toward ways that social and cultural contexts have shaped the religious experience of Americans in different places and times. Surveys a wide array of religious movements, groups, and individuals from the colonial period to present. CROSSLISTED as HST 210/PHL 210/REL 210. (Bacc Core Course)",
  "prerequisites": []
}, {
  "corequisites": [],
  "course_name": "*RELIGION IN THE UNITED STATES",
  "course_number": "HST 210H",
  "credits": "4",
  "description": "A thematic overview of the historical study of religion in the United States, with an eye toward ways that social and cultural contexts have shaped the religious experience of Americans in different places and times. Surveys a wide array of religious movements, groups, and individuals from the colonial period to present. CROSSLISTED as HST 210/PHL 210/REL 210. (Bacc Core Course)",
  "prerequisites": []
}, {
  "corequisites": [],
  "course_name": "*INTRODUCTION TO JEWISH TRADITIONS",
  "course_number": "HST 215",
  "credits": "4",
  "description": "An introduction to Judaism's traditions, histories, and practices. Covers historical origins and developments from the biblical period through the Middle Ages, and considers Judaism in the modern world. Topics include the Jewish calendar (including holidays and their traditions), Jewish life cycle events, Jewish prayer, and traditional texts such as the Mishnah and Talmud. CROSSLISTED as HST 215/REL 215. (Bacc Core Course)",
  "prerequisites": []
}, {
  "corequisites": [],
  "course_name": "LEGAL PERSPECTIVES",
  "course_number": "HST 250",
  "credits": "2",
  "description": "Introduces the study of law and law’s relationship to culture, society, and a variety of adjacent disciplines, including history, philosophy, and religious studies. Familiarizes students with key theories, historical movements, and structures and philosophies of law, emphasizing both US and global contexts. Develops skills in legal modes of analysis and close reading. CROSSLISTED as HST 250/PHL 250/REL 250.",
  "prerequisites": []
}, {
  "corequisites": [],
  "course_name": "SPECIAL TOPICS",
  "course_number": "HST 299",
  "credits": "1-16",
  "description": "",
  "prerequisites": []
}, {
  "corequisites": [],
  "course_name": "SPECIAL TOPICS",
  "course_number": "HST 299H",
  "credits": "1-16",
  "description": "",
  "prerequisites": []
}, {
  "corequisites": [],
  "course_name": "THE HISTORIAN'S CRAFT",
  "course_number": "HST 310",
  "credits": "4",
  "description": "A study of the practice as well as theory of historical work. Combines training in reading, writing, and thinking historically with a survey of the development of history, philosophies of history, types and use of historical evidence, varieties of historical investigation, and factors that influence the writing of history. (H)",
  "prerequisites": []
}, {
  "corequisites": [],
  "course_name": "MARITIME HISTORIES OF THE PACIFIC",
  "course_number": "HST 314",
  "credits": "4",
  "description": "Emphasizes the study of maritime histories of the Pacific Ocean. Incorporates themes of globalization, imperial expansion, and cultural contact. Covers the time between 1400CE and 1800CE, including both renaissance and enlightenment eras.",
  "prerequisites": []
}, {
  "corequisites": [],
  "course_name": "THE EUROPEAN MILITARY",
  "course_number": "HST 315",
  "credits": "1400-1815",
  "description": "Major aspects of European military history, 1400-1815, notable developments in weaponry and strategy, the social history of the military, impact of war on the civilian front, and pacifism and antimilitarism. Not offered every year. (H)",
  "prerequisites": []
}, {
  "corequisites": [],
  "course_name": "THE AMERICAN MILITARY",
  "course_number": "HST 316",
  "credits": "1607-1865",
  "description": "Major aspects of American military history, 1607-1865, notable developments in weaponry and strategy, the social history of the military, impact of war on the civilian front, and pacifism and antimilitarism. Not offered every year. (H)",
  "prerequisites": []
}, {
  "corequisites": [],
  "course_name": "*WHY WAR: A HISTORICAL PERSPECTIVE",
  "course_number": "HST 317",
  "credits": "4",
  "description": "An inquiry into the origins of mass violence. Theory and case studies are used to suggest possible causes of international war, civil war, revolution, and genocide. (H) (Bacc Core Course)",
  "prerequisites": []
}, {
  "corequisites": [],
  "course_name": "*WHY WAR: A HISTORICAL PERSPECTIVE",
  "course_number": "HST 317H",
  "credits": "4",
  "description": "An inquiry into the origins of mass violence. Theory and case studies are used to suggest possible causes of international war, civil war, revolution, and genocide. (H) (Bacc Core Course)",
  "prerequisites": []
}, {
  "corequisites": [],
  "course_name": "THE AMERICAN MILITARY",
  "course_number": "HST 318",
  "credits": "1865-PRESENT",
  "description": "Major aspects of American military history, 1865-present: evolution of strategy, tactics, and technology in war; the impact of the military on American society in peace and war; historiographic aspects of U.S. military history. Not offered every year. (H)",
  "prerequisites": []
}, {
  "corequisites": [],
  "course_name": "*THE HISTORY OF HUMAN RIGHTS IN THE MODERN WORLD",
  "course_number": "HST 319",
  "credits": "4",
  "description": "Historical examination of the articulations, development, and enforcement of human rights in a global context since the 1770s. Particular attention devoted to nineteenth-century transnational humanitarian missions, wartime codes of conduct, international war crimes tribunals, European imperialism and decolonization, twentieth-century genocides, the International Criminal Court, the United Nations’ “Universal Declaration of Human Rights” (UDHR), and the legacy of the UDHR. (Bacc Core Course)",
  "prerequisites": []
}, {
  "corequisites": [],
  "course_name": "*THE HISTORY OF HUMAN RIGHTS IN THE MODERN WORLD",
  "course_number": "HST 319H",
  "credits": "4",
  "description": "Historical examination of the articulations, development, and enforcement of human rights in a global context since the 1770s. Particular attention devoted to nineteenth-century transnational humanitarian missions, wartime codes of conduct, international war crimes tribunals, European imperialism and decolonization, twentieth-century genocides, the International Criminal Court, the United Nations’ “Universal Declaration of Human Rights” (UDHR), and the legacy of the UDHR. (Bacc Core Course)",
  "prerequisites": []
}, {
  "corequisites": [],
  "course_name": "*ANCIENT NEAR EAST",
  "course_number": "HST 320",
  "credits": "4",
  "description": "A detailed survey of the peoples and cultures of the ancient Near East, including Assyria, Babylon, Egypt, Israel, Mesopotamia, and Persia, from the earliest recorded beginnings of civilization to about 500 B.C. Particular attention is given to the art, religion, law, and literature of these civilizations. (H) (NC) (Bacc Core Course)",
  "prerequisites": []
}, {
  "corequisites": [],
  "course_name": "GREECE",
  "course_number": "HST 321",
  "credits": "4",
  "description": "The history of the Greek city-states and the civilization they produced; the archaeological discovery of early Greece; the development of the polis; Sparta, Athenian democracy, the Persian and Peloponnesian Wars; Greek private life and religion. (H)",
  "prerequisites": []
}, {
  "corequisites": [],
  "course_name": "ROMAN REPUBLIC",
  "course_number": "HST 322",
  "credits": "4",
  "description": "The rise of Rome from a city-state to a world power, Rome's wars with Carthage, her growing domination of the Mediterranean, the ensuing breakdown of Roman society and traditional values, and the rise of ambitious leaders who ultimately destroyed the Republic. (H)",
  "prerequisites": []
}, {
  "corequisites": [],
  "course_name": "ROMAN EMPIRE",
  "course_number": "HST 323",
  "credits": "4",
  "description": "Roman history from 31 B.C. to A.D. 493. The establishment of the Principate, Roman social and private life, the rise of Christianity, the decline and fall of the Western Empire, Rome's contributions to arts, religion, and law. Not offered every year. (H)",
  "prerequisites": []
}, {
  "corequisites": [],
  "course_name": "*ANCIENT JEWISH HISTORY",
  "course_number": "HST 324",
  "credits": "4",
  "description": "History of Judaism from the Second Temple through the early Rabbinic period (539 BCE--200 CE). Covers historical origins and developments of Judaism including the canonization of the Bible, Jewish life in the Persian and Greco-Roman worlds, and the beginnings of Diasporic and Rabbinic Judaism. CROSSLISTED as HST 324/REL 324. (Bacc Core Course)",
  "prerequisites": []
}, {
  "corequisites": [],
  "course_name": "*ANCIENT JEWISH HISTORY",
  "course_number": "HST 324H",
  "credits": "4",
  "description": "History of Judaism from the Second Temple through the early Rabbinic period (539 BCE--200 CE). Covers historical origins and developments of Judaism including the canonization of the Bible, Jewish life in the Persian and Greco-Roman worlds, and the beginnings of Diasporic and Rabbinic Judaism. CROSSLISTED as HST 324/REL 324. (Bacc Core Course)",
  "prerequisites": []
}, {
  "corequisites": [],
  "course_name": "*EARLY CHRISTIANITY: ORIGINS TO 600",
  "course_number": "HST 325",
  "credits": "4",
  "description": "Traces early Christianity from its origins to the beginning of the Middle Ages. It deals with the origins and Jewish background of Christianity in Palestine, the ministry and teachings of Jesus, the spread of Christianity throughout the Roman Empire by his disciples and early missionaries, the formation of the New Testament canon, the development of Christian doctrine, controversies over heresy, and the origin of monasticism and the Papacy. CROSSLISTED as HST 325/REL 325. (Bacc Core Course)",
  "prerequisites": []
}, {
  "corequisites": [],
  "course_name": "*HISTORY OF CHRISTIANITY",
  "course_number": "HST 326",
  "credits": "4",
  "description": "Examines the history of global Christianity from the fifth through the seventeenth centuries. Themes to be investigated include the evolving relationship between the church and the state; mysticism; conversion and resistance; the emergence of Protestantism; marriage and sex, as well as women in the history of Christianity. CROSSLISTED as HST 326/REL 326.",
  "prerequisites": []
}, {
  "corequisites": [],
  "course_name": "HISTORY OF MEDIEVAL EUROPE",
  "course_number": "HST 327",
  "credits": "4",
  "description": "Cultural, political, and economic history of the European Middle Ages from the fall of the Roman Empire in the West to the Renaissance. Covers 284 A.D. to 1000. Not offered every year. CROSSLISTED as HST 327/REL 327. (H)",
  "prerequisites": []
}, {
  "corequisites": [],
  "course_name": "HISTORY OF MEDIEVAL EUROPE",
  "course_number": "HST 328",
  "credits": "4",
  "description": "Cultural, political, and economic history of the European Middle Ages from the fall of the Roman Empire in the West to the Renaissance. Covers 1000 to 1400. Not offered every year. CROSSLISTED as HST 328/REL 328. (H)",
  "prerequisites": []
}, {
  "corequisites": [],
  "course_name": "HISTORY OF EARLY MODERN EUROPE",
  "course_number": "HST 330",
  "credits": "4",
  "description": "Political, social, intellectual, and cultural history of Europe from 1400-1789. Focuses on the Reformation. Not offered every year. CROSSLISTED as HST 330/REL 330. (H)",
  "prerequisites": []
}, {
  "corequisites": [],
  "course_name": "MEDIEVAL AND EARLY MODERN SPANISH HISTORY",
  "course_number": "HST 333",
  "credits": "4",
  "description": "From Islamic conquest to conquest of America, the social, religious, political and economic history of Spain from 1000 to 1700.",
  "prerequisites": []
}, {
  "corequisites": [],
  "course_name": "*NINETEENTH-CENTURY EUROPE",
  "course_number": "HST 335",
  "credits": "4",
  "description": "A thematic overview of the \"long\" nineteenth century, from the French Revolution (1789) to the outbreak of the first World War (1914): the industrial revolution and the class struggles that accompanied it; the growing importance of the nation in politics and culture; imperial expansion and Europeans' contacts with non-Europeans; urbanization; Darwinism and Social Darwinism; and the developments leading to the cataclysm of Europe's first \"modern\" war. Not offered every year. (H) (Bacc Core Course)",
  "prerequisites": []
}, {
  "corequisites": [],
  "course_name": "TWENTIETH-CENTURY EUROPE",
  "course_number": "HST 336",
  "credits": "4",
  "description": "Examines the politics, culture, and society of Europe from World War I to the present. Themes include total war; ways that art and literature influenced politics; communist and fascist visions of the relationship of the individual to the society or collective; racial theories and genocide; the cold war division of Europe into East and West; decolonization; and the development of the European Community. Not offered every year. (H)",
  "prerequisites": []
}, {
  "corequisites": [],
  "course_name": "*HITLER'S EUROPE",
  "course_number": "HST 338",
  "credits": "4",
  "description": "Examines WWII and Nazi Germany's efforts to construct an empire. Themes include: the Nazi Party's rise to power in 1933 and pursuit of war, battles and occupation policies in Western and Eastern Europe, anti-Semitism and the concept of Lebensraum, collaboration among occupied peoples and Germans, and the Holocaust. (Bacc Core Course)",
  "prerequisites": []
}, {
  "corequisites": [],
  "course_name": "HISTORY OF RUSSIA",
  "course_number": "HST 340",
  "credits": "4",
  "description": "Survey of political, economic, and social developments from the origin of Russia to the post-Soviet period. Focuses on the period from 862 to 1917. Not offered every year. HST 340 and HST 341 need not be taken in sequence. (H)",
  "prerequisites": []
}, {
  "corequisites": [],
  "course_name": "HISTORY OF RUSSIA",
  "course_number": "HST 341",
  "credits": "4",
  "description": "Survey of political, economic, and social developments from the origin of Russia to the post-Soviet period. Focuses on the period from 1917 to the present. Not offered every year. HST 340 and HST 341 need not be taken in sequence. (H)",
  "prerequisites": []
}, {
  "corequisites": [],
  "course_name": "SPECIAL TOPICS IN RUSSIAN HISTORY",
  "course_number": "HST 344",
  "credits": "4",
  "description": "Special topics and problems in Russian history not covered in other courses. May be repeated when topic varies. Not offered every year. (H)",
  "prerequisites": []
}, {
  "corequisites": [],
  "course_name": "*INDIGENOUS HISTORY OF LATIN AMERICA",
  "course_number": "HST 348",
  "credits": "4",
  "description": "Dedicated to studying the indigenous histories of Mexico, Central, and South America from 2000 BCE to 1600 CE through their own voices with an emphasis on religion, gender, and society. (Bacc Core Course)",
  "prerequisites": []
}, {
  "corequisites": [],
  "course_name": "*EARLY LATIN AMERICA",
  "course_number": "HST 350",
  "credits": "4",
  "description": "History of Latin America leading up to and after Spanish and Portuguese conquest. Focus on indigenous American, European and African cultures and religions in contact under colonial government and economic systems. Covers the period from 1400 to 1810. CROSSLISTED as HST 350/REL 350. (H) (NC) (Bacc Core Course)",
  "prerequisites": []
}, {
  "corequisites": [],
  "course_name": "*EARLY LATIN AMERICA",
  "course_number": "HST 350H",
  "credits": "4",
  "description": "History of Latin America leading up to and after Spanish and Portuguese conquest. Focus on indigenous American, European and African cultures and religions in contact under colonial government and economic systems. Covers the period from 1400 to 1810. CROSSLISTED as HST 350/REL 350. (H) (NC) (Bacc Core Course)",
  "prerequisites": []
}, {
  "corequisites": [],
  "course_name": "*MODERN LATIN AMERICA",
  "course_number": "HST 351",
  "credits": "4",
  "description": "History of the development of Latin America, emphasizing the issues of imperialism, economic dependency, social stratification, political instability, and nationalism within an international context. Covers 1850 to the present. (H) (NC) (Bacc Core Course)",
  "prerequisites": []
}, {
  "corequisites": [],
  "course_name": "*SLAVERY IN THE AMERICAS",
  "course_number": "HST 353",
  "credits": "4",
  "description": "A survey of the roles of Africans and their descendants in the history of the Atlantic World, linking Europe, Africa, and the Americas. Examines slavery and freedom in the African Diaspora, as well as social, cultural, and spiritual life.",
  "prerequisites": []
}, {
  "corequisites": [],
  "course_name": "WOMEN IN UNITED STATES HISTORY",
  "course_number": "HST 362",
  "credits": "4",
  "description": "Women in the United States--their roles in and contribution to American political, economic, social, cultural, and intellectual life. Pays particular attention to the diversity of American women's backgrounds and experiences. Covers 1620 to 1890.",
  "prerequisites": []
}, {
  "corequisites": [],
  "course_name": "WOMEN IN UNITED STATES HISTORY",
  "course_number": "HST 363",
  "credits": "4",
  "description": "Women in the United States--their roles in and contribution to American political, economic, social, cultural, and intellectual life. Pays particular attention to the diversity of American women's backgrounds and experiences. Covers 1890 to the present.",
  "prerequisites": []
}, {
  "corequisites": [],
  "course_name": "*UNITED STATES RELIGION AND SOCIAL REFORM",
  "course_number": "HST 364",
  "credits": "4",
  "description": "Provides an awareness of how various religious groups have thought about and engaged with social change pertaining to slavery, feminism, civil rights, same-sex marriage, and immigration. Focus on reading primary sources related to each of these issues. CROSSLISTED as HST 364/REL 364. (Bacc Core Course)",
  "prerequisites": []
}, {
  "corequisites": [],
  "course_name": "*THE CIVIL RIGHTS MOVEMENT IN THE MODERN U.S.",
  "course_number": "HST 365",
  "credits": "4",
  "description": "An exploration of the \"long civil rights movement\" among African Americans and their allies during the 20th century United States, with attention to the structure of racial inequality, movement philosophies and strategies, white allies and opponents, relationships to other freedom movements, and the movement's legacies. (Bacc Core Course)",
  "prerequisites": []
}, {
  "corequisites": [],
  "course_name": "*THE CIVIL RIGHTS MOVEMENT IN THE MODERN U.S.",
  "course_number": "HST 365H",
  "credits": "4",
  "description": "An exploration of the \"long civil rights movement\" among African Americans and their allies during the 20th century United States, with attention to the structure of racial inequality, movement philosophies and strategies, white allies and opponents, relationships to other freedom movements, and the movement's legacies. (Bacc Core Course)",
  "prerequisites": []
}, {
  "corequisites": [],
  "course_name": "*NATIVE NORTH AMERICA",
  "course_number": "HST 366",
  "credits": "4",
  "description": "Explores the history, culture, and representation of various Native American groups from the pre-Columbian era to the twenty-first century. Through a range of interdisciplinary readings and media, explore themes like the construction and maintenance of cultural identity, politics and warfare between indigenous groups and European or American interlopers, the influence of Native economies, and Native groups' persistence in American life amidst ongoing economic and demographic change.",
  "prerequisites": []
}, {
  "corequisites": [],
  "course_name": "*HISTORY OF LATINA/OS IN THE UNITED STATES",
  "course_number": "HST 367",
  "credits": "4",
  "description": "Exploration and analysis of the Latino/a experience in the United States. Traces the Native American, Spanish, and African roots of Latinos from colonization to the present day. Analyzes the political, social, economic, and cultural develops of six major Latino groups in the United States: Central Americans, Cubans, Dominicans, Mexicans, Puerto Ricans and South Americans. Explores the similarities and differences between these groups, as well as the unique problems faced by each groups of Latinos.",
  "prerequisites": []
}, {
  "corequisites": [],
  "course_name": "*LESBIAN AND GAY MOVEMENTS IN MODERN AMERICA",
  "course_number": "HST 368",
  "credits": "4",
  "description": "Examination of lesbian and gay male identities, lives, and collectivities in American culture from the post-Civil War period to the present. The political and cultural participation, rather than human sexual behaviors, orientations, or values. Not offered every year. (H) (Bacc Core Course)",
  "prerequisites": []
}, {
  "corequisites": [],
  "course_name": "*IMMIGRATION TO THE U.S. SINCE 1880",
  "course_number": "HST 369",
  "credits": "4",
  "description": "The history of immigrants to the U.S. after 1880. Focuses on the experience of immigrants and their children in the U.S. and on the history of U.S. immigration policy. Includes several types of writing assignments: nongraded, drafts and revisions, and a research paper using outside primary and secondary sources and scholarly notations specific to the discipline of history. (Bacc Core Course)",
  "prerequisites": []
}, {
  "corequisites": [],
  "course_name": "*SOCIAL CHANGE AND AMERICAN POPULAR MUSIC",
  "course_number": "HST 370",
  "credits": "4",
  "description": "An examination of the interactions between social history and popular music, including creation, performance, production, distribution, and reception. Social, ethnic, and economics groups have notoriously used popular music to identify themselves and their boundaries. This course examines how the functions of popular music in our culture and economy have changed over time, and the ways in which popular music reflects and sometimes helps precipitate social change.",
  "prerequisites": []
}, {
  "corequisites": [],
  "course_name": "*SOCIAL CHANGE AND AMERICAN POPULAR MUSIC",
  "course_number": "HST 370H",
  "credits": "4",
  "description": "An examination of the interactions between social history and popular music, including creation, performance, production, distribution, and reception. Social, ethnic, and economics groups have notoriously used popular music to identify themselves and their boundaries. This course examines how the functions of popular music in our culture and economy have changed over time, and the ways in which popular music reflects and sometimes helps precipitate social change.",
  "prerequisites": []
}, {
  "corequisites": [],
  "course_name": "*AFRICAN AMERICAN RELIGION",
  "course_number": "HST 372",
  "credits": "4",
  "description": "Introduces the history of African American religious experience in the United States from the colonial era to the present. Examines African influences on black American religions and flowering of new religious movements among African Americans during the Great Migration. Explores African-American religion in the civil rights and black consciousness movements, and explores in detail the growth of the Nation of Islam during this period. Discusses recent roles of Black religions in contemporary U.S. politics and African American life. CROSSLISTED as HST 372/REL 372. (Bacc Core Course)",
  "prerequisites": []
}, {
  "corequisites": [],
  "course_name": "*GLOBAL HISTORY OF SPORTS",
  "course_number": "HST 375",
  "credits": "4",
  "description": "Historical and contemporary examination of the ties between global sports and politics, economy, culture, and society. Particular attention devoted to the development of various sports and their modern articulation. Among other, the course deals with these crucial questions: How is 'sports' defined? What led to the development of different sports in different places throughout the world? How are global sports institutions influencing our lives? What are the changes witnessed in consuming sports in the last half a century? How can sports tackle institutionalized racism, but also promote nefarious practices, chauvinism, and exclusion based on ethnicity or religion?",
  "prerequisites": []
}, {
  "corequisites": [],
  "course_name": "*GLOBAL HISTORY OF SPORTS",
  "course_number": "HST 375H",
  "credits": "4",
  "description": "Historical and contemporary examination of the ties between global sports and politics, economy, culture, and society. Particular attention devoted to the development of various sports and their modern articulation. Among other, the course deals with these crucial questions: How is 'sports' defined? What led to the development of different sports in different places throughout the world? How are global sports institutions influencing our lives? What are the changes witnessed in consuming sports in the last half a century? How can sports tackle institutionalized racism, but also promote nefarious practices, chauvinism, and exclusion based on ethnicity or religion?",
  "prerequisites": []
}, {
  "corequisites": [],
  "course_name": "*RELIGION AND GENDER: A GLOBAL PERSPECTIVE",
  "course_number": "HST 378",
  "credits": "4",
  "description": "Introduces students to the academic study of religion, as well as the academic study of gender. In order to offer a global perspective, we will read a series of case studies that deal with the religion as a gendered experience. Students will produce two essays, one of which will be based on independent research. CROSSLISTED as HST 378/REL 378/WGSS 378.",
  "prerequisites": []
}, {
  "corequisites": [],
  "course_name": "*RELIGION AND GENDER: A GLOBAL PERSPECTIVE",
  "course_number": "HST 378H",
  "credits": "4",
  "description": "Introduces students to the academic study of religion, as well as the academic study of gender. In order to offer a global perspective, we will read a series of case studies that deal with the religion as a gendered experience. Students will produce two essays, one of which will be based on independent research. CROSSLISTED as HST 378/REL 378/WGSS 378.",
  "prerequisites": []
}, {
  "corequisites": [],
  "course_name": "*HISTORY OF AFRICA",
  "course_number": "HST 381",
  "credits": "4",
  "description": "History of Africa from earliest times to present, including origins of human society, slave trade, European imperialism and African nationalism. Covers Africa before 1830. HST 381 and HST 382 need not be taken in sequence. (H) (NC) (Bacc Core Course)",
  "prerequisites": []
}, {
  "corequisites": [],
  "course_name": "*HISTORY OF AFRICA",
  "course_number": "HST 382",
  "credits": "4",
  "description": "History of Africa from earliest times to present, including origins of human society, slave trade, European imperialism and African nationalism. Covers Nineteenth and Twentieth century Africa. (H) (NC) (Bacc Core Course)",
  "prerequisites": []
}, {
  "corequisites": [],
  "course_name": "*HISTORY OF AFRICA",
  "course_number": "HST 382H",
  "credits": "4",
  "description": "History of Africa from earliest times to present, including origins of human society, slave trade, European imperialism and African nationalism. Covers Nineteenth and Twentieth century Africa. (H) (NC) (Bacc Core Course)",
  "prerequisites": []
}, {
  "corequisites": [],
  "course_name": "*THE ARAB-ISRAELI CONFLICT",
  "course_number": "HST 385",
  "credits": "4",
  "description": "Examination of the origins of the Arab-Israeli conflict and subsequent efforts to find a lasting solution. (H) (Bacc Core Course)",
  "prerequisites": []
}, {
  "corequisites": [],
  "course_name": "*THE ARAB-ISRAELI CONFLICT",
  "course_number": "HST 385H",
  "credits": "4",
  "description": "Examination of the origins of the Arab-Israeli conflict and subsequent efforts to find a lasting solution. (H) (Bacc Core Course)",
  "prerequisites": []
}, {
  "corequisites": [],
  "course_name": "*MODERN IRAN: REVOLUTION AND ITS AFTERMATH",
  "course_number": "HST 386",
  "credits": "4",
  "description": "The history of 20th century Iran with a focus on the Islamic revolution and its consequences. Readings will provide the cultural and political background for understanding contemporary Iran and its place in the world. (Bacc Core Course)",
  "prerequisites": []
}, {
  "corequisites": [],
  "course_name": "*MODERN IRAN: REVOLUTION AND ITS AFTERMATH",
  "course_number": "HST 386H",
  "credits": "4",
  "description": "The history of 20th century Iran with a focus on the Islamic revolution and its consequences. Readings will provide the cultural and political background for understanding contemporary Iran and its place in the world. (Bacc Core Course)",
  "prerequisites": []
}, {
  "corequisites": [],
  "course_name": "*ISLAMIC CIVILIZATION",
  "course_number": "HST 387",
  "credits": "4",
  "description": "Political, social, and religious developments from 600 to 1400. Early history and the formation of Islamic society to the Mongol invasion. CROSSLISTED as HST 387/REL 387. (H) (NC) (Bacc Core Course)",
  "prerequisites": []
}, {
  "corequisites": [],
  "course_name": "*ISLAMIC CIVILIZATION",
  "course_number": "HST 388",
  "credits": "4",
  "description": "Political, social, and religious developments from 1400 to the present. The expansion of Islam, Turkic, and Asian dynasties, impact of Western imperialism and modern Islamic world. CROSSLISTED as HST 388/REL 388. (H) (NC) (Bacc Core Course)",
  "prerequisites": []
}, {
  "corequisites": [],
  "course_name": "*TRADITIONAL CHINA AND JAPAN",
  "course_number": "HST 391",
  "credits": "4",
  "description": "Prehistory to Western encounters in the middle of the nineteenth century, with emphasis on the philosophical, artistic heritage, and social institutions of these two countries which form East Asia. HST 391 and HST 392 need not be taken in sequence. (H) (NC) (Bacc Core Course)",
  "prerequisites": []
}, {
  "corequisites": [],
  "course_name": "*MODERN CHINA AND JAPAN",
  "course_number": "HST 392",
  "credits": "4",
  "description": "From the opening of East Asia in the mid-nineteenth century to the present, with emphasis on modern political movements and cultural transformation. HST 391 and HST 392 need not be taken in sequence. (H) (NC) (Bacc Core Course)",
  "prerequisites": []
}, {
  "corequisites": [],
  "course_name": "SPECIAL TOPICS",
  "course_number": "HST 399",
  "credits": "1-16",
  "description": "",
  "prerequisites": []
}, {
  "corequisites": [],
  "course_name": "SPECIAL TOPICS",
  "course_number": "HST 399H",
  "credits": "1-16",
  "description": "",
  "prerequisites": []
}, {
  "corequisites": [],
  "course_name": "RESEARCH",
  "course_number": "HST 401",
  "credits": "1-16",
  "description": "",
  "prerequisites": []
}, {
  "corequisites": [],
  "course_name": "INDEPENDENT STUDY",
  "course_number": "HST 402",
  "credits": "1-16",
  "description": "",
  "prerequisites": []
}, {
  "corequisites": [],
  "course_name": "THESIS",
  "course_number": "HST 403",
  "credits": "1-16",
  "description": "",
  "prerequisites": []
}, {
  "corequisites": [],
  "course_name": "READING AND CONFERENCE",
  "course_number": "HST 405",
  "credits": "1-16",
  "description": "",
  "prerequisites": []
}, {
  "corequisites": [],
  "course_name": "PROJECTS",
  "course_number": "HST 406",
  "credits": "1-16",
  "description": "",
  "prerequisites": []
}, {
  "corequisites": [],
  "course_name": "^SEMINAR",
  "course_number": "HST 407",
  "credits": "5",
  "description": "",
  "prerequisites": []
}, {
  "corequisites": [],
  "course_name": "^SEMINAR",
  "course_number": "HST 407H",
  "credits": "5",
  "description": "",
  "prerequisites": []
}, {
  "corequisites": [],
  "course_name": "HISTORY INTERNSHIP",
  "course_number": "HST 410",
  "credits": "1-12",
  "description": "Supervised work of a historical nature with historical societies, archives, museums, or other public or private organizations. No more than 6 of the maximum 12 credits may be used to satisfy the history major requirement of 51 credits.",
  "prerequisites": []
}, {
  "corequisites": [],
  "course_name": "SELECTED TOPICS",
  "course_number": "HST 415",
  "credits": "4",
  "description": "",
  "prerequisites": []
}, {
  "corequisites": [],
  "course_name": "SELECTED TOPICS",
  "course_number": "HST 415H",
  "credits": "4",
  "description": "",
  "prerequisites": []
}, {
  "corequisites": [],
  "course_name": "*FOOD IN WORLD HISTORY",
  "course_number": "HST 416",
  "credits": "4",
  "description": "Historical analysis of food and cooking from pre-history to the present, with an emphasis on cross-cultural differences of food production and consumption.",
  "prerequisites": []
}, {
  "corequisites": [],
  "course_name": "*HISTORY OF BEER AND BREWING",
  "course_number": "HST 417",
  "credits": "4",
  "description": "History of beer and brewing from the beginnings of civilization through the modern microbrewery movement.",
  "prerequisites": []
}, {
  "corequisites": [],
  "course_name": "HELLENISTIC GREECE",
  "course_number": "HST 421",
  "credits": "4",
  "description": "History of the Greek world from the end of the Peloponnesian War to the Roman conquest of Greece; the careers of Alexander the Great and his successors; the art, literature, science, religion, and philosophy of the post-classical or Hellenistic world.",
  "prerequisites": []
}, {
  "corequisites": [],
  "course_name": "MEDIEVAL SLAVERY",
  "course_number": "HST 422",
  "credits": "4",
  "description": "A seminar-style course on the history of slavery from late Rome until the beginning of the Atlantic slave trade. Focuses on both primary sources which shed light on premodern slavery, and on recent scholarly debates, as seen in secondary sources. Through the study of slavery, students will investigate the social and cultural history of the long Middle Ages, including questions of class, religion, economics, gender, race, and law.",
  "prerequisites": []
}, {
  "corequisites": [],
  "course_name": "*GENOCIDE & ITS AFTERMATH: ATROCITY",
  "course_number": "HST 424",
  "credits": "JUSTICE",
  "description": "Examines the historical causes, courses, and legacies of mass atrocities and genocides in the modern and contemporary world. Focuses on case studies of genocide from the past two centuries, as well as the pursuits of recognition, justice, and reconciliation in the aftermath of mass atrocities.",
  "prerequisites": []
}, {
  "corequisites": [],
  "course_name": "*THE HOLOCAUST IN ITS HISTORY",
  "course_number": "HST 425",
  "credits": "4",
  "description": "An inquiry into the causes, course, and impact of the Holocaust. The general theme of anti-Semitism in European history is explored for background. Topics discussed for comparative purposes include anti-Semitism in American history; other episodes of mass murder in the 20th century. CROSSLISTED as HST 425/REL 425 and HST 525/REL 525.",
  "prerequisites": []
}, {
  "corequisites": [],
  "course_name": "*THE HOLOCAUST IN ITS HISTORY",
  "course_number": "HST 425H",
  "credits": "4",
  "description": "An inquiry into the causes, course, and impact of the Holocaust. The general theme of anti-Semitism in European history is explored for background. Topics discussed for comparative purposes include anti-Semitism in American history; other episodes of mass murder in the 20th century. CROSSLISTED as HST 425/REL 425 and HST 525/REL 525.",
  "prerequisites": []
}, {
  "corequisites": [],
  "course_name": "WORLD WAR I: A GLOBAL HISTORY",
  "course_number": "HST 426",
  "credits": "4",
  "description": "Examines World War I from a global perspective, its origins, the course of the conflict and its aftermath, looking especially at Great Britain, France, Russia, Germany and their colonial possessions. Topics will include the concept of total war and the home fronts of a number of nations.",
  "prerequisites": [["HST 103"]]
}, {
  "corequisites": [],
  "course_name": "TEACHING THE HOLOCAUST",
  "course_number": "HST 427",
  "credits": "4",
  "description": "Examines the Holocaust from a pedagogical perspective. Themes include recent developments in Holocaust education, teaching rationale, the history and historical context of the Holocaust, strategies for developing age-appropriate curriculum for either K-12 or college learners, and best practices for designing K-12 teaching modules and/or college syllabi.",
  "prerequisites": []
}, {
  "corequisites": [],
  "course_name": "*A HISTORY OF CHILDHOOD",
  "course_number": "HST 431",
  "credits": "4",
  "description": "Examines childhood as a social and historical construct and explores how race, class, gender, and geography have created unequal access to this protected category for individual children and continues to produce inequalities in children’s health, education, and access to designated safe spaces. Explores how historical phenomena have impacted children, including colonialism, slavery, revolution, the rise of the modern state, the professionalization of medicine and social work, compulsory education, developing legal concepts about children’s rights, the development of consumer mass culture, WWI, WWII, and the Cold War. Traces shifting understandings of the ‘normal’ child.",
  "prerequisites": []
}, {
  "corequisites": [],
  "course_name": "THE HISTORY OF SEXUALITY",
  "course_number": "HST 432",
  "credits": "4",
  "description": "The history of human sexuality from ancient Greece to the present. (H) (SS)",
  "prerequisites": []
}, {
  "corequisites": [],
  "course_name": "THE HISTORY OF SEXUALITY",
  "course_number": "HST 432H",
  "credits": "4",
  "description": "The history of human sexuality from ancient Greece to the present. (H) (SS)",
  "prerequisites": []
}, {
  "corequisites": [],
  "course_name": "HISTORY OF MODERN GERMANY",
  "course_number": "HST 436",
  "credits": "4",
  "description": "Political, economic, social and intellectual developments from 1815 through the imperial, Weimar, and Nazi eras to the present. Not offered every year. (H)",
  "prerequisites": []
}, {
  "corequisites": [],
  "course_name": "CRIME IN HISTORY",
  "course_number": "HST 451",
  "credits": "4",
  "description": "Provides a historical analysis of crime from the earliest civilizations to the present day. Examines the social, economic, and scientific impact of crime on various societies at different times. Special attention will be paid to race, gender, and sexuality in criminal history, archival case studies, the narratives created within court cases, criminality and politics, as well as crime and imperialism/globalization.",
  "prerequisites": []
}, {
  "corequisites": [],
  "course_name": "MODERN MEXICO",
  "course_number": "HST 452",
  "credits": "4",
  "description": "History of Mexico since 1810--economic, political, and social change and relations with the United States.",
  "prerequisites": []
}, {
  "corequisites": [],
  "course_name": "PROBLEMS IN LATIN AMERICAN HISTORY",
  "course_number": "HST 456",
  "credits": "4",
  "description": "A focused examination of the origins and development of selective institutions and problems important to understanding the region, such as the church, the military, labor, political instability, economic stagnation, and social stratification. (H)",
  "prerequisites": []
}, {
  "corequisites": [],
  "course_name": "*AMERICAN DIPLOMATIC HISTORY",
  "course_number": "HST 465",
  "credits": "4",
  "description": "American diplomatic relations from 1898 to the present.",
  "prerequisites": []
}, {
  "corequisites": [],
  "course_name": "*AMERICAN DIPLOMATIC HISTORY",
  "course_number": "HST 465H",
  "credits": "4",
  "description": "American diplomatic relations from 1898 to the present.",
  "prerequisites": []
}, {
  "corequisites": [],
  "course_name": "RELIGION AND U.S. FOREIGN RELATIONS",
  "course_number": "HST 466",
  "credits": "4",
  "description": "An examination of the intersection of religion and U.S. foreign relations from the late nineteenth century to the present. Surveys major events in U.S. diplomacy, including war and peace and explores the role of religion and religious ideas in shaping national identity, core values, and civil religion.",
  "prerequisites": []
}, {
  "corequisites": [],
  "course_name": "HISTORY OF THE AMERICAN WEST",
  "course_number": "HST 467",
  "credits": "4",
  "description": "Important themes in the transformation of western America from the pre-industrial world of native Americans to the emergence of the region as a major force in the cultural, economic, and political life of the United States. HST 467/HST 567 and HST 468/HST 568 need not be taken in sequence. Not offered every year. (H)",
  "prerequisites": []
}, {
  "corequisites": [],
  "course_name": "HISTORY OF THE AMERICAN WEST",
  "course_number": "HST 468",
  "credits": "4",
  "description": "Important themes in the transformation of western America from the pre-industrial world of native Americans to the emergence of the region as a major force in the cultural, economic, and political life of the United States. HST 467/HST 567 and HST 468/HST 568 need not be taken in sequence. Not offered every year. (H)",
  "prerequisites": []
}, {
  "corequisites": [],
  "course_name": "HISTORY OF THE PACIFIC NORTHWEST",
  "course_number": "HST 469",
  "credits": "4",
  "description": "The demographic, ecological, and cultural transformation of Oregon, Washington, and Idaho from Indian times to the present. Not offered every year. (H)",
  "prerequisites": []
}, {
  "corequisites": [],
  "course_name": "RELIGION IN THE AMERICAN WEST",
  "course_number": "HST 470",
  "credits": "4",
  "description": "The history of religion in the American West. Examines four themes in the religious history of the American West: locations (the designation of particular places as special), migrations (movement in and out of the region), adaptations (changes over time, in response to changing conditions), and discrimination (recognition of difference, as well as prejudicial treatment based on difference). Engages with various primary and secondary sources, including texts, films, and photographs. CROSSLISTED as HST 470/REL 470 and HST 570/REL 570.",
  "prerequisites": []
}, {
  "corequisites": [],
  "course_name": "COLONIAL AMERICA",
  "course_number": "HST 471",
  "credits": "4",
  "description": "Economic, political, social, religious, and intellectual development of colonial North America from the English background to 1689. HST 471/HST 571, HST 472/572 need not be taken in sequence. Not offered every year. (H)",
  "prerequisites": []
}, {
  "corequisites": [],
  "course_name": "THE ERA OF THE AMERICAN REVOLUTION",
  "course_number": "HST 473",
  "credits": "4",
  "description": "The American Revolution, the drafting of the Constitution, and the launching of the new nation, 1763 to 1789.",
  "prerequisites": []
}, {
  "corequisites": [],
  "course_name": "JEFFERSONIAN AND JACKSONIAN DEMOCRACY",
  "course_number": "HST 474",
  "credits": "4",
  "description": "American political, economic, religious, and social development during the early and middle national era with emphasis on the formation and growth of political parties, territorial expansion and western settlement, and the beginnings of sectional conflict.",
  "prerequisites": []
}, {
  "corequisites": [],
  "course_name": "CIVIL WAR AND RECONSTRUCTION",
  "course_number": "HST 475",
  "credits": "4",
  "description": "Origins of the war, nature of the war, and the critical postwar era, 1830s to 1880s, with special attention to the changing historiography of the period.",
  "prerequisites": []
}, {
  "corequisites": [],
  "course_name": "*HISTORY OF WHITE SUPREMACY & WHITE NATIONALISM IN THE US & OR",
  "course_number": "HST 476",
  "credits": "4",
  "description": "Offers insight into the development of racial categories and racial discrimination in the United States and, more specifically, Oregon. Considers how white supremacy—the idea that there is a category of people who are white and that those people are intellectually, culturally, and genetically superior to other groups of people—has informed U.S. policies (such as immigration, education, and housing policies). Examines white nationalist movements that have argued for a white ethnostate. CROSSLISTED as HST 476/REL 476 and HST 576/REL 576.",
  "prerequisites": []
}, {
  "corequisites": [],
  "course_name": "^PERSPECTIVES IN HUMANITIES",
  "course_number": "HST 480",
  "credits": "4",
  "description": "Offers a look at different events or processes from the perspective of different disciplines within the humanities. Understands and applies techniques, ethics, and methodologies of writing and research, resulting in the final capstone project.",
  "prerequisites": []
}, {
  "corequisites": [],
  "course_name": "*ENVIRONMENTAL HISTORY OF THE UNITED STATES",
  "course_number": "HST 481",
  "credits": "4",
  "description": "A study of human interaction with the environment and the transformation of the landscape and ecology of North America from the Indian period to the present, with special attention to the progressive alterations induced by the modernizing world of agriculture, industry, urbanism, and their relation to the market system in the United States.",
  "prerequisites": []
}, {
  "corequisites": [],
  "course_name": "*POLITICS AND RELIGION IN THE MODERN MIDDLE EAST",
  "course_number": "HST 485",
  "credits": "4",
  "description": "The role of religious and secular ideologies in the politics of the 20th century Middle East. Topics include the impact of liberal and nationalist thought, the Iranian revolution, radical Islamist movements, and Zionism.",
  "prerequisites": []
}, {
  "corequisites": [],
  "course_name": "A HISTORY OF CHRISTIANITY IN AFRICA",
  "course_number": "HST 486",
  "credits": "4",
  "description": "An investigation of the historical development and changing character of Christianity in Africa. Topics include the examination of the role of Christianity in the development of social identity and politics in historic Ethiopia from the early first millennium CE; Portuguese missionary efforts in Central Africa during the period of the Atlantic slave trade from the 15th to the 18th centuries; the role of 19th century missionaries in both spreading Christianity in Africa and during the European colonization of Africa at the end of the 19th century, the emergence of African independence churches and prophetic Christianity in the 20th century; and the \"Africanization\" of Christianity.",
  "prerequisites": []
}, {
  "corequisites": [],
  "course_name": "WORLD WAR II: A GLOBAL HISTORY",
  "course_number": "HST 487",
  "credits": "4",
  "description": "Examines World War II from a global perspective, its origins, the course of the conflict and its aftermath, looking especially at the US, USSR, Britain, Germany and Japan. Topics will include the concept of total war and the home fronts of a number of nations.",
  "prerequisites": []
}, {
  "corequisites": [],
  "course_name": "THE UNITED STATES AND VIETNAM 1945-1995",
  "course_number": "HST 488",
  "credits": "4",
  "description": "Examines the Vietnam War from both the US and Vietnamese perspective within the context of the Cold War. Political, military, social and moral issues will be covered within the concept of American exceptionalism.",
  "prerequisites": []
}, {
  "corequisites": [],
  "course_name": "*ISRAELI SOCIETY AND PLURALISM",
  "course_number": "HST 490",
  "credits": "4",
  "description": "Overwhelmingly a nation of immigrants, modern Israel displays an extraordinary amount of ethnic and social diversity among the 75% of its citizens who identify as Jews and among the 25% defined as Arab or “other.” By introducing students to Israel’s ethnic, religious, LGBQT, migrant worker and refugee communities, this course examines the tensions that inform Israel’s efforts to construct a national identity within a multicultural society. Israel aspires to be both liberal democratic and Jewish, secular and religious. As such, it provides an unparalleled case study for investigating how a society negotiates the dynamics of inclusion, exclusion and difference.",
  "prerequisites": []
}, {
  "corequisites": [],
  "course_name": "THE EXPERIENCE OF WAR",
  "course_number": "HST 491",
  "credits": "4",
  "description": "Examines how humans have experienced of warfare over the recorded millennia of military history. Includes topics of the direct experience of warfare, the differing roles and changing definitions of combatants and noncombatants, and the \"home front\" as compared from antiquity to today. Explores the human experience and collective memory in this diverse, broadly imagined course.",
  "prerequisites": []
}, {
  "corequisites": [],
  "course_name": "CHINA IN 20TH CENTURY",
  "course_number": "HST 495",
  "credits": "4",
  "description": "Treats the decline of the Confucian tradition, shifts in the economy, and metamorphoses of the political system. Attention is given to China's attempt to balance her Communistic revolutionary legacies with her current modernizing goals.",
  "prerequisites": []
}, {
  "corequisites": [],
  "course_name": "SPECIAL TOPICS",
  "course_number": "HST 499",
  "credits": "1-16",
  "description": "Supervised readings designed to allow students to explore in depth key issues in Asian history. (H)",
  "prerequisites": []
}, {
  "corequisites": [],
  "course_name": "SPECIAL TOPICS",
  "course_number": "HST 499H",
  "credits": "1-16",
  "description": "",
  "prerequisites": []
}, {
  "corequisites": [],
  "course_name": "RESEARCH",
  "course_number": "HST 501",
  "credits": "1-16",
  "description": "",
  "prerequisites": []
}, {
  "corequisites": [],
  "course_name": "THESIS",
  "course_number": "HST 503",
  "credits": "1-16",
  "description": "",
  "prerequisites": []
}, {
  "corequisites": [],
  "course_name": "READING AND CONFERENCE",
  "course_number": "HST 505",
  "credits": "1-16",
  "description": "",
  "prerequisites": []
}, {
  "corequisites": [],
  "course_name": "PROJECTS",
  "course_number": "HST 506",
  "credits": "1-16",
  "description": "",
  "prerequisites": []
}, {
  "corequisites": [],
  "course_name": "SEMINAR",
  "course_number": "HST 507",
  "credits": "5",
  "description": "",
  "prerequisites": []
}, {
  "corequisites": [],
  "course_name": "HISTORY INTERNSHIP",
  "course_number": "HST 510",
  "credits": "1-12",
  "description": "Supervised work of a historical nature with historical societies, archives, museums, or other public or private organizations. No more than 6 of the maximum 12 credits may be used to satisfy the history major requirement of 51 credits.",
  "prerequisites": []
}, {
  "corequisites": [],
  "course_name": "HISTORIOGRAPHY IN HISTORY",
  "course_number": "HST 511",
  "credits": "4",
  "description": "Introduces graduate students to the range of scholarship within the literature of history. Reveals the full sweep of history as an academic discipline and the process of its professionalization.",
  "prerequisites": []
}, {
  "corequisites": [],
  "course_name": "METHODOLOGIES OF HISTORY",
  "course_number": "HST 512",
  "credits": "4",
  "description": "A study of the practice as well as theory of historical work. Combines training in reading, writing, and thinking historically with a survey of the development of history, philosophies of history, types and use of historical evidence, varieties of historical investigation, and factors that influence the writing of history.",
  "prerequisites": []
}, {
  "corequisites": [],
  "course_name": "PUBLIC HISTORY",
  "course_number": "HST 514",
  "credits": "4",
  "description": "Introduces graduate students to the varied aspects and roles of public history, including cultural resource management, research, and report writing.",
  "prerequisites": []
}, {
  "corequisites": [],
  "course_name": "SELECTED TOPICS",
  "course_number": "HST 515",
  "credits": "4",
  "description": "",
  "prerequisites": []
}, {
  "corequisites": [],
  "course_name": "FOOD IN WORLD HISTORY",
  "course_number": "HST 516",
  "credits": "4",
  "description": "Historical analysis of food and cooking from pre-history to the present, with an emphasis on cross-cultural differences of food production and consumption.",
  "prerequisites": []
}, {
  "corequisites": [],
  "course_name": "ORAL HISTORY",
  "course_number": "HST 517",
  "credits": "4",
  "description": "Introduces oral history theory and methodology. Discusses best practices in recording, editing, archiving, and presenting interviews. Examines the overlaps and divergences of history and memory. Discusses the legal and ethical issues that concern oral historians and examines how oral history can be used to shape and reshape private narratives and public memories. Explores the ways that oral history can be presented and used in museum exhibitions, plays, documentary works, podcast, digital projects, and other media.",
  "prerequisites": []
}, {
  "corequisites": [],
  "course_name": "HELLENISTIC GREECE",
  "course_number": "HST 521",
  "credits": "4",
  "description": "History of the Greek world from the end of the Peloponnesian War to the Roman conquest of Greece; the careers of Alexander the Great and his successors; the art, literature, science, religion, and philosophy of the post-classical or Hellenistic world.",
  "prerequisites": []
}, {
  "corequisites": [],
  "course_name": "MEDIEVAL SLAVERY",
  "course_number": "HST 522",
  "credits": "4",
  "description": "A seminar-style course on the history of slavery from late Rome until the beginning of the Atlantic slave trade. Focuses on both primary sources which shed light on premodern slavery, and on recent scholarly debates, as seen in secondary sources. Through the study of slavery, students will investigate the social and cultural history of the long Middle Ages, including questions of class, religion, economics, gender, race, and law.",
  "prerequisites": []
}, {
  "corequisites": [],
  "course_name": "GENOCIDE & ITS AFTERMATH: ATROCITY",
  "course_number": "HST 524",
  "credits": "JUSTICE",
  "description": "Examines the historical causes, courses, and legacies of mass atrocities and genocides in the modern and contemporary world. Focuses on case studies of genocide from the past two centuries, as well as the pursuits of recognition, justice, and reconciliation in the aftermath of mass atrocities.",
  "prerequisites": []
}, {
  "corequisites": [],
  "course_name": "THE HOLOCAUST IN ITS HISTORY",
  "course_number": "HST 525",
  "credits": "4",
  "description": "An inquiry into the causes, course, and impact of the Holocaust. The general theme of anti-Semitism in European history is explored for background. Topics discussed for comparative purposes include anti-Semitism in American history; other episodes of mass murder in the 20th century.",
  "prerequisites": []
}, {
  "corequisites": [],
  "course_name": "WORLD WAR I: A GLOBAL HISTORY",
  "course_number": "HST 526",
  "credits": "4",
  "description": "Examines World War I from a global perspective, its origins, the course of the conflict and its aftermath, looking especially at Great Britain, France, Russia, Germany and their colonial possessions. Topics will include the concept of total war and the home fronts of a number of nations.",
  "prerequisites": []
}, {
  "corequisites": [],
  "course_name": "TEACHING THE HOLOCAUST",
  "course_number": "HST 527",
  "credits": "4",
  "description": "Examines the Holocaust from a pedagogical perspective. Themes include recent developments in Holocaust education, teaching rationale, the history and historical context of the Holocaust, strategies for developing age-appropriate curriculum for either K-12 or college learners, and best practices for designing K-12 teaching modules and/or college syllabi.",
  "prerequisites": []
}, {
  "corequisites": [],
  "course_name": "A HISTORY OF CHILDHOOD",
  "course_number": "HST 531",
  "credits": "4",
  "description": "Examines childhood as a social and historical construct and explores how race, class, gender, and geography have created unequal access to this protected category for individual children and continues to produce inequalities in children’s health, education, and access to designated safe spaces. Explores how historical phenomena have impacted children, including colonialism, slavery, revolution, the rise of the modern state, the professionalization of medicine and social work, compulsory education, developing legal concepts about children’s rights, the development of consumer mass culture, WWI, WWII, and the Cold War. Traces shifting understandings of the ‘normal’ child.",
  "prerequisites": []
}, {
  "corequisites": [],
  "course_name": "THE HISTORY OF SEXUALITY",
  "course_number": "HST 532",
  "credits": "4",
  "description": "The history of human sexuality from ancient Greece to the present.",
  "prerequisites": []
}, {
  "corequisites": [],
  "course_name": "HISTORY OF MODERN GERMANY",
  "course_number": "HST 536",
  "credits": "4",
  "description": "Political, economic, social and intellectual developments from 1815 through the imperial, Weimar, and Nazi eras to the present. Not offered every year.",
  "prerequisites": []
}, {
  "corequisites": [],
  "course_name": "CRIME IN HISTORY",
  "course_number": "HST 551",
  "credits": "4",
  "description": "Provides a historical analysis of crime from the earliest civilizations to the present day. Examines the social, economic, and scientific impact of crime on various societies at different times. Special attention will be paid to race, gender, and sexuality in criminal history, archival case studies, the narratives created within court cases, criminality and politics, as well as crime and imperialism/globalization.",
  "prerequisites": []
}, {
  "corequisites": [],
  "course_name": "MODERN MEXICO",
  "course_number": "HST 552",
  "credits": "4",
  "description": "History of Mexico since 1810--economic, political, and social change and relations with the United States.",
  "prerequisites": []
}, {
  "corequisites": [],
  "course_name": "PROBLEMS IN LATIN AMERICAN HISTORY",
  "course_number": "HST 556",
  "credits": "4",
  "description": "A focused examination of the origins and development of selective institutions and problems important to understanding the region, such as the church, the military, labor, political instability, economic stagnation, and social stratification.",
  "prerequisites": []
}, {
  "corequisites": [],
  "course_name": "AMERICAN DIPLOMATIC HISTORY",
  "course_number": "HST 565",
  "credits": "4",
  "description": "American diplomatic relations from 1898 to the present.",
  "prerequisites": []
}, {
  "corequisites": [],
  "course_name": "RELIGION AND U.S. FOREIGN RELATIONS",
  "course_number": "HST 566",
  "credits": "4",
  "description": "An examination of the intersection of religion and U.S. foreign relations from the late nineteenth century to the present. Surveys major events in U.S. diplomacy, including war and peace and explores the role of religion and religious ideas in shaping national identity, core values, and civil religion.",
  "prerequisites": []
}, {
  "corequisites": [],
  "course_name": "HISTORY OF THE AMERICAN WEST",
  "course_number": "HST 567",
  "credits": "4",
  "description": "Important themes in the transformation of western America from the pre-industrial world of native Americans to the emergence of the region as a major force in the cultural, economic, and political life of the United States. HST 467/HST 567 and HST 468/HST 568 need not be taken in sequence. Not offered every year.",
  "prerequisites": []
}, {
  "corequisites": [],
  "course_name": "HISTORY OF THE AMERICAN WEST",
  "course_number": "HST 568",
  "credits": "4",
  "description": "Important themes in the transformation of western America from the pre-industrial world of native Americans to the emergence of the region as a major force in the cultural, economic, and political life of the United States. HST 467/HST 567 and HST 468/HST 568 need not be taken in sequence. Not offered every year.",
  "prerequisites": []
}, {
  "corequisites": [],
  "course_name": "RELIGION IN THE AMERICAN WEST",
  "course_number": "HST 570",
  "credits": "4",
  "description": "The history of religion in the American West. Examines four themes in the religious history of the American West: locations (the designation of particular places as special), migrations (movement in and out of the region), adaptations (changes over time, in response to changing conditions), and discrimination (recognition of difference, as well as prejudicial treatment based on difference). Engages with various primary and secondary sources, including texts, films, and photographs. CROSSLISTED as HST 470/REL 470 and HST 570/REL 570.",
  "prerequisites": []
}, {
  "corequisites": [],
  "course_name": "COLONIAL AMERICA",
  "course_number": "HST 571",
  "credits": "4",
  "description": "Economic, political, social, religious, and intellectual development of colonial North America from the English background to 1689. HST 471/HST 571, HST 472/572 need not be taken in sequence. Not offered every year.",
  "prerequisites": []
}, {
  "corequisites": [],
  "course_name": "THE ERA OF THE AMERICAN REVOLUTION",
  "course_number": "HST 573",
  "credits": "4",
  "description": "The American Revolution, the drafting of the Constitution, and the launching of the new nation, 1763 to 1789.",
  "prerequisites": []
}, {
  "corequisites": [],
  "course_name": "JEFFERSONIAN AND JACKSONIAN DEMOCRACY",
  "course_number": "HST 574",
  "credits": "4",
  "description": "American political, economic, religious, and social development during the early and middle national era with emphasis on the formation and growth of political parties, territorial expansion and western settlement, and the beginnings of sectional conflict.",
  "prerequisites": []
}, {
  "corequisites": [],
  "course_name": "CIVIL WAR AND RECONSTRUCTION",
  "course_number": "HST 575",
  "credits": "4",
  "description": "Origins of the war, nature of the war, and the critical postwar era, 1830s to 1880s, with special attention to the changing historiography of the period.",
  "prerequisites": []
}, {
  "corequisites": [],
  "course_name": "HISTORY OF WHITE SUPREMACY & WHITE NATIONALISM IN THE US & OR",
  "course_number": "HST 576",
  "credits": "4",
  "description": "Offers insight into the development of racial categories and racial discrimination in the United States and, more specifically, Oregon. Considers how white supremacy—the idea that there is a category of people who are white and that those people are intellectually, culturally, and genetically superior to other groups of people—has informed U.S. policies (such as immigration, education, and housing policies). Examines white nationalist movements that have argued for a white ethnostate. CROSSLISTED as HST 476/REL 476 and HST 576/REL 576.",
  "prerequisites": []
}, {
  "corequisites": [],
  "course_name": "ENVIRONMENTAL HISTORY OF THE UNITED STATES",
  "course_number": "HST 581",
  "credits": "4",
  "description": "A study of human interaction with the environment and the transformation of the landscape and ecology of North America from the Indian period to the present, with special attention to the progressive alterations induced by the modernizing world of agriculture, industry, urbanism, and their relation to the market system in the United States.",
  "prerequisites": []
}, {
  "corequisites": [],
  "course_name": "POLITICS AND RELIGION IN THE MODERN MIDDLE EAST",
  "course_number": "HST 585",
  "credits": "4",
  "description": "The role of religious and secular ideologies in the politics of the 20th century Middle East. Topics include the impact of liberal and nationalist thought, the Iranian revolution, radical Islamist movements, and Zionism.",
  "prerequisites": []
}, {
  "corequisites": [],
  "course_name": "WORLD WAR II: A GLOBAL HISTORY",
  "course_number": "HST 587",
  "credits": "4",
  "description": "Examines World War II from a global perspective, its origins, the course of the conflict and its aftermath, looking especially at the US, USSR, Britain, Germany and Japan. Topics will include the concept of total war and the home fronts of a number of nations.",
  "prerequisites": []
}, {
  "corequisites": [],
  "course_name": "THE UNITED STATES AND VIETNAM 1945-1995",
  "course_number": "HST 588",
  "credits": "4",
  "description": "Examines the Vietnam War from both the US and Vietnamese perspective within the context of the Cold War. Political, military, social and moral issues will be covered within the concept of American exceptionalism.",
  "prerequisites": []
}, {
  "corequisites": [],
  "course_name": "ISRAELI SOCIETY AND PLURALISM",
  "course_number": "HST 590",
  "credits": "4",
  "description": "Overwhelmingly a nation of immigrants, modern Israel displays an extraordinary amount of ethnic and social diversity among the 75% of its citizens who identify as Jews and among the 25% defined as Arab or “other.” By introducing students to Israel’s ethnic, religious, LGBQT, migrant worker and refugee communities, this course examines the tensions that inform Israel’s efforts to construct a national identity within a multicultural society. Israel aspires to be both liberal democratic and Jewish, secular and religious. As such, it provides an unparalleled case study for investigating how a society negotiates the dynamics of inclusion, exclusion and difference.",
  "prerequisites": []
}, {
  "corequisites": [],
  "course_name": "THE EXPERIENCE OF WAR",
  "course_number": "HST 591",
  "credits": "4",
  "description": "Examines how humans have experienced of warfare over the recorded millennia of military history. Includes topics of the direct experience of warfare, the differing roles and changing definitions of combatants and noncombatants, and the \"home front\" as compared from antiquity to today. Explores the human experience and collective memory in this diverse, broadly imagined course.",
  "prerequisites": []
}, {
  "corequisites": [],
  "course_name": "CHINA IN 20TH CENTURY",
  "course_number": "HST 595",
  "credits": "4",
  "description": "Treats the decline of the Confucian tradition, shifts in the economy, and metamorphoses of the political system. Attention is given to China's attempt to balance her Communistic revolutionary legacies with her current modernizing goals.",
  "prerequisites": []
}, {
  "corequisites": [],
  "course_name": "SPECIAL TOPICS",
  "course_number": "HST 599",
  "credits": "1-16",
  "description": "",
  "prerequisites": []
}]