[{
  "corequisites": [],
  "course_name": "THESIS",
  "course_number": "HSTS 403",
  "credits": "1-16",
  "description": "",
  "prerequisites": []
}, {
  "corequisites": [],
  "course_name": "READING AND CONFERENCE",
  "course_number": "HSTS 405",
  "credits": "1-16",
  "description": "",
  "prerequisites": []
}, {
  "corequisites": [],
  "course_name": "SEMINAR",
  "course_number": "HSTS 407",
  "credits": "1-16",
  "description": "",
  "prerequisites": []
}, {
  "corequisites": [],
  "course_name": "*SCIENCE IN THE AGE OF EMPIRES",
  "course_number": "HSTS 413",
  "credits": "4",
  "description": "Considers the development of modern science in the time of political revolutions, slavery and racism, voyages of exploration, industrialization, and imperialism. Links scientific ideas and practice to social and cultural change in the 18th and 19th centuries.",
  "prerequisites": []
}, {
  "corequisites": [],
  "course_name": "*HISTORY OF TWENTIETH-CENTURY SCIENCE",
  "course_number": "HSTS 414",
  "credits": "4",
  "description": "Focuses on the organization, practice, and theories of the natural sciences in the twentieth century, with emphasis primarily on the European and American scientific traditions from the 1890s to the present.",
  "prerequisites": []
}, {
  "corequisites": [],
  "course_name": "*THEORY OF EVOLUTION AND FOUNDATION OF MODERN BIOLOGY",
  "course_number": "HSTS 415",
  "credits": "4",
  "description": "Origin and development of Darwin's theory of evolution. Reception of theory and history of evolution to the present.",
  "prerequisites": []
}, {
  "corequisites": [],
  "course_name": "*THEORY OF EVOLUTION AND FOUNDATION OF MODERN BIOLOGY",
  "course_number": "HSTS 415H",
  "credits": "4",
  "description": "Origin and development of Darwin's theory of evolution. Reception of theory and history of evolution to the present.",
  "prerequisites": []
}, {
  "corequisites": [],
  "course_name": "*HISTORY OF MEDICINE PRE-1800",
  "course_number": "HSTS 416",
  "credits": "4",
  "description": "History of medical theory and the changing role of the physician; internal development of medicine as a discipline as well as a profession; relationship of medicine's development to general changes in science and culture, to 1800.",
  "prerequisites": []
}, {
  "corequisites": [],
  "course_name": "*HISTORY OF MEDICINE",
  "course_number": "HSTS 417",
  "credits": "4",
  "description": "History of medical theory and the changing role of the physician; internal development of medicine as a discipline as well as a profession; relationship of medicine's development to general changes in science and culture.",
  "prerequisites": []
}, {
  "corequisites": [],
  "course_name": "*HISTORY OF MEDICINE",
  "course_number": "HSTS 417H",
  "credits": "4",
  "description": "History of medical theory and the changing role of the physician; internal development of medicine as a discipline as well as a profession; relationship of medicine's development to general changes in science and culture.",
  "prerequisites": []
}, {
  "corequisites": [],
  "course_name": "*STUDIES IN SCIENTIFIC CONTROVERSY: METHODS AND PRACTICES",
  "course_number": "HSTS 419",
  "credits": "4",
  "description": "Course focuses on accounts of scientific discoveries that have been controversial, to understand the rational, psychological, and social characteristics which have defined the meaning and procedures of the natural sciences. Case studies are used from the 18th through 20th centuries.",
  "prerequisites": []
}, {
  "corequisites": [],
  "course_name": "*STUDIES IN SCIENTIFIC CONTROVERSY: METHODS AND PRACTICES",
  "course_number": "HSTS 419H",
  "credits": "4",
  "description": "Course focuses on accounts of scientific discoveries that have been controversial, to understand the rational, psychological, and social characteristics which have defined the meaning and procedures of the natural sciences. Case studies are used from the 18th through 20th centuries.",
  "prerequisites": []
}, {
  "corequisites": [],
  "course_name": "*HISTORY OF TECHNOLOGY",
  "course_number": "HSTS 421",
  "credits": "4",
  "description": "Explores historical views of technology and associated cultural changes and the contexts in which these developed; the changing role of technology in modern industrial society, especially in the United States; efforts to predict and control technological developments and the social and cultural consequences.",
  "prerequisites": []
}, {
  "corequisites": [],
  "course_name": "*SCIENCE AND RELIGION",
  "course_number": "HSTS 423",
  "credits": "4",
  "description": "A historical survey of critical issues in the relationship of Western science and religion from ancient times to the end of the twentieth century.",
  "prerequisites": []
}, {
  "corequisites": [],
  "course_name": "HISTORY OF PSYCHOTHERAPY",
  "course_number": "HSTS 440",
  "credits": "4",
  "description": "The history of psychotherapy in modern Western societies, from biomedical, cultural, political, and psychosocial perspectives.",
  "prerequisites": []
}, {
  "corequisites": [],
  "course_name": "HISTORY OF PSYCHOTHERAPY",
  "course_number": "HSTS 440H",
  "credits": "4",
  "description": "The history of psychotherapy in modern Western societies, from biomedical, cultural, political, and psychosocial perspectives.",
  "prerequisites": []
}, {
  "corequisites": [],
  "course_name": "*THE HISTORY OF OUTER SPACE",
  "course_number": "HSTS 451",
  "credits": "4",
  "description": "Advancements in technology and science has made it possible to observe, robotically explore, personally visit, and daily use outer space including an overview of what we have learned, how this endeavor has shaped human civilization and culture, and what may lie ahead.",
  "prerequisites": []
}, {
  "corequisites": [],
  "course_name": "*A WOMEN'S HISTORY OF OUTER SPACE",
  "course_number": "HSTS 452",
  "credits": "4",
  "description": "Since early Babylon, women have also observed the sky, performed fundamental calculations, examined astronomical plates, and made significant fundamental discoveries that changed the way we see the cosmos. At NASA, women have gone from purely secretarial positions in 1958 to commanding the International Space Station and administering the Mars Rover Program today. These advancements in opportunity and responsibility reflect a larger story of how traditional roles for women have evolved in response to changes in both technology and social norms. (Bacc Core Course)",
  "prerequisites": []
}, {
  "corequisites": [],
  "course_name": "SCIENCE",
  "course_number": "HSTS 481",
  "credits": "POLITICS",
  "description": "Utilizes philosophical and historical tools to examine epistemic bubbles and echo chambers in relation to contentious science policy in times of heightened political polarization. Interactively prepares Peace Literacy comprehension and skill, in order to increase objectivity, communication, and connection in polarized science debates. CROSSLISTED as HSTS 481/PAX 481/PHL 481 and HSTS 581/PAX 581/PHL 581.",
  "prerequisites": []
}, {
  "corequisites": [],
  "course_name": "SPECIAL TOPICS",
  "course_number": "HSTS 499",
  "credits": "1-16",
  "description": "(H)",
  "prerequisites": []
}, {
  "corequisites": [],
  "course_name": "RESEARCH",
  "course_number": "HSTS 501",
  "credits": "1-16",
  "description": "",
  "prerequisites": []
}, {
  "corequisites": [],
  "course_name": "THESIS",
  "course_number": "HSTS 503",
  "credits": "1-16",
  "description": "",
  "prerequisites": []
}, {
  "corequisites": [],
  "course_name": "READING AND CONFERENCE",
  "course_number": "HSTS 505",
  "credits": "1-16",
  "description": "",
  "prerequisites": []
}, {
  "corequisites": [],
  "course_name": "SEMINAR",
  "course_number": "HSTS 507",
  "credits": "1-16",
  "description": "",
  "prerequisites": []
}, {
  "corequisites": [],
  "course_name": "SCIENCE IN THE AGE OF EMPIRES",
  "course_number": "HSTS 513",
  "credits": "4",
  "description": "Considers the development of modern science in the time of political revolutions, slavery and racism, voyages of exploration, industrialization, and imperialism. Links scientific ideas and practice to social and cultural change in the 18th and 19th centuries.",
  "prerequisites": []
}, {
  "corequisites": [],
  "course_name": "HISTORY OF TWENTIETH-CENTURY SCIENCE",
  "course_number": "HSTS 514",
  "credits": "4",
  "description": "Focuses on the organization, practice, and theories of the natural sciences in the twentieth century, with emphasis primarily on the European and American scientific traditions from the 1890s to the present.",
  "prerequisites": []
}, {
  "corequisites": [],
  "course_name": "HISTORY OF MEDICINE",
  "course_number": "HSTS 517",
  "credits": "4",
  "description": "History of medical theory and the changing role of the physician; internal development of medicine as a discipline as well as a profession; relationship of medicine's development to general changes in science and culture.",
  "prerequisites": []
}, {
  "corequisites": [],
  "course_name": "HISTORY OF TECHNOLOGY",
  "course_number": "HSTS 521",
  "credits": "4",
  "description": "Explores historical views of technology and associated cultural changes and the contexts in which these developed; the changing role of technology in modern industrial society, especially in the United States; efforts to predict and control technological developments and the social and cultural consequences.",
  "prerequisites": []
}, {
  "corequisites": [],
  "course_name": "SCIENCE AND RELIGION",
  "course_number": "HSTS 523",
  "credits": "4",
  "description": "A historical survey of critical issues in the relationship of Western science and religion from ancient times to the end of the twentieth century.",
  "prerequisites": []
}, {
  "corequisites": [],
  "course_name": "HISTORY OF PSYCHOTHERAPY",
  "course_number": "HSTS 540",
  "credits": "4",
  "description": "The history of psychotherapy in modern Western societies, from biomedical, cultural, political, and psychosocial perspectives.",
  "prerequisites": []
}, {
  "corequisites": [],
  "course_name": "SCIENCE",
  "course_number": "HSTS 581",
  "credits": "POLITICS",
  "description": "Utilizes philosophical and historical tools to examine epistemic bubbles and echo chambers in relation to contentious science policy in times of heightened political polarization. Interactively prepares Peace Literacy comprehension and skill, in order to increase objectivity, communication, and connection in polarized science debates. CROSSLISTED as HSTS 481/PAX 481/PHL 481 and HSTS 581/PAX 581/PHL 581.",
  "prerequisites": []
}, {
  "corequisites": [],
  "course_name": "SPECIAL TOPICS",
  "course_number": "HSTS 599",
  "credits": "1-16",
  "description": "",
  "prerequisites": []
}, {
  "corequisites": [],
  "course_name": "THESIS",
  "course_number": "HSTS 603",
  "credits": "1-16",
  "description": "",
  "prerequisites": []
}]