[{
  "corequisites": [],
  "course_name": "SPREADSHEET SKILLS FOR INDUSTRIAL & MANUFACTURING ENGINEERS",
  "course_number": "IE 112",
  "credits": "1",
  "description": "Basic spreadsheet functionality needed to create spreadsheet applications for common industrial and manufacturing engineering information processing tasks, including simple databases, statistical analysis, quality control, forecasting, production planning and control, and operations analysis and improvement. Topics include creating spreadsheets, formatting, data types, formulas, charts, user-defined functions, and pivot tables.",
  "prerequisites": []
}, {
  "corequisites": [],
  "course_name": "SPECIAL TOPICS",
  "course_number": "IE 199",
  "credits": "1-16",
  "description": "",
  "prerequisites": []
}, {
  "corequisites": [],
  "course_name": "COMPUTATIONAL METHODS FOR INDUSTRIAL ENGINEERING",
  "course_number": "IE 212",
  "credits": "4",
  "description": "Solve engineering problems using computational methods with topics covered including data structures, modular programming, sorting and search algorithms. Investigate algorithms for inventory models, production scheduling, production line analysis, and optimization.",
  "prerequisites": [["ENGR 103", "ENGR 103H"]]
}, {
  "corequisites": [],
  "course_name": "INTRODUCTORY QUANTITATIVE ANALYSIS OF INDUSTRIAL AND MANUFACTURING SYSTEMS",
  "course_number": "IE 255",
  "credits": "4",
  "description": "Apply basic probability and statistics concepts that will be used in subsequent industrial and manufacturing engineering courses to engineering problems. Emphasis will be placed on fundamental concepts including random variables, probability distributions, using random variables as models of random phenomena, statistics computed from data, sampling distributions, and basic statistical inference procedures.",
  "prerequisites": [["MTH 252", "MTH 252H"], ["IE 212"]]
}, {
  "corequisites": [],
  "course_name": "INTRODUCTION TO INDUSTRIAL AND MANUFACTURING ENGINEERING",
  "course_number": "IE 285",
  "credits": "3",
  "description": "Introduction to selected topics in industrial and manufacturing engineering, including history and philosophy, product design and manufacturing cycle, integrate role of engineering and business, and multi-objective nature of organizations. Surveys of selected design problems in resource allocation, operations and quality management, and production engineering.",
  "prerequisites": [["IE 112", "FOR 112"]]
}, {
  "corequisites": [],
  "course_name": "SPECIAL TOPICS",
  "course_number": "IE 299",
  "credits": "1-16",
  "description": "",
  "prerequisites": []
}, {
  "corequisites": [],
  "course_name": "QUANTITATIVE METHODS FOR SYSTEM ANALYSIS AND IMPROVEMENT",
  "course_number": "IE 355",
  "credits": "4",
  "description": "Analyze and improve operational systems through the application of statistical inference methods and basic empirical model development. Hypothesis testing, confidence intervals, tolerance interval, bootstrap confidence intervals, and basic linear regression are applied to industrial engineering applications.",
  "prerequisites": [["IE 255", "ST 314"], ["ME 203"]]
}, {
  "corequisites": [],
  "course_name": "QUANTITATIVE METHODS FOR SYSTEM MODELING AND EXPERIMENTATION",
  "course_number": "IE 356",
  "credits": "4",
  "description": "Analyze and improve processes through the systematic use of statistical quality control methods, and designed experiments. Introduction to machine learning and big data methods.",
  "prerequisites": [["IE 355"]]
}, {
  "corequisites": [],
  "course_name": "WORK SYSTEMS ENGINEERING",
  "course_number": "IE 366",
  "credits": "4",
  "description": "Principles and techniques of work measurement, methods engineering, workplace design, work sampling, and predetermined time systems. Basic human factors engineering and ergonomics principles applied to workplace design. The work systems engineering process.",
  "prerequisites": [["IE 255", "ST 314"], ["PH 212", "PH 212H"], ["PH 213", "PH 213H"]]
}, {
  "corequisites": [],
  "course_name": "PRODUCTION PLANNING AND CONTROL",
  "course_number": "IE 367",
  "credits": "4",
  "description": "Forecasting techniques, inventory analysis, master production scheduling, material and capacity requirements, planning and scheduling methods.",
  "prerequisites": [["IE 255", "ST 314"]]
}, {
  "corequisites": [],
  "course_name": "FACILITY DESIGN AND OPERATIONS MANAGEMENT",
  "course_number": "IE 368",
  "credits": "4",
  "description": "Design and analysis of industrial facilities including just-in-time systems, queuing, material handling systems, material flow analysis, line balancing, systematic layout planning, design of warehouse facilities, and facilities location.",
  "prerequisites": [["ENGR 248"], ["IE 255", "ST 314"]]
}, {
  "corequisites": [],
  "course_name": "SPECIAL TOPICS",
  "course_number": "IE 399",
  "credits": "1-16",
  "description": "",
  "prerequisites": []
}, {
  "corequisites": [],
  "course_name": "THESIS",
  "course_number": "IE 403",
  "credits": "1-16",
  "description": "",
  "prerequisites": []
}, {
  "corequisites": [],
  "course_name": "READING AND CONFERENCE",
  "course_number": "IE 405",
  "credits": "1-16",
  "description": "",
  "prerequisites": []
}, {
  "corequisites": [],
  "course_name": "PROJECTS",
  "course_number": "IE 406",
  "credits": "1-16",
  "description": "",
  "prerequisites": []
}, {
  "corequisites": [],
  "course_name": "SEMINAR",
  "course_number": "IE 407",
  "credits": "1-16",
  "description": "",
  "prerequisites": []
}, {
  "corequisites": [],
  "course_name": "INTERNSHIP",
  "course_number": "IE 410",
  "credits": "1-16",
  "description": "",
  "prerequisites": []
}, {
  "corequisites": [],
  "course_name": "INFORMATION SYSTEMS ENGINEERING",
  "course_number": "IE 412",
  "credits": "4",
  "description": "Framework for enterprise information systems. Engineering and scientific systems. Requirements definition, enhanced entity relationship modeling, logical modeling, structured query language, relational model, referential integrity.",
  "prerequisites": [["IE 212"]]
}, {
  "corequisites": [],
  "course_name": "SIMULATION AND DECISION SUPPORT SYSTEMS",
  "course_number": "IE 415",
  "credits": "4",
  "description": "Examines the analysis of operations and production systems through the application of computer simulation modeling techniques. Explores the fundamentals of computer simulation including static Monte Carlo simulations, event oriented dynamic simulations, random number generation, input/output data analysis, model validation and verification.",
  "prerequisites": [["IE 112", "IE 212"], ["IE 255", "ST 314"], ["IE 355"]]
}, {
  "corequisites": [],
  "course_name": "INDUSTRIAL SYSTEMS OPTIMIZATION",
  "course_number": "IE 425",
  "credits": "4",
  "description": "A first course in operations research. Topics include mathematical programming formulations and solutions, the simplex method, network optimization, introduction to metaheuristics, and linear programming under uncertainty.",
  "prerequisites": [["IE 255", "ST 314"], ["MTH 306", "MTH 306H", "MTH 341"]]
}, {
  "corequisites": [],
  "course_name": "STOCHASTIC MODELS OF INDUSTRIAL SYSTEMS",
  "course_number": "IE 426",
  "credits": "4",
  "description": "The application of probabilistic and stochastic modeling methodologies to analyze the performance of production and service systems. Major topics include probability models for space planning, Poisson arrival processes, discrete and continuous time Markov chain models of machine cycle times, and queuing models applied to various industrial systems. Other applications of these tools to model inventories, process behavior, and equipment reliability is illustrated.",
  "prerequisites": [["IE 255", "ST 314"], ["IE 425"]]
}, {
  "corequisites": [],
  "course_name": "GAME THEORY WITH ENGINEERING APPLICATIONS",
  "course_number": "IE 427",
  "credits": "4",
  "description": "Introduces the fundamentals of noncooperative game theory in the context of engineering systems (e.g., health systems, multi-agent systems, cyber-physical systems, and social networks). Emphasizes theoretical foundations, mathematical modeling, and key solution concepts. Examines the analysis of repeated games, myopic learning, fictitious play, and evolutionary games.",
  "prerequisites": [["IE 425"], ["IE 426"]]
}, {
  "corequisites": [],
  "course_name": "MANAGEMENT SYSTEMS ENGINEERING",
  "course_number": "IE 470",
  "credits": "4",
  "description": "Improvement of organizational performance through the design and implementation of systems that integrate personnel, technological, environmental, and organizational variables. Topics include performance assessment and measurement as well as improvement methodologies.",
  "prerequisites": [["ENGR 390"], ["IE 355"], ["IE 366"], ["IE 367"], ["IE 368"]]
}, {
  "corequisites": [],
  "course_name": "PROJECT MANAGEMENT IN ENGINEERING",
  "course_number": "IE 471",
  "credits": "3",
  "description": "Discusses critical issues in the management of engineering and projects. Analyzes time, cost, and performance parameters from the organizational, people, and resource perspectives. Introduces network optimization and simulation concepts. Includes resource-constrained project scheduling, case discussions, and a team activity.",
  "prerequisites": [["ENGR 390"], ["IE 355"], ["IE 366"], ["IE 367"], ["IE 368"]]
}, {
  "corequisites": [],
  "course_name": "ADVANCED MANUFACTURING COSTING TECHNIQUES",
  "course_number": "IE 475",
  "credits": "3",
  "description": "Costing techniques applicable in advanced manufacturing enterprises: activity-based costing, economic value added, Japanese cost management techniques, life cycle costing, throughput accounting, cost of quality, and financial versus operational performance measures. Emphasis on linkages to such advanced manufacturing systems as cellular manufacturing, flexible manufacturing, JIT, Lean, and ERP.",
  "prerequisites": [["ENGR 390"], ["IE 355"], ["IE 366"], ["IE 367"], ["IE 368"]]
}, {
  "corequisites": [],
  "course_name": "SPECIAL TOPICS",
  "course_number": "IE 499",
  "credits": "1-5",
  "description": "Recent advances in industrial engineering pertaining to the theory and application of system studies. Analysis and design of natural resource systems; evaluation; detection extraction; processing and marketing systems; advanced design of production systems with reference to social, economic, and regional planning; human engineering studies of man-machine systems; applications of operations research techniques. Nonsequence course. Not offered every term.",
  "prerequisites": []
}, {
  "corequisites": [],
  "course_name": "THESIS",
  "course_number": "IE 503",
  "credits": "1-16",
  "description": "",
  "prerequisites": []
}, {
  "corequisites": [],
  "course_name": "READING AND CONFERENCE",
  "course_number": "IE 505",
  "credits": "1-16",
  "description": "",
  "prerequisites": []
}, {
  "corequisites": [],
  "course_name": "PROJECTS",
  "course_number": "IE 506",
  "credits": "1-16",
  "description": "",
  "prerequisites": []
}, {
  "corequisites": [],
  "course_name": "SEMINAR",
  "course_number": "IE 507",
  "credits": "1-16",
  "description": "",
  "prerequisites": []
}, {
  "corequisites": [],
  "course_name": "INFORMATION SYSTEMS ENGINEERING",
  "course_number": "IE 512",
  "credits": "4",
  "description": "Framework for enterprise information systems. Engineering and scientific systems. Requirements definition, enhanced entity relationship modeling, logical modeling, structured query language, relational model, referential integrity.",
  "prerequisites": []
}, {
  "corequisites": [],
  "course_name": "SIMULATION AND DECISION SUPPORT SYSTEMS",
  "course_number": "IE 515",
  "credits": "4",
  "description": "Examines the analysis of operations and production systems through the application of computer simulation modeling techniques. Explores the fundamentals of computer simulation including static Monte Carlo simulations, event oriented dynamic simulations, random number generation, input/output data analysis, model validation and verification.",
  "prerequisites": []
}, {
  "corequisites": [],
  "course_name": "INDUSTRIAL SYSTEMS OPTIMIZATION I",
  "course_number": "IE 521",
  "credits": "3",
  "description": "Techniques for analysis and solution of problems in industrial and management systems. Emphasis on application of linear and integer programming and extensions.",
  "prerequisites": []
}, {
  "corequisites": [],
  "course_name": "INDUSTRIAL SYSTEMS OPTIMIZATION II",
  "course_number": "IE 522",
  "credits": "3",
  "description": "Techniques for analysis and solution of problems in industrial and management systems. Emphasis on applications of dynamic programming. Markovian processes, and questions as applied to industrial problems.",
  "prerequisites": []
}, {
  "corequisites": [],
  "course_name": "INTEGER PROGRAMMING",
  "course_number": "IE 523",
  "credits": "3",
  "description": "Classic models and algorithms for discrete optimization. Includes intuition and theory about computational strategies for solution of integer programming and combinatorial optimization problems.",
  "prerequisites": [["IE 521"]]
}, {
  "corequisites": [],
  "course_name": "GAME THEORY WITH ENGINEERING APPLICATIONS",
  "course_number": "IE 527",
  "credits": "4",
  "description": "Introduces the fundamentals of noncooperative game theory in the context of engineering systems (e.g., health systems, multi-agent systems, cyber-physical systems, and social networks). Emphasizes theoretical foundations, mathematical modeling, and key solution concepts. Examines the analysis of repeated games, myopic learning, fictitious play, and evolutionary games.",
  "prerequisites": [["IE 521"]]
}, {
  "corequisites": [],
  "course_name": "HUMAN FACTORS ENGINEERING",
  "course_number": "IE 545",
  "credits": "4",
  "description": "Analysis and design of work systems considering human characteristics, capabilities and limitations. Analysis and design of displays, controls, tools, and workstations. Human performance analysis. Human factors research methods.",
  "prerequisites": []
}, {
  "corequisites": [],
  "course_name": "DESIGN OF INDUSTRIAL EXPERIMENTS",
  "course_number": "IE 552",
  "credits": "3",
  "description": "A first course in design of experiments with an emphasis on applications and fundamental data analysis methods. Basic statistical inference, analysis of variance, blocking, general factorial designs, and two-level factorial designs are covered.",
  "prerequisites": []
}, {
  "corequisites": [],
  "course_name": "ADVANCED PRODUCTION PLANNING AND CONTROL",
  "course_number": "IE 563",
  "credits": "3",
  "description": "Application of quantitative and heuristic methods to problems of production, material, and capacity planning. Mathematical models for inventory systems, sequencing, and scheduling. Assembly line balancing methods. Just-in-time manufacturing.",
  "prerequisites": []
}, {
  "corequisites": [],
  "course_name": "MANAGEMENT SYSTEMS ENGINEERING",
  "course_number": "IE 570",
  "credits": "4",
  "description": "Improvement of organizational performance through the design and implementation of systems that integrate personnel, technological, environmental, and organizational variables. Topics include performance assessment and measurement as well as improvement methodologies.",
  "prerequisites": []
}, {
  "corequisites": [],
  "course_name": "PROJECT MANAGEMENT IN ENGINEERING",
  "course_number": "IE 571",
  "credits": "3",
  "description": "Discusses critical issues in the management of engineering and projects. Analyzes time, cost, and performance parameters from the organizational, people, and resource perspectives. Introduces network optimization and simulation concepts. Includes resource-constrained project scheduling, case discussions, and a team activity.",
  "prerequisites": []
}, {
  "corequisites": [],
  "course_name": "DECISION THEORY AND ANALYSIS",
  "course_number": "IE 573",
  "credits": "3",
  "description": "Introduces the fundamentals of decision theory and focuses on quantitative and qualitative decision models for technical and managerial problems.",
  "prerequisites": []
}, {
  "corequisites": [],
  "course_name": "SYSTEMS THINKING THEORY AND PRACTICE",
  "course_number": "IE 575",
  "credits": "4",
  "description": "Examines the relationship between systems thinking theory and practice. Explores how systems science is used to discover key systemic concepts and principles. Explores systems thinking practice through an overview of Critical Systems Thinking and selected applied systems thinking approaches.",
  "prerequisites": []
}, {
  "corequisites": [],
  "course_name": "SPECIAL TOPICS",
  "course_number": "IE 599",
  "credits": "1-5",
  "description": "Recent advances in industrial engineering pertaining to the theory and application of system studies. Analysis and design of natural resource systems; evaluation; detection extraction; processing and marketing systems; advanced design of production systems with reference to social, economic, and regional planning; human engineering studies of man-machine systems; applications of operations research techniques. Nonsequence course. Not offered every term.",
  "prerequisites": []
}, {
  "corequisites": [],
  "course_name": "THESIS",
  "course_number": "IE 603",
  "credits": "1-16",
  "description": "",
  "prerequisites": []
}, {
  "corequisites": [],
  "course_name": "READING AND CONFERENCE",
  "course_number": "IE 605",
  "credits": "1-16",
  "description": "",
  "prerequisites": []
}, {
  "corequisites": [],
  "course_name": "PROJECTS",
  "course_number": "IE 606",
  "credits": "1-16",
  "description": "",
  "prerequisites": []
}, {
  "corequisites": [],
  "course_name": "SEMINAR",
  "course_number": "IE 607",
  "credits": "1-16",
  "description": "",
  "prerequisites": []
}]