[{
  "corequisites": [],
  "course_name": "SPECIAL TOPICS",
  "course_number": "INTL 399",
  "credits": "1-16",
  "description": "",
  "prerequisites": []
}, {
  "corequisites": [],
  "course_name": "PROJECTS: INTERNATIONAL PROJECTS",
  "course_number": "INTL 405",
  "credits": "1-16",
  "description": "",
  "prerequisites": []
}, {
  "corequisites": [],
  "course_name": "INTERNSHIP: INTERNATIONAL INTERNSHIPS AND SEMINAR",
  "course_number": "INTL 410",
  "credits": "1-16",
  "description": "Internships and seminars for students working abroad or working on an international project.",
  "prerequisites": []
}, {
  "corequisites": [],
  "course_name": "SPECIAL TOPICS",
  "course_number": "INTL 599",
  "credits": "1-16",
  "description": "",
  "prerequisites": []
}]