[{
  "corequisites": [],
  "course_name": "FIRST-YEAR ITALIAN",
  "course_number": "IT 111",
  "credits": "4",
  "description": "Development of listening comprehension, speaking, reading, and writing skills. Designed for students with no previous training in Italian. Native speakers of Italian will not receive credit for IT 111, IT 112, IT 113.",
  "prerequisites": []
}, {
  "corequisites": [],
  "course_name": "FIRST-YEAR ITALIAN",
  "course_number": "IT 112",
  "credits": "4",
  "description": "Development of listening comprehension, speaking, reading, and writing skills. Designed for students with no previous training in Italian. Native speakers of Italian will not receive credit for IT 111, IT 112, IT 113.",
  "prerequisites": [["IT 111"]]
}, {
  "corequisites": [],
  "course_name": "FIRST-YEAR ITALIAN",
  "course_number": "IT 113",
  "credits": "4",
  "description": "Development of listening comprehension, speaking, reading, and writing skills. Designed for students with no previous training in Italian. Native speakers of Italian will not receive credit for IT 111, IT 112, IT 113.",
  "prerequisites": [["IT 112"]]
}, {
  "corequisites": [],
  "course_name": "SPECIAL STUDIES",
  "course_number": "IT 199",
  "credits": "1-16",
  "description": "May be repeated for credit when topic varies. Not offered every year.",
  "prerequisites": []
}, {
  "corequisites": [],
  "course_name": "SECOND-YEAR ITALIAN",
  "course_number": "IT 211",
  "credits": "4",
  "description": "Develops more advanced listening comprehension, speaking, reading, and writing skills. Native speakers of Italian will not receive credit for IT 211, IT 212, IT 213.",
  "prerequisites": [["IT 113"]]
}, {
  "corequisites": [],
  "course_name": "SECOND-YEAR ITALIAN",
  "course_number": "IT 212",
  "credits": "4",
  "description": "Develops more advanced listening comprehension, speaking, reading, and writing skills. Native speakers of Italian will not receive credit for IT 211, IT 212, IT 213.",
  "prerequisites": [["IT 211"]]
}, {
  "corequisites": [],
  "course_name": "SECOND-YEAR ITALIAN",
  "course_number": "IT 213",
  "credits": "4",
  "description": "Develops more advanced listening comprehension, speaking, reading, and writing skills. Native speakers of Italian will not receive credit for IT 211, IT 212 IT 213.",
  "prerequisites": [["IT 212"]]
}, {
  "corequisites": [],
  "course_name": "SPECIAL STUDIES",
  "course_number": "IT 299",
  "credits": "1-16",
  "description": "May be repeated for credit when topic varies. Not offered every year.",
  "prerequisites": []
}, {
  "corequisites": [],
  "course_name": "READING AND CONFERENCE",
  "course_number": "IT 405",
  "credits": "1-16",
  "description": "",
  "prerequisites": []
}, {
  "corequisites": [],
  "course_name": "INTERNSHIP",
  "course_number": "IT 410",
  "credits": "1-15",
  "description": "",
  "prerequisites": []
}, {
  "corequisites": [],
  "course_name": "READING AND CONFERENCE",
  "course_number": "IT 505",
  "credits": "1-16",
  "description": "",
  "prerequisites": []
}]