[{
  "corequisites": [],
  "course_name": "FIRST-YEAR JAPANESE",
  "course_number": "JPN 111",
  "credits": "4",
  "description": "Designed to help students develop an understanding of basic language structures and to acquire the ability to use them appropriately in a variety of practical, everyday social contexts. Primary focus is on verbal and non-verbal communication skills. Native and/or bilingual speakers of Japanese will not receive credit for JPN 111, JPN 112, JPN 113.",
  "prerequisites": []
}, {
  "corequisites": [],
  "course_name": "FIRST-YEAR JAPANESE",
  "course_number": "JPN 112",
  "credits": "4",
  "description": "Designed to help students develop an understanding of basic language structures and to acquire the ability to use them appropriately in a variety of practical, everyday social contexts. Primary focus is on verbal and non-verbal communication skills. Native and/or bilingual speakers of Japanese will not receive credit for JPN 111, JPN 112, JPN 113.",
  "prerequisites": [["JPN 111"]]
}, {
  "corequisites": [],
  "course_name": "FIRST-YEAR JAPANESE",
  "course_number": "JPN 113",
  "credits": "4",
  "description": "Designed to help students develop an understanding of basic language structures and to acquire the ability to use them appropriately in a variety of practical, everyday social contexts. Primary focus is on verbal and non-verbal communication skills. Native and/or bilingual speakers of Japanese will not receive credit for JPN 111, JPN 112, JPN 113.",
  "prerequisites": [["JPN 112"]]
}, {
  "corequisites": [],
  "course_name": "INTRODUCTION TO KANJI",
  "course_number": "JPN 151",
  "credits": "1",
  "description": "Covers basic kanjis (Chinese characters) to complement the First Year Japanese course series. Explores characteristics and functions of kanji such as on-reading, kun-reading, and how and when to use them. Practices reading and writing kanjis. Taught in English.",
  "prerequisites": [["JPN 112"]]
}, {
  "corequisites": [],
  "course_name": "SPECIAL STUDIES: INTENSIVE JAPANESE",
  "course_number": "JPN 199",
  "credits": "1-16",
  "description": "May be repeated for credit when topic varies. Not offered every year.",
  "prerequisites": []
}, {
  "corequisites": [],
  "course_name": "SECOND-YEAR JAPANESE",
  "course_number": "JPN 211",
  "credits": "4",
  "description": "Continued development of basic oral communication skills as required in a variety of social contexts. Initial development of reading skills. Native and/or bilingual speakers of Japanese will not receive credit for JPN 211, JPN 212, JPN 213.",
  "prerequisites": [["JPN 113"]]
}, {
  "corequisites": [],
  "course_name": "SECOND-YEAR JAPANESE",
  "course_number": "JPN 212",
  "credits": "4",
  "description": "Continued development of basic oral communication skills as required in a variety of social contexts. Initial development of reading skills. Native and/or bilingual speakers of Japanese will not receive credit for JPN 211, JPN 212, JPN 213.",
  "prerequisites": [["JPN 211"]]
}, {
  "corequisites": [],
  "course_name": "SECOND-YEAR JAPANESE",
  "course_number": "JPN 213",
  "credits": "4",
  "description": "Continued development of basic oral communication skills as required in a variety of social contexts. Initial development of reading skills. Native and/or bilingual speakers of Japanese will not receive credit for JPN 211, JPN 212, JPN 213.",
  "prerequisites": [["JPN 212"]]
}, {
  "corequisites": [],
  "course_name": "SPECIAL STUDIES",
  "course_number": "JPN 299",
  "credits": "1-16",
  "description": "May be repeated for credit when topic varies. Not offered every year.",
  "prerequisites": []
}, {
  "corequisites": [],
  "course_name": "THIRD-YEAR JAPANESE",
  "course_number": "JPN 311",
  "credits": "3",
  "description": "Continued development of oral communication skills as required in a variety of social contexts. Further development of reading skills.",
  "prerequisites": [["JPN 213"]]
}, {
  "corequisites": [],
  "course_name": "THIRD-YEAR JAPANESE",
  "course_number": "JPN 312",
  "credits": "3",
  "description": "Continued development or oral communication skills as required in a variety of social contexts. Further development of reading skills.",
  "prerequisites": [["JPN 311"]]
}, {
  "corequisites": [],
  "course_name": "THIRD-YEAR JAPANESE",
  "course_number": "JPN 313",
  "credits": "3",
  "description": "Continued development or oral communication skills as required in a variety of social contexts. Further development of reading skills.",
  "prerequisites": []
}, {
  "corequisites": [],
  "course_name": "SPECIAL TOPICS IN LANGUAGE",
  "course_number": "JPN 329",
  "credits": "CULTURE",
  "description": "May be repeated for credit when topic varies. Not offered every year.",
  "prerequisites": []
}, {
  "corequisites": [],
  "course_name": "PROCTOR EXPERIENCE",
  "course_number": "JPN 379",
  "credits": "1-2",
  "description": "Supervised practicum for advanced students, with assignment as proctor or tutor in lower-division Japanese courses. No credit may be used to satisfy requirements for a minor in Japanese.",
  "prerequisites": []
}, {
  "corequisites": [],
  "course_name": "SPECIAL TOPICS",
  "course_number": "JPN 399",
  "credits": "1-16",
  "description": "May be repeated for credit when topic varies. Not offered every year.",
  "prerequisites": []
}, {
  "corequisites": [],
  "course_name": "INDEPENDENT STUDY",
  "course_number": "JPN 402",
  "credits": "1-16",
  "description": "",
  "prerequisites": []
}, {
  "corequisites": [],
  "course_name": "READING AND CONFERENCE",
  "course_number": "JPN 405",
  "credits": "1-16",
  "description": "",
  "prerequisites": []
}, {
  "corequisites": [],
  "course_name": "INTERNSHIP",
  "course_number": "JPN 410",
  "credits": "1-15",
  "description": "",
  "prerequisites": []
}, {
  "corequisites": [],
  "course_name": "INDEPENDENT STUDY",
  "course_number": "JPN 502",
  "credits": "1-16",
  "description": "",
  "prerequisites": []
}, {
  "corequisites": [],
  "course_name": "READING AND CONFERENCE",
  "course_number": "JPN 505",
  "credits": "1-16",
  "description": "",
  "prerequisites": []
}]