[{
  "corequisites": [],
  "course_name": "IMPERFECT & THRIVING",
  "course_number": "KIN 111",
  "credits": "2",
  "description": "Explores information and opportunities consistent with a positive transition to OSU in general, and the College of Health in particular. Emphasizes principles of health and wellness, enhancing a sense of belonging and engagement, resources that contribute to student success, as well as personal growth and development. CROSSLISTED as H 111/HDFS 111/KIN 111/NUTR 111.",
  "prerequisites": []
}, {
  "corequisites": [],
  "course_name": "INTRODUCTION TO KINESIOLOGY",
  "course_number": "KIN 131",
  "credits": "1",
  "description": "Overview of the field; career opportunities in exercise and sport science and other professions dealing with the discipline of human movement; orientation to support services.",
  "prerequisites": []
}, {
  "corequisites": [],
  "course_name": "INTRODUCTION TO THE ALLIED HEALTH PROFESSIONS",
  "course_number": "KIN 132",
  "credits": "1",
  "description": "Overview of allied health professions including physical and occupational therapy, physician assistant, nursing, athletic training and others. Discuss job responsibilities, employment opportunities and educational requirements.",
  "prerequisites": []
}, {
  "corequisites": [],
  "course_name": "SPECIAL TOPICS",
  "course_number": "KIN 199",
  "credits": "1-16",
  "description": "",
  "prerequisites": []
}, {
  "corequisites": [],
  "course_name": "RESEARCH AND SCHOLARSHIP",
  "course_number": "KIN 201",
  "credits": "1-16",
  "description": "",
  "prerequisites": []
}, {
  "corequisites": [],
  "course_name": "PROJECTS",
  "course_number": "KIN 206",
  "credits": "1-16",
  "description": "",
  "prerequisites": []
}, {
  "corequisites": [],
  "course_name": "INTRODUCTION TO ADVENTURE PROGRAMS",
  "course_number": "KIN 230",
  "credits": "3",
  "description": "Foundation course for leadership opportunities in the Adventure Leadership Institute (ALI). Provides overview of history, theoretical foundations, and utilization of adventure programs in education, recreation, and therapy.",
  "prerequisites": []
}, {
  "corequisites": [],
  "course_name": "SPECIAL TOPICS",
  "course_number": "KIN 299",
  "credits": "1-3",
  "description": "",
  "prerequisites": []
}, {
  "corequisites": [],
  "course_name": "RESEARCH AND SCHOLARSHIP",
  "course_number": "KIN 301",
  "credits": "1-16",
  "description": "",
  "prerequisites": []
}, {
  "corequisites": [],
  "course_name": "READING AND CONFERENCE",
  "course_number": "KIN 305",
  "credits": "1-16",
  "description": "",
  "prerequisites": []
}, {
  "corequisites": [],
  "course_name": "PROJECTS",
  "course_number": "KIN 306",
  "credits": "1-16",
  "description": "",
  "prerequisites": []
}, {
  "corequisites": [],
  "course_name": "SEMINAR",
  "course_number": "KIN 307",
  "credits": "1-3",
  "description": "Section 2: Seminar Pre-Internship (1 credit).",
  "prerequisites": []
}, {
  "corequisites": [],
  "course_name": "MOTOR BEHAVIOR",
  "course_number": "KIN 311",
  "credits": "4",
  "description": "Underlying mechanisms and factors affecting movement function, skill acquisition, and changes in movement behavior across the lifespan.",
  "prerequisites": [["BI 232", "BI 332"]]
}, {
  "corequisites": [],
  "course_name": "*SOCIOCULTURAL DIMENSIONS OF PHYSICAL ACTIVITY",
  "course_number": "KIN 312",
  "credits": "4",
  "description": "Physical activity in contemporary society. Relationships with the social processes; interrelationships between physical activity and cultural institutions. (Bacc Core Course)",
  "prerequisites": []
}, {
  "corequisites": [],
  "course_name": "INTRODUCTION TO ADAPTED PHYSICAL ACTIVITY",
  "course_number": "KIN 314",
  "credits": "3",
  "description": "Overview of cognitive, neuromuscular, sensory and orthopedic disabilities; understanding accessible physical activity programs for individuals with disabilities.",
  "prerequisites": []
}, {
  "corequisites": [],
  "course_name": "BIOMECHANICS OF HUMAN MOVEMENT",
  "course_number": "KIN 321",
  "credits": "4",
  "description": "Integration of the physical laws and anatomical structures governing human movement; qualitative analytical processes emphasized.",
  "prerequisites": [["BI 231"], ["BI 241", "BI 331"], ["BI 341"], ["MTH 112", "MTH 112Z", "MTH 251", "MTH 251H"]]
}, {
  "corequisites": [],
  "course_name": "EXERCISE PHYSIOLOGY",
  "course_number": "KIN 324",
  "credits": "4",
  "description": "Physiological effects of acute and chronic exercise; factors affecting human performance; exercise training principles.",
  "prerequisites": [["BI 233", "BI 333"], ["BI 231", "BI 331"], ["CH 121", "CH 231", "CH 231H"], ["CH 122", "CH 232", "CH 232H"], ["CH 123", "CH 233", "CH 233H", "CH 130"]]
}, {
  "corequisites": [],
  "course_name": "FITNESS ASSESSMENT AND EXERCISE PRESCRIPTION",
  "course_number": "KIN 325",
  "credits": "3",
  "description": "Introduction to physical fitness assessments and the skills needed to design safe and effective exercise programs for apparently healthy adults.",
  "prerequisites": [["KIN 324"]]
}, {
  "corequisites": [],
  "course_name": "NUTRITION FOR EXERCISE",
  "course_number": "KIN 341",
  "credits": "4",
  "description": "Review of the interrelationship between nutrition and exercise, including macronutrient, micronutrient and fluid needs for active individuals. CROSSLISTED as KIN 341/NUTR 341.",
  "prerequisites": [["KIN 324"], ["NUTR 240"]]
}, {
  "corequisites": [],
  "course_name": "PRE-THERAPY/ALLIED HEALTH SEMINAR",
  "course_number": "KIN 343",
  "credits": "1",
  "description": "Provides knowledge in professional school preparation and current issues related to the allied health professions.",
  "prerequisites": [["KIN 132", "BI 109"], ["BI 231"], ["BI 232"], ["BI 233"], ["BI 241"], ["BI 242"], ["BI 243"]]
}, {
  "corequisites": [["KIN 343"]],
  "course_name": "PRE-THERAPY/ALLIED HEALTH PRACTICUM",
  "course_number": "KIN 344",
  "credits": "1",
  "description": "Clinical field experiences under the supervision of a licensed professional in the allied health or related setting enhanced with classroom discussion.",
  "prerequisites": [["KIN 132"], ["BI 231"], ["BI 232"], ["BI 233"], ["BI 241"], ["BI 242"], ["BI 243"]]
}, {
  "corequisites": [],
  "course_name": "ALLIED HEALTH PRACTICUM",
  "course_number": "KIN 345",
  "credits": "1-2",
  "description": "Field experience under professional supervision in an allied health or related setting. Includes arranged consultations with the instructor to discuss current issues related to the allied health professions.",
  "prerequisites": []
}, {
  "corequisites": [],
  "course_name": "INJURY MANAGEMENT FOR THE PHYSICALLY ACTIVE",
  "course_number": "KIN 360",
  "credits": "3",
  "description": "Introduction to management of physical activity-related injury for the non-healthcare provider (e.g., coaches, physical educators and fitness professionals) and pre-professional.",
  "prerequisites": []
}, {
  "corequisites": [],
  "course_name": "PSYCHOLOGY OF SPORT AND PHYSICAL ACTIVITY",
  "course_number": "KIN 370",
  "credits": "3",
  "description": "Interaction between psychological variables and human motor performance.",
  "prerequisites": []
}, {
  "corequisites": [],
  "course_name": "PSYCHOLOGY OF SPORT AND PHYSICAL ACTIVITY",
  "course_number": "KIN 370H",
  "credits": "3",
  "description": "Interaction between psychological variables and human motor performance.",
  "prerequisites": []
}, {
  "corequisites": [],
  "course_name": "THERAPEUTIC MODALITIES",
  "course_number": "KIN 380",
  "credits": "4",
  "description": "Indications, contraindication, techniques, and effects of various physical agents used in the care and treatment of musculoskeletal injuries and diseases.",
  "prerequisites": []
}, {
  "corequisites": [],
  "course_name": "THERAPEUTIC EXERCISE",
  "course_number": "KIN 385",
  "credits": "4",
  "description": "Principles and techniques of therapeutic exercise; rehabilitative activities and programs for musculoskeletal injuries, conditions, and diseases. Lec/lab.",
  "prerequisites": [["KIN 321", "EXSS 321"]]
}, {
  "corequisites": [],
  "course_name": "PROFESSIONAL ACTIVITIES: RESISTANCE TRAINING PROGRAM DESIGN",
  "course_number": "KIN 394",
  "credits": "3",
  "description": "Presents the conceptual basis for optimizing resistance training program designs, exercise routines for all ages and fitness levels, correct exercise technique.",
  "prerequisites": [["KIN 324"], ["KIN 325"]]
}, {
  "corequisites": [],
  "course_name": "PROFESSIONAL ACTIVITIES: GROUP FITNESS",
  "course_number": "KIN 395",
  "credits": "3",
  "description": "Application of biomechanical, physiological, psychological and safety principles for the development of group exercise classes in a variety of modes and settings. Lec/lab.",
  "prerequisites": [["KIN 324", "EXSS 324"], ["KIN 325", "EXSS 325"]]
}, {
  "corequisites": [],
  "course_name": "PROFESSIONAL ACTIVITIES: AQUATICS",
  "course_number": "KIN 396",
  "credits": "3",
  "description": "Aquatic overview; emphasis on underlying hydrodynamic principles; includes safety, survival, stroke mechanics, aquatic exercise, training, games. Lec/lab/activity.",
  "prerequisites": []
}, {
  "corequisites": [],
  "course_name": "SPECIAL TOPICS",
  "course_number": "KIN 399",
  "credits": "1-3",
  "description": "",
  "prerequisites": []
}, {
  "corequisites": [],
  "course_name": "SPECIAL TOPICS",
  "course_number": "KIN 399H",
  "credits": "1-3",
  "description": "",
  "prerequisites": []
}, {
  "corequisites": [],
  "course_name": "RESEARCH AND SCHOLARSHIP",
  "course_number": "KIN 401",
  "credits": "1-16",
  "description": "",
  "prerequisites": []
}, {
  "corequisites": [],
  "course_name": "THESIS",
  "course_number": "KIN 403",
  "credits": "1-16",
  "description": "",
  "prerequisites": []
}, {
  "corequisites": [],
  "course_name": "READING AND CONFERENCE",
  "course_number": "KIN 405",
  "credits": "1-16",
  "description": "",
  "prerequisites": []
}, {
  "corequisites": [],
  "course_name": "PROJECTS",
  "course_number": "KIN 406",
  "credits": "1-16",
  "description": "",
  "prerequisites": []
}, {
  "corequisites": [],
  "course_name": "SEMINAR",
  "course_number": "KIN 407",
  "credits": "1-16",
  "description": "",
  "prerequisites": []
}, {
  "corequisites": [],
  "course_name": "WORKSHOP",
  "course_number": "KIN 408",
  "credits": "1-16",
  "description": "",
  "prerequisites": []
}, {
  "corequisites": [],
  "course_name": "PRACTICUM",
  "course_number": "KIN 409",
  "credits": "1-16",
  "description": "",
  "prerequisites": []
}, {
  "corequisites": [],
  "course_name": "INTERNSHIP",
  "course_number": "KIN 410",
  "credits": "1-15",
  "description": "Planned experiences at selected cooperating agencies, companies or institutions; supervised by university and - program personnel; supplementary conference, reports and appraisal required.",
  "prerequisites": []
}, {
  "corequisites": [],
  "course_name": "NEUROMUSCULAR CONTROL OF HUMAN MOVEMENT",
  "course_number": "KIN 411",
  "credits": "3",
  "description": "Exploration and understanding of the neurological basis of human movement with emphasis on models of motor function and dysfunction.",
  "prerequisites": [["KIN 311"]]
}, {
  "corequisites": [],
  "course_name": "FACILITATING PHYSICAL ACTIVITY FOR CHILDREN AND YOUTH",
  "course_number": "KIN 422",
  "credits": "3",
  "description": "Students learn skills for facilitating physical activity programs for children and youth in a variety of settings, including information on the benefits of physical activity, program design, implementation and management techniques.",
  "prerequisites": [["KIN 311", "EXSS 311"]]
}, {
  "corequisites": [],
  "course_name": "QUALITATIVE MOVEMENT ANALYSIS",
  "course_number": "KIN 423",
  "credits": "3",
  "description": "Develop observational skills to perform systematic qualitative analyses of selected physical activity performances and other human movements.",
  "prerequisites": [["KIN 311", "EXSS 311"], ["KIN 321", "EXSS 321"]]
}, {
  "corequisites": [],
  "course_name": "ANATOMICAL KINESIOLOGY",
  "course_number": "KIN 425",
  "credits": "4",
  "description": "Anatomical aspects of human movement; actions of bones and muscles in motor activities. Application of physical principles to factors governing anatomical function in health and injury.",
  "prerequisites": [["KIN 321"]]
}, {
  "corequisites": [],
  "course_name": "PHYSICAL ACTIVITY ASSESSMENT",
  "course_number": "KIN 432",
  "credits": "3",
  "description": "Assessment of physical activity using subjective and objective measurement methods with focus on applications for individuals, communities, and special populations.",
  "prerequisites": []
}, {
  "corequisites": [],
  "course_name": "APPLIED MUSCLE PHYSIOLOGY",
  "course_number": "KIN 434",
  "credits": "3",
  "description": "Skeletal muscle structure, function, and metabolism; applications to muscle fatigue, exercise training, inactivity, and aging.",
  "prerequisites": [["KIN 324"]]
}, {
  "corequisites": [],
  "course_name": "PHYSICAL ACTIVITY PROMOTION",
  "course_number": "KIN 435",
  "credits": "3",
  "description": "Application of behavioral science and public health research to the promotion of physical activity in individuals, groups and communities.",
  "prerequisites": [["KIN 370", "KIN 370H"]]
}, {
  "corequisites": [],
  "course_name": "PHYSICAL ACTIVITY",
  "course_number": "KIN 437",
  "credits": "AGING",
  "description": "Addresses the consequences of primary and secondary aging from an individual and public health perspective. Physiological changes associated with aging and chronic disease, functional assessment of older adults, and exercise prescription for older adults with and without chronic exercise will be emphasized.",
  "prerequisites": [["KIN 324"], ["KIN 325"]]
}, {
  "corequisites": [],
  "course_name": "ADVANCED ADAPTED PHYSICAL ACTIVITY",
  "course_number": "KIN 444",
  "credits": "3",
  "description": "Discuss various disability models and perspectives; reinforce determinants of physical activity; design and implement different physical activity programs and curricula for individuals with disabilities.",
  "prerequisites": [["KIN 314"]]
}, {
  "corequisites": [],
  "course_name": "BEHAVIORAL DIMENSIONS OF PHYSICAL ACTIVITY",
  "course_number": "KIN 462",
  "credits": "4",
  "description": "Adopting and maintaining an active, healthy lifestyle is difficult. This course explores \"why\" this might be the case and \"how\" to improve upon the situation.",
  "prerequisites": [["KIN 312"], ["KIN 370", "KIN 370H"]]
}, {
  "corequisites": [],
  "course_name": "EXERCISE PHYSIOLOGY LAB METHODS",
  "course_number": "KIN 474",
  "credits": "3",
  "description": "Practical experience and projects in exercise physiology lab methods, including measurement of submaximal and maximal oxygen consumption body composition, anaerobic power, and electrocardiography.",
  "prerequisites": [["KIN 324", "EXSS 324"], ["KIN 325", "EXSS 325"]]
}, {
  "corequisites": [],
  "course_name": "*POWER AND PRIVILEGE IN SPORT",
  "course_number": "KIN 475",
  "credits": "3",
  "description": "Issues of power and privilege in sport including race, gender, sexual orientation, disability and aggression and the consequences of long held society norms and stereotypes.",
  "prerequisites": [["KIN 312"]]
}, {
  "corequisites": [],
  "course_name": "^ANALYSIS OF CRITICAL ISSUES IN KINESIOLOGY",
  "course_number": "KIN 481",
  "credits": "3",
  "description": "Reading and interpreting current research, and using writing as a tool for learning on a critical issue in kinesiology.",
  "prerequisites": []
}, {
  "corequisites": [],
  "course_name": "TISSUE INJURY AND REPAIR",
  "course_number": "KIN 483",
  "credits": "3",
  "description": "Mechanics of tissue injury and the body's response and repair following injury of bone, muscle, tendon, ligament, cartilage and nervous system tissue.",
  "prerequisites": [["BI 231", "BI 331"], ["BI 241", "BI 341"], ["BI 232", "BI 332"], ["BI 242", "BI 342"], ["BI 233", "BI 333"], ["BI 243", "BI 343", "Z 331"], ["Z 332"], ["Z 333"], ["Z 341"], ["Z 342"], ["Z 343"]]
}, {
  "corequisites": [],
  "course_name": "SCIENTIFIC INQUIRY IN KINESIOLOGY",
  "course_number": "KIN 490",
  "credits": "4",
  "description": "Principles and techniques of organization, administration, interpretation and evaluation of exercise science-related data. Includes human subjects training and certification, research design, and statistical analysis using SPSS and Excel including central tendency, correlation and regression, probability, and inferential statistics (t-tests and ANOVA).",
  "prerequisites": [["KIN 325"], ["MTH 112", "MTH 112Z"]]
}, {
  "corequisites": [],
  "course_name": "SELECTED TOPICS",
  "course_number": "KIN 499",
  "credits": "1-5",
  "description": "",
  "prerequisites": []
}, {
  "corequisites": [],
  "course_name": "SELECTED TOPICS",
  "course_number": "KIN 499H",
  "credits": "1-5",
  "description": "",
  "prerequisites": []
}, {
  "corequisites": [],
  "course_name": "RESEARCH AND SCHOLARSHIP",
  "course_number": "KIN 501",
  "credits": "1-16",
  "description": "",
  "prerequisites": []
}, {
  "corequisites": [],
  "course_name": "THESIS",
  "course_number": "KIN 503",
  "credits": "1-16",
  "description": "",
  "prerequisites": []
}, {
  "corequisites": [],
  "course_name": "READING AND CONFERENCE",
  "course_number": "KIN 505",
  "credits": "1-16",
  "description": "",
  "prerequisites": []
}, {
  "corequisites": [],
  "course_name": "PROJECTS",
  "course_number": "KIN 506",
  "credits": "1-16",
  "description": "",
  "prerequisites": []
}, {
  "corequisites": [],
  "course_name": "SEMINAR",
  "course_number": "KIN 507",
  "credits": "1-16",
  "description": "Section 1: Seminar (1). Graduate research seminar that emphasizes student oral presentations of current research topics in exercise and sport science. One credit required for all graduate students. Section 2: Current Developments (1). Discussion of contemporary issues in the exercise and sport science literature. Topics vary by term. Two credits required of all doctoral students. Section 9: International Aspects (1). Discussion of international aspects of study in exercise and sport science. Required of all doctoral students.",
  "prerequisites": []
}, {
  "corequisites": [],
  "course_name": "WORKSHOP",
  "course_number": "KIN 508",
  "credits": "1-16",
  "description": "",
  "prerequisites": []
}, {
  "corequisites": [],
  "course_name": "PRACTICUM",
  "course_number": "KIN 509",
  "credits": "1-16",
  "description": "",
  "prerequisites": []
}, {
  "corequisites": [],
  "course_name": "INTERNSHIP",
  "course_number": "KIN 510",
  "credits": "1-16",
  "description": "Planned experiences at selected cooperating agencies, companies or institutions; supervised by university and program personnel; supplementary conference, reports and appraisal required.",
  "prerequisites": []
}, {
  "corequisites": [],
  "course_name": "APPLIED MOTOR LEARNING",
  "course_number": "KIN 512",
  "credits": "3",
  "description": "Application of research and theory to the teaching of motor skills with emphasis on development of instructional strategies related to modeling, knowledge of results, practice, and motivational aspects of learning.",
  "prerequisites": []
}, {
  "corequisites": [],
  "course_name": "MOTOR DEVELOPMENT: AN INTEGRATIVE APPROACH",
  "course_number": "KIN 513",
  "credits": "3",
  "description": "Addresses the social, cultural, biological and psychological processes and health-related factors (e.g., physical activity) that jointly influence lifespan motor development (emphasis on the early years).",
  "prerequisites": []
}, {
  "corequisites": [],
  "course_name": "MOTOR CONTROL AND MOVEMENT DYSFUNCTION",
  "course_number": "KIN 515",
  "credits": "3",
  "description": "Contemporary motor control theories and their application to the development of instructional and training programs for individuals with movement disorders caused by neurological disease and/or trauma.",
  "prerequisites": []
}, {
  "corequisites": [],
  "course_name": "BIOMECHANICS OF MOTOR ACTIVITIES",
  "course_number": "KIN 523",
  "credits": "3",
  "description": "Kinematic and kinetic analysis of volitional human movement with emphasis on analytical techniques and quantitative problem solving.",
  "prerequisites": []
}, {
  "corequisites": [],
  "course_name": "BIOMECHANICS OF MUSCULOSKELETAL INJURY",
  "course_number": "KIN 525",
  "credits": "3",
  "description": "Mechanical causes and effects of forces applied to the musculoskeletal system, material properties of human tissues, pathomechanics of injury, and degenerative changes across the lifespan. Not offered every year.",
  "prerequisites": []
}, {
  "corequisites": [],
  "course_name": "PHYSIOLOGY OF PHYSICAL ACTIVITY AND INACTIVITY",
  "course_number": "KIN 531",
  "credits": "3",
  "description": "Physiologic responses to acute and chronic physical activity and inactivity with emphasis on underlying mechanisms and health outcomes.",
  "prerequisites": []
}, {
  "corequisites": [],
  "course_name": "PHYSICAL ACTIVITY ASSESSMENT",
  "course_number": "KIN 532",
  "credits": "3",
  "description": "Assessment of physical activity using subjective and objective measurement methods with focus on applications for individuals, communities, and special populations.",
  "prerequisites": []
}, {
  "corequisites": [],
  "course_name": "ENERGETICS AND BIOCHEMISTRY OF EXERCISE",
  "course_number": "KIN 533",
  "credits": "3",
  "description": "Metabolic and energetic responses to acute and chronic physical activity; emphasis on recent research.",
  "prerequisites": []
}, {
  "corequisites": [],
  "course_name": "PHYSICAL ACTIVITY PROMOTION",
  "course_number": "KIN 535",
  "credits": "3",
  "description": "Application of behavioral science and public health research to the promotion of physical activity in individuals, groups and communities.",
  "prerequisites": []
}, {
  "corequisites": [],
  "course_name": "PHYSICAL ACTIVITY IN DIVERSE POPULATIONS",
  "course_number": "KIN 536",
  "credits": "3",
  "description": "Addresses the social, cultural, political, and environmental determinants of physical activity and health among diverse populations. Includes examination of intersecting issues related to race, ethnicity, gender, age, disability, geography, income status, and other societal factors across the lifespan for promoting physical activity through public health strategies.",
  "prerequisites": []
}, {
  "corequisites": [],
  "course_name": "ADVANCED ADAPTED PHYSICAL ACTIVITY",
  "course_number": "KIN 544",
  "credits": "3",
  "description": "Discuss various disability models and perspectives; reinforce determinants of physical activity; design and implement different physical activity programs and curricula for individuals with disabilities.",
  "prerequisites": []
}, {
  "corequisites": [],
  "course_name": "INCLUSION IN PHYSICAL ACTIVITY",
  "course_number": "KIN 547",
  "credits": "3",
  "description": "Effectiveness of physical activity programs provided in inclusive settings. This will include a lifespan/non-categorical approach to program development.",
  "prerequisites": []
}, {
  "corequisites": [],
  "course_name": "ASSESSMENT AND PROGRAMMING FOR SPECIAL POPULATIONS",
  "course_number": "KIN 548",
  "credits": "3",
  "description": "Use of appropriate assessment procedures for developing effective psychomotor programs for the disabled.",
  "prerequisites": []
}, {
  "corequisites": [],
  "course_name": "PHYSICAL ACTIVITY FOR PERSONS WITH SEVERE DISABILITIES",
  "course_number": "KIN 549",
  "credits": "3",
  "description": "Plan, develop and implement appropriate physical activity programs, functional program design, assistive technology, instructional strategies, behavior management practices, and data analysis systems that address the needs for psychomotor performance of persons with low incidence disabilities.",
  "prerequisites": []
}, {
  "corequisites": [],
  "course_name": "HEALTH PROMOTION FOR PEOPLE WITH DISABILITIES",
  "course_number": "KIN 550",
  "credits": "3",
  "description": "Discussion will focus on disability and health, theory driving health promotion program development, guidelines for developing a program for individuals with disabilities, and program evaluation.",
  "prerequisites": []
}, {
  "corequisites": [],
  "course_name": "CURRENT TRENDS AND ISSUES IN PHYSICAL EDUCATION",
  "course_number": "KIN 551",
  "credits": "4",
  "description": "Current trends and issues in physical education, including curriculum development, professional ethics, instructional practices, and physical activity for the school community.",
  "prerequisites": []
}, {
  "corequisites": [],
  "course_name": "INSTRUCTIONAL ANALYSIS TECHNIQUES I",
  "course_number": "KIN 553",
  "credits": "3",
  "description": "Introduction to techniques of instructional analysis. Provides in-depth information and training in systematic observation techniques, raw data conversion and inter/intraobserver reliability.",
  "prerequisites": []
}, {
  "corequisites": [],
  "course_name": "INSTRUCTIONAL ANALYSIS TECHNIQUES II",
  "course_number": "KIN 554",
  "credits": "3",
  "description": "Laboratory/seminar experience to accompany student teaching winter and spring terms. Provides continued application of systematic observation techniques throughout the elementary student teaching experience.",
  "prerequisites": []
}, {
  "corequisites": [],
  "course_name": "SKILL ANALYSIS AND ASSESSMENT IN K-12",
  "course_number": "KIN 555",
  "credits": "3",
  "description": "Develop proficiency in assessing movement skills, execution of sport techniques, and game play performance. Assessment trends and practices utilized in physical education programs are included.",
  "prerequisites": []
}, {
  "corequisites": [],
  "course_name": "INSTRUCTIONAL SKILLS I",
  "course_number": "KIN 556",
  "credits": "3",
  "description": "Skills of planning, implementing, and evaluating programs of instruction in physical education, grades K-12.",
  "prerequisites": []
}, {
  "corequisites": [],
  "course_name": "INSTRUCTIONAL SKILLS II",
  "course_number": "KIN 557",
  "credits": "2",
  "description": "Applying and refining skills of planning, implementing, and evaluating programs of instruction in physical education, grades K-12.",
  "prerequisites": []
}, {
  "corequisites": [],
  "course_name": "PHYSICAL EDUCATION CURRICULUM DESIGN AND ORGANIZATION",
  "course_number": "KIN 558",
  "credits": "3",
  "description": "Curricular programs and variations from kindergarten through grade 12, administrative policies and practices.",
  "prerequisites": []
}, {
  "corequisites": [],
  "course_name": "THE PHYSICAL EDUCATOR AS A PROFESSIONAL",
  "course_number": "KIN 559",
  "credits": "1",
  "description": "Transitioning to teaching, developing a portfolio, certification, obtaining a position, teacher burnout, professionalism, problems of first-year teachers, developing patterns of behavior that lead to a successful career.",
  "prerequisites": []
}, {
  "corequisites": [],
  "course_name": "MOTIVATION IN PHYSICAL ACTIVITY",
  "course_number": "KIN 560",
  "credits": "3",
  "description": "A social psychological approach to understanding the role of self-perceptions and cognitions in explaining motivated behavior in sport and exercise settings.",
  "prerequisites": []
}, {
  "corequisites": [],
  "course_name": "PSYCHOSOCIAL FACTORS IN PHYSICAL ACTIVITY",
  "course_number": "KIN 561",
  "credits": "3",
  "description": "A social psychological approach to understanding the role of social interactions and contextual factors in explaining human behavior in sport and exercise settings.",
  "prerequisites": []
}, {
  "corequisites": [],
  "course_name": "LIFESPAN SPORT AND EXERCISE PSYCHOLOGY",
  "course_number": "KIN 562",
  "credits": "3",
  "description": "Social-psychological issues across the lifespan in the context of sport and exercise.",
  "prerequisites": []
}, {
  "corequisites": [],
  "course_name": "PROGRAM CAPSTONE AND SYNTHESIS",
  "course_number": "KIN 564",
  "credits": "3",
  "description": "Capstone course in which teacher candidates will review and update their teaching philosophy; showcase their Physical Education master’s portfolio; and develop a plan for professional development.",
  "prerequisites": [["KIN 510"]]
}, {
  "corequisites": [],
  "course_name": "MEASUREMENT IN HUMAN MOVEMENT",
  "course_number": "KIN 573",
  "credits": "3",
  "description": "Measurement theory applied to the study of human movement. Principles and methods for assessing validity and reliability of norm-referenced and criterion-referenced tests in the motor domain.",
  "prerequisites": []
}, {
  "corequisites": [],
  "course_name": "RESEARCH IN HUMAN MOVEMENT",
  "course_number": "KIN 575",
  "credits": "3",
  "description": "Investigation and evaluation of research methods applicable to human movement study and professional physical education",
  "prerequisites": []
}, {
  "corequisites": [],
  "course_name": "SPECIAL TOPICS",
  "course_number": "KIN 599",
  "credits": "1-16",
  "description": "",
  "prerequisites": []
}, {
  "corequisites": [],
  "course_name": "RESEARCH AND SCHOLARSHIP",
  "course_number": "KIN 601",
  "credits": "1-16",
  "description": "",
  "prerequisites": []
}, {
  "corequisites": [],
  "course_name": "THESIS",
  "course_number": "KIN 603",
  "credits": "1-16",
  "description": "",
  "prerequisites": []
}, {
  "corequisites": [],
  "course_name": "READING AND CONFERENCE",
  "course_number": "KIN 605",
  "credits": "1-16",
  "description": "",
  "prerequisites": []
}, {
  "corequisites": [],
  "course_name": "PROJECTS",
  "course_number": "KIN 606",
  "credits": "1-16",
  "description": "",
  "prerequisites": []
}, {
  "corequisites": [],
  "course_name": "SEMINAR",
  "course_number": "KIN 607",
  "credits": "1-16",
  "description": "Section 1: Graduate Research (1). Seminar emphasizes student oral presentations of current research topics in exercise and sport science. One credit required of all graduate students. Section 3: Current Developments (1). Discussion of contemporary issues in the exercise and sport science literature. Topics vary by term. Two credits required of all doctoral students. Section 9: International Aspects (1). Discussion of international aspects of study in exercise and sport science. Required of all doctoral students.",
  "prerequisites": []
}, {
  "corequisites": [],
  "course_name": "PROFESSIONAL INTERNSHIP: PHYSICAL EDUCATION",
  "course_number": "KIN 610",
  "credits": "1-15",
  "description": "Field experience in which the term will integrate academic study with classroom teaching experience to learn specific competencies relating to functioning well in the context of the classroom and the school, and demonstrate this competency through the assessment of work by supervisors and by evidence collected and presented in work samples.",
  "prerequisites": []
}, {
  "corequisites": [],
  "course_name": "CURRENT TOPICS AND RESEARCH IN ADAPTED PHYSICAL ACTIVITY",
  "course_number": "KIN 647",
  "credits": "3",
  "description": "Current trends and critical research issues in adapted physical activity; focus on international and national trends. Topic will be variable.",
  "prerequisites": []
}, {
  "corequisites": [],
  "course_name": "SPECIAL TOPICS",
  "course_number": "KIN 699",
  "credits": "1-16",
  "description": "Current issues, trends, and topics in KIN research. May be repeated for credit with different topics.",
  "prerequisites": []
}]