[{
  "corequisites": [],
  "course_name": "PERSONAL LEADERSHIP DEVELOPMENT",
  "course_number": "LEAD 242",
  "credits": "3",
  "description": "Examines content related to leadership traits, styles, and effective leadership tactics. An introductory course designed to create awareness and develop the employability skills necessary for participants to be productive contributors in their school, home, community and profession.",
  "prerequisites": []
}, {
  "corequisites": [],
  "course_name": "*MULTICULTURAL LEADERSHIP",
  "course_number": "LEAD 252",
  "credits": "3",
  "description": "Explores and examines the dynamic subject of multicultural leadership from multiple perspectives, using examples from throughout the U.S. and around the world, and employs an international lens for inquiry. Emphasizes \"effective\" leadership across cultures; cultural styles and awareness; social dimensions of culture; leading with cultural intelligence, and multicultural leadership effectiveness. Builds multicultural leadership competencies in order to create effective and mindful leaders. Prepares students to be global leaders in their prospective communities.",
  "prerequisites": []
}, {
  "corequisites": [],
  "course_name": "*TEAM AND ORGANIZATIONAL LEADERSHIP",
  "course_number": "LEAD 342",
  "credits": "3",
  "description": "Examines the planning, implementation and evaluation of organizations, and challenges students in the development of effective communication, group dynamics, conflict management, teambuilding and problem solving. Students will explore the development of successful teams, multiple roles within teams, improving group performance, group decision making, how to manage conflict in teams, enhancing diversity in teams, creating a culture of creativity and innovation, and the evaluation of teams.",
  "prerequisites": []
}, {
  "corequisites": [],
  "course_name": "LEADERSHIP RESEARCH",
  "course_number": "LEAD 401",
  "credits": "1-16",
  "description": "",
  "prerequisites": []
}, {
  "corequisites": [],
  "course_name": "READING AND CONFERENCE",
  "course_number": "LEAD 405",
  "credits": "1-16",
  "description": "",
  "prerequisites": []
}, {
  "corequisites": [],
  "course_name": "SEMINAR",
  "course_number": "LEAD 407",
  "credits": "1-16",
  "description": "",
  "prerequisites": []
}, {
  "corequisites": [],
  "course_name": "PRACTICUM",
  "course_number": "LEAD 409",
  "credits": "1-16",
  "description": "",
  "prerequisites": []
}, {
  "corequisites": [],
  "course_name": "LEADERSHIP INTERNSHIP",
  "course_number": "LEAD 410",
  "credits": "1-16",
  "description": "",
  "prerequisites": []
}, {
  "corequisites": [],
  "course_name": "FOUNDATIONS OF ADVENTURE LEADERSHIP",
  "course_number": "LEAD 430",
  "credits": "3",
  "description": "Examines leadership concepts utilized in adventure education and provides a foundation for leadership opportunities. Presents an overview of the history, theoretical foundations and utilization of adventure leadership. Focused leadership topics include theoretical foundations of adventure leadership, learning styles in effective leadership, facilitation techniques in leadership activities, and situational leadership tactics.",
  "prerequisites": []
}, {
  "corequisites": [],
  "course_name": "BACKCOUNTRY LEADERSHIP",
  "course_number": "LEAD 432",
  "credits": "3",
  "description": "Prepares students to be leaders in outdoor settings by building the practical and logistical skills needed in the effective delivery of courses and/or trips. Covers the teaching skills and essentials for trip leaders in the wilderness, including trip planning, logistics, risk management, and group interaction in the backcountry. Focuses on leadership development and leading groups, focus on special populations, social justice, and situational leadership skills.",
  "prerequisites": []
}, {
  "corequisites": [],
  "course_name": "TEACHING AND LEADING TECHNIQUES FOR OUTDOOR ACTIVITIES",
  "course_number": "LEAD 433",
  "credits": "3",
  "description": "Plans and executes an activity course for students, including class sessions and at least one outing. Emphasizes teaching and leading groups through outdoor activities at a professional level, including risk management, trip logistics, policies, response plans, evacuation skills, situational leadership theory, and group development. Explores their personal leadership styles and how to adapt based on the group's needs. Instructor guides student through implementation and reflection of leadership skills and styles throughout the course.",
  "prerequisites": [["LEAD 432"]]
}, {
  "corequisites": [],
  "course_name": "LEADERSHIP SKILLS FOR CAREER SUCCESS",
  "course_number": "LEAD 442",
  "credits": "3",
  "description": "Focuses on the development and refinement of the following leadership skills: utilizing diversity, team building, project management, program planning models, working with difficult people, conflict management, leading change, establishing an effective network, organizational strategies, and emotional intelligence.",
  "prerequisites": []
}, {
  "corequisites": [],
  "course_name": "LEADERSHIP THROUGH CONVERSATIONS",
  "course_number": "LEAD 443",
  "credits": "3",
  "description": "Engages students in the exploration of conversations as a component of leadership. Students will engage in topics related to developing effective conversations, listening, conversation styles, group dynamics, digital communication, meetings as conversations and interviewing skills.",
  "prerequisites": []
}, {
  "corequisites": [],
  "course_name": "LEADERSHIP MINOR CAPSTONE",
  "course_number": "LEAD 444",
  "credits": "2",
  "description": "Capstone course for students completing the Leadership minor. Students will reflect on what they have learned through the Leadership minor and how to apply that learning in the context of their future careers.",
  "prerequisites": []
}, {
  "corequisites": [],
  "course_name": "RESEARCH AND SCHOLARSHIP",
  "course_number": "LEAD 501",
  "credits": "1-16",
  "description": "",
  "prerequisites": []
}, {
  "corequisites": [],
  "course_name": "INDEPENDENT STUDY",
  "course_number": "LEAD 502",
  "credits": "1-16",
  "description": "",
  "prerequisites": []
}, {
  "corequisites": [],
  "course_name": "READING AND CONFERENCE",
  "course_number": "LEAD 505",
  "credits": "1-16",
  "description": "",
  "prerequisites": []
}, {
  "corequisites": [],
  "course_name": "SPECIAL PROBLEMS/SPECIAL PROJECTS",
  "course_number": "LEAD 506",
  "credits": "1-16",
  "description": "",
  "prerequisites": []
}, {
  "corequisites": [],
  "course_name": "SEMINAR",
  "course_number": "LEAD 507",
  "credits": "1-16",
  "description": "",
  "prerequisites": []
}, {
  "corequisites": [],
  "course_name": "PRACTICUM",
  "course_number": "LEAD 509",
  "credits": "1-16",
  "description": "",
  "prerequisites": []
}, {
  "corequisites": [],
  "course_name": "INTERNSHIP",
  "course_number": "LEAD 510",
  "credits": "1-16",
  "description": "",
  "prerequisites": []
}, {
  "corequisites": [],
  "course_name": "FOUNDATIONS OF ADVENTURE LEADERSHIP",
  "course_number": "LEAD 530",
  "credits": "3",
  "description": "Examines leadership concepts utilized in adventure education and provides a foundation for leadership opportunities. Presents an overview of the history, theoretical foundations and utilization of adventure leadership. Focused leadership topics include theoretical foundations of adventure leadership, learning styles in effective leadership, facilitation techniques in leadership activities, and situational leadership tactics.",
  "prerequisites": []
}, {
  "corequisites": [],
  "course_name": "BACKCOUNTRY LEADERSHIP",
  "course_number": "LEAD 532",
  "credits": "3",
  "description": "Prepares students to be leaders in outdoor settings by building the practical and logistical skills needed in the effective delivery of courses and/or trips. Covers the teaching skills and essentials for trip leaders in the wilderness, including trip planning, logistics, risk management, and group interaction in the backcountry. Focuses on leadership development and leading groups, focus on special populations, social justice, and situational leadership skills.",
  "prerequisites": []
}, {
  "corequisites": [],
  "course_name": "TEACHING AND LEADING TECHNIQUES FOR OUTDOOR ACTIVITIES",
  "course_number": "LEAD 533",
  "credits": "3",
  "description": "Plans and executes an activity course for students, including class sessions and at least one outing. Emphasizes teaching and leading groups through outdoor activities at a professional level, including risk management, trip logistics, policies, response plans, evacuation skills, situational leadership theory, and group development. Explores their personal leadership styles and how to adapt based on the group's needs. Instructor guides student through implementation and reflection of leadership skills and styles throughout the course.",
  "prerequisites": [["LEAD 532"]]
}, {
  "corequisites": [],
  "course_name": "LEADERSHIP SKILLS FOR CAREER SUCCESS",
  "course_number": "LEAD 542",
  "credits": "3",
  "description": "Focuses on the development and refinement of the following leadership skills: utilizing diversity, team building, project management, program planning models, working with difficult people, conflict management, leading change, establishing an effective network, organizational strategies, and emotional intelligence.",
  "prerequisites": []
}, {
  "corequisites": [],
  "course_name": "LEADERSHIP THROUGH CONVERSATIONS",
  "course_number": "LEAD 543",
  "credits": "3",
  "description": "Engages students in the exploration of conversations as a component of leadership. Students will engage in topics related to developing effective conversations, listening, conversation styles, group dynamics, digital communication, meetings as conversations and interviewing skills.",
  "prerequisites": []
}, {
  "corequisites": [],
  "course_name": "LEADING AUTHENTICALLY: FOUNDATIONS OF LEADERSHIP",
  "course_number": "LEAD 580",
  "credits": "3",
  "description": "The foundational course for students in graduate leadership coursework. Students will explore leadership theories to develop an understanding of how to be an authentic leader. Students will analyze and apply course content in relation to their own personal leadership experiences and gain perspectives and tools to influence their future.",
  "prerequisites": []
}, {
  "corequisites": [],
  "course_name": "LEADING OTHERS:ENHANCING TEAM AND ORGANIZATIONAL PERFORMANCE",
  "course_number": "LEAD 581",
  "credits": "3",
  "description": "A foundational course for group, team, and organizational leadership. Throughout this course, you will become familiar with the necessary conditions for designing effective teams and work groups, best practices and processes needed for maximum productivity, strategies to resolve common issues in teams, and methods to evaluate team performance.",
  "prerequisites": []
}, {
  "corequisites": [],
  "course_name": "LEADING CHANGE: LEADING",
  "course_number": "LEAD 582",
  "credits": "MOTIVATING",
  "description": "Examines and synthesizes leadership content to form a personal and professional foundation for being remarkable. Drawing on 15 different being remarkable qualities, students will be challenged to develop and apply the skills needed for leadership success.",
  "prerequisites": []
}]