[{
  "corequisites": [],
  "course_name": "MASTER/APPRENTICE STUDY OF A LESS COMMONLY TAUGHT LANGUAGE",
  "course_number": "LING 114",
  "credits": "1-4",
  "description": "LING 114, LING 115, and LING 116 provides context-rich beginning language instruction, in close collaboration with a native speaker, of a language otherwise not taught at OSU. Learners work toward a level of communicative proficiency approaching the intermediate low level in each of the primary skill areas. Four credits of one language are required before moving on to the next course in the sequence. May be repeated for credit for up to three languages. Not for students who have previous proficiency in the target language.",
  "prerequisites": []
}, {
  "corequisites": [],
  "course_name": "MASTER/APPRENTICE STUDY OF A LESS COMMONLY TAUGHT LANGUAGE",
  "course_number": "LING 115",
  "credits": "1-4",
  "description": "LING 114, LING 115, and LING 116 provides context-rich beginning language instruction, in close collaboration with a native speaker, of a language otherwise not taught at OSU. Learners work toward a level of communicative proficiency approaching the intermediate low level in each of the primary skill areas. Four credits of one language are required before moving on to the next course in the sequence. May be repeated for credit for up to three languages. Not for students who have previous proficiency in the target language.",
  "prerequisites": []
}, {
  "corequisites": [],
  "course_name": "MASTER/APPRENTICE STUDY OF A LESS COMMONLY TAUGHT LANGUAGE",
  "course_number": "LING 116",
  "credits": "1-4",
  "description": "LING 114, LING 115, and LING 116 provides context-rich beginning language instruction, in close collaboration with a native speaker, of a language otherwise not taught at OSU. Learners work toward a level of communicative proficiency approaching the intermediate low level in each of the primary skill areas. Four credits of one language are required before moving on to the next course in the sequence. May be repeated for credit for up to three languages. Not for students who have previous proficiency in the target language.",
  "prerequisites": []
}, {
  "corequisites": [],
  "course_name": "SPECIAL TOPICS",
  "course_number": "LING 199",
  "credits": "1-16",
  "description": "May be repeated for credit when topic varies. Not offered every year.",
  "prerequisites": []
}, {
  "corequisites": [],
  "course_name": "INTRODUCTION TO LANGUAGE",
  "course_number": "LING 201",
  "credits": "LINGUISTICS",
  "description": "Examines linguistic diversity systematically and critically. Explores everyday, ordinary connections between language and larger power dynamics. Provides linguistic tools for navigating everyday social and cultural interactions. Describes and explains the linguistic subfields and disciplines, and presents various techniques of linguistic analysis through problem-solving experience.",
  "prerequisites": []
}, {
  "corequisites": [],
  "course_name": "*LANGUAGES OF OREGON",
  "course_number": "LING 251",
  "credits": "3",
  "description": "Basic lessons in languages spoken in Oregon's minority language communities presented by native informants; discussion, language analysis, and assessment facilitated by linguistics faculty. Languages presented will vary. (Bacc Core Course)",
  "prerequisites": []
}, {
  "corequisites": [],
  "course_name": "SPECIAL TOPICS",
  "course_number": "LING 299",
  "credits": "1-16",
  "description": "May be repeated for credit when topic varies. Not offered every year.",
  "prerequisites": []
}, {
  "corequisites": [],
  "course_name": "THE SOUNDS OF LANGUAGE: PHONETICS AND PHONOLOGY",
  "course_number": "LING 311",
  "credits": "3",
  "description": "Examines key topics in phonetics and phonology ranging from the anatomy of the vocal tract to the cognitive processes behind the comprehension of speech sounds; spoken and non-spoken languages take focus. Explores and evaluates key phonological theories, common phonological processes, and computational techniques for speech analysis. Critically analyzes relationships between phonetics/phonology and sociolinguistic variation, first language acquisition, and second language learning. Provides linguistic tools for examining phonetics and phonology in everyday life.",
  "prerequisites": [["LING 201"]]
}, {
  "corequisites": [],
  "course_name": "SPECIAL TOPICS",
  "course_number": "LING 399",
  "credits": "1-16",
  "description": "May be repeated for credit when topic varies. Not offered every year.",
  "prerequisites": []
}, {
  "corequisites": [],
  "course_name": "RESEARCH",
  "course_number": "LING 401",
  "credits": "1-16",
  "description": "",
  "prerequisites": []
}, {
  "corequisites": [],
  "course_name": "INDEPENDENT STUDY",
  "course_number": "LING 402",
  "credits": "1-16",
  "description": "",
  "prerequisites": []
}, {
  "corequisites": [],
  "course_name": "THESIS",
  "course_number": "LING 403",
  "credits": "1-16",
  "description": "",
  "prerequisites": []
}, {
  "corequisites": [],
  "course_name": "READING AND CONFERENCE",
  "course_number": "LING 405",
  "credits": "1-16",
  "description": "",
  "prerequisites": []
}, {
  "corequisites": [],
  "course_name": "SEMINAR",
  "course_number": "LING 407",
  "credits": "1-16",
  "description": "",
  "prerequisites": []
}, {
  "corequisites": [],
  "course_name": "INTERNSHIP",
  "course_number": "LING 410",
  "credits": "1-15",
  "description": "",
  "prerequisites": []
}, {
  "corequisites": [],
  "course_name": "SPECIAL TOPICS",
  "course_number": "LING 499",
  "credits": "1-16",
  "description": "May be repeated for credit when topic varies. Not offered every year.",
  "prerequisites": []
}, {
  "corequisites": [],
  "course_name": "RESEARCH",
  "course_number": "LING 501",
  "credits": "1-16",
  "description": "",
  "prerequisites": []
}, {
  "corequisites": [],
  "course_name": "INDEPENDENT STUDY",
  "course_number": "LING 502",
  "credits": "1-16",
  "description": "",
  "prerequisites": []
}, {
  "corequisites": [],
  "course_name": "THESIS",
  "course_number": "LING 503",
  "credits": "1-16",
  "description": "",
  "prerequisites": []
}, {
  "corequisites": [],
  "course_name": "READING AND CONFERENCE",
  "course_number": "LING 505",
  "credits": "1-16",
  "description": "",
  "prerequisites": []
}, {
  "corequisites": [],
  "course_name": "SEMINAR",
  "course_number": "LING 507",
  "credits": "1-16",
  "description": "",
  "prerequisites": []
}, {
  "corequisites": [],
  "course_name": "PRACTICUM",
  "course_number": "LING 509",
  "credits": "1-16",
  "description": "",
  "prerequisites": []
}, {
  "corequisites": [],
  "course_name": "INTERNSHIP",
  "course_number": "LING 510",
  "credits": "1-15",
  "description": "",
  "prerequisites": []
}, {
  "corequisites": [],
  "course_name": "SPECIAL TOPICS",
  "course_number": "LING 599",
  "credits": "1-16",
  "description": "",
  "prerequisites": []
}]