[{
  "corequisites": [],
  "course_name": "ORIENTATION TO MICROBIOLOGY",
  "course_number": "MB 110",
  "credits": "1",
  "description": "Introduction of incoming microbiology students to college life with an emphasis on faculties, facilities, services, and curricula in microbiology. Exposure to career opportunities in microbiology.",
  "prerequisites": []
}, {
  "corequisites": [],
  "course_name": "+*INTRODUCTORY MICROBIOLOGY",
  "course_number": "MB 230",
  "credits": "4",
  "description": "Explores microbiology as it affects our everyday lives. Examines the fundamental roles and properties of microorganisms across the Tree of Life, and their impact on health, food/water sanitation, environment, industry, and genetic engineering. Engages in scientific conversations discussing historical and current concepts in microbiology, and their relevance to daily life and to society. Builds proficiency in hands-on laboratory experiments, and analysis and communication of the results.",
  "prerequisites": []
}, {
  "corequisites": [],
  "course_name": "*ALLIED HEALTH MICROBIOLOGY",
  "course_number": "MB 255",
  "credits": "4",
  "description": "General properties of cellular microbes and viruses, microbial biochemistry and genetics, pathogenesis and disease, immunity, and microbial infections. Emphasizes medical microbiology, infectious diseases, and public health. Not intended for biological sciences majors. CROSSLISTED as BHS 255/MB 255.",
  "prerequisites": []
}, {
  "corequisites": [],
  "course_name": "SUCCESS IN MICROBIOLOGY",
  "course_number": "MB 290",
  "credits": "1",
  "description": "Science skills, science literacy, ethics, and professional development to build a successful career in Microbiology. Learn the process of research, access and analyze primary literature, evaluate user-generated science content, practice professional skills, and identify and plan for experience-building opportunities such as jobs, research and internships. Sophomore standing or higher.",
  "prerequisites": []
}, {
  "corequisites": [],
  "course_name": "SPECIAL TOPICS",
  "course_number": "MB 299",
  "credits": "1-16",
  "description": "May be repeated for credit when topic varies.",
  "prerequisites": []
}, {
  "corequisites": [],
  "course_name": "SPECIAL TOPICS",
  "course_number": "MB 299H",
  "credits": "1-16",
  "description": "May be repeated for credit when topic varies.",
  "prerequisites": []
}, {
  "corequisites": [],
  "course_name": "GENERAL MICROBIOLOGY",
  "course_number": "MB 302",
  "credits": "3",
  "description": "Emphasizes cytology, physiology, virology, growth and control of growth with coverage of the role of microorganisms in nature, in disease, and as useful tools.",
  "prerequisites": [["CH 332", "CH 335"], ["BI 212", "BI 212H"], ["BI 213", "BI 213H", "BI 204"], ["BI 205"], ["BI 206", "BI 221", "BI 221H"], ["BI 222", "BI 222H"]]
}, {
  "corequisites": [],
  "course_name": "GENERAL MICROBIOLOGY",
  "course_number": "MB 302H",
  "credits": "3",
  "description": "Emphasizes cytology, physiology, virology, growth and control of growth with coverage of the role of microorganisms in nature, in disease, and as useful tools.",
  "prerequisites": [["CH 332", "CH 335"], ["BI 212", "BI 212H"], ["BI 213", "BI 213H", "BI 204"], ["BI 205"], ["BI 206", "BI 221", "BI 221H"], ["BI 222", "BI 222H"]]
}, {
  "corequisites": [],
  "course_name": "GENERAL MICROBIOLOGY LABORATORY",
  "course_number": "MB 303",
  "credits": "2",
  "description": "Development of laboratory techniques; exercises designed to reinforce concepts covered in MB 302.",
  "prerequisites": [["MB 302", "MB 302H"]]
}, {
  "corequisites": [],
  "course_name": "LABORATORY AND COMPUTATIONAL SKILLS IN MICROBIOLOGY",
  "course_number": "MB 305",
  "credits": "2",
  "description": "Explores biological, technical, and bioinformatic concepts related to the analysis and preparation of microbiological samples relevant to human health and infection. Applies these concepts during the performance of activities, exercises, and computational analyses of microbial DNA sequence data.",
  "prerequisites": [["MB 302", "MB 302H"]]
}, {
  "corequisites": [],
  "course_name": "BACTERIAL MOLECULAR GENETICS",
  "course_number": "MB 310",
  "credits": "3",
  "description": "Introduces concepts of bacterial molecular genetics. Topics including DNA replication, mutation, DNA repair, DNA recombination, transposons, bacteriophages, genetic manipulation, and gene regulation.",
  "prerequisites": [["MB 302", "MB 302H"], ["BB 314", "BB 314H"], ["BB 450", "BB 490"]]
}, {
  "corequisites": [],
  "course_name": "^MOLECULAR MICROBIOLOGY LAB: A WRITING INTENSIVE COURSE",
  "course_number": "MB 311",
  "credits": "3",
  "description": "Scientific writing, laboratory notebook composition, experimental design, and laboratory experiments in bacterial molecular biology.",
  "prerequisites": [["MB 303", "MB 303H"], ["MB 310"]]
}, {
  "corequisites": [],
  "course_name": "BACTERIAL PHYSIOLOGY AND METABOLISM",
  "course_number": "MB 312",
  "credits": "3",
  "description": "Molecular structure and function, macromolecular assembly, energy production and use, and cellular growth.",
  "prerequisites": [["MB 310"], ["BB 451"]]
}, {
  "corequisites": [],
  "course_name": "AQUATIC MICROBIOLOGY",
  "course_number": "MB 314",
  "credits": "3",
  "description": "A survey of the diversity, ecology, and physiology of microbes in aquatic systems, with emphasis on their roles in food webs, chemical cycling, and human health. Provides the background knowledge and quantitative/analytical skills necessary to interpret and critique current and historical research in the fields of general aquatic microbiology.",
  "prerequisites": [["CH 231", "CH 231H", "CH 121"], ["CH 232", "CH 232H", "CH 122"], ["CH 233", "CH 233H", "CH 123"]]
}, {
  "corequisites": [],
  "course_name": "HUMAN BACTERIOLOGY",
  "course_number": "MB 320",
  "credits": "4",
  "description": "Properties of bacteria, their biology, pathogenesis and concern to society. Emphasis on the role of bacteria in human health and disease. CROSSLISTED as BHS 320/MB 320.",
  "prerequisites": [["BI 204"], ["BI 205"], ["BI 206", "BI 211", "BI 211H"], ["BI 212", "BI 212H"], ["BI 213", "BI 213H", "BI 221", "BI 221H"], ["BI 222", "BI 222H"], ["BI 223", "BI 223H"]]
}, {
  "corequisites": [],
  "course_name": "*DISEASE AND SOCIETY",
  "course_number": "MB 330",
  "credits": "3",
  "description": "Infectious disease has many effects on the development of society, and likewise, human interactions affect the development of disease. The course examines these interactions with a focus on the role of race, class, and economic status in the development of epidemics. (Bacc Core Course)",
  "prerequisites": []
}, {
  "corequisites": [],
  "course_name": "HUMAN VIROLOGY",
  "course_number": "MB 340",
  "credits": "4",
  "description": "Properties of viruses, their biology, pathogenesis and concern to society. Emphasis on viruses causing human disease. CROSSLISTED as BHS 340/MB 340.",
  "prerequisites": [["BI 204"], ["BI 205"], ["BI 206", "BI 211", "BI 211H"], ["BI 212", "BI 212H"], ["BI 213", "BI 213H", "BI 221", "BI 221H"], ["BI 222", "BI 222H"], ["BI 223", "BI 223H"]]
}, {
  "corequisites": [],
  "course_name": "^EMERGING INFECTIOUS DISEASES AND EPIDEMICS",
  "course_number": "MB 385",
  "credits": "3",
  "description": "Emerging and reemerging infectious disease is a contemporary global issue of great concern. To understand and evaluate the issue, the course covers germ theory, disease history and ecology, microbial pathogenesis and the immune response, historic plagues, and the biological, environmental, population and social changes that contribute to disease emergence.",
  "prerequisites": [["BI 211", "BI 211H"], ["BI 212", "BI 212H"], ["BI 213", "BI 213H", "BI 221", "BI 221H"], ["BI 222", "BI 222H"], ["BI 223", "BI 223H"]]
}, {
  "corequisites": [],
  "course_name": "SPECIAL TOPICS",
  "course_number": "MB 399",
  "credits": "1-16",
  "description": "",
  "prerequisites": []
}, {
  "corequisites": [],
  "course_name": "SPECIAL TOPICS",
  "course_number": "MB 399H",
  "credits": "1-16",
  "description": "",
  "prerequisites": []
}, {
  "corequisites": [],
  "course_name": "RESEARCH",
  "course_number": "MB 401",
  "credits": "1-16",
  "description": "",
  "prerequisites": []
}, {
  "corequisites": [],
  "course_name": "THESIS",
  "course_number": "MB 403",
  "credits": "1-16",
  "description": "",
  "prerequisites": []
}, {
  "corequisites": [],
  "course_name": "READING AND CONFERENCE",
  "course_number": "MB 405",
  "credits": "1-16",
  "description": "Conference: Instruction in microbiology.",
  "prerequisites": []
}, {
  "corequisites": [],
  "course_name": "SPECIAL PROJECTS",
  "course_number": "MB 406",
  "credits": "1-16",
  "description": "Reading and Conference/Instructor in Microbiology.",
  "prerequisites": []
}, {
  "corequisites": [],
  "course_name": "SEMINAR",
  "course_number": "MB 407",
  "credits": "1-16",
  "description": "",
  "prerequisites": []
}, {
  "corequisites": [],
  "course_name": "OCCUPATIONAL INTERNSHIP",
  "course_number": "MB 410",
  "credits": "1-10",
  "description": "Supervised work experience at selected cooperating institutions, agencies, laboratories, clinics or companies. Maximum of 10 credits allowed but no more than 3 credits may be used to satisfy microbiology major requirement of 36 credits.",
  "prerequisites": []
}, {
  "corequisites": [],
  "course_name": "IMMUNOLOGY",
  "course_number": "MB 416",
  "credits": "3",
  "description": "Explores basic theory and applications of immunochemistry, immunogenetics, and cellular immunology. Examines immunologically related diseases.",
  "prerequisites": [["BB 450", "BB 450H", "BB 490"]]
}, {
  "corequisites": [],
  "course_name": "IMMUNOLOGY LABORATORY",
  "course_number": "MB 417",
  "credits": "2",
  "description": "Laboratory on the applications of current immunological techniques.",
  "prerequisites": [["MB 303", "MB 303H"], ["MB 416"]]
}, {
  "corequisites": [],
  "course_name": "MICROBIAL GENOME EVOLUTION AND BIODIVERSITY",
  "course_number": "MB 420",
  "credits": "3",
  "description": "Explores microbial evolution from the earliest lifeforms to the modern roles of microbes in global biogeochemical cycles. Emphasizes fundamental concepts in microbial genomics and metagenomics using the global carbon cycle as a backdrop to understanding the evolution of microbial biodiversity. Covers foundational concepts needed for later coursework in genome bioinformatics.",
  "prerequisites": [["MB 302", "MB 302H", "BB 314", "BB 314H"]]
}, {
  "corequisites": [],
  "course_name": "AQUATIC MICROBIOLOGY LABORATORY",
  "course_number": "MB 422",
  "credits": "2",
  "description": "Examine patterns of microbiological communities and how those patterns relate to environmental factors. Collect and process samples, analyze the resultant data and present those results. Focus on the microbial ecology of freshwater and marine systems as a foundation for discovery and learning using current analytical techniques.",
  "prerequisites": [["MB 303"], ["MB 314"]]
}, {
  "corequisites": [],
  "course_name": "BACTERIAL PATHOGENESIS",
  "course_number": "MB 430",
  "credits": "3",
  "description": "Examines bacteria pathogenic for humans, emphasizing the structural, physiological and genetic mechanisms of pathogenesis. Explores the role of the immune system in pathogenesis and protection.",
  "prerequisites": [["MB 302", "MB 302H"], ["BI 311", "BI 311H", "MB 310"], ["BB 451", "BB 491"]]
}, {
  "corequisites": [],
  "course_name": "VIROLOGY",
  "course_number": "MB 434",
  "credits": "3",
  "description": "Examines properties of viruses, their biology and pathogenesis. Emphasizes viruses causing human and animal diseases.",
  "prerequisites": [["BB 314", "BB 314H", "BB 450", "BB 450H", "BB 490"]]
}, {
  "corequisites": [],
  "course_name": "PATHOGENIC MICROBES LABORATORY",
  "course_number": "MB 435",
  "credits": "2",
  "description": "Laboratory experiments to illustrate concepts presented in MB 430 and/or MB 434, focusing on pathogenic microorganisms.",
  "prerequisites": [["MB 302", "MB 302H"], ["MB 303", "MB 303H"], ["MB 430", "MB 434"]]
}, {
  "corequisites": [],
  "course_name": "THE HUMAN MICROBIOME",
  "course_number": "MB 436",
  "credits": "3",
  "description": "Examines the biodiversity, function, and medical importance of the communities of microorganisms that inhabit the human body. A diverse array of topics will be discussed, including how the human microbiome is studied, case studies of specific aspects of the human microbiome, and emerging theories of how the microbiome influences human health.",
  "prerequisites": [["BI 314", "BI 314H", "BB 314", "BB 314H", "MB 302", "MB 302H"]]
}, {
  "corequisites": [],
  "course_name": "FOOD MICROBIOLOGY",
  "course_number": "MB 440",
  "credits": "3",
  "description": "Role of microorganisms in food spoilage, infection, and intoxication; also basic principles in contamination control and germicidal treatment during processing, preparing, and distributing food for consumption.",
  "prerequisites": [["MB 302", "MB 302H"]]
}, {
  "corequisites": [],
  "course_name": "FOOD MICROBIOLOGY LABORATORY",
  "course_number": "MB 441",
  "credits": "2",
  "description": "Laboratory techniques to accompany MB 440/MB 540.",
  "prerequisites": [["MB 303", "MB 303H"], ["MB 440"]]
}, {
  "corequisites": [],
  "course_name": "MICROBE-ENVIRONMENT INTERACTIONS",
  "course_number": "MB 448",
  "credits": "3",
  "description": "Explores the interactions of microorganisms with their environment and each other in a variety of natural habitats. Examines the roles and uses of microbes in anthropogenic activities such as pollution and climate change. Investigates microbial adaptations that enable their widespread success in all environments. Illustrates the roles of trophic interactions in maintaining carbon and nitrogen cycles.",
  "prerequisites": [["MB 302", "MB 302H", "BB 314", "BB 314H"]]
}, {
  "corequisites": [],
  "course_name": "MICROBIAL BIOTECHNOLOGY",
  "course_number": "MB 456",
  "credits": "3",
  "description": "Provides an interdisciplinary introduction to the field of biotechnology, focusing on the use of microorganisms as tools in everyday applications, in genetic engineering, and in medical, industrial, agricultural, and environmental processes. Covers current topics such as CRISPR, systems and synthetic biology, biofuels and vaccines. Includes excursions into general plant, animal, and medical biotechnology, as well as the biotechnology workforce, regulations and ethics.",
  "prerequisites": [["MB 302", "MB 302H", "BI 221", "BI 221H", "BB 314", "BB 314H", "BB 331", "BB 450", "BEE 362"]]
}, {
  "corequisites": [],
  "course_name": "FERMENTATION MICROBIOLOGY",
  "course_number": "MB 479",
  "credits": "3",
  "description": "Introduction to fermentation microbiology that emphasizes the evolution of key physiological traits and biochemical pathways within key microbial genera. Explores the microbial ecology of processes used to make alcoholic beverages, food ingredients, and fermented foods. CROSSLISTED as FST 479/MB 479.",
  "prerequisites": [["BB 350", "BB 450"], ["MB 302", "MB 302H"]]
}, {
  "corequisites": [],
  "course_name": "GENERAL PARASITOLOGY",
  "course_number": "MB 480",
  "credits": "3",
  "description": "Covers a broad overview of parasitology with emphasis on medical parasitology. Explores important groups and host/parasite relationships among all taxa from invertebrates to vertebrates, including mammals.",
  "prerequisites": [["BI 211", "BI 211H"], ["BI 212", "BI 212H"], ["BI 213", "BI 213H", "BI 221", "BI 221H"], ["BI 222", "BI 222H"], ["BI 223", "BI 223H", "BI 204"], ["BI 205"], ["BI 206"]]
}, {
  "corequisites": [],
  "course_name": "MICROBIOLOGY CAPSTONE EXPERIENCE",
  "course_number": "MB 490",
  "credits": "2",
  "description": "Capstone experience for microbiology students to practice professional skills necessary to sustain a career in science. Students will work in teams to analyze research data and communicate this analysis, in addition to explore career opportunities and learn how to successfully compete for jobs.",
  "prerequisites": [["MB 302", "MB 302H"]]
}, {
  "corequisites": [],
  "course_name": "FISH DISEASES IN CONSERVATION BIOLOGY AND AQUACULTURE",
  "course_number": "MB 491",
  "credits": "3",
  "description": "Introduction to diseases of fish including pathogens important to aquaculture and ornamental industries as well as to wild fish populations and conservation programs. CROSSLISTED as FW 491/MB 491 and FW 591/MB 591.",
  "prerequisites": []
}, {
  "corequisites": [],
  "course_name": "SPECIAL TOPICS",
  "course_number": "MB 499",
  "credits": "0-16",
  "description": "",
  "prerequisites": []
}, {
  "corequisites": [],
  "course_name": "RESEARCH",
  "course_number": "MB 501",
  "credits": "1-16",
  "description": "",
  "prerequisites": []
}, {
  "corequisites": [],
  "course_name": "THESIS",
  "course_number": "MB 503",
  "credits": "1-16",
  "description": "",
  "prerequisites": []
}, {
  "corequisites": [],
  "course_name": "READING AND CONFERENCE",
  "course_number": "MB 505",
  "credits": "1-16",
  "description": "",
  "prerequisites": []
}, {
  "corequisites": [],
  "course_name": "SPECIAL PROJECTS",
  "course_number": "MB 506",
  "credits": "1-6",
  "description": "",
  "prerequisites": []
}, {
  "corequisites": [],
  "course_name": "SEMINAR",
  "course_number": "MB 507",
  "credits": "1",
  "description": "",
  "prerequisites": []
}, {
  "corequisites": [],
  "course_name": "INTERNSHIP",
  "course_number": "MB 510",
  "credits": "1-16",
  "description": "",
  "prerequisites": []
}, {
  "corequisites": [],
  "course_name": "SCIENTIFIC SKILLS",
  "course_number": "MB 511",
  "credits": "1",
  "description": "Foundational skills for success in graduate school. Students will also become familiar with ongoing research programs in three active programs in the Microbiology Program.",
  "prerequisites": []
}, {
  "corequisites": [],
  "course_name": "HIGHLIGHTS OF MICROBIOLOGY",
  "course_number": "MB 512",
  "credits": "1",
  "description": "Designed for students to gain familiarity with the history of microbiology through reading, reviewing and writing about great papers in the field. Students also meet the Microbiology Program faculty and students, and learn about some of the research in the Microbiology Program through attending colloquium.",
  "prerequisites": []
}, {
  "corequisites": [],
  "course_name": "MICROBIAL SYSTEMS",
  "course_number": "MB 513",
  "credits": "3",
  "description": "Presentation of a modern view of microbiology through the lens of microbes' influences on our planet's habitats and inhabitants. Discusses current research and the use of advanced techniques to illustrate how microbiology is contributing to many cross-disciplinary problems that can involve engineering, public health, sociology, ecology, geology, etc.",
  "prerequisites": []
}, {
  "corequisites": [],
  "course_name": "IMMUNOLOGY",
  "course_number": "MB 516",
  "credits": "3",
  "description": "Explores basic theory and applications of immunochemistry, immunogenetics, and cellular immunology. Examines immunologically related diseases.",
  "prerequisites": []
}, {
  "corequisites": [],
  "course_name": "IMMUNOLOGY LABORATORY",
  "course_number": "MB 517",
  "credits": "2",
  "description": "Laboratory on the applications of current immunological techniques.",
  "prerequisites": []
}, {
  "corequisites": [],
  "course_name": "MICROBIAL GENOME EVOLUTION AND BIODIVERSITY",
  "course_number": "MB 520",
  "credits": "3",
  "description": "Explores microbial evolution from the earliest lifeforms to the modern roles of microbes in global biogeochemical cycles. Emphasizes fundamental concepts in microbial genomics and metagenomics using the global carbon cycle as a backdrop to understanding the evolution of microbial biodiversity. Covers foundational concepts needed for later coursework in genome bioinformatics.",
  "prerequisites": []
}, {
  "corequisites": [],
  "course_name": "AQUATIC MICROBIOLOGY LABORATORY",
  "course_number": "MB 522",
  "credits": "2",
  "description": "Examine patterns of microbiological communities and how those patterns relate to environmental factors. Collect and process samples, analyze the resultant data and present those results. Focus on the microbial ecology of freshwater and marine systems as a foundation for discovery and learning using current analytical techniques.",
  "prerequisites": []
}, {
  "corequisites": [],
  "course_name": "BACTERIAL PATHOGENESIS",
  "course_number": "MB 530",
  "credits": "3",
  "description": "Examines bacteria pathogenic for humans, emphasizing the structural, physiological and genetic mechanisms of pathogenesis. Explores the role of the immune system in pathogenesis and protection.",
  "prerequisites": []
}, {
  "corequisites": [],
  "course_name": "VIROLOGY",
  "course_number": "MB 534",
  "credits": "3",
  "description": "Examines properties of viruses, their biology and pathogenesis. Emphasizes viruses causing human and animal diseases.",
  "prerequisites": []
}, {
  "corequisites": [],
  "course_name": "FOOD MICROBIOLOGY",
  "course_number": "MB 540",
  "credits": "3",
  "description": "Role of microorganisms in food spoilage, infection, and intoxication; also basic principles in contamination control and germicidal treatment during processing, preparing, and distributing food for consumption.",
  "prerequisites": []
}, {
  "corequisites": [],
  "course_name": "FOOD MICROBIOLOGY LABORATORY",
  "course_number": "MB 541",
  "credits": "2",
  "description": "Laboratory techniques to accompany MB 440/MB 540.",
  "prerequisites": [["MB 540"]]
}, {
  "corequisites": [],
  "course_name": "MICROBE-ENVIRONMENT INTERACTIONS",
  "course_number": "MB 548",
  "credits": "3",
  "description": "Explores the interactions of microorganisms with their environment and each other in a variety of natural habitats. Examines the roles and uses of microbes in anthropogenic activities such as pollution and climate change. Investigates microbial adaptations that enable their widespread success in all environments. Illustrates the roles of trophic interactions in maintaining carbon and nitrogen cycles.",
  "prerequisites": []
}, {
  "corequisites": [],
  "course_name": "MICROBIAL BIOTECHNOLOGY",
  "course_number": "MB 556",
  "credits": "3",
  "description": "Provides an interdisciplinary introduction to the field of biotechnology, focusing on the use of microorganisms as tools in everyday applications, in genetic engineering, and in medical, industrial, agricultural, and environmental processes. Covers current topics such as CRISPR, systems and synthetic biology, biofuels and vaccines. Includes excursions into general plant, animal, and medical biotechnology, as well as the biotechnology workforce, regulations and ethics.",
  "prerequisites": []
}, {
  "corequisites": [],
  "course_name": "FERMENTATION MICROBIOLOGY",
  "course_number": "MB 579",
  "credits": "3",
  "description": "Introduction to fermentation microbiology that emphasizes the evolution of key physiological traits and biochemical pathways within key microbial genera. Explores the microbial ecology of processes used to make alcoholic beverages, food ingredients, and fermented foods. CROSSLISTED as FST 579/MB 579.",
  "prerequisites": []
}, {
  "corequisites": [],
  "course_name": "GENERAL PARASITOLOGY",
  "course_number": "MB 580",
  "credits": "3",
  "description": "Covers a broad overview of parasitology with emphasis on medical parasitology. Explores important groups and host/parasite relationships among all taxa from invertebrates to vertebrates, including mammals.",
  "prerequisites": []
}, {
  "corequisites": [],
  "course_name": "FISH DISEASES IN CONSERVATION BIOLOGY AND AQUACULTURE",
  "course_number": "MB 591",
  "credits": "3",
  "description": "Introduction to diseases of fish including pathogens important to aquaculture and ornamental industries as well as to wild fish populations and conservation programs. CROSSLISTED as FW 491/MB 491 and FW 591/MB 591.",
  "prerequisites": []
}, {
  "corequisites": [],
  "course_name": "SELECTED TOPICS",
  "course_number": "MB 599",
  "credits": "0-6",
  "description": "",
  "prerequisites": []
}, {
  "corequisites": [],
  "course_name": "RESEARCH",
  "course_number": "MB 601",
  "credits": "1-16",
  "description": "",
  "prerequisites": []
}, {
  "corequisites": [],
  "course_name": "THESIS",
  "course_number": "MB 603",
  "credits": "1-16",
  "description": "",
  "prerequisites": []
}, {
  "corequisites": [],
  "course_name": "READING AND CONFERENCE",
  "course_number": "MB 605",
  "credits": "1-16",
  "description": "",
  "prerequisites": []
}, {
  "corequisites": [],
  "course_name": "SEMINAR",
  "course_number": "MB 607",
  "credits": "1",
  "description": "",
  "prerequisites": []
}, {
  "corequisites": [],
  "course_name": "INTERNSHIP",
  "course_number": "MB 610",
  "credits": "1-9",
  "description": "",
  "prerequisites": []
}, {
  "corequisites": [],
  "course_name": "MICROBIAL BIOINFORMATICS AND GENOME EVOLUTION",
  "course_number": "MB 668",
  "credits": "4",
  "description": "Theoretical and practical issues in microbial genome sequencing and annotation, with an emphasis on evolutionary theory and comparative analysis of microbial genome sequences. Metabolic prediction from genomes, with a population genetics perspective on comparative microbial genomics. Exploration of applications of genomics and allied tools to microbial populations, including metagenomics, metaproteomics, and metatranscriptomics.",
  "prerequisites": []
}, {
  "corequisites": [],
  "course_name": "SPECIAL TOPICS",
  "course_number": "MB 699",
  "credits": "0-16",
  "description": "Lec/lab.",
  "prerequisites": []
}]