[{
  "corequisites": [],
  "course_name": "COMPUTATIONAL METHODS FOR ENGINEERING",
  "course_number": "ME 203",
  "credits": "3",
  "description": "Introduces computational methods to solve engineering problems. Translates fundamental mathematical and engineering concepts into data structures and algorithms; extends and solidifies fundamental computational skills for effective and efficient practice. Develops skills for effective visualization of data.",
  "prerequisites": [["ENGR 103", "ENGR 103H"], ["MTH 254", "MTH 254H"]]
}, {
  "corequisites": [],
  "course_name": "PROJECTS",
  "course_number": "ME 206",
  "credits": "1-16",
  "description": "",
  "prerequisites": []
}, {
  "corequisites": [],
  "course_name": "MECHANICAL ENGINEERING DYNAMICS",
  "course_number": "ME 217",
  "credits": "4",
  "description": "Introduces and applies concepts of kinematics and kinetics of particles and rigid bodies, with applications to mechanical systems of current interest to engineers.",
  "prerequisites": [["ENGR 103", "ENGR 103H"], ["ENGR 211", "ENGR 211H"], ["PH 211", "PH 211H"]]
}, {
  "corequisites": [],
  "course_name": "INTRODUCTION TO MANUFACTURING PROCESSES",
  "course_number": "ME 250",
  "credits": "1",
  "description": "Use of measuring and layout tools, interpretation of blueprints and drawings, identification of engineering materials. Operation of machine tools, including calculation of machining parameters. Operation of gas and MIG welding equipment.",
  "prerequisites": [["ENGR 248"], ["PH 211", "PH 211H"]]
}, {
  "corequisites": [],
  "course_name": "SPECIAL TOPICS",
  "course_number": "ME 299",
  "credits": "1-16",
  "description": "",
  "prerequisites": []
}, {
  "corequisites": [],
  "course_name": "SPECIAL STUDIES",
  "course_number": "ME 299H",
  "credits": "1-16",
  "description": "",
  "prerequisites": []
}, {
  "corequisites": [],
  "course_name": "PROJECTS",
  "course_number": "ME 306",
  "credits": "1-16",
  "description": "",
  "prerequisites": []
}, {
  "corequisites": [],
  "course_name": "INTRODUCTION TO THERMODYNAMICS",
  "course_number": "ME 310",
  "credits": "4",
  "description": "Introduces basic concepts of thermodynamics, by applying the first and second laws of thermodynamics. Solves engineering problems involving closed and open systems, as well as basic power and refrigeration cycles. CROSSLISTED as ME 310/NSE 310.",
  "prerequisites": [["MTH 256", "MTH 256H"], ["ENGR 212", "ENGR 212H", "ME 217"]]
}, {
  "corequisites": [],
  "course_name": "INTRODUCTION TO THERMAL-FLUID SCIENCES",
  "course_number": "ME 311",
  "credits": "4",
  "description": "Basic concepts of fluid mechanics, thermodynamics and heat transfer are introduced. Conservation of mass, energy, moment and the second law of thermodynamics are included. CROSSLISTED as ME 311/NSE 311.",
  "prerequisites": [["ENGR 212", "ENGR 212H"], ["MTH 256", "MTH 256H"]]
}, {
  "corequisites": [],
  "course_name": "INTRODUCTION TO THERMAL-FLUID SCIENCES",
  "course_number": "ME 311H",
  "credits": "4",
  "description": "Basic concepts of fluid mechanics, thermodynamics and heat transfer are introduced. Conservation of mass, energy, moment and the second law of thermodynamics are included. CROSSLISTED as ME 311/NSE 311.",
  "prerequisites": [["ENGR 212", "ENGR 212H"], ["MTH 256", "MTH 256H"]]
}, {
  "corequisites": [],
  "course_name": "THERMODYNAMICS",
  "course_number": "ME 312",
  "credits": "4",
  "description": "Analyzes exergy destruction, machine and cycle processes, law of corresponding states, non-reactive gas mixtures, reactive mixtures, thermodynamics of compressible fluid flow. CROSSLISTED as ME 312/NSE 312.",
  "prerequisites": [["ME 311", "ME 311H", "NSE 311", "NSE 311H", "NE 311", "NE 311H"]]
}, {
  "corequisites": [],
  "course_name": "THERMODYNAMICS",
  "course_number": "ME 312H",
  "credits": "4",
  "description": "Analyzes exergy destruction, machine and cycle processes, law of corresponding states, non-reactive gas mixtures, reactive mixtures, thermodynamics of compressible fluid flow. CROSSLISTED as ME 312/NSE 312.",
  "prerequisites": [["ME 311", "ME 311H", "NSE 311", "NSE 311H", "NE 311", "NE 311H"]]
}, {
  "corequisites": [],
  "course_name": "MECHANICS OF MATERIALS",
  "course_number": "ME 316",
  "credits": "3",
  "description": "Determination of stresses, deflections, and stability of deformable bodies with an introduction to finite element analysis.",
  "prerequisites": [["ENGR 213", "ENGR 213H"], ["MTH 256", "MTH 256H"]]
}, {
  "corequisites": [],
  "course_name": "INTERMEDIATE DYNAMICS",
  "course_number": "ME 317",
  "credits": "4",
  "description": "Continues the study of kinematics and kinetics of particles and rigid bodies, with applications to mechanical systems of current interest to engineers.",
  "prerequisites": [["ENGR 212", "ENGR 212H"], ["MTH 256", "MTH 256H"], ["ENGR 103", "ENGR 103H", "ENGR 112", "CS 161", "CBEE 102", "CBEE 102H", "NSE 115"]]
}, {
  "corequisites": [],
  "course_name": "INTERMEDIATE DYNAMICS",
  "course_number": "ME 317H",
  "credits": "4",
  "description": "Continues the study of kinematics and kinetics of particles and rigid bodies, with applications to mechanical systems of current interest to engineers.",
  "prerequisites": [["ENGR 212", "ENGR 212H"], ["MTH 256", "MTH 256H"], ["ENGR 103", "ENGR 103H", "ENGR 112", "CS 161", "CBEE 102", "CBEE 102H", "NSE 115"]]
}, {
  "corequisites": [],
  "course_name": "SYSTEMS DYNAMICS AND CONTROL",
  "course_number": "ME 320",
  "credits": "4",
  "description": "Models and analyzes linear continuous systems in time and frequency domains. Introduces fundamentals of single-input-single-output control system design. CROSSLISTED as ECE 356/ME 320.",
  "prerequisites": [["ME 217", "ME 317", "ME 317H", "ECE 351"], ["ECE 352"], ["ENGR 212", "ENGR 212H"]]
}, {
  "corequisites": [],
  "course_name": "SYSTEMS DYNAMICS AND CONTROL",
  "course_number": "ME 320H",
  "credits": "4",
  "description": "Models and analyzes linear continuous systems in time and frequency domains. Introduces fundamentals of single-input-single-output control system design. CROSSLISTED as ECE 356/ME 320.",
  "prerequisites": [["ME 217", "ME 317", "ME 317H", "ECE 351"], ["ECE 352"], ["ENGR 212", "ENGR 212H"]]
}, {
  "corequisites": [],
  "course_name": "INTRODUCTION TO FLUID MECHANICS AND HEAT TRANSFER",
  "course_number": "ME 330",
  "credits": "4",
  "description": "Introduces basic concepts of fluid dynamics and heat transfer. Applies conservation equations and dimensional analysis to solve engineering problems relevant to incompressible pipe systems and external flows, as well as conductive, convective, and radiative heat transfer. CROSSLISTED as ME 330/NSE 330.",
  "prerequisites": [["ME 310", "NSE 310"]]
}, {
  "corequisites": [],
  "course_name": "INTRODUCTION TO FLUID MECHANICS AND HEAT TRANSFER",
  "course_number": "ME 330H",
  "credits": "4",
  "description": "Introduces basic concepts of fluid dynamics and heat transfer. Applies conservation equations and dimensional analysis to solve engineering problems relevant to incompressible pipe systems and external flows, as well as conductive, convective, and radiative heat transfer. CROSSLISTED as ME 330/NSE 330.",
  "prerequisites": [["ME 310", "NSE 310"]]
}, {
  "corequisites": [],
  "course_name": "FLUID MECHANICS",
  "course_number": "ME 331",
  "credits": "4",
  "description": "Introduces the concepts and applications of fluid mechanics and dimensional analysis with an emphasis on fluid behavior, internal and external flows, analysis of engineering applications of incompressible pipe systems, and external aerodynamics. CROSSLISTED as ME 331/NSE 331.",
  "prerequisites": [["ME 330", "ME 330H", "NSE 330"]]
}, {
  "corequisites": [],
  "course_name": "FLUID MECHANICS",
  "course_number": "ME 331H",
  "credits": "4",
  "description": "Introduces the concepts and applications of fluid mechanics and dimensional analysis with an emphasis on fluid behavior, internal and external flows, analysis of engineering applications of incompressible pipe systems, and external aerodynamics. CROSSLISTED as ME 331/NSE 331.",
  "prerequisites": [["ME 330", "ME 330H", "NSE 330"]]
}, {
  "corequisites": [],
  "course_name": "HEAT TRANSFER",
  "course_number": "ME 332",
  "credits": "4",
  "description": "Analyzes conductive, convective and radiative energy transfer using control volume and differential analysis and prediction of transport properties. CROSSLISTED as ME 332/NSE 332.",
  "prerequisites": [["ME 310", "NSE 310"], ["ME 331", "ME 331H", "NSE 331", "NSE 331H"]]
}, {
  "corequisites": [],
  "course_name": "HEAT TRANSFER",
  "course_number": "ME 332H",
  "credits": "4",
  "description": "Analyzes conductive, convective and radiative energy transfer using control volume and differential analysis and prediction of transport properties. CROSSLISTED as ME 332/NSE 332.",
  "prerequisites": [["ME 310", "NSE 310"], ["ME 331", "ME 331H", "NSE 331", "NSE 331H"]]
}, {
  "corequisites": [],
  "course_name": "THERMODYNAMICS II",
  "course_number": "ME 333",
  "credits": "4",
  "description": "Analyzes advanced power and refrigeration cycles, exergy destruction during steady and transient processes, compressible flow processes and systems with inert and reactive gas mixtures.",
  "prerequisites": [["ME 310", "NSE 310"]]
}, {
  "corequisites": [],
  "course_name": "INTRODUCTION TO INSTRUMENTATION AND MEASUREMENT SYSTEMS",
  "course_number": "ME 351",
  "credits": "4",
  "description": "Illustrates the function, operation, and application of common mechanical engineering instruments, measurement principles, and statistical analysis. Demonstrates elements of measurement systems, including transduction, signal conditioning, and data recording. Examines function and operation of digital data acquisition systems.",
  "prerequisites": [["ME 217"], ["ENGR 202", "ENGR 202H"], ["ENGR 213", "ENGR 213H"]]
}, {
  "corequisites": [],
  "course_name": "MECHANICAL ENGINEERING METHODS",
  "course_number": "ME 373",
  "credits": "4",
  "description": "Explores analytical and numerical methods for solving representative mechanical engineering problems.",
  "prerequisites": [["ENGR 103", "ENGR 103H", "ENGR 112", "ENGR 112H"], ["MTH 256", "MTH 256H"], ["MTH 341"], ["ME 203"]]
}, {
  "corequisites": [],
  "course_name": "MECHANICAL ENGINEERING METHODS",
  "course_number": "ME 373H",
  "credits": "4",
  "description": "Explores analytical and numerical methods for solving representative mechanical engineering problems.",
  "prerequisites": [["ENGR 103", "ENGR 103H", "ENGR 112", "ENGR 112H"], ["MTH 256", "MTH 256H"], ["MTH 341"], ["ME 203"]]
}, {
  "corequisites": [],
  "course_name": "INTRODUCTION TO DESIGN",
  "course_number": "ME 382",
  "credits": "4",
  "description": "Applies organization, planning, economics, and the use of creativity and optimization in solving mechanical design problems. Case studies and/or industrial design problems.",
  "prerequisites": [["ENGR 213"], ["ENGR 248"], ["ME 217"]]
}, {
  "corequisites": [],
  "course_name": "INTRODUCTION TO DESIGN",
  "course_number": "ME 382H",
  "credits": "4",
  "description": "Applies organization, planning, economics, and the use of creativity and optimization in solving mechanical design problems. Case studies and/or industrial design problems.",
  "prerequisites": [["ENGR 213"], ["ENGR 248"], ["ME 217"]]
}, {
  "corequisites": [],
  "course_name": "MECHANICAL COMPONENT DESIGN",
  "course_number": "ME 383",
  "credits": "4",
  "description": "Explores machine design, including systems, machine elements, and components. Details the steps in taking applied loads, changing them to stresses, and producing predictions and likelihood of failure. Investigates how specific components behave and how they should be sized to meet design goals. Investigates mechanical systems to identify where failure is likely to occur and how to redesign components to avoid failure.",
  "prerequisites": [["ENGR 213"], ["ME 217"], ["ME 316"]]
}, {
  "corequisites": [],
  "course_name": "MECHANICAL COMPONENT DESIGN",
  "course_number": "ME 383H",
  "credits": "4",
  "description": "Explores machine design, including systems, machine elements, and components. Details the steps in taking applied loads, changing them to stresses, and producing predictions and likelihood of failure. Investigates how specific components behave and how they should be sized to meet design goals. Investigates mechanical systems to identify where failure is likely to occur and how to redesign components to avoid failure.",
  "prerequisites": [["ENGR 213"], ["ME 217"], ["ME 316"]]
}, {
  "corequisites": [],
  "course_name": "RESEARCH",
  "course_number": "ME 401",
  "credits": "1-16",
  "description": "",
  "prerequisites": []
}, {
  "corequisites": [],
  "course_name": "THESIS",
  "course_number": "ME 403",
  "credits": "1-16",
  "description": "",
  "prerequisites": []
}, {
  "corequisites": [],
  "course_name": "READING AND CONFERENCE",
  "course_number": "ME 405",
  "credits": "1-16",
  "description": "",
  "prerequisites": []
}, {
  "corequisites": [],
  "course_name": "READING AND CONFERENCE",
  "course_number": "ME 405H",
  "credits": "1-16",
  "description": "",
  "prerequisites": []
}, {
  "corequisites": [],
  "course_name": "PROJECTS",
  "course_number": "ME 406",
  "credits": "1-16",
  "description": "",
  "prerequisites": []
}, {
  "corequisites": [],
  "course_name": "SEMINAR",
  "course_number": "ME 407",
  "credits": "1-16",
  "description": "",
  "prerequisites": []
}, {
  "corequisites": [],
  "course_name": "INTERNSHIP",
  "course_number": "ME 410",
  "credits": "1-16",
  "description": "Credits may not apply toward BS degree in Mechanical Engineering.",
  "prerequisites": []
}, {
  "corequisites": [],
  "course_name": "DESIGN OF MECHANISMS",
  "course_number": "ME 412",
  "credits": "4",
  "description": "Explores the study of mechanical linkages or mechanisms. Categorizes and systematically dissects existing mechanisms to understand the function and behavior of complete devices as well as function and behavior of individual links and joints in a mechanism. Builds upon the knowledge of kinematic analysis of position, velocity, acceleration, and jerk in the context of planar and non-planar mechanisms. Discusses the synthesis of such mechanisms as well as best practices in creating new mechanisms. Uses computation to fully understand and design intended mechanical movements.",
  "prerequisites": [["ME 217"], ["ME 383", "ME 383H"]]
}, {
  "corequisites": [],
  "course_name": "DESIGN FOR MANUFACTURING",
  "course_number": "ME 414",
  "credits": "4",
  "description": "Provides a project-based design experience that advances understanding of real-world product design, through aligning the mechanical design process with relevant engineering materials and manufacturing knowledge. Discusses common material properties and selection criteria, manufacturing processes and design considerations for manufacturing processes, design for advanced manufacturing, and DIY fabrication methods. Employs professional engineering communication skills, including product documentation, memo-writing, report writing, and video presentations.",
  "prerequisites": [["ME 382", "ME 382H"]]
}, {
  "corequisites": [],
  "course_name": "APPLIED STRESS ANALYSIS",
  "course_number": "ME 420",
  "credits": "4",
  "description": "Elasticity theory, failure theories, energy methods, finite element analysis.",
  "prerequisites": [["ME 316"]]
}, {
  "corequisites": [],
  "course_name": "MECHANICAL VIBRATIONS",
  "course_number": "ME 422",
  "credits": "4",
  "description": "Analyzes and models the dynamic responses of single and multiple degree-of-freedom systems.",
  "prerequisites": [["ME 217"]]
}, {
  "corequisites": [],
  "course_name": "MECHANICAL VIBRATIONS",
  "course_number": "ME 422H",
  "credits": "4",
  "description": "Analyzes and models the dynamic responses of single and multiple degree-of-freedom systems.",
  "prerequisites": [["ME 217"]]
}, {
  "corequisites": [],
  "course_name": "FINITE ELEMENT ANALYSIS OF MECHANICAL COMPONENTS",
  "course_number": "ME 424",
  "credits": "4",
  "description": "Applies modern Finite Element Analysis (FEA) software to the design of mechanical components, and development of the underlying theoretical and computational approach.",
  "prerequisites": [["ME 316"], ["MTH 341"]]
}, {
  "corequisites": [],
  "course_name": "THERMAL SYSTEMS DESIGN AND ANALYSIS",
  "course_number": "ME 444",
  "credits": "4",
  "description": "Integration of the concepts, laws, and methodologies from fluid mechanics, heat transfer, and thermodynamics, into a set of practical tools for thermal energy systems design and analysis.",
  "prerequisites": [["ME 332", "ME 332H", "NSE 332", "NSE 332H"], ["ME 312", "ME 312H", "NSE 312", "NSE 312H"]]
}, {
  "corequisites": [],
  "course_name": "INTRODUCTION TO COMBUSTION",
  "course_number": "ME 445",
  "credits": "4",
  "description": "Study of combustion science based on the background of chemistry, thermodynamics, fluid mechanics, heat and mass transfer. Stoichiometry, energetics of chemical reactions, flame temperature, equilibrium product analyses, chemical kinetics, and chain reactions.",
  "prerequisites": [["ME 312", "ME 312H", "NSE 312", "NSE 312H"], ["ME 332", "ME 332H", "NSE 332", "NSE 332H"]]
}, {
  "corequisites": [],
  "course_name": "APPLIED HEAT TRANSFER",
  "course_number": "ME 450",
  "credits": "4",
  "description": "An intermediate heat transfer course seeking to lay a foundation for determining the heating and cooling characteristics with a variety of modern and classical processes. Included is design of multi-component heat transfer systems.",
  "prerequisites": [["ME 332", "ME 332H", "NSE 332", "NSE 332H"]]
}, {
  "corequisites": [],
  "course_name": "THERMAL AND FLUIDS SCIENCES LABORATORY",
  "course_number": "ME 452",
  "credits": "4",
  "description": "Analyzes experiments related to thermodynamics, heat transfer, and fluid mechanics. Focuses on proper experimental methods and data and discusses uncertainty analysis related to thermal and fluids measurements.",
  "prerequisites": [["ME 310", "NSE 310"], ["ME 331", "ME 331H", "NSE 331", "NSE 331H"], ["ME 332", "ME 332H", "NSE 332", "NSE 332H"]]
}, {
  "corequisites": [],
  "course_name": "THERMAL AND FLUIDS SCIENCES LABORATORY",
  "course_number": "ME 452H",
  "credits": "4",
  "description": "Analyzes experiments related to thermodynamics, heat transfer, and fluid mechanics. Focuses on proper experimental methods and data and discusses uncertainty analysis related to thermal and fluids measurements.",
  "prerequisites": [["ME 310", "NSE 310"], ["ME 331", "ME 331H", "NSE 331", "NSE 331H"], ["ME 332", "ME 332H", "NSE 332", "NSE 332H"]]
}, {
  "corequisites": [],
  "course_name": "STRUCTURE AND MECHANICS LABORATORY",
  "course_number": "ME 453",
  "credits": "4",
  "description": "Techniques for measurement of structural response and material properties. Proper use of rosette strain gauges, load cells, and displacement transducers. Full-field strain measurement using photoelasticity and digital image correlation. Proper implementation of material testing standards. Characterization of anisotropic composite materials.",
  "prerequisites": [["ME 351", "ME 451"]]
}, {
  "corequisites": [],
  "course_name": "INTERMEDIATE FLUID MECHANICS",
  "course_number": "ME 460",
  "credits": "4",
  "description": "Focuses on the study of ideal fluid flow as applied to aerodynamics and external flows; thin airfoil theory, panel method and blade element method.",
  "prerequisites": [["ME 331", "ME 331H", "NSE 331", "NSE 331H"]]
}, {
  "corequisites": [],
  "course_name": "GAS DYNAMICS",
  "course_number": "ME 461",
  "credits": "4",
  "description": "Studies idealized compressible flows, including in nozzles and diffusers, as well as shocks/expansion waves and their interactions. Introduces supersonic flight and propulsion systems.",
  "prerequisites": [["ME 310", "NSE 310"], ["ME 330", "ME 330H", "NSE 330"], ["ME 373", "ME 373H", "NSE 233"]]
}, {
  "corequisites": [],
  "course_name": "MATERIALS SELECTION",
  "course_number": "ME 480",
  "credits": "4",
  "description": "Develops and applies a formalized approach to materials selection within the engineering design process. Examines property definitions, measurements, and trends among the major materials families. Configures and uses property comparison charts derived from a comprehensive materials database. Identifies active design constraints and trade-space approaches to conflicting design objectives. Evaluates materials selection case studies, and application of concepts to student-defined projects with an emphasis on balancing sustainability metrics against traditional performance criteria and dollar costs.",
  "prerequisites": [["MATS 321", "MATS 321H"]]
}, {
  "corequisites": [],
  "course_name": "MECHANICS OF COMPOSITE MATERIALS",
  "course_number": "ME 483",
  "credits": "4",
  "description": "Review of applied stress analysis in isotropic materials. Analyze anisotropic materials, fibers and matrices, mechanics of composites including properties and applications, principles of composites manufacturing, experimental characterization of composites, composites light-structures.",
  "prerequisites": [["ME 316"]]
}, {
  "corequisites": [],
  "course_name": "FRACTURE OF MATERIALS",
  "course_number": "ME 484",
  "credits": "3",
  "description": "Fracture mechanics and fatigue mechanisms: mechanisms of ductile and brittle fracture. Environmentally induced fracture and fatigue. Considerations in design of engineering materials and structures will be discussed.",
  "prerequisites": [["MATS 322", "ENGR 322"]]
}, {
  "corequisites": [],
  "course_name": "SPECIAL TOPICS",
  "course_number": "ME 499",
  "credits": "0-16",
  "description": "",
  "prerequisites": []
}, {
  "corequisites": [],
  "course_name": "SPECIAL TOPICS",
  "course_number": "ME 499H",
  "credits": "0-16",
  "description": "",
  "prerequisites": []
}, {
  "corequisites": [],
  "course_name": "RESEARCH",
  "course_number": "ME 501",
  "credits": "1-16",
  "description": "",
  "prerequisites": []
}, {
  "corequisites": [],
  "course_name": "INDEPENDENT STUDIES",
  "course_number": "ME 502",
  "credits": "1-16",
  "description": "",
  "prerequisites": []
}, {
  "corequisites": [],
  "course_name": "THESIS",
  "course_number": "ME 503",
  "credits": "1-16",
  "description": "",
  "prerequisites": []
}, {
  "corequisites": [],
  "course_name": "READING AND CONFERENCE",
  "course_number": "ME 505",
  "credits": "1-16",
  "description": "",
  "prerequisites": []
}, {
  "corequisites": [],
  "course_name": "PROJECTS",
  "course_number": "ME 506",
  "credits": "1-16",
  "description": "",
  "prerequisites": []
}, {
  "corequisites": [],
  "course_name": "SEMINAR",
  "course_number": "ME 507",
  "credits": "1-16",
  "description": "",
  "prerequisites": []
}, {
  "corequisites": [],
  "course_name": "MATERIALS SCIENCE SEMINAR",
  "course_number": "ME 509",
  "credits": "1",
  "description": "",
  "prerequisites": []
}, {
  "corequisites": [],
  "course_name": "DESIGN OF MECHANISMS",
  "course_number": "ME 512",
  "credits": "4",
  "description": "Explores the study of mechanical linkages or mechanisms. Categorizes and systematically dissects existing mechanisms to understand the function and behavior of complete devices as well as function and behavior of individual links and joints in a mechanism. Builds upon the knowledge of kinematic analysis of position, velocity, acceleration, and jerk in the context of planar and non-planar mechanisms. Discusses the synthesis of such mechanisms as well as best practices in creating new mechanisms. Uses computation to fully understand and design intended mechanical movements.",
  "prerequisites": []
}, {
  "corequisites": [],
  "course_name": "BIO-INSPIRED DESIGN",
  "course_number": "ME 513",
  "credits": "4",
  "description": "Intersection of design and biology that seeks to systematically mine biological knowledge to solve design problems. Investigates inspiration from nature from three different types: visual, conceptual, and computational. Includes design rules, heuristics, principles or patterns to solve engineering problems. Algorithmic bio-inspiration emulates natural algorithms for control or optimization problems.",
  "prerequisites": []
}, {
  "corequisites": [],
  "course_name": "MODELING AND ANALYSIS OF COMPLEX SYSTEMS",
  "course_number": "ME 516",
  "credits": "4",
  "description": "Introduction to challenges and considerations when designing complex systems. Fundamentals of systems engineering and methods used in practice. Models and tools used to enable the use of models for trade studies during the design of complex systems. Model-based design environments and methodologies. Introduction to decision support tools in design.",
  "prerequisites": []
}, {
  "corequisites": [],
  "course_name": "OPTIMIZATION IN DESIGN",
  "course_number": "ME 517",
  "credits": "4",
  "description": "Optimization methods as applied to engineering design, theory and application of nonlinear optimization techniques for multivariate unconstrained and constrained problems. Model boundedness and sensitivity.",
  "prerequisites": []
}, {
  "corequisites": [],
  "course_name": "COMPUTATIONAL SOLID MODELING",
  "course_number": "ME 518",
  "credits": "4",
  "description": "Explores the computational representation of three-dimensional objects found in Computer-Aided Design, Computer-Aided Manufacturing, Computer-Aided Engineering software tools which are now necessary tools in the engineering design process. Introduces students to algorithms and data structures used to create, manipulate, and reason about solids. Acquiring the knowledge of such methods facilitates the use and development of tools for analyzing, designing, and manufacturing existing and future technological artifacts.",
  "prerequisites": []
}, {
  "corequisites": [],
  "course_name": "APPLIED STRESS ANALYSIS",
  "course_number": "ME 520",
  "credits": "4",
  "description": "Elasticity theory, failure theories, energy methods, finite element analysis.",
  "prerequisites": []
}, {
  "corequisites": [],
  "course_name": "LINEAR ELASTICITY",
  "course_number": "ME 521",
  "credits": "4",
  "description": "A general introduction to the theory of elasticity. The solution of 2-D problems using the Airy stress function in rectangular and polar coordinates. The solution of 3-D problems using the Galerkin vector, the Papkovich-Neuber solution, and complex variable methods. Applications to asymptotic fields at discontinuities, contact and crack problems, and thermoelasticity.",
  "prerequisites": []
}, {
  "corequisites": [],
  "course_name": "MECHANICAL VIBRATIONS",
  "course_number": "ME 522",
  "credits": "4",
  "description": "Analyzes and models the dynamic responses of single and multiple degree-of-freedom systems.",
  "prerequisites": []
}, {
  "corequisites": [],
  "course_name": "ADVANCED STRESS ANALYSIS",
  "course_number": "ME 523",
  "credits": "4",
  "description": "An introduction to the mechanics of nonlinear elastic, plastic, and viscoelastic material behavior including large deformations.",
  "prerequisites": []
}, {
  "corequisites": [],
  "course_name": "NUMERICAL METHODS FOR ENGINEERING ANALYSIS",
  "course_number": "ME 526",
  "credits": "3",
  "description": "Numerical solutions of linear equations, difference equations, ordinary and partial differential equations. CROSSLISTED as ME 526/NSE 526.",
  "prerequisites": []
}, {
  "corequisites": [],
  "course_name": "LINEAR MULTIVARIABLE CONTROL SYSTEMS I",
  "course_number": "ME 531",
  "credits": "4",
  "description": "Theoretical design of control systems for systems modeled by linear multivariable differential equations. Topics covered include controllability, observability, state feedback control, pole placement, output feedback, estimator design, and control designs that include both estimators and regulators.",
  "prerequisites": []
}, {
  "corequisites": [],
  "course_name": "NONLINEAR DYNAMIC ANALYSIS",
  "course_number": "ME 533",
  "credits": "4",
  "description": "Course focuses on understanding the behavior of nonlinear dynamic systems of interest to mechanical engineers. Lec.",
  "prerequisites": []
}, {
  "corequisites": [],
  "course_name": "INTERMEDIATE THERMODYNAMICS",
  "course_number": "ME 540",
  "credits": "4",
  "description": "Applies fundamentals of classical thermodynamics to analyze steady-state and transient problems, including phase and chemical equilibrium. Uses computational tools to solve real-world problems. Interprets classical thermodynamics concepts using statistical thermodynamics models.",
  "prerequisites": []
}, {
  "corequisites": [],
  "course_name": "LIQUID-VAPOR PHASE CHANGE AND HEAT TRANSFER",
  "course_number": "ME 541",
  "credits": "4",
  "description": "Advanced treatment of underlying physics and engineering modeling approaches for heat transfer associated with vapor/liquid phase change processes. Topics include thermodynamics and mechanical aspects of phase change processes, pool boiling, filmwise and dropwise condensation, internal convective boiling and condensation, and other emerging areas in phase change heat transfer.",
  "prerequisites": []
}, {
  "corequisites": [],
  "course_name": "INTRODUCTION TO COMBUSTION",
  "course_number": "ME 545",
  "credits": "4",
  "description": "Study of combustion science based on the background of chemistry, thermodynamics, fluid mechanics, heat and mass transfer. Stoichiometry, energetics of chemical reactions, flame temperature, equilibrium product analyses, chemical kinetics, and chain reactions.",
  "prerequisites": []
}, {
  "corequisites": [],
  "course_name": "CONVECTION HEAT TRANSFER",
  "course_number": "ME 546",
  "credits": "3",
  "description": "An advanced treatment of forced and natural convection heat transfer processes emphasizing underlying physical phenomena. Current topical literature will be considered; analytical and numerical problem solving is included.",
  "prerequisites": []
}, {
  "corequisites": [],
  "course_name": "SELECTED TOPICS IN HEAT TRANSFER",
  "course_number": "ME 549",
  "credits": "3",
  "description": "Topics in heat transfer including advanced problems in conduction, radiation, and convection. Additional examination of heat transfer in multiphase systems, inverse problems, combined modes, equipment design, solution techniques and other topics of current interest considered, including extensive use of current literature. Not all topics covered each year.",
  "prerequisites": []
}, {
  "corequisites": [],
  "course_name": "APPLIED HEAT TRANSFER",
  "course_number": "ME 550",
  "credits": "4",
  "description": "An intermediate heat transfer course seeking to lay a foundation for determining the heating and cooling characteristics with a variety of modern and classical processes. Included is design of multi-component heat transfer systems.",
  "prerequisites": []
}, {
  "corequisites": [],
  "course_name": "MEASUREMENTS IN FLUID MECHANICS AND HEAT TRANSFER",
  "course_number": "ME 552",
  "credits": "4",
  "description": "Course emphasis is on measurement techniques and data analysis methods related to fluid mechanics and heat transfer. Proper experimental methods, data and uncertainty analyses related to thermal and fluids measurements are discussed. Local and spatial mapping of fluid and thermal fields are highlighted.",
  "prerequisites": []
}, {
  "corequisites": [],
  "course_name": "METHODS AND APPLICATIONS OF DIGITAL IMAGE CORRELATION",
  "course_number": "ME 553",
  "credits": "4",
  "description": "Explores methods and applications of digital image correlation in solid mechanics and materials science in depth. Examines selection, configuration, and calibration of optical systems for high-precision stereo (3D) imaging as well as theoretical context for and computational implementation of data processing workflows from raw images to mechanical stress. Uses digital image correlation data for quantitative validation of analytical and numerical (FEA) mechanics models, and characterization of failure and fracture mechanisms. Discusses nonlinear optimization methods for material property and boundary condition identification.",
  "prerequisites": []
}, {
  "corequisites": [],
  "course_name": "ADVANCED FLUID FLOW",
  "course_number": "ME 560",
  "credits": "4",
  "description": "Examines the study of fluid flow including advanced analysis of inviscid and viscous flows using both analytical and numerical techniques; topics include complex potential flow analysis, unsteady laminar flows, and boundary layer flows.",
  "prerequisites": []
}, {
  "corequisites": [],
  "course_name": "GAS DYNAMICS",
  "course_number": "ME 561",
  "credits": "4",
  "description": "Studies idealized compressible flows, including in nozzles and diffusers, as well as shocks/expansion waves and their interactions. Introduces supersonic flight and propulsion systems.",
  "prerequisites": []
}, {
  "corequisites": [],
  "course_name": "TURBULENCE MODELING",
  "course_number": "ME 564",
  "credits": "3",
  "description": "Analyze different turbulence modeling techniques such as Reynolds Averaged Navier Stokes (RANS), Large Eddy Simulation (LES), and Direct Numerical Simulation (DNS). Apply these modeling techniques to a range of turbulent flows including free shear flows, boundary layers, and internal flows. Discuss commonly used single and two-point statistics, energy spectra, and feature identification techniques related to turbulence.",
  "prerequisites": [["ME 560"]]
}, {
  "corequisites": [],
  "course_name": "VISCOUS FLOW",
  "course_number": "ME 566",
  "credits": "3",
  "description": "Boundary layer, stability, transition prediction methods, computational methods in fluid mechanics, recent developments.",
  "prerequisites": []
}, {
  "corequisites": [],
  "course_name": "ENGINEERING APPLICATIONS OF COMPUTATIONAL FLUID DYNAMICS",
  "course_number": "ME 567",
  "credits": "4",
  "description": "Basic concepts of computational fluid dynamics, a technique used for solving fully three-dimensional fluid flow problems with no exact solution, will be discussed and applied to general engineering applications using commercially available software. Lec.",
  "prerequisites": []
}, {
  "corequisites": [],
  "course_name": "TURBULENT FLOW DYNAMICS",
  "course_number": "ME 568",
  "credits": "4",
  "description": "An introductory course of the basic physics of turbulent flows, coverage will include statistical methods and physical interpretation of a range of flows including boundary layer flows, internal flows, and environmental flows.",
  "prerequisites": [["ME 560"]]
}, {
  "corequisites": [],
  "course_name": "SELECTED TOPICS IN FLUID MECHANICS",
  "course_number": "ME 569",
  "credits": "2-4",
  "description": "Topics in fluid mechanics emphasizing research applications of current interest.",
  "prerequisites": []
}, {
  "corequisites": [],
  "course_name": "MATERIALS SELECTION",
  "course_number": "ME 580",
  "credits": "4",
  "description": "Develops and applies a formalized approach to materials selection within the engineering design process. Examines property definitions, measurements, and trends among the major materials families. Configures and uses property comparison charts derived from a comprehensive materials database. Identifies active design constraints and trade-space approaches to conflicting design objectives. Evaluates materials selection case studies, and application of concepts to student-defined projects with an emphasis on balancing sustainability metrics against traditional performance criteria and dollar costs.",
  "prerequisites": []
}, {
  "corequisites": [],
  "course_name": "COMPOSITE MATERIALS",
  "course_number": "ME 583",
  "credits": "3",
  "description": "Explores fibers and matrices, mechanics of composites, reinforcement and failure mechanisms, properties and applications.",
  "prerequisites": []
}, {
  "corequisites": [],
  "course_name": "SELECTED TOPICS IN THERMODYNAMICS",
  "course_number": "ME 596",
  "credits": "3",
  "description": "Topics in thermodynamics including advanced problems in classical thermodynamics and statistical thermodynamics of current interest. Topics will likely be considered, including extensive use of literature. Not all topics covered each year.",
  "prerequisites": []
}, {
  "corequisites": [],
  "course_name": "PRECISION MOTION GENERATION",
  "course_number": "ME 597",
  "credits": "4",
  "description": "Introduces fundamental knowledge in mechatronic systems used in manufacturing equipment such as CNC machine tools, and their computer numerical controls. Students will be exposed to sensors and actuators utilized in machine tools, industrial robots and for process automation. Fundamental knowledge to model and identify dynamics of motion delivery systems, design and analysis of accurate position control algorithms for precision motion generation will be covered. Digital motion control design will be introduced. Motion planning and real-time path interpolation algorithms will be covered. Students will be able to design NC systems for 2D motion platforms.",
  "prerequisites": []
}, {
  "corequisites": [],
  "course_name": "SPECIAL TOPICS",
  "course_number": "ME 599",
  "credits": "0-16",
  "description": "",
  "prerequisites": []
}, {
  "corequisites": [],
  "course_name": "RESEARCH",
  "course_number": "ME 601",
  "credits": "1-16",
  "description": "",
  "prerequisites": []
}, {
  "corequisites": [],
  "course_name": "THESIS",
  "course_number": "ME 603",
  "credits": "1-16",
  "description": "",
  "prerequisites": []
}, {
  "corequisites": [],
  "course_name": "READING AND CONFERENCE",
  "course_number": "ME 605",
  "credits": "1-16",
  "description": "",
  "prerequisites": []
}, {
  "corequisites": [],
  "course_name": "PROJECTS",
  "course_number": "ME 606",
  "credits": "1-16",
  "description": "",
  "prerequisites": []
}, {
  "corequisites": [],
  "course_name": "SEMINAR",
  "course_number": "ME 607",
  "credits": "1-16",
  "description": "",
  "prerequisites": []
}, {
  "corequisites": [],
  "course_name": "MODERN PRODUCT DESIGN",
  "course_number": "ME 611",
  "credits": "4",
  "description": "Modern product development, design and prototyping are covered. Product development and prototyping is examined from a research standpoint in this course. Customer outcomes gathering, functional modeling, product architecture, modern techniques for concept generation and selection are explored. Also covered are recently developed theories and techniques for prototyping. The topics' place in the overall design process is shown through a product development and prototyping project.",
  "prerequisites": []
}, {
  "corequisites": [],
  "course_name": "DESIGN UNDER UNCERTAINTY",
  "course_number": "ME 615",
  "credits": "4",
  "description": "Tackles the problem of decision making in engineering design. The fundamental challenge faced in making decisions in engineering designs is that they are almost exclusively decisions made under uncertainty. Sources of uncertainty could result from engineering models, experiments conducted, or lack of knowledge of future events. The course will cover three basic topics 1) how do we quantify uncertainty, 2) how do we account for the uncertainty in decision making, and 3) how do we make design selection decisions about products or systems we design.",
  "prerequisites": [["ME 517"]]
}, {
  "corequisites": [],
  "course_name": "DESIGN AUTOMATION",
  "course_number": "ME 617",
  "credits": "4",
  "description": "Design automation is the field of study whereby advanced numerical methods are used to automate difficult or tedious design decisions. Typically, such methods are based on numerical optimization and artificial intelligence. They work in tandem with other engineering digital tools like computer-aided design, computer-aided manufacturing, and finite-element analysis. This course builds upon a fundamental understanding of optimization to introduce students to a range of different techniques that may be used to support engineering decision-making. This includes heuristic methods, AI tree-search, discrete and stochastic algorithms. The course concludes with discussion of recent innovations in multi-objective, multi-disciplinary and robust optimization.",
  "prerequisites": [["ME 517"]]
}, {
  "corequisites": [],
  "course_name": "COMPUTATIONAL FLUID DYNAMICS",
  "course_number": "ME 667",
  "credits": "3",
  "description": "Application of modern computational techniques to solve a wide variety of fluid dynamics problems including both potential and viscous flow with requirements for computer code development.",
  "prerequisites": [["ME 560", "ME 565", "ME 566"], ["ME 526", "ME 575"]]
}]