[{
  "corequisites": [],
  "course_name": "INTERNSHIP",
  "course_number": "MGMT 004",
  "credits": "0",
  "description": "Provides basic personal and professional skills that can be used within and outside of a work setting. Through practice, this experience guides students in building and maintaining positive professional relationships, networking/mentoring relationships, and enhances students’ understanding of the connection between theory and practice in their respective disciplines.",
  "prerequisites": []
}, {
  "corequisites": [],
  "course_name": "PROJECT MANAGEMENT",
  "course_number": "MGMT 364",
  "credits": "4",
  "description": "Covers the tools available to project managers, the human and organizational dimensions in different project environments, some computer applications, cases, and a project.",
  "prerequisites": [["BA 251", "BA 252", "BA 252H", "BA 351", "BA 352", "BA 352H"]]
}, {
  "corequisites": [],
  "course_name": "PROJECT MANAGEMENT",
  "course_number": "MGMT 364H",
  "credits": "4",
  "description": "Covers the tools available to project managers, the human and organizational dimensions in different project environments, some computer applications, cases, and a project.",
  "prerequisites": [["BA 251", "BA 252", "BA 252H", "BA 351", "BA 352", "BA 352H"]]
}, {
  "corequisites": [],
  "course_name": "INTERNSHIP",
  "course_number": "MGMT 410",
  "credits": "1-12",
  "description": "",
  "prerequisites": []
}, {
  "corequisites": [],
  "course_name": "CROSS-CULTURAL MANAGEMENT",
  "course_number": "MGMT 446",
  "credits": "4",
  "description": "Builds a comprehensive understanding of cross-cultural management issues including leading culturally diverse workforces and managing diversity in the workplace. Emphasizes theoretical foundations and best practices to address regarding global work practices, and related practical applications.",
  "prerequisites": [["BA 251", "BA 252", "BA 252H", "BA 351", "BA 352", "BA 352H"]]
}, {
  "corequisites": [],
  "course_name": "EMPLOYEE RECRUITMENT AND SELECTION",
  "course_number": "MGMT 448",
  "credits": "4",
  "description": "Provides in-depth coverage of best practices pertaining to the process of attracting, selecting, and hiring new employees in modern organizations. Emphasizes recruitment tactics, legal issues related to staffing, the criteria organizations use to make hiring decisions, and the strengths and weaknesses of various techniques used to evaluate prospective applicants throughout the selection process. Considers implications for the organization, the hiring manager, and the job-seeker.",
  "prerequisites": [["BA 251", "BA 252", "BA 252H", "BA 351", "BA 352", "BA 352H"]]
}, {
  "corequisites": [],
  "course_name": "COMPENSATION MANAGEMENT",
  "course_number": "MGMT 449",
  "credits": "4",
  "description": "Understands and designs methods of compensation aimed at motivating and rewarding employee contributions to the organization. Covers employee contributions including behavior, skills and goods/services that employees produce as individuals, teams, business units, projects or organizations. Topics include pay strategies and structures, performance measurement and evaluation, and various non-salary incentives.",
  "prerequisites": [["BA 251", "BA 252", "BA 252H", "BA 351", "BA 352", "BA 352H"]]
}, {
  "corequisites": [],
  "course_name": "INTRODUCTION TO MENTORING AND COACHING",
  "course_number": "MGMT 450",
  "credits": "4",
  "description": "Explores the theory and evidence associated with mentoring and coaching. Develop coaching and mentoring skills. Apply evidence-based coaching and mentoring processes as a means to improve developmental relationships and enhance self-development.",
  "prerequisites": [["BA 251", "BA 252", "BA 252H", "BA 351", "BA 352", "BA 352H"]]
}, {
  "corequisites": [],
  "course_name": "LEADERSHIP",
  "course_number": "MGMT 452",
  "credits": "4",
  "description": "In-depth study of leadership research, theory and skills. Emphasis on analysis of organizational leadership situations and application of leadership skills in the workplace.",
  "prerequisites": [["BA 251", "BA 252", "BA 252H", "BA 351", "BA 352", "BA 352H"]]
}, {
  "corequisites": [],
  "course_name": "HUMAN RESOURCES MANAGEMENT",
  "course_number": "MGMT 453",
  "credits": "4",
  "description": "Personnel administration for line supervisors and managers. Integrates systems approach to understanding government regulation of employment, resolution of workplace personnel problems, and performance-based personnel management.",
  "prerequisites": [["BA 251"], ["BA 252", "BA 252H", "BA 351", "BA 352", "BA 352H"]]
}, {
  "corequisites": [],
  "course_name": "INFLUENCE AND NEGOTIATION",
  "course_number": "MGMT 455",
  "credits": "4",
  "description": "Focuses on analysis, skill development and application of management research to real-life organizational influence, persuasion, negotiation and conflict management situations.",
  "prerequisites": [["BA 251", "BA 252", "BA 252H", "BA 351", "BA 352", "BA 352H"]]
}, {
  "corequisites": [],
  "course_name": "PROJECT MANAGEMENT PRACTICUM",
  "course_number": "MGMT 464",
  "credits": "4",
  "description": "Applies project management methodology and skills through the use of project management tools, techniques, and principles that have been learned in MGMT 364. Emphasizes individual and project-based learning to manage a project as a team from start to finish and prepare stakeholder analysis, risk assessment, and lessons learned documents.",
  "prerequisites": [["MGMT 364", "MGMT 364H"]]
}, {
  "corequisites": [],
  "course_name": "INTEGRATED HUMAN RESOURCE ANALYTICS PROJECT",
  "course_number": "MGMT 477",
  "credits": "4",
  "description": "Integrate what you have learned to solve industry-sponsored problems. Provides opportunities to design, implement, and evaluate analytic solutions for a real-world enterprise. Student teams will examine the data requirements, technical requirements, and organizational requirements necessary for the success of analytical solutions. Provides real-world case studies that examine the role of analytics in an organization. Special emphasis will be given to the implementation and leadership of the analytical function in an enterprise.",
  "prerequisites": [["BANA 371", "BA 474", "BANA 470"], ["BANA 372", "BA 475", "BANA 471"]]
}, {
  "corequisites": [],
  "course_name": "SELECTED TOPICS IN MANAGEMENT",
  "course_number": "MGMT 499",
  "credits": "1-4",
  "description": "Examination of the impact of recent advances in management on contemporary business. Topic will vary from term to term.",
  "prerequisites": []
}, {
  "corequisites": [],
  "course_name": "CROSS-CULTURAL MANAGEMENT",
  "course_number": "MGMT 546",
  "credits": "3",
  "description": "Develop comprehensive skills to navigate and manage cross-cultural management issues, leveraging best practices for a globalized era. Based on recent evidence-based research, (1) identify the role of culture and its influence on employee behavior at intercultural work settings; (2) develop a perspective to explore the challenges modern organizations face when leading and managing globalizing employees and (3) develop a capacity to effectively manage diverse workforces in cross-cultural settings by enhanced cultural awareness of, and adaptability for different cultures and business norms.",
  "prerequisites": [["BA 550"]]
}, {
  "corequisites": [],
  "course_name": "EMPLOYEE RECRUITMENT AND SELECTION",
  "course_number": "MGMT 548",
  "credits": "4",
  "description": "Provides in-depth coverage of best practices pertaining to the process of attracting, selecting, and hiring new employees in modern organizations. Emphasizes recruitment tactics, legal issues related to staffing, the criteria organizations use to make hiring decisions, and the strengths and weaknesses of various techniques used to evaluate prospective applicants throughout the selection process. Considers implications for the organization, the hiring manager, and the job-seeker.",
  "prerequisites": []
}, {
  "corequisites": [],
  "course_name": "COMPENSATION MANAGEMENT",
  "course_number": "MGMT 549",
  "credits": "4",
  "description": "Understands and designs methods of compensation aimed at motivating and rewarding employee contributions to the organization. Covers employee contributions including behavior, skills and goods/services that employees produce as individuals, teams, business units, projects or organizations. Topics include pay strategies and structures, performance measurement and evaluation, and various non-salary incentives.",
  "prerequisites": []
}, {
  "corequisites": [],
  "course_name": "ORGANIZATIONAL BEHAVIOR",
  "course_number": "MGMT 552",
  "credits": "3",
  "description": "Provides evidence-based study of human behavior within organizations with the goal of applying theories of human behavior to effective organizational administration. Topics include understanding individual differences, employee motivation, job design, the evaluation and motivation of employees, group dynamics and team management, effective communications, conflict management, employee stress, and work-life balance.",
  "prerequisites": []
}, {
  "corequisites": [],
  "course_name": "HUMAN RESOURCES MANAGEMENT",
  "course_number": "MGMT 553",
  "credits": "4",
  "description": "Personnel administration for line supervisors and managers. Integrates systems approach to understanding government regulation of employment, resolution of workplace personnel problems, and performance-based personnel management.",
  "prerequisites": []
}, {
  "corequisites": [],
  "course_name": "MANAGING ETHICS AND CORPORATE SOCIAL RESPONSIBILITY",
  "course_number": "MGMT 559",
  "credits": "3",
  "description": "Introduces students to contemporary issues managers face making ethical and socially-responsible decisions in an increasingly competitive, transparent, and global environment. Practical examples and cases, as well as contemporary behavioral ethics research and theory are incorporated throughout the course.",
  "prerequisites": []
}, {
  "corequisites": [],
  "course_name": "STRATEGIC HUMAN RESOURCE MANAGEMENT",
  "course_number": "MGMT 572",
  "credits": "3",
  "description": "Examines the theories of human resource management, the legal requirements for human resource practices, and how to create an HR measurement system that aligns with an organization’s strategy.",
  "prerequisites": [["BA 550"]]
}, {
  "corequisites": [],
  "course_name": "NEGOTIATIONS",
  "course_number": "MGMT 574",
  "credits": "3",
  "description": "Learn the theories of negotiation and the techniques to develop an effective negotiation style.",
  "prerequisites": []
}, {
  "corequisites": [],
  "course_name": "INTEGRATIVE CAPSTONE",
  "course_number": "MGMT 576",
  "credits": "3",
  "description": "Identifies, recommends appropriate solutions, and creates an implementation plan for the best alternative solution. Integrates at least two fields of study (e.g., marketing and finance) to demonstrate competence within those fields. Provides real value to the student as a learning process and to the sponsoring organization as a final result.",
  "prerequisites": []
}, {
  "corequisites": [],
  "course_name": "ORGANIZATIONAL BEHAVIOR",
  "course_number": "MGMT 650",
  "credits": "3",
  "description": "Surveys research on individual differences, psychological states, and team processes related to work motivation, decision-making and performance.",
  "prerequisites": []
}]