[{
  "corequisites": [],
  "course_name": "INTRODUCTION TO MIME",
  "course_number": "MIME 101",
  "credits": "3",
  "description": "Provides students with an overview of mechanical, industrial, manufacturing, and energy systems engineering careers and an introduction to technical areas of study. Skills necessary for success in both the academic curriculum and in the engineering profession will also be emphasized, including communication and ethics. Lec/rec.",
  "prerequisites": []
}, {
  "corequisites": [],
  "course_name": "SPECIAL TOPICS",
  "course_number": "MIME 199",
  "credits": "1-4",
  "description": "",
  "prerequisites": []
}, {
  "corequisites": [],
  "course_name": "SPECIAL TOPICS",
  "course_number": "MIME 299",
  "credits": "0-4",
  "description": "",
  "prerequisites": []
}, {
  "corequisites": [],
  "course_name": "SPECIAL TOPICS",
  "course_number": "MIME 399",
  "credits": "0-4",
  "description": "",
  "prerequisites": []
}, {
  "corequisites": [],
  "course_name": "OCEAN ENGINEERING",
  "course_number": "MIME 411",
  "credits": "4",
  "description": "Covers linear wave theory and wave forces on ocean structures. Explores guided design of a fixed and floating body system for offshore renewable wind and wave energy. Reviews studies on excitation, drag, and system performance analyses on Oregon coasts. CROSSLISTED as CE 411/MIME 411.",
  "prerequisites": [["CE 313", "CEM 311"]]
}, {
  "corequisites": [],
  "course_name": "^MIME CAPSTONE DESIGN",
  "course_number": "MIME 497",
  "credits": "4",
  "description": "Integrates engineering knowledge and experience by applying skills to work on real-world engineering project. Involves product design; selection and replacement of major tools, processes, and equipment; paperwork controls; subsystem revision; system or plant revision; selection and training of personnel; and long-run policies and strategy.",
  "prerequisites": [["IE 355"], ["IE 356"], ["IE 366"], ["IE 367"], ["IE 368"], ["WR 227Z", "WR 227H", "WR 327", "WR 327H", "MATS 322"], ["ENGR 390"], ["ME 250"], ["ME 312", "ME 312H", "NSE 312", "NSE 312H"], ["ME 317", "ME 317H"], ["ME 382", "ME 382H"], ["ME 383", "ME 383H"], ["ST 314", "ST 314H"], ["WR 227Z", "WR 227H", "WR 327", "WR 327H"]]
}, {
  "corequisites": [],
  "course_name": "^MIME CAPSTONE DESIGN",
  "course_number": "MIME 498",
  "credits": "4",
  "description": "Product design; selection and replacement of major tools, processes, and equipment; paperwork controls; subsystem revision; system or plant revision; selection and training of personnel; long-run policies and strategy.",
  "prerequisites": [["MIME 497", "ESE 497"]]
}, {
  "corequisites": [],
  "course_name": "WRITING AND CONFERENCE/EXPLORATION",
  "course_number": "MIME 504",
  "credits": "1-9",
  "description": "Students will be allowed to register for a variable number of MIME 504 credits to bring their registration up to full-time status (9 credits). Graded P/N.",
  "prerequisites": []
}, {
  "corequisites": [],
  "course_name": "SEMINAR/NEW STUDENT ORIENTATION",
  "course_number": "MIME 507",
  "credits": "1",
  "description": "",
  "prerequisites": []
}]