[{
  "corequisites": [],
  "course_name": "INTERNSHIP",
  "course_number": "MRKT 004",
  "credits": "0",
  "description": "Provides basic personal and professional skills that can be used within and outside of a work setting. Through practice, this experience guides students in building and maintaining positive professional relationships, networking/mentoring relationships, and enhances students’ understanding of the connection between theory and practice in their respective disciplines.",
  "prerequisites": []
}, {
  "corequisites": [],
  "course_name": "ADVANCED APPLICATION OF MARKETING PRINCIPLES",
  "course_number": "MRKT 323",
  "credits": "4",
  "description": "Develop an understanding of how a market-orientation can help firms to profitably deliver value to targeted customers. Through a combination of case discussions, preparation of a client project, lectures and in-class activities, analyze complex marketing challenges; make strategic decisions for products, services, and brands, based on marketing principles; and persuasively communicate decisions.",
  "prerequisites": [["BA 223", "BA 223H", "BA 390", "BA 390H"]]
}, {
  "corequisites": [],
  "course_name": "FUNDAMENTALS OF MARKETING RESEARCH",
  "course_number": "MRKT 396",
  "credits": "4",
  "description": "Introduction to the fundamentals of market research. Provides a basic understanding of marketing research and relevant decisions in the process.",
  "prerequisites": [["BA 275", "BA 275H", "ST 202"], ["BA 223", "BA 223H", "BA 390", "BA 390H"]]
}, {
  "corequisites": [],
  "course_name": "INTERNSHIP",
  "course_number": "MRKT 410",
  "credits": "1-12",
  "description": "",
  "prerequisites": []
}, {
  "corequisites": [],
  "course_name": "SPORTS MARKETING",
  "course_number": "MRKT 451",
  "credits": "2",
  "description": "Explores the complex and diverse nature of sports marketing. Applies fundamental marketing concepts to the sports industry, including the marketing mix, consumer behavior, segmentation analysis, and assessment of marketing programs specific to sports. Guidelines for the formulation of marketing goals and strategies are included.",
  "prerequisites": [["BA 350"]]
}, {
  "corequisites": [],
  "course_name": "SPORTS SPONSORSHIP",
  "course_number": "MRKT 452",
  "credits": "2",
  "description": "Considers the relation between sports and corporate sponsorship programs. Focuses on alignment marketing issues, strategic communication through sponsorship, sponsor value, and sponsorship evaluation.",
  "prerequisites": [["MRKT 451"]]
}, {
  "corequisites": [],
  "course_name": "INTEGRATED MARKETING ANALYTICS PROJECT",
  "course_number": "MRKT 477",
  "credits": "4",
  "description": "Integrate what you have learned to solve industry-sponsored problems. Provides opportunities to design, implement, and evaluate analytic solutions for a real-world enterprise. Student teams will examine the data requirements, technical requirements, and organizational requirements necessary for the success of analytical solutions. Provides real-world case studies that examine the role of analytics in an organization. Special emphasis will be given to the implementation and leadership of the analytical function in an enterprise.",
  "prerequisites": [["BANA 371", "BA 474", "BANA 470"], ["BANA 372", "BA 475", "BANA 471"]]
}, {
  "corequisites": [],
  "course_name": "DIGITAL MARKETING PLATFORMS",
  "course_number": "MRKT 484",
  "credits": "4",
  "description": "Examines the major digital channels and platforms for digital marketing, theories and techniques of digital marketing, implementation considerations, and associated risks and limitations.",
  "prerequisites": [["BA 223", "BA 223H", "BA 390", "BA 390H"]]
}, {
  "corequisites": [],
  "course_name": "SEARCH MARKETING",
  "course_number": "MRKT 485",
  "credits": "4",
  "description": "Examines the fundamentals of Search Engine Optimization (SEO) and Search Engine Marketing (SEM) and how they can be integrated into an overall marketing strategy to maximize brand visibility and performance.",
  "prerequisites": [["BA 223", "BA 223H", "BA 390", "BA 390H"]]
}, {
  "corequisites": [],
  "course_name": "CUSTOMER RELATIONSHIP MANAGEMENT",
  "course_number": "MRKT 486",
  "credits": "4",
  "description": "An integration of people, process and technology. Emphasizes how individuals and companies can gain the return on investment that they expect through technology implementation, service and business process mapping, employee training, customer relationship, customer life time value, technology solutions that track customer data and employee performance.",
  "prerequisites": [["BA 223", "BA 223H", "BA 390", "BA 390H"]]
}, {
  "corequisites": [],
  "course_name": "PROFESSIONAL SALES",
  "course_number": "MRKT 488",
  "credits": "4",
  "description": "Emphasizes coverage and utilization of principles and theory of personal selling to address sales opportunities in a variety of contexts. Focuses on the use of sales skills by professional salespeople.",
  "prerequisites": [["BA 223", "BA 223H", "BA 390", "BA 390H"]]
}, {
  "corequisites": [],
  "course_name": "PERSONAL SELLING SKILLS AND TECHNIQUES",
  "course_number": "MRKT 489",
  "credits": "4",
  "description": "Introduces sales principles and the sales process, with a focus on practical application of personal selling skills in any business situation. Content balances theory with skills development in a variety of business contexts.",
  "prerequisites": [["BA 223", "BA 223H", "BA 390", "BA 390H"]]
}, {
  "corequisites": [],
  "course_name": "QUALITATIVE RESEARCH METHODS",
  "course_number": "MRKT 491",
  "credits": "4",
  "description": "Gain an overall understanding of qualitative research and methods such as focus groups, in-depth interviews, and observational research. Explore qualitative research methods through hands-on learning and experiences.",
  "prerequisites": [["BA 223", "BA 223H", "BA 390", "BA 390H"]]
}, {
  "corequisites": [],
  "course_name": "CONSUMER BEHAVIOR",
  "course_number": "MRKT 492",
  "credits": "4",
  "description": "Understanding the processes that lead to purchase, so as to improve decisions on segmentation and the appropriate marketing mix for each segment. How consumers and households make decisions, and why different individuals/groups make different decisions. Application of behavioral science concepts at individual, subcultural and cultural levels. Effects of consumerism and regulation also are considered.",
  "prerequisites": [["BA 223", "BA 223H", "BA 390", "BA 390H"]]
}, {
  "corequisites": [],
  "course_name": "CONSUMER BEHAVIOR",
  "course_number": "MRKT 492H",
  "credits": "4",
  "description": "Understanding the processes that lead to purchase, so as to improve decisions on segmentation and the appropriate marketing mix for each segment. How consumers and households make decisions, and why different individuals/groups make different decisions. Application of behavioral science concepts at individual, subcultural and cultural levels. Effects of consumerism and regulation also are considered.",
  "prerequisites": [["BA 223", "BA 223H", "BA 390", "BA 390H"]]
}, {
  "corequisites": [],
  "course_name": "INTEGRATED MARKETING COMMUNICATIONS",
  "course_number": "MRKT 493",
  "credits": "4",
  "description": "Analysis of the influence of marketing communications on the attitudes and behaviors of consumer and industrial buyers. Identification and examination of the major decisions made by marketing/advertising managers in implementing the promotional mix.",
  "prerequisites": [["BA 223", "BA 223H", "BA 390", "BA 390H"]]
}, {
  "corequisites": [],
  "course_name": "RETAIL MANAGEMENT",
  "course_number": "MRKT 495",
  "credits": "4",
  "description": "Management of retail business with emphasis on strategic planning, analysis, and control, focused on middle- and upper-middle management decisions.",
  "prerequisites": [["BA 390", "BA 390H", "BA 223", "BA 223H"]]
}, {
  "corequisites": [],
  "course_name": "MARKETING RESEARCH PRACTICUM",
  "course_number": "MRKT 496",
  "credits": "4",
  "description": "Provides the student with practical experience in the collection, analysis and interpretation of primary data.",
  "prerequisites": [["MRKT 396"]]
}, {
  "corequisites": [],
  "course_name": "GLOBAL MARKETING",
  "course_number": "MRKT 497",
  "credits": "4",
  "description": "Consideration of cultural, political, regulatory, economic and trade barriers in the design of marketing plans for product development, pricing, channels of distribution; and promotion alternatives in a global market.",
  "prerequisites": [["BA 347", "BA 347H"], ["BA 390", "BA 390H", "BA 223", "BA 223H"]]
}, {
  "corequisites": [],
  "course_name": "SERVICES MARKETING",
  "course_number": "MRKT 498",
  "credits": "4",
  "description": "Formulation of strategic and tactical marketing plans for organizations (both profit and not-for-profit) in the service sector of the economy. Projects or cases are used to provide a comprehensive experience.",
  "prerequisites": [["BA 223", "BA 223H", "BA 390", "BA 390H"]]
}, {
  "corequisites": [],
  "course_name": "MARKETING STRATEGY",
  "course_number": "MRKT 499",
  "credits": "4",
  "description": "Identifies and analyzes marketing problems and opportunities. Conducts market and competitive analysis. Implements marketing concepts, strategies, and tactics to achieve the marketing objectives of the business enterprise. Projects or cases are used to provide a comprehensive experience.",
  "prerequisites": [["MRKT 396"], ["MRKT 492", "MRKT 492H"]]
}, {
  "corequisites": [],
  "course_name": "MARKETING STRATEGY CAPSTONE",
  "course_number": "MRKT 578",
  "credits": "4",
  "description": "Provides a holistic, integrative perspective on marketing activities. Considers how to assess, construct, and apply business strategies to generate and sustain value.",
  "prerequisites": [["BA 590"]]
}, {
  "corequisites": [],
  "course_name": "DIGITAL MARKETING PLATFORMS",
  "course_number": "MRKT 584",
  "credits": "4",
  "description": "Examines the major digital channels and platforms for digital marketing, theories and techniques of digital marketing, implementation considerations, and associated risks and limitations.",
  "prerequisites": []
}, {
  "corequisites": [],
  "course_name": "SEARCH MARKETING",
  "course_number": "MRKT 585",
  "credits": "4",
  "description": "Examines the fundamentals of Search Engine Optimization (SEO) and Search Engine Marketing (SEM) and how they can be integrated into an overall marketing strategy to maximize brand visibility and performance.",
  "prerequisites": []
}, {
  "corequisites": [],
  "course_name": "CUSTOMER RELATIONSHIP MANAGEMENT",
  "course_number": "MRKT 586",
  "credits": "4",
  "description": "An integration of people, process and technology. Emphasizes how individuals and companies can gain the return on investment that they expect through technology implementation, service and business process mapping, employee training, customer relationship, customer life time value, technology solutions that track customer data and employee performance.",
  "prerequisites": []
}, {
  "corequisites": [],
  "course_name": "PROFESSIONAL SALES",
  "course_number": "MRKT 588",
  "credits": "4",
  "description": "Emphasizes coverage and utilization of principles and theory of personal selling to address sales opportunities in a variety of contexts. Focuses on the use of sales skills by professional salespeople.",
  "prerequisites": []
}, {
  "corequisites": [],
  "course_name": "PERSONAL SELLING SKILLS AND TECHNIQUES",
  "course_number": "MRKT 589",
  "credits": "4",
  "description": "Introduces sales principles and the sales process, with a focus on practical application of personal selling skills in any business situation. Content balances theory with skills development in a variety of business contexts.",
  "prerequisites": []
}, {
  "corequisites": [],
  "course_name": "CONSUMER BEHAVIOR",
  "course_number": "MRKT 592",
  "credits": "3",
  "description": "Understanding the processes that lead to purchase, so as to improve decisions on segmentation and the appropriate marketing mix for each segment. How consumers and households make decisions, and why different individuals/groups make different decisions. Application of behavioral science concepts at individual, subcultural and cultural levels. Effects of consumerism and regulation also are considered.",
  "prerequisites": []
}, {
  "corequisites": [],
  "course_name": "INTEGRATED MARKETING COMMUNICATIONS",
  "course_number": "MRKT 593",
  "credits": "3",
  "description": "Analysis of the influence of marketing communications on the attitudes and behaviors of consumer and industrial buyers. Identification and examination of the major decisions made by marketing/advertising managers in implementing the promotional mix.",
  "prerequisites": []
}, {
  "corequisites": [],
  "course_name": "RETAIL MANAGEMENT",
  "course_number": "MRKT 595",
  "credits": "4",
  "description": "Management of retail business with emphasis on strategic planning, analysis, and control, focused on middle- and upper-management decisions.",
  "prerequisites": []
}, {
  "corequisites": [],
  "course_name": "GLOBAL MARKETING",
  "course_number": "MRKT 597",
  "credits": "4",
  "description": "Consideration of cultural, political, regulatory, economic and trade barriers in the design of marketing plans for product development, pricing, channels of distribution; and promotion alternatives in a global market.",
  "prerequisites": []
}, {
  "corequisites": [],
  "course_name": "SELECTED TOPICS IN MARKETING",
  "course_number": "MRKT 599",
  "credits": "1-4",
  "description": "Concepts and methods in advanced marketing management practice. Latest theoretical developments and quantitative methods in marketing, with particular relevance to managerial applications. Topics will vary from term to term.",
  "prerequisites": []
}]