[{
  "corequisites": [],
  "course_name": "RESEARCH AND SCHOLARSHIP",
  "course_number": "MRM 501",
  "credits": "1-16",
  "description": "",
  "prerequisites": []
}, {
  "corequisites": [],
  "course_name": "THESIS",
  "course_number": "MRM 503",
  "credits": "1-16",
  "description": "",
  "prerequisites": []
}, {
  "corequisites": [],
  "course_name": "READING AND CONFERENCE",
  "course_number": "MRM 505",
  "credits": "1-16",
  "description": "",
  "prerequisites": []
}, {
  "corequisites": [],
  "course_name": "PROJECTS",
  "course_number": "MRM 506",
  "credits": "1-16",
  "description": "",
  "prerequisites": []
}, {
  "corequisites": [],
  "course_name": "SEMINAR",
  "course_number": "MRM 507",
  "credits": "1-16",
  "description": "",
  "prerequisites": []
}, {
  "corequisites": [],
  "course_name": "WORKSHOP",
  "course_number": "MRM 508",
  "credits": "1-16",
  "description": "",
  "prerequisites": []
}, {
  "corequisites": [],
  "course_name": "INTERNSHIP",
  "course_number": "MRM 510",
  "credits": "1-12",
  "description": "",
  "prerequisites": []
}, {
  "corequisites": [],
  "course_name": "SPECIAL TOPICS IN MARINE RESOURCE MANAGEMENT",
  "course_number": "MRM 525",
  "credits": "1-4",
  "description": "",
  "prerequisites": []
}, {
  "corequisites": [],
  "course_name": "PRINCIPLES AND PRACTICE OF MARINE RESOURCE MANAGEMENT",
  "course_number": "MRM 530",
  "credits": "3",
  "description": "Introduces learners to the core concepts/skills required for guiding the management of the interactions between human and natural marine systems. Particular attention is given to the concept and framework of Ecosystem-Based Management, the goal of which is to conserve, maintain and restore ecosystem functions to promote the economic and ecological sustainability of marine ecosystems and human communities that depend on the services they provide. Tomorrow’s marine resource managers must be capable of identifying, requesting, analyzing, synthesizing, and combining natural and social science with experiential knowledge and human/social capital to generate meaningful policy and management recommendations and strategies.",
  "prerequisites": []
}, {
  "corequisites": [],
  "course_name": "SPECIAL TOPICS",
  "course_number": "MRM 599",
  "credits": "1-16",
  "description": "",
  "prerequisites": []
}]