[{
  "corequisites": [],
  "course_name": "ELEMENTARY ALGEBRA",
  "course_number": "MTH 065",
  "credits": "3",
  "description": "Arithmetic of signed numbers, order of operations, simplifying algebraic expressions, solutions of linear equations, and inequalities. Rules of exponents, addition, subtraction, and multiplication of polynomials, factoring, solution of quadratic equations by factoring, reducing rational expressions. Word problems involving linear equations, graphing of linear equations, inequalities.",
  "prerequisites": [[]]
}, {
  "corequisites": [],
  "course_name": "ALGEBRAIC REASONING",
  "course_number": "MTH 103",
  "credits": "4",
  "description": "Graphing data, functions, rate of change, linear equations, systems of linear equations, linear inequalities, linear functions, absolute value functions, quadratic functions, exponential functions.",
  "prerequisites": [["MTH 065"]]
}, {
  "corequisites": [],
  "course_name": "*INTRODUCTION TO CONTEMPORARY MATHEMATICS",
  "course_number": "MTH 105",
  "credits": "3",
  "description": "Elementary linear programming, combinatorics, descriptive statistics, elementary probability, exponential growth and decay, examples of major mathematical ideas and models. NO LONGER TAUGHT. REPLACED WITH COMMON COURSE NUMBER MTH 105Z.",
  "prerequisites": []
}, {
  "corequisites": [],
  "course_name": "+*MATH IN SOCIETY",
  "course_number": "MTH 105Z",
  "credits": "4",
  "description": "Explores present-day applications of mathematics focused on developing numeracy. Major topics include quantitative reasoning and problem-solving strategies, probability and statistics, and financial mathematics; these topics are to be weighted approximately equally. Emphasizes mathematical literacy and communication, relevant everyday applications, and the appropriate use of current technology.",
  "prerequisites": []
}, {
  "corequisites": [],
  "course_name": "*COLLEGE ALGEBRA",
  "course_number": "MTH 111",
  "credits": "4",
  "description": "Polynomial equations and inequalities, polynomial functions and graphs, inverse functions, exponential and logarithmic functions, elementary mathematical modeling and applications. NO LONGER TAUGHT. REPLACED WITH COMMON COURSE NUMBER MTH 111Z.",
  "prerequisites": [["MTH 095", "MTH 103"]]
}, {
  "corequisites": [],
  "course_name": "+*PRECALCULUS I: FUNCTIONS",
  "course_number": "MTH 111Z",
  "credits": "4",
  "description": "Designed for students preparing for trigonometry or calculus. Focuses on functions and their properties, including polynomial, rational, exponential, logarithmic, piecewise-defined, and inverse functions. Explores the topics symbolically, numerically, and graphically in real-life applications and interpreted in context. Emphasizes skill building, problem solving, modeling, reasoning, communication, connections with other disciplines, and the appropriate use of present-day technology.",
  "prerequisites": [["MTH 095", "MTH 103"]]
}, {
  "corequisites": [],
  "course_name": "*ELEMENTARY FUNCTIONS",
  "course_number": "MTH 112",
  "credits": "4",
  "description": "Triangle trigonometry, circular functions and graphs, trigonometric equations and identities, inverse trigonometric functions, polar coordinates, vectors and applications. NO LONGER TAUGHT. REPLACED WITH COMMON COURSE NUMBER MTH 112Z.",
  "prerequisites": [["MTH 111"]]
}, {
  "corequisites": [],
  "course_name": "+*PRECALCULUS II: TRIGONOMETRY",
  "course_number": "MTH 112Z",
  "credits": "4",
  "description": "Designed for students preparing for calculus and related disciplines. Explores trigonometric functions and their applications as well as the language and measurement of angles, triangles, circles, and vectors. Explores the topics symbolically, numerically, and graphically in real-life applications and interpreted in context. Emphasizes skill building, problem solving, modeling, reasoning, communication, connections with other disciplines, and the appropriate use of present-day technology.",
  "prerequisites": [["MTH 111", "MTH 111Z"]]
}, {
  "corequisites": [],
  "course_name": "SPECIAL TOPICS",
  "course_number": "MTH 199",
  "credits": "1-16",
  "description": "",
  "prerequisites": []
}, {
  "corequisites": [],
  "course_name": "*FOUNDATIONS OF ELEMENTARY MATHEMATICS",
  "course_number": "MTH 211",
  "credits": "4",
  "description": "Introduction to problem solving, sets, whole numbers, number theory, fractions. Intended primarily for prospective elementary teachers.",
  "prerequisites": [["MTH 095", "MTH 103", "MTH 111", "MTH 111Z", "MTH 112", "MTH 112Z"]]
}, {
  "corequisites": [],
  "course_name": "FOUNDATIONS OF ELEMENTARY MATHEMATICS",
  "course_number": "MTH 212",
  "credits": "4",
  "description": "The second of a three-term sequence designed to help prepare prospective elementary and middle school teachers. Topics covered include fractions, decimals, percent, ratio and proportion, integers, rational numbers, real numbers, probability and statistics.",
  "prerequisites": [["MTH 211"]]
}, {
  "corequisites": [],
  "course_name": "*CALCULUS AND PROBABILITY FOR THE LIFE SCIENCES I",
  "course_number": "MTH 227",
  "credits": "4",
  "description": "Review of exponential and trigonometric functions, including examples of exponential and periodic behavior; discrete probability; examples of biologically motivated difference equations; differentiation of polynomials, exponential and trigonometric functions with applications to optimization.",
  "prerequisites": [["MTH 112", "MTH 112Z", "MTH 150X"]]
}, {
  "corequisites": [],
  "course_name": "CALCULUS AND PROBABILITY FOR THE LIFE SCIENCES II",
  "course_number": "MTH 228",
  "credits": "4",
  "description": "Continuation of MTH 227 with more general population growth models. Antidifferentiation; The Fundamental Theorem of Calculus applied to solving continuous growth models. Continuous random variables. Basic linear algebra of small systems sufficient to calculate eigenvalues and eigenvectors and appreciate their use in life science applications.",
  "prerequisites": [["MTH 227", "MTH 227X"]]
}, {
  "corequisites": [],
  "course_name": "ELEMENTS OF DISCRETE MATHEMATICS",
  "course_number": "MTH 231",
  "credits": "4",
  "description": "Elementary logic and set theory, functions, direct proof techniques, contradiction and contraposition, mathematical induction and recursion, elementary combinatorics, basic graph theory, minimal spanning trees.",
  "prerequisites": [["MTH 111", "MTH 111Z"]]
}, {
  "corequisites": [],
  "course_name": "ELEMENTS OF DISCRETE MATHEMATICS",
  "course_number": "MTH 231H",
  "credits": "4",
  "description": "Elementary logic and set theory, functions, direct proof techniques, contradiction and contraposition, mathematical induction and recursion, elementary combinatorics, basic graph theory, minimal spanning trees.",
  "prerequisites": [["MTH 111", "MTH 111Z"]]
}, {
  "corequisites": [],
  "course_name": "*CALCULUS FOR MANAGEMENT AND SOCIAL SCIENCE",
  "course_number": "MTH 241",
  "credits": "4",
  "description": "Elementary differential calculus of polynomial, logarithmic, and exponential functions and their applications to business, management and social sciences.",
  "prerequisites": [["MTH 111", "MTH 111Z"]]
}, {
  "corequisites": [],
  "course_name": "*CALCULUS FOR MANAGEMENT AND SOCIAL SCIENCE",
  "course_number": "MTH 241H",
  "credits": "4",
  "description": "Elementary differential calculus of polynomial, logarithmic, and exponential functions and their applications to business, management and social sciences.",
  "prerequisites": [["MTH 111", "MTH 111Z"]]
}, {
  "corequisites": [],
  "course_name": "*MATHEMATICS FOR MANAGEMENT",
  "course_number": "MTH 245",
  "credits": "LIFE",
  "description": "Techniques of counting, probability and elements of statistics including binomial and normal distributions. Introductory matrix algebra. Elements of linear programming.",
  "prerequisites": [["MTH 111", "MTH 111Z"]]
}, {
  "corequisites": [],
  "course_name": "*DIFFERENTIAL CALCULUS",
  "course_number": "MTH 251",
  "credits": "4",
  "description": "Differential calculus for engineers and scientists. Rates of change: the derivative, velocity, and acceleration. The algebraic rules of differential calculus and derivatives of polynomial, rational, and trigonometric functions. Maximum-minimum problems, curve sketching, and other applications. Antiderivatives and simple motion problems.",
  "prerequisites": [["MTH 112", "MTH 112Z", "MTH 150X"]]
}, {
  "corequisites": [],
  "course_name": "*DIFFERENTIAL CALCULUS",
  "course_number": "MTH 251H",
  "credits": "4",
  "description": "Differential calculus for engineers and scientists. Rates of change: the derivative, velocity, and acceleration. The algebraic rules of differential calculus and derivatives of polynomial, rational, and trigonometric functions. Maximum-minimum problems, curve sketching, and other applications. Antiderivatives and simple motion problems.",
  "prerequisites": [["MTH 112", "MTH 112Z", "MTH 150X"]]
}, {
  "corequisites": [],
  "course_name": "INTEGRAL CALCULUS",
  "course_number": "MTH 252",
  "credits": "4",
  "description": "Definite integrals, elementary applications to area, force, and work. Integral tables and basic techniques of integration, calculus of logarithmic and exponential functions, polar coordinates, applications to areas, volumes, force, work, and growth and decay problems.",
  "prerequisites": [["MTH 251", "MTH 251H"]]
}, {
  "corequisites": [],
  "course_name": "INTEGRAL CALCULUS",
  "course_number": "MTH 252H",
  "credits": "4",
  "description": "Definite integrals, elementary applications to area, force, and work. Integral tables and basic techniques of integration, calculus of logarithmic and exponential functions, polar coordinates, applications to areas, volumes, force, work, and growth and decay problems.",
  "prerequisites": [["MTH 251", "MTH 251H"]]
}, {
  "corequisites": [],
  "course_name": "INFINITE SERIES AND SEQUENCES",
  "course_number": "MTH 253",
  "credits": "4",
  "description": "Indeterminate forms. Improper integrals. Sequences and series, especially Taylor's formula and power series. Applications to numerical estimation with error analysis. Series with complex terms and the Euler identities.",
  "prerequisites": [["MTH 252", "MTH 252H"]]
}, {
  "corequisites": [],
  "course_name": "VECTOR CALCULUS I",
  "course_number": "MTH 254",
  "credits": "4",
  "description": "Vectors, vector functions, and curves in two and three dimensions. Surfaces, partial derivatives, gradients, and directional derivatives. Multiple integrals in rectangular, polar, cylindrical, and spherical coordinates. Physical and geometric applications.",
  "prerequisites": [["MTH 252", "MTH 252H"]]
}, {
  "corequisites": [],
  "course_name": "VECTOR CALCULUS I",
  "course_number": "MTH 254H",
  "credits": "4",
  "description": "Vectors, vector functions, and curves in two and three dimensions. Surfaces, partial derivatives, gradients, and directional derivatives. Multiple integrals in rectangular, polar, cylindrical, and spherical coordinates. Physical and geometric applications.",
  "prerequisites": [["MTH 252", "MTH 252H"]]
}, {
  "corequisites": [],
  "course_name": "VECTOR CALCULUS II",
  "course_number": "MTH 255",
  "credits": "4",
  "description": "Brief review of vector functions, space curves, gradients, and directional derivatives. Introduction to vector analysis: vector fields, divergence, curl, line integrals, surface integrals, conservative fields, and the theorems of Gauss and Stokes with applications to force, work, mass, and charge.",
  "prerequisites": [["MTH 254", "MTH 254H"]]
}, {
  "corequisites": [],
  "course_name": "VECTOR CALCULUS II",
  "course_number": "MTH 255H",
  "credits": "4",
  "description": "Brief review of vector functions, space curves, gradients, and directional derivatives. Introduction to vector analysis: vector fields, divergence, curl, line integrals, surface integrals, conservative fields, and the theorems of Gauss and Stokes with applications to force, work, mass, and charge.",
  "prerequisites": [["MTH 254", "MTH 254H"]]
}, {
  "corequisites": [],
  "course_name": "APPLIED DIFFERENTIAL EQUATIONS",
  "course_number": "MTH 256",
  "credits": "4",
  "description": "First order linear and nonlinear equations, and second order linear equations. Applications to electric circuits and mechanical oscillators. Introduction to the Laplace transform and higher order equations. Solution methods and applications appropriate for science and engineering. (Familiarity with complex numbers and Euler's identities.)",
  "prerequisites": [["MTH 254", "MTH 254H"]]
}, {
  "corequisites": [],
  "course_name": "APPLIED DIFFERENTIAL EQUATIONS",
  "course_number": "MTH 256H",
  "credits": "4",
  "description": "First order linear and nonlinear equations, and second order linear equations. Applications to electric circuits and mechanical oscillators. Introduction to the Laplace transform and higher order equations. Solution methods and applications appropriate for science and engineering. (Familiarity with complex numbers and Euler's identities.)",
  "prerequisites": [["MTH 254", "MTH 254H"]]
}, {
  "corequisites": [],
  "course_name": "INTRODUCTION TO MATRIX ALGEBRA",
  "course_number": "MTH 264",
  "credits": "2",
  "description": "Introduction to matrix algebra: systematic solution to systems of linear equations; linear transformations; eigenvalue problems.",
  "prerequisites": [["MTH 252", "MTH 252H"]]
}, {
  "corequisites": [],
  "course_name": "INTRODUCTION TO MATRIX ALGEBRA",
  "course_number": "MTH 264H",
  "credits": "2",
  "description": "Introduction to matrix algebra: systematic solution to systems of linear equations; linear transformations; eigenvalue problems.",
  "prerequisites": [["MTH 252", "MTH 252H"]]
}, {
  "corequisites": [],
  "course_name": "INTRODUCTION TO SERIES",
  "course_number": "MTH 265",
  "credits": "2",
  "description": "Convergence and divergence of numerical series, including geometric series. Series of functions. Power series and their analytic properties. Taylor series expansions and Taylor polynomials.",
  "prerequisites": [["MTH 252", "MTH 252H"]]
}, {
  "corequisites": [],
  "course_name": "INTRODUCTION TO SERIES",
  "course_number": "MTH 265H",
  "credits": "2",
  "description": "Convergence and divergence of numerical series, including geometric series. Series of functions. Power series and their analytic properties. Taylor series expansions and Taylor polynomials.",
  "prerequisites": [["MTH 252", "MTH 252H"]]
}, {
  "corequisites": [],
  "course_name": "SPECIAL TOPICS",
  "course_number": "MTH 299",
  "credits": "0-16",
  "description": "",
  "prerequisites": []
}, {
  "corequisites": [],
  "course_name": "MATRIX AND POWER SERIES METHODS",
  "course_number": "MTH 306",
  "credits": "4",
  "description": "Introduction to matrix algebra, determinants, systematic solution to linear systems, and eigenvalue problems. Convergence and divergence of series with emphasis on power series, Taylor series expansions, convergence tests for power series, and error estimates for truncated series used in practical approximations.",
  "prerequisites": [["MTH 252", "MTH 252H"]]
}, {
  "corequisites": [],
  "course_name": "MATRIX AND POWER SERIES METHODS",
  "course_number": "MTH 306H",
  "credits": "4",
  "description": "Introduction to matrix algebra, determinants, systematic solution to linear systems, and eigenvalue problems. Convergence and divergence of series with emphasis on power series, Taylor series expansions, convergence tests for power series, and error estimates for truncated series used in practical approximations.",
  "prerequisites": [["MTH 252", "MTH 252H"]]
}, {
  "corequisites": [],
  "course_name": "FOUNDATIONS OF MATHEMATICS",
  "course_number": "MTH 310",
  "credits": "3",
  "description": "Introduces proof writing and focuses on elementary logic and set theory, quantifiers, proof techniques (including mathematical induction), equivalence relations, and functions. Topics include recurrence relations, generating functions, the binomial theorem, and cardinality of sets.",
  "prerequisites": [["MTH 253"]]
}, {
  "corequisites": [],
  "course_name": "ADVANCED CALCULUS I",
  "course_number": "MTH 311",
  "credits": "4",
  "description": "Rigorous development of calculus, axiomatic properties of the real numbers, topology of the real line, convergence of sequences and series of real numbers, functions, limits of functions, basic properties of continuity and derivatives. Brief treatment of Riemann integration, improper integrals, sequences of functions, pointwise and uniform convergence, introductory aspects of multivariable calculus.",
  "prerequisites": [["MTH 254", "MTH 254H"], ["MTH 355", "MTH 310"]]
}, {
  "corequisites": [],
  "course_name": "ADVANCED CALCULUS II",
  "course_number": "MTH 312",
  "credits": "4",
  "description": "Rigorous development of calculus, axiomatic properties of R, topology of the real line, convergence of sequences and series of real numbers, functions, limits of functions, basic properties of continuity and derivatives. Brief treatment of Riemann integration, improper integrals, sequences of functions, pointwise and uniform convergence, introductory aspects of multivariable calculus.",
  "prerequisites": [["MTH 311"]]
}, {
  "corequisites": [],
  "course_name": "INTRODUCTORY APPLICATIONS OF MATHEMATICAL SOFTWARE",
  "course_number": "MTH 321",
  "credits": "3",
  "description": "An introduction to select mathematical software packages to support problem solving and applications. Topics include using computational resources to solve basic numerical and symbolic problems in mathematics, visualization and presentation of data, creation of simple programming scripts, and applications of basic programming techniques to promote mathematical understanding. The scientific typesetting language LaTeX will also be covered. All courses used to satisfy MTH prerequisites must be completed with a C- or better.",
  "prerequisites": [["MTH 341", "MTH 264", "MTH 264H", "MTH 306", "MTH 306H"]]
}, {
  "corequisites": [],
  "course_name": "^MATHEMATICAL MODELING",
  "course_number": "MTH 323",
  "credits": "3",
  "description": "A variety of mathematical modeling techniques will be introduced. Students will formulate models in response to practical problems drawn from the literature of ecology, environmental sciences, engineering or other fields. Informal writing assignments in class and formal written presentation of the models will be required.",
  "prerequisites": [["MTH 256", "MTH 256H"], ["MTH 341"]]
}, {
  "corequisites": [],
  "course_name": "^FUNDAMENTAL CONCEPTS OF TOPOLOGY",
  "course_number": "MTH 333",
  "credits": "3",
  "description": "Open and closed sets, continuity, compactness, connectedness, winding number, fixed point theorems in the plane.",
  "prerequisites": [["MTH 341", "MTH 355", "MTH 310"]]
}, {
  "corequisites": [],
  "course_name": "^NON-EUCLIDEAN GEOMETRY",
  "course_number": "MTH 338",
  "credits": "3",
  "description": "Introduction to non-Euclidean geometries. Selected topics such as hyperbolic and elliptic geometry, spherical geometry, projective geometry, geometries arising from alternative metrics.",
  "prerequisites": [["MTH 341"]]
}, {
  "corequisites": [],
  "course_name": "LINEAR ALGEBRA I",
  "course_number": "MTH 341",
  "credits": "3",
  "description": "Matrix algebra, determinants, systems of linear equations, subspaces, an introductory study of eigenvalues and eigenvectors.All courses used to satisfy MTH prerequisites must be completed with C- or better",
  "prerequisites": [["MTH 254", "MTH 254H"]]
}, {
  "corequisites": [],
  "course_name": "LINEAR ALGEBRA II",
  "course_number": "MTH 342",
  "credits": "4",
  "description": "Abstract (real or complex) vector spaces, linear transformations, inner product spaces, orthogonality, eigenspaces and diagonalization, spectral theorems, singular value decomposition.",
  "prerequisites": [["MTH 341"]]
}, {
  "corequisites": [],
  "course_name": "INTRODUCTION TO MODERN ALGEBRA",
  "course_number": "MTH 343",
  "credits": "4",
  "description": "Introduction to algebraic abstraction, with an emphasis on structures and logical communication by way of proofs. Material includes an introduction to groups, rings and fields. Emphasis is on symmetry groups, the integers as a ring, and polynomial rings; selected applications. Generalizing from examples to mathematical statements, reading proofs, and both creating and editing proofs.",
  "prerequisites": [["MTH 341"], ["MTH 355", "MTH 310"]]
}, {
  "corequisites": [],
  "course_name": "INTRODUCTION TO NUMERICAL ANALYSIS",
  "course_number": "MTH 351",
  "credits": "3",
  "description": "Introduction to the computation of approximate solutions to mathematical problems that cannot be solved by hand: analysis of errors; rootfinding for nonlinear equations in one variable; interpolation of functions; numerical integration.",
  "prerequisites": [["MTH 253", "MTH 306", "MTH 306H", "MTH 264", "MTH 264H"], ["MTH 265", "MTH 265H"]]
}, {
  "corequisites": [],
  "course_name": "DISCRETE MATHEMATICS",
  "course_number": "MTH 355",
  "credits": "3",
  "description": "Proof analysis and development in the context of discrete mathematics for math majors transitioning to upper-division course work. Topics include elementary logic and set theory, quantifiers, basic counting principles, elementary combinatorics, equivalence relations, the binomial theorem, and mathematical induction. Additional topics may include recurrence relations, generating functions, and introductory graph theory.",
  "prerequisites": [["MTH 253"]]
}, {
  "corequisites": [],
  "course_name": "INTRODUCTION TO PROBABILITY",
  "course_number": "MTH 361",
  "credits": "3",
  "description": "Probability problem solving using concepts developed in calculus. Topics include probability models, discrete and continuous random variables, expectation and variance, the law of large numbers, and the central limit theorem.",
  "prerequisites": [["MTH 253", "MTH 306", "MTH 306H", "MTH 265", "MTH 265H"]]
}, {
  "corequisites": [],
  "course_name": "FOUNDATIONS OF ELEMENTARY MATHEMATICS",
  "course_number": "MTH 390",
  "credits": "4",
  "description": "The third of a three-term sequence designed to help prepare prospective elementary and middle school teachers. Topics covered include informal geometry, measurement, congruence, similarity, coordinate and transformational geometry.",
  "prerequisites": [["MTH 211"], ["MTH 212"]]
}, {
  "corequisites": [],
  "course_name": "SPECIAL TOPICS",
  "course_number": "MTH 399",
  "credits": "1-16",
  "description": "",
  "prerequisites": []
}, {
  "corequisites": [],
  "course_name": "SPECIAL TOPICS",
  "course_number": "MTH 399H",
  "credits": "1-16",
  "description": "",
  "prerequisites": []
}, {
  "corequisites": [],
  "course_name": "RESEARCH",
  "course_number": "MTH 401",
  "credits": "1-16",
  "description": "",
  "prerequisites": []
}, {
  "corequisites": [],
  "course_name": "THESIS",
  "course_number": "MTH 403",
  "credits": "1-16",
  "description": "",
  "prerequisites": []
}, {
  "corequisites": [],
  "course_name": "READING AND CONFERENCE",
  "course_number": "MTH 405",
  "credits": "1-16",
  "description": "",
  "prerequisites": []
}, {
  "corequisites": [],
  "course_name": "PROJECTS",
  "course_number": "MTH 406",
  "credits": "1-3",
  "description": "",
  "prerequisites": []
}, {
  "corequisites": [],
  "course_name": "SEMINAR",
  "course_number": "MTH 407",
  "credits": "3",
  "description": "",
  "prerequisites": []
}, {
  "corequisites": [],
  "course_name": "OCCUPATIONAL INTERNSHIP",
  "course_number": "MTH 410",
  "credits": "3-12",
  "description": "Planned and supervised training experience at selected government, industrial, or business placement sites. Must be followed by a one-hour post-internship seminar. Consult departmental head advisor.",
  "prerequisites": []
}, {
  "corequisites": [],
  "course_name": "REAL ANALYSIS",
  "course_number": "MTH 411",
  "credits": "3",
  "description": "Properties of metric spaces and normed spaces, including lp spaces. Completeness and applications, including fixed point theorems. Compactness. Equicontinuity and the Arzela-Ascoli theorem. Uniform continuity and uniform convergence, including applications.",
  "prerequisites": [["MTH 312"], ["MTH 341"]]
}, {
  "corequisites": [],
  "course_name": "MULTIVARIABLE ADVANCED CALCULUS",
  "course_number": "MTH 419",
  "credits": "3",
  "description": "A rigorous development of multivariable advanced calculus, including continuity and compactness in multivariable Euclidean spaces, differentiation and approximation of multivariable functions, the inverse function theorem and the implicit function theorem, integration in several variables.",
  "prerequisites": [["MTH 312"]]
}, {
  "corequisites": [],
  "course_name": "MODELS AND METHODS OF APPLIED MATHEMATICS",
  "course_number": "MTH 420",
  "credits": "3",
  "description": "Discrete and continuous mathematical models and methods for analysis, including linear analysis, equilibrium and minimum principles, calculus of variations, principal component analysis and orthogonal expansions, asymptotic and Fourier analysis, least squares, constrained and unconstrained optimization, inverse problems, and Monte Carlo techniques. Particular models and methods covered may vary annually.",
  "prerequisites": [["MTH 256", "MTH 256H"], ["MTH 341"]]
}, {
  "corequisites": [],
  "course_name": "INTRODUCTION TO MATHEMATICAL BIOLOGY",
  "course_number": "MTH 427",
  "credits": "3",
  "description": "Modeling and mathematical analysis of biological processes using first principles at scales ranging from the molecular to the population level. Deterministic models are studied in both discrete and continuous time and analyzed using linearization principles, linear and nonlinear stability techniques, phase plane methods, and methods from partial differential equations. Results obtained from mathematical analysis will be qualitatively interpreted and applied to the biological process under investigation.",
  "prerequisites": [["MTH 256", "MTH 256H"], ["MTH 341"]]
}, {
  "corequisites": [],
  "course_name": "STOCHASTIC ELEMENTS IN MATHEMATICAL BIOLOGY",
  "course_number": "MTH 428",
  "credits": "3",
  "description": "An introduction to stochastic modeling of biological processes. The stochastic models covered may include Markov processes in both continuous and discrete time, urn models, branching processes, and coalescent processes. The biological applications may include genetic drift, population dynamics, genealogy, demography, and epidemiology. Mathematical results will be qualitatively interpreted and applied to the biological process under investigation.",
  "prerequisites": [["MTH 341"], ["MTH 361", "MTH 463"]]
}, {
  "corequisites": [],
  "course_name": "METRIC SPACES AND TOPOLOGY",
  "course_number": "MTH 430",
  "credits": "3",
  "description": "Fundamental notions of metric space topology. Examples of Euclidean, non-Euclidean and other fundamental metric spaces including the Hilbert Cube and two-dimensional surfaces. Characterization and classification results for metric spaces. Selected applications of topology, possibly including the structure of molecules and/or networks. All courses used to satisfy MTH prerequisites must be completed with C- or better.",
  "prerequisites": [["MTH 311"]]
}, {
  "corequisites": [],
  "course_name": "INTRODUCTION TO DIFFERENTIAL GEOMETRY",
  "course_number": "MTH 434",
  "credits": "3",
  "description": "Curves and surfaces in Euclidean space; geodesics; curvature; introduction to tensor algebra and differential forms; selected applications.",
  "prerequisites": [["MTH 255", "MTH 255H"], ["MTH 342"]]
}, {
  "corequisites": [],
  "course_name": "DIFFERENTIAL GEOMETRY",
  "course_number": "MTH 435",
  "credits": "3",
  "description": "Differentiable 2-manifolds; curvature; geodesics; tensor algebra and the algebra of exterior differential forms with emphasis on Euclidean space; differentiation of tensors and forms; integration of forms; selected applications.",
  "prerequisites": [["MTH 434"]]
}, {
  "corequisites": [],
  "course_name": "GENERAL RELATIVITY",
  "course_number": "MTH 437",
  "credits": "3",
  "description": "Geometry of special relativity. Tensor analysis, metrics, geodesics, curvature. Einstein field equations, cosmological models, black holes. Selected topics such as global structure, conserved quantities, spinors. All courses used to satisfy MTH prerequisites must be completed with C- or better.",
  "prerequisites": [["MTH 434", "MTH 534"]]
}, {
  "corequisites": [],
  "course_name": "COMPUTATIONAL NUMBER THEORY",
  "course_number": "MTH 440",
  "credits": "3",
  "description": "Development of the number theory used in some basic tests of primality and methods of factoring integers. Applications to cryptology.",
  "prerequisites": [["MTH 231", "MTH 231H", "MTH 343", "MTH 355", "MTH 310"]]
}, {
  "corequisites": [],
  "course_name": "APPLIED AND COMPUTATIONAL ALGEBRA",
  "course_number": "MTH 441",
  "credits": "3",
  "description": "Applications of fundamental algebraic systems to topics such as factorization of polynomials, finding roots of polynomials, error correcting codes.",
  "prerequisites": [["MTH 343"], ["MTH 342", "MTH 440"]]
}, {
  "corequisites": [],
  "course_name": "APPLIED AND COMPUTATIONAL ALGEBRA",
  "course_number": "MTH 442",
  "credits": "3",
  "description": "Applies fundamental algebraic systems to a variety of topics, with an emphasis on Groebner bases, utilizing a computational perspective. Multivariable Division Algorithm, Hilbert Basis Theorem, (effective) Nullstellensatz, term orders, S-polynomials, Buchberger’s algorithm, Groebner bases. Applications may include graph coloring, integer programming, ideal membership, polynomial maps.",
  "prerequisites": [["MTH 343"], ["MTH 342", "MTH 440", "MTH 441"]]
}, {
  "corequisites": [],
  "course_name": "ABSTRACT LINEAR ALGEBRA",
  "course_number": "MTH 443",
  "credits": "3",
  "description": "Focuses on abstract vector spaces. Topics including linear transformations, eigenvalues and eigenvectors, the Jordan canonical form, and inner product spaces.",
  "prerequisites": [["MTH 342"], ["MTH 343"]]
}, {
  "corequisites": [],
  "course_name": "ABSTRACT ALGEBRA",
  "course_number": "MTH 444",
  "credits": "3",
  "description": "Focuses on group actions, Sylow theory, the classification of finitely generated abelian groups, and an introduction to the theory of algebraic field extensions and Galois theory.",
  "prerequisites": [["MTH 343"]]
}, {
  "corequisites": [],
  "course_name": "NUMERICAL LINEAR ALGEBRA",
  "course_number": "MTH 451",
  "credits": "3",
  "description": "Computation of solutions of linear systems using direct and iterative methods; least-squares solution of overdetermined systems; computation of eigenvalues and eigenvectors.",
  "prerequisites": [["MTH 341"]]
}, {
  "corequisites": [],
  "course_name": "NUMERICAL SOLUTION OF ORDINARY DIFFERENTIAL EQUATIONS",
  "course_number": "MTH 452",
  "credits": "3",
  "description": "Numerical solution of initial-value problems using Runge-Kutta methods and linear multistep methods; introduction to boundary-value problems. Analysis of stability, accuracy, and implementation of methods.",
  "prerequisites": [["MTH 256", "MTH 256H"], ["MTH 306", "MTH 306H", "MTH 341", "MTH 264", "MTH 264H"], ["MTH 253", "MTH 265", "MTH 265H"]]
}, {
  "corequisites": [],
  "course_name": "NUMERICAL SOLUTION OF PARTIAL DIFFERENTIAL EQUATIONS",
  "course_number": "MTH 453",
  "credits": "3",
  "description": "Numerical solution of boundary value problems and initial-boundary value problems using finite difference and finite element methods. Analysis of stability, accuracy, and implementation of methods.",
  "prerequisites": [["MTH 452"]]
}, {
  "corequisites": [],
  "course_name": "PROBABILITY I",
  "course_number": "MTH 463",
  "credits": "3",
  "description": "An introduction to probability theory; topics covered include: the axioms of probability, probability spaces and models, independence, random variables; densities, distributions, expectation, and variance; probability inequalities, the law of large numbers, and the binomial central limit theorem.",
  "prerequisites": [["MTH 311"]]
}, {
  "corequisites": [],
  "course_name": "PROBABILITY II",
  "course_number": "MTH 464",
  "credits": "3",
  "description": "Transformations of random variables; sums of independent random variables, generating functions, characteristic functions, the central limit theorem and other weak limit theorems.",
  "prerequisites": [["MTH 341"], ["MTH 463"]]
}, {
  "corequisites": [],
  "course_name": "PROBABILITY III",
  "course_number": "MTH 465",
  "credits": "3",
  "description": "Random variables, central limit theorem; distributions of standard statistics; Markov chains, continuous and discontinuous stochastic processes.",
  "prerequisites": [["MTH 464"]]
}, {
  "corequisites": [],
  "course_name": "ACTUARIAL MATHEMATICS",
  "course_number": "MTH 467",
  "credits": "3",
  "description": "Explores foundations of actuarial science from the point of view of mathematical models that arise in the design and management of insurance systems. Utilizes life insurance-based models. Covers the basics of risk and insurance: risk, loss, claims, net premium, deductibles, aggregate loss, proportional reinsurance, and excess of loss reinsurance. Introduces and establishes basic properties of classical risk process, such as the Cramér Lundberg model utilizing probabilistic tools.",
  "prerequisites": [["MTH 361", "MTH 463", "ST 421"]]
}, {
  "corequisites": [],
  "course_name": "SYSTEMS OF ORDINARY DIFFERENTIAL EQUATIONS",
  "course_number": "MTH 480",
  "credits": "3",
  "description": "Systems of two first-order differential equations, phase portraits, linearization and the stability of equilibria, conservative systems, reversible systems, limit cycles and the Poincare-Bendixson Theorem. Additional topics selected from Hamiltonian systems, Hopf bifurcation or Lorenz equations and chaos.",
  "prerequisites": [["MTH 256", "MTH 256H"], ["MTH 341"]]
}, {
  "corequisites": [],
  "course_name": "APPLIED ORDINARY DIFFERENTIAL EQUATIONS",
  "course_number": "MTH 481",
  "credits": "3",
  "description": "Linear and nonlinear systems of ordinary differential equations, elementary stability theory, higher order equations, boundary value problems, series solution of ordinary differential equations.",
  "prerequisites": [["MTH 256", "MTH 256H"], ["MTH 253", "MTH 253H", "MTH 265", "MTH 265H"], ["MTH 341", "MTH 264", "MTH 264H", "MTH 306", "MTH 306H"]]
}, {
  "corequisites": [],
  "course_name": "APPLIED PARTIAL DIFFERENTIAL EQUATIONS",
  "course_number": "MTH 482",
  "credits": "3",
  "description": "Partial differential equations, Bessel's and Legendre's equations, Fourier analysis, separation of variables, transform methods.",
  "prerequisites": [["MTH 480", "MTH 481"]]
}, {
  "corequisites": [],
  "course_name": "COMPLEX VARIABLES",
  "course_number": "MTH 483",
  "credits": "3",
  "description": "Introduction to the complex differential and integral calculus: Cauchy's theorem and formula, the residue calculus, power series and Laurent series, harmonic functions, conformal mapping, and applications.",
  "prerequisites": [["MTH 256", "MTH 256H"], ["MTH 253", "MTH 306", "MTH 306H", "MTH 265", "MTH 265H"]]
}, {
  "corequisites": [],
  "course_name": "INTENSIVE SUMMER RESEARCH IN MATHEMATICS",
  "course_number": "MTH 490",
  "credits": "12",
  "description": "Combination of seminar, lectures, and individual research projects designed to introduce students to research mathematics.",
  "prerequisites": []
}, {
  "corequisites": [],
  "course_name": "ALGEBRA AND GEOMETRIC TRANSFORMATIONS",
  "course_number": "MTH 491",
  "credits": "3",
  "description": "Ordered fields, number systems (natural, integer, rational, real, and complex), fundamental theorems of arithmetic and algebra, algebraic and transcendental numbers, constructible points and numbers and the classical geometric constructions, Polya's problem solving heuristics and strategies. Intended primarily for prospective mathematics teachers.",
  "prerequisites": [["MTH 341"]]
}, {
  "corequisites": [],
  "course_name": "ALGEBRA AND GEOMETRIC TRANSFORMATIONS",
  "course_number": "MTH 492",
  "credits": "3",
  "description": "Major results of Euclidean geometry, axiom systems for Euclidean geometry, dependency tree of Euclidean theorems, groups of geometric transformations with applications to symmetries of plane and solid objects, Euler's formula, tilings and tesselations, isometries and similitudes of the plane (translations, rotations, reflections, glide reflections, dilations). Intended primarily for prospective mathematics teachers.",
  "prerequisites": [["MTH 491"]]
}, {
  "corequisites": [],
  "course_name": "ALGEBRA AND GEOMETRIC TRANSFORMATIONS",
  "course_number": "MTH 493",
  "credits": "3",
  "description": "Geometric transformations as real, complex, and matrix functions, invariants and genealogy of geometric transformations, extensions to transformations of the sphere and of three-dimensional space, selected applications chosen from fractals, analysis of frieze and crystallographic patterns, problem solving, groups of symmetries, computer graphics, and the use of dynamic geometry software. Intended primarily for prospective mathematics teachers.",
  "prerequisites": [["MTH 492"]]
}, {
  "corequisites": [],
  "course_name": "SPECIAL TOPICS",
  "course_number": "MTH 499",
  "credits": "0-16",
  "description": "",
  "prerequisites": []
}, {
  "corequisites": [],
  "course_name": "RESEARCH",
  "course_number": "MTH 501",
  "credits": "1-16",
  "description": "",
  "prerequisites": []
}, {
  "corequisites": [],
  "course_name": "THESIS",
  "course_number": "MTH 503",
  "credits": "1-16",
  "description": "",
  "prerequisites": []
}, {
  "corequisites": [],
  "course_name": "READING AND CONFERENCE",
  "course_number": "MTH 505",
  "credits": "1-16",
  "description": "",
  "prerequisites": []
}, {
  "corequisites": [],
  "course_name": "PROJECTS",
  "course_number": "MTH 506",
  "credits": "1-16",
  "description": "",
  "prerequisites": []
}, {
  "corequisites": [],
  "course_name": "SEMINAR",
  "course_number": "MTH 507",
  "credits": "1-16",
  "description": "",
  "prerequisites": []
}, {
  "corequisites": [],
  "course_name": "WORKSHOP",
  "course_number": "MTH 508",
  "credits": "1-16",
  "description": "",
  "prerequisites": []
}, {
  "corequisites": [],
  "course_name": "OCCUPATIONAL INTERNSHIP",
  "course_number": "MTH 510",
  "credits": "3-12",
  "description": "Planned and supervised training experience at selected government, industrial, or business placement sites. Must be followed by a one-hour post-internship seminar. Consult departmental head advisor.",
  "prerequisites": []
}, {
  "corequisites": [],
  "course_name": "REAL ANALYSIS",
  "course_number": "MTH 511",
  "credits": "3",
  "description": "Properties of metric spaces and normed spaces, including lp spaces. Completeness and applications, including fixed point theorems. Compactness. Equicontinuity and the Arzela-Ascoli theorem. Uniform continuity and uniform convergence, including applications.",
  "prerequisites": []
}, {
  "corequisites": [],
  "course_name": "REAL ANALYSIS",
  "course_number": "MTH 512",
  "credits": "3",
  "description": "Measure and integration theory, basic convergence theorems, Lebesgue spaces, Fubini's theorem, Radon-Nikodym theorem, and applications. Banach spaces including Baire category theorems, and Hilbert spaces.",
  "prerequisites": [["MTH 511"]]
}, {
  "corequisites": [],
  "course_name": "REAL ANALYSIS",
  "course_number": "MTH 513",
  "credits": "3",
  "description": "Measure and integration theory, basic convergence theorems, Lebesgue spaces, Fubini's theorem, Radon-Nikodym theorem, and applications. Banach spaces including Baire category theorems, and Hilbert spaces.",
  "prerequisites": [["MTH 512"]]
}, {
  "corequisites": [],
  "course_name": "MODELS AND METHODS OF APPLIED MATHEMATICS",
  "course_number": "MTH 520",
  "credits": "3",
  "description": "Discrete and continuous mathematical models and methods for analysis, including linear analysis, equilibrium and minimum principles, calculus of variations, principal component analysis and orthogonal expansions, asymptotic and Fourier analysis, least squares, constrained and unconstrained optimization, inverse problems, and Monte Carlo techniques. Particular models and methods covered may vary annually.",
  "prerequisites": []
}, {
  "corequisites": [],
  "course_name": "DYNAMICAL SYSTEMS I",
  "course_number": "MTH 524",
  "credits": "3",
  "description": "Explores theory of dynamical systems and illustrates it on examples of those systems. Topics include invariant sets, transitivity and ergodicity, limit sets, conjugacy and factor mappings, and Sharkovskii’s theorem.",
  "prerequisites": []
}, {
  "corequisites": [],
  "course_name": "DYNAMICAL SYSTEMS II",
  "course_number": "MTH 525",
  "credits": "3",
  "description": "Explores the theory of dynamical systems and illustrates it on examples of those systems. Topics include attraction to and stability of invariant sets, recurrence, almost periodicity, non-wandering points and chain recurrence, shift spaces, and ergodic theory.",
  "prerequisites": []
}, {
  "corequisites": [],
  "course_name": "INTRODUCTION TO MATHEMATICAL BIOLOGY",
  "course_number": "MTH 527",
  "credits": "3",
  "description": "Modeling and mathematical analysis of biological processes using first principles at scales ranging from the molecular to the population level. Deterministic models are studied in both discrete and continuous time and analyzed using linearization principles, linear and nonlinear stability techniques, phase plane methods, and methods from partial differential equations. Results obtained from mathematical analysis will be qualitatively interpreted and applied to the biological process under investigation.",
  "prerequisites": []
}, {
  "corequisites": [],
  "course_name": "STOCHASTIC ELEMENTS IN MATHEMATICAL BIOLOGY",
  "course_number": "MTH 528",
  "credits": "3",
  "description": "An introduction to stochastic modeling of biological processes. The stochastic models covered may include Markov processes in both continuous and discrete time, urn models, branching processes, and coalescent processes. The biological applications may include genetic drift, population dynamics, genealogy, demography, and epidemiology. Mathematical results will be qualitatively interpreted and applied to the biological process under investigation.",
  "prerequisites": []
}, {
  "corequisites": [],
  "course_name": "GENERAL TOPOLOGY AND FUNDAMENTAL GROUPS",
  "course_number": "MTH 531",
  "credits": "3",
  "description": "Topological spaces and maps. Separation axioms, compactness, convergence, extension theorems, metrizability and compactification. Product spaces and simplicial complexes. Definition and basic properties of the fundamental group functor, with applications to the theory of covering spaces. Selected topics from dimension theory, manifold theory, and other areas of topology. All courses used to satisfy MTH prerequisites must be completed with C or better.",
  "prerequisites": []
}, {
  "corequisites": [],
  "course_name": "GENERAL TOPOLOGY AND FUNDAMENTAL GROUPS",
  "course_number": "MTH 532",
  "credits": "3",
  "description": "Topological spaces and maps. Separation axioms, compactness, convergence, extension theorems, metrizability and compactification. Product spaces and simplicial complexes. Definition and basic properties of the fundamental group functor, with applications to the theory of covering spaces. Selected topics from dimension theory, manifold theory, and other areas of topology. All courses used to satisfy MTH prerequisites must be completed with C or better.",
  "prerequisites": []
}, {
  "corequisites": [],
  "course_name": "INTRODUCTION TO DIFFERENTIAL GEOMETRY",
  "course_number": "MTH 534",
  "credits": "3",
  "description": "Curves and surfaces in Euclidean space; geodesics; curvature; introduction to tensor algebra and differential forms; selected applications.",
  "prerequisites": []
}, {
  "corequisites": [],
  "course_name": "DIFFERENTIAL GEOMETRY",
  "course_number": "MTH 535",
  "credits": "3",
  "description": "Differentiable 2-manifolds; curvature; geodesics; tensor algebra and the algebra of exterior differential forms with emphasis on Euclidean space; differentiation of tensors and forms; integration of forms; selected applications.",
  "prerequisites": []
}, {
  "corequisites": [],
  "course_name": "GENERAL RELATIVITY",
  "course_number": "MTH 537",
  "credits": "3",
  "description": "Geometry of special relativity. Tensor analysis, metrics, geodesics, curvature. Einstein field equations, cosmological models, black holes. Selected topics such as global structure, conserved quantities, spinors. All courses used to satisfy MTH prerequisites must be completed with C or better.",
  "prerequisites": [["MTH 434", "MTH 534"]]
}, {
  "corequisites": [],
  "course_name": "COMPUTATIONAL NUMBER THEORY",
  "course_number": "MTH 540",
  "credits": "3",
  "description": "Development of the number theory used in some basic tests of primality and methods of factoring integers. Applications to cryptology.",
  "prerequisites": []
}, {
  "corequisites": [],
  "course_name": "APPLIED AND COMPUTATIONAL ALGEBRA",
  "course_number": "MTH 541",
  "credits": "3",
  "description": "Applications of fundamental algebraic systems to topics such as factorization of polynomials, finding roots of polynomials, error correcting codes.",
  "prerequisites": []
}, {
  "corequisites": [],
  "course_name": "APPLIED AND COMPUTATIONAL ALGEBRA",
  "course_number": "MTH 542",
  "credits": "3",
  "description": "Applies fundamental algebraic systems to a variety of topics, with an emphasis on Groebner bases, utilizing a computational perspective. Multivariable Division Algorithm, Hilbert Basis Theorem, (effective) Nullstellensatz, term orders, S-polynomials, Buchberger’s algorithm, Groebner bases. Applications may include graph coloring, integer programming, ideal membership, polynomial maps.",
  "prerequisites": [["MTH 540", "MTH 541"]]
}, {
  "corequisites": [],
  "course_name": "ABSTRACT LINEAR ALGEBRA",
  "course_number": "MTH 543",
  "credits": "3",
  "description": "Focuses on abstract vector spaces. Topics including linear transformations, eigenvalues and eigenvectors, the Jordan canonical form, and inner product spaces.",
  "prerequisites": []
}, {
  "corequisites": [],
  "course_name": "NUMERICAL LINEAR ALGEBRA",
  "course_number": "MTH 551",
  "credits": "3",
  "description": "Computation of solutions of linear systems using direct and iterative methods; least-squares solution of overdetermined systems; computation of eigenvalues and eigenvectors. All courses used to satisfy MTH prerequisites must be completed with C or better.",
  "prerequisites": []
}, {
  "corequisites": [],
  "course_name": "NUMERICAL SOLUTION OF ORDINARY DIFFERENTIAL EQUATIONS",
  "course_number": "MTH 552",
  "credits": "3",
  "description": "Numerical solution of initial-value problems using Runge-Kutta methods and linear multistep methods; introduction to boundary-value problems. Analysis of stability, accuracy, and implementation of methods.",
  "prerequisites": []
}, {
  "corequisites": [],
  "course_name": "NUMERICAL SOLUTION OF PARTIAL DIFFERENTIAL EQUATIONS",
  "course_number": "MTH 553",
  "credits": "3",
  "description": "Numerical solution of boundary value problems and initial-boundary value problems using finite difference and finite element methods. Analysis of stability, accuracy, and implementation of methods.",
  "prerequisites": []
}, {
  "corequisites": [],
  "course_name": "PROBABILITY I",
  "course_number": "MTH 563",
  "credits": "3",
  "description": "An introduction to probability theory; topics covered include: the axioms of probability, probability spaces and models, independence, random variables; densities, distributions, expectation, and variance; probability inequalities, the law of large numbers, and the binomial central limit theorem.",
  "prerequisites": []
}, {
  "corequisites": [],
  "course_name": "PROBABILITY II",
  "course_number": "MTH 564",
  "credits": "3",
  "description": "Transformations of random variables; sums of independent random variables, generating functions, characteristic functions, the central limit theorem and other weak limit theorems.",
  "prerequisites": []
}, {
  "corequisites": [],
  "course_name": "PROBABILITY III",
  "course_number": "MTH 565",
  "credits": "3",
  "description": "Random variables, central limit theorem; distributions of standard statistics; Markov chains, continuous and discontinuous stochastic processes.",
  "prerequisites": []
}, {
  "corequisites": [],
  "course_name": "ACTUARIAL MATHEMATICS",
  "course_number": "MTH 567",
  "credits": "3",
  "description": "Foundations of actuarial science from the point of view of mathematical models that arise in the design and management of insurance systems. Most models will be life insurance based. All courses used to satisfy MTH prerequisites must be completed with C or better.",
  "prerequisites": []
}, {
  "corequisites": [],
  "course_name": "APPLIED ORDINARY DIFFERENTIAL EQUATIONS",
  "course_number": "MTH 581",
  "credits": "3",
  "description": "Linear and nonlinear systems of ordinary differential equations, elementary stability theory, higher order equations, boundary value problems, series solution of ordinary differential equations.",
  "prerequisites": []
}, {
  "corequisites": [],
  "course_name": "APPLIED PARTIAL DIFFERENTIAL EQUATIONS",
  "course_number": "MTH 582",
  "credits": "3",
  "description": "Partial differential equations, Bessel's and Legendre's equations, Fourier analysis, separation of variables, transform methods.",
  "prerequisites": []
}, {
  "corequisites": [],
  "course_name": "COMPLEX VARIABLES",
  "course_number": "MTH 583",
  "credits": "3",
  "description": "Introduction to the complex differential and integral calculus: Cuachy's theorem and formula, the residue calculus, power series and Laurent series, harmonic functions, conformal mapping, and applications.",
  "prerequisites": []
}, {
  "corequisites": [],
  "course_name": "ALGEBRA AND GEOMETRIC TRANSFORMATIONS",
  "course_number": "MTH 591",
  "credits": "3",
  "description": "Ordered fields, number systems (natural, integer, rational, real, and complex), fundamental theorems of arithmetic and algebra, algebraic and transcendental numbers, constructible points and numbers and the classical geometric constructions, Polya's problem solving heuristics and strategies. Intended primarily for prospective mathematics teachers.",
  "prerequisites": []
}, {
  "corequisites": [],
  "course_name": "ALGEBRA AND GEOMETRIC TRANSFORMATIONS",
  "course_number": "MTH 592",
  "credits": "3",
  "description": "Major results of Euclidean geometry, axiom systems for Euclidean geometry, dependency tree of Euclidean theorems, groups of geometric transformations with applications to symmetries of plane and solid objects, Euler's formula, tilings and tesselations, isometries and similitudes of the plane (translations, rotations, reflections, glide reflections, dilations). Intended primarily for prospective mathematics teachers.",
  "prerequisites": []
}, {
  "corequisites": [],
  "course_name": "ALGEBRA AND GEOMETRIC TRANSFORMATIONS",
  "course_number": "MTH 593",
  "credits": "3",
  "description": "Geometric transformations as real, complex, and matrix functions, invariants and genealogy of geometric transformations, extensions to transformations of the sphere and of three-dimensional space, selected applications chosen from fractals, analysis of frieze and crystallographic patterns, problem solving, groups of symmetries, computer graphics, and the use of dynamic geometry software. Intended primarily for prospective mathematics teachers.",
  "prerequisites": []
}, {
  "corequisites": [],
  "course_name": "SPECIAL TOPICS",
  "course_number": "MTH 599",
  "credits": "0-16",
  "description": "Topics may vary.",
  "prerequisites": []
}, {
  "corequisites": [],
  "course_name": "RESEARCH",
  "course_number": "MTH 601",
  "credits": "1-16",
  "description": "",
  "prerequisites": []
}, {
  "corequisites": [],
  "course_name": "THESIS",
  "course_number": "MTH 603",
  "credits": "1-16",
  "description": "",
  "prerequisites": []
}, {
  "corequisites": [],
  "course_name": "READING AND CONFERENCE",
  "course_number": "MTH 605",
  "credits": "1-16",
  "description": "",
  "prerequisites": []
}, {
  "corequisites": [],
  "course_name": "SPECIAL PROJECTS",
  "course_number": "MTH 606",
  "credits": "1-16",
  "description": "",
  "prerequisites": []
}, {
  "corequisites": [],
  "course_name": "SEMINAR",
  "course_number": "MTH 607",
  "credits": "1-16",
  "description": "",
  "prerequisites": []
}, {
  "corequisites": [],
  "course_name": "COMPLEX ANALYSIS",
  "course_number": "MTH 611",
  "credits": "3",
  "description": "Basic theory of analytic functions of a complex variable, including Cauchy's theorem, residue theorem, analytic continuation, conformal mappings, entire, and meromorphic functions. All courses used to satisfy MTH prerequisites must be completed with C or better.",
  "prerequisites": []
}, {
  "corequisites": [],
  "course_name": "FUNCTIONAL ANALYSIS",
  "course_number": "MTH 614",
  "credits": "3",
  "description": "Topological vector spaces, generalized functions, operator theory. Normally offered alternate years. All courses used to satisfy MTH prerequisites must be completed with C or better.",
  "prerequisites": []
}, {
  "corequisites": [],
  "course_name": "TOPICS IN ANALYSIS",
  "course_number": "MTH 619",
  "credits": "1-12",
  "description": "",
  "prerequisites": []
}, {
  "corequisites": [],
  "course_name": "PARTIAL DIFFERENTIAL EQUATIONS",
  "course_number": "MTH 621",
  "credits": "3",
  "description": "Partial differential equations of physics, including those of potential theory, wave propagation, and heat flow, treated by classical means, generalized functions and variational principles. Square summable function methods and integral equations. The first course in a year-long sequence.",
  "prerequisites": []
}, {
  "corequisites": [],
  "course_name": "PARTIAL DIFFERENTIAL EQUATIONS",
  "course_number": "MTH 622",
  "credits": "3",
  "description": "Partial differential equations of physics, including those of potential theory, wave propagation, and heat flow, treated by classical means, generalized functions and variational principles. Square summable function methods and integral equations. The second course in a year-long sequence.",
  "prerequisites": [["MTH 621"]]
}, {
  "corequisites": [],
  "course_name": "PARTIAL DIFFERENTIAL EQUATIONS",
  "course_number": "MTH 623",
  "credits": "3",
  "description": "Partial differential equations of physics, including those of potential theory, wave propagation, and heat flow, treated by classical means, generalized functions and variational principles. Square summable function methods and integral equations. The third course in a year-long sequence.",
  "prerequisites": [["MTH 621"], ["MTH 622"]]
}, {
  "corequisites": [],
  "course_name": "ADVANCED PARTIAL DIFFERENTIAL EQUATIONS",
  "course_number": "MTH 627",
  "credits": "3",
  "description": "Advanced theory including existence proofs and distributional approach. Normally offered fall term in odd years. All courses used to satisfy MTH prerequisites must be completed with C or better.",
  "prerequisites": []
}, {
  "corequisites": [],
  "course_name": "ADVANCED PARTIAL DIFFERENTIAL EQUATIONS",
  "course_number": "MTH 628",
  "credits": "3",
  "description": "Advanced theory including existence proofs and distributional approach. Normally offered winter term in even years. All courses used to satisfy MTH prerequisites must be completed with C or better.",
  "prerequisites": []
}, {
  "corequisites": [],
  "course_name": "ALGEBRAIC TOPOLOGY",
  "course_number": "MTH 634",
  "credits": "3",
  "description": "Simplicial and singular homology, products, and cohomology; applications to fixed-point and separation theorems. Topics selected from homotopy, manifold and obstruction theory. Normally offered alternate years. All courses used to satisfy MTH prerequisites must be completed with C or better.",
  "prerequisites": []
}, {
  "corequisites": [],
  "course_name": "ALGEBRAIC TOPOLOGY",
  "course_number": "MTH 635",
  "credits": "3",
  "description": "Simplicial and singular homology, products, and cohomology; applications to fixed-point and separation theorems. Topics selected from homotopy, manifold and obstruction theory. Normally offered alternate years. All courses used to satisfy MTH prerequisites must be completed with C or better.",
  "prerequisites": []
}, {
  "corequisites": [],
  "course_name": "ALGEBRAIC TOPOLOGY",
  "course_number": "MTH 636",
  "credits": "3",
  "description": "Simplicial and singular homology, products, and cohomology; applications to fixed-point and separation theorems. Topics selected from homotopy, manifold and obstruction theory. Normally offered alternate years. All courses used to satisfy MTH prerequisites must be completed with C or better.",
  "prerequisites": []
}, {
  "corequisites": [],
  "course_name": "ABSTRACT ALGEBRA I",
  "course_number": "MTH 644",
  "credits": "3",
  "description": "Group theory, rings and fields, Galois theory. All courses used to satisfy MTH prerequisites must be completed with C or better.",
  "prerequisites": []
}, {
  "corequisites": [],
  "course_name": "ABSTRACT ALGEBRA II",
  "course_number": "MTH 645",
  "credits": "3",
  "description": "Group theory, rings and fields, Galois theory. All courses used to satisfy MTH prerequisites must be completed with C or better.",
  "prerequisites": []
}, {
  "corequisites": [],
  "course_name": "TOPICS IN ALGEBRA AND NUMBER THEORY",
  "course_number": "MTH 649",
  "credits": "3",
  "description": "",
  "prerequisites": []
}, {
  "corequisites": [],
  "course_name": "NUMERICAL ANALYSIS",
  "course_number": "MTH 654",
  "credits": "3",
  "description": "Advanced topics in numerical analysis, such as finite volume methods and finite element methods for partial differential equations, numerical methods for inverse problems, and image processing. All courses used to satisfy MTH prerequisites must be completed with C or better.",
  "prerequisites": []
}, {
  "corequisites": [],
  "course_name": "NUMERICAL ANALYSIS",
  "course_number": "MTH 655",
  "credits": "3",
  "description": "Advanced topics in numerical analysis, such as finite volume methods and finite element methods for partial differential equations, numerical methods for inverse problems, and image processing. All courses used to satisfy MTH prerequisites must be completed with C or better.",
  "prerequisites": []
}, {
  "corequisites": [],
  "course_name": "NUMERICAL ANALYSIS",
  "course_number": "MTH 656",
  "credits": "3",
  "description": "Advanced topics in numerical analysis, such as finite volume methods and finite element methods for partial differential equations, numerical methods for inverse problems, and image processing. All courses used to satisfy MTH prerequisites must be completed with C or better.",
  "prerequisites": []
}, {
  "corequisites": [],
  "course_name": "TOPICS IN APPLIED MATHEMATICS",
  "course_number": "MTH 657",
  "credits": "1-12",
  "description": "Previous topics have included turbulence, financial mathematics and probability methods in partial differential equations.",
  "prerequisites": []
}, {
  "corequisites": [],
  "course_name": "TOPICS IN NUMERICAL ANALYSIS",
  "course_number": "MTH 659",
  "credits": "1-12",
  "description": "",
  "prerequisites": []
}, {
  "corequisites": [],
  "course_name": "PROBABILITY THEORY",
  "course_number": "MTH 664",
  "credits": "3",
  "description": "General theory of probability measures and random variables, including weak convergence, characteristic functions, central limit theory, conditional expectations, martingales. All courses used to satisfy MTH prerequisites must be completed with C or better.",
  "prerequisites": []
}, {
  "corequisites": [],
  "course_name": "PROBABILITY THEORY",
  "course_number": "MTH 665",
  "credits": "3",
  "description": "General theory of probability measures and random variables, including weak convergence, characteristic functions, the central limit theorem, and the Brownian motion process. All courses used to satisfy MTH prerequisites must be completed with C or better.",
  "prerequisites": []
}, {
  "corequisites": [],
  "course_name": "TOPICS IN STOCHASTIC PROCESSES",
  "course_number": "MTH 669",
  "credits": "1-12",
  "description": "Previous topics have included Markov processes, martingales, branching processes, and stochastic differential equations.",
  "prerequisites": []
}, {
  "corequisites": [],
  "course_name": "DIFFERENTIAL GEOMETRY OF MANIFOLDS",
  "course_number": "MTH 674",
  "credits": "3",
  "description": "Differentiable manifolds, tangent bundles, vector fields and flows, submanifolds, Riemannian metrics, differential forms, integration on manifolds. Selected topics such as foliations, Lie groups, and de Rham cohomology. All courses used to satisfy MTH prerequisites must be completed with C or better.",
  "prerequisites": []
}, {
  "corequisites": [],
  "course_name": "DIFFERENTIAL GEOMETRY OF MANIFOLDS",
  "course_number": "MTH 675",
  "credits": "3",
  "description": "Differentiable manifolds, connections in linear bundles, Riemannian manifolds and submanifolds. Selected topics such as variational theory of geodesics, harmonic forms, and characteristic classes. Normally offered alternate years. All courses used to satisfy MTH prerequisites must be completed with C or better.",
  "prerequisites": []
}, {
  "corequisites": [],
  "course_name": "TOPICS IN TOPOLOGY",
  "course_number": "MTH 676",
  "credits": "3",
  "description": "",
  "prerequisites": []
}, {
  "corequisites": [],
  "course_name": "TOPICS IN GEOMETRY",
  "course_number": "MTH 679",
  "credits": "1-12",
  "description": "",
  "prerequisites": []
}, {
  "corequisites": [],
  "course_name": "ADVANCED PROBLEM SOLVING",
  "course_number": "MTH 685",
  "credits": "3",
  "description": "Mathematical problem solving using the heuristic approach of George Polya. Problems may be taken from a variety of areas, including number theory, calculus, geometry, probability, abstract and linear algebra. All courses used to satisfy MTH prerequisites must be completed with C or better.",
  "prerequisites": []
}, {
  "corequisites": [],
  "course_name": "TOPICS IN MATHEMATICS EDUCATION",
  "course_number": "MTH 689",
  "credits": "1-12",
  "description": "",
  "prerequisites": []
}, {
  "corequisites": [],
  "course_name": "SPECIAL TOPICS",
  "course_number": "MTH 699",
  "credits": "1-16",
  "description": "",
  "prerequisites": []
}]