[{
  "corequisites": [],
  "course_name": "MUSIC EDUCATION IN PUBLIC SCHOOLS",
  "course_number": "MUED 100",
  "credits": "3",
  "description": "An introduction to the practice of teaching music in public schools in the United States. Participants will learn about teaching and learning music through reading, discussion, creative projects, field observations, and peer teaching experiences. Provides a breadth of experiences so prospective teachers can make informed decisions regarding their career path. While completion of this course does not guarantee admittance to the Music Education Program at OSU, it will prepare candidates for the admission process.",
  "prerequisites": [["MUS 121"]]
}, {
  "corequisites": [],
  "course_name": "PROFESSIONAL SEMINAR IN MUSIC EDUCATION I",
  "course_number": "MUED 275",
  "credits": "1",
  "description": "Provides a professional community for emerging music educators. Students will complete field-work, interact with field specialists and practitioners, and study emerging topics and contemporary practices in music education. Students will begin to develop their professional portfolios. This course begins a series of seminars, which will be dedicated to professional development the exploration of trends in music education.",
  "prerequisites": [["MUED 100"]]
}, {
  "corequisites": [],
  "course_name": "PROFESSIONAL SEMINAR IN MUSIC EDUCATION II",
  "course_number": "MUED 276",
  "credits": "1",
  "description": "Continued engagement in field-work, interaction with field specialists and practitioners, and a study of emerging topics and contemporary practices in music education.",
  "prerequisites": [["MUED 100"]]
}, {
  "corequisites": [],
  "course_name": "PEDAGOGIC TECHNIQUES FOR THE MUSIC EDUCATOR",
  "course_number": "MUED 277",
  "credits": "1",
  "description": "Focuses on pedagogic techniques of Brass, Woodwind, String, Voice (Instrumentalist), Vocal Pedagogy, Percussion and Guitar. Performance using proper beginning technique for each instrument, and description/assessment of proper technique for each instrument at the intermediate and advanced level. Emphasis is on techniques for teaching in classroom settings.",
  "prerequisites": []
}, {
  "corequisites": [],
  "course_name": "JAZZ PEDAGOGY",
  "course_number": "MUED 350",
  "credits": "1",
  "description": "Explores basic concepts and pedagogies of jazz music as applicable to the school jazz ensemble. Establishes a basic foundation of jazz knowledge and pedagogy that can be built upon in future independent learning endeavors.",
  "prerequisites": [["MUED 100"]]
}, {
  "corequisites": [],
  "course_name": "MUSIC EDUCATION IN PUBLIC SCHOOLS",
  "course_number": "MUED 353",
  "credits": "3",
  "description": "Examines historical practices, philosophical differences and pedagogical approaches that influence public school music programs. Field experiences provide contextual models with genuine teaching opportunities each week.",
  "prerequisites": [["MUS 121"]]
}, {
  "corequisites": [],
  "course_name": "PROFESSIONAL SEMINAR IN MUSIC EDUCATION III",
  "course_number": "MUED 375",
  "credits": "1",
  "description": "Continued interaction with field specialists and practitioners, and study of emerging topics and contemporary practices in music education. Fieldwork focuses on instructional strategies for guiding critical thinking and creative music listening.",
  "prerequisites": [["MUED 100"]]
}, {
  "corequisites": [],
  "course_name": "PROFESSIONAL SEMINAR IN MUSIC EDUCATION IV",
  "course_number": "MUED 376",
  "credits": "1",
  "description": "Continued interaction with field specialists and practitioners, and study of emerging topics and contemporary practices in music education. Fieldwork focuses on observation, leadership of composition, and improvisation activities.",
  "prerequisites": [["MUED 100"]]
}, {
  "corequisites": [],
  "course_name": "SECONDARY GENERAL MUSIC FOUNDATIONS",
  "course_number": "MUED 391",
  "credits": "3",
  "description": "Prepares the teacher candidate to design and facilitate experiences in music learning appropriate for secondary students (grades 6 to 12).",
  "prerequisites": [["MUED 100"]]
}, {
  "corequisites": [["MUED 410"]],
  "course_name": "^PROFESSIONAL WRITING IN MUSIC EDUCATION",
  "course_number": "MUED 400",
  "credits": "3",
  "description": "Examines, reviews, and engages in professional writing in music education as it relates to research, theory, and practical application. Reads and responds to relevant literature pertaining to teaching and learning in music. Provides basis of knowledge for writing assignments throughout the term and promotes critical thinking in music education. Focuses on writing formal and informal texts related to teaching music, including a review of related literature, lesson and unit plans, and teaching reflections.",
  "prerequisites": [["MUED 376"]]
}, {
  "corequisites": [],
  "course_name": "RESEARCH AND SCHOLARSHIP",
  "course_number": "MUED 401",
  "credits": "1-16",
  "description": "",
  "prerequisites": []
}, {
  "corequisites": [],
  "course_name": "INDEPENDENT STUDY",
  "course_number": "MUED 402",
  "credits": "1-16",
  "description": "",
  "prerequisites": []
}, {
  "corequisites": [],
  "course_name": "READING AND CONFERENCE",
  "course_number": "MUED 405",
  "credits": "1-16",
  "description": "",
  "prerequisites": []
}, {
  "corequisites": [],
  "course_name": "PROJECT",
  "course_number": "MUED 406",
  "credits": "1",
  "description": "",
  "prerequisites": []
}, {
  "corequisites": [],
  "course_name": "WORKSHOP",
  "course_number": "MUED 408",
  "credits": "1-16",
  "description": "",
  "prerequisites": []
}, {
  "corequisites": [],
  "course_name": "INTERNSHIP/STUDENT TEACHING",
  "course_number": "MUED 410",
  "credits": "1-10",
  "description": "An immersive 60-day experience. Daily experience with communicating content, planning, assessment, and classroom management in a guided field setting. Student teaching is a requirement for Oregon licensure.",
  "prerequisites": []
}, {
  "corequisites": [],
  "course_name": "THEORY AND PRACTICUM: FIELD",
  "course_number": "MUED 413",
  "credits": "1-4",
  "description": "Field experience in music classroom. For pre-MAT students taking 4 credits, the experience is approximately 10 hours per week in elementary-level classroom.",
  "prerequisites": []
}, {
  "corequisites": [],
  "course_name": "SURVEY OF WIND LITERATURE",
  "course_number": "MUED 450",
  "credits": "1",
  "description": "Examines different time periods of wind band literature from the Renaissance through current repertoire. Explores wind band literature through study of the music and historical practices.",
  "prerequisites": [["MUS 326"]]
}, {
  "corequisites": [],
  "course_name": "MARCHING BAND TECHNIQUES LABORATORY",
  "course_number": "MUED 469",
  "credits": "1",
  "description": "Provides an in-depth study of the unique techniques and demands of running a marching band.",
  "prerequisites": [["MUS 121"]]
}, {
  "corequisites": [],
  "course_name": "METHODS AND MATERIALS FOR THE PUBLIC SCHOOL WIND BAND",
  "course_number": "MUED 470",
  "credits": "3",
  "description": "Includes examination of method books, instructional materials, and music for middle school and high school band. Class format is lecture, discussions, and microteaching demonstrations. Includes study of past and current methods of improving student musical understanding and performance through band literature and rehearsal techniques.",
  "prerequisites": []
}, {
  "corequisites": [],
  "course_name": "METHODS FOR TEACHING ELEMENTARY MUSIC",
  "course_number": "MUED 473",
  "credits": "3",
  "description": "Focuses on pedagogical content knowledge in music for specialists preparing to teach Kindergarten through grade five. Students will focus on the developmental characteristics of learners, repertoire and instructional techniques appropriate for the elementary music classroom, and lesson planning incorporating state and national standards. Issues related to diverse and special needs populations will be interwoven throughout each segment of the course.",
  "prerequisites": [["MUED 353"]]
}, {
  "corequisites": [],
  "course_name": "ELEMENTARY APPROACHES SEMINAR I",
  "course_number": "MUED 474",
  "credits": "1",
  "description": "Topics include practical applications of varied teaching methods, lesson planning, curricular design, repertoire, and resources for the general music classroom at the elementary level.",
  "prerequisites": [["MUED 473"]]
}, {
  "corequisites": [],
  "course_name": "ELEMENTARY APPROACHES SEMINAR II",
  "course_number": "MUED 475",
  "credits": "1",
  "description": "Provides the foundation for teacher candidates to develop a critical disposition regarding contemporary issues in the general music classroom.",
  "prerequisites": [["MUED 473"]]
}, {
  "corequisites": [],
  "course_name": "CLASSROOM CHORAL METHODS",
  "course_number": "MUED 480",
  "credits": "3",
  "description": "Examines research, theory, and pedagogical methods of choral classrooms. Primary topics: the role of choral music in various school settings and the responsibilities of the music teacher in developing/implementing goals and objectives for a choral music education curriculum.",
  "prerequisites": [["MUED 100"]]
}, {
  "corequisites": [],
  "course_name": "SPECIAL STUDIES",
  "course_number": "MUED 499",
  "credits": "1-16",
  "description": "",
  "prerequisites": []
}, {
  "corequisites": [],
  "course_name": "RESEARCH AND SCHOLARSHIP",
  "course_number": "MUED 501",
  "credits": "1-16",
  "description": "",
  "prerequisites": []
}, {
  "corequisites": [],
  "course_name": "INDEPENDENT STUDY",
  "course_number": "MUED 502",
  "credits": "1-16",
  "description": "",
  "prerequisites": []
}, {
  "corequisites": [],
  "course_name": "THESIS",
  "course_number": "MUED 503",
  "credits": "1-16",
  "description": "",
  "prerequisites": []
}, {
  "corequisites": [],
  "course_name": "READING AND CONFERENCE",
  "course_number": "MUED 505",
  "credits": "1-16",
  "description": "",
  "prerequisites": []
}, {
  "corequisites": [],
  "course_name": "PROJECTS",
  "course_number": "MUED 506",
  "credits": "1-16",
  "description": "",
  "prerequisites": []
}, {
  "corequisites": [],
  "course_name": "THEORY AND PRACTICUM SEMINAR",
  "course_number": "MUED 507",
  "credits": "1-4",
  "description": "",
  "prerequisites": []
}, {
  "corequisites": [],
  "course_name": "WORKSHOP",
  "course_number": "MUED 508",
  "credits": "1-16",
  "description": "",
  "prerequisites": []
}, {
  "corequisites": [],
  "course_name": "PROFESSIONAL INTERNSHIP",
  "course_number": "MUED 510",
  "credits": "3-15",
  "description": "",
  "prerequisites": []
}, {
  "corequisites": [],
  "course_name": "SPECIAL TOPICS IN MUSIC ED",
  "course_number": "MUED 521",
  "credits": "3",
  "description": "Advanced pedagogy in one particular area within music education, such as jazz band techniques, computer design of marching band drills, advanced technology in music education. Topics will vary.",
  "prerequisites": []
}, {
  "corequisites": [],
  "course_name": "METHODS FOR TEACHING ELEMENTARY MUSIC",
  "course_number": "MUED 573",
  "credits": "3",
  "description": "Focuses on pedagogical content knowledge in music for specialists preparing to teach Kindergarten through grade five. Students will focus on the developmental characteristics of learners, multiple representations of the subject matter, and lesson planning incorporating state and national standards. Issues related to diverse and special needs populations will be interwoven throughout each segment of the course.",
  "prerequisites": []
}, {
  "corequisites": [],
  "course_name": "SECONDARY VOCAL MUSIC EDUCATION",
  "course_number": "MUED 580",
  "credits": "3",
  "description": "This methods course focuses on vocal music education, grades nine through twelve. Students explore relationships between teaching and learning in order to effectively plan for instruction.",
  "prerequisites": []
}, {
  "corequisites": [],
  "course_name": "SECONDARY INSTRUMENTAL MUSIC EDUCATION",
  "course_number": "MUED 581",
  "credits": "3",
  "description": "This methods course focuses on instrumental music education, grades nine through twelve. Students explore relationships between teaching and learning in order to effectively plan for instruction.",
  "prerequisites": []
}, {
  "corequisites": [],
  "course_name": "CURRICULUM FOUNDATIONS IN MUSIC EDUCATION",
  "course_number": "MUED 591",
  "credits": "3",
  "description": "Examination of historical, philosophical, and social influences on contemporary music education emphasizing 1950 through the present, culminating in the National Standards for Arts Education.",
  "prerequisites": []
}, {
  "corequisites": [],
  "course_name": "CURRICULUM IMPLEMENTATION AND EVALUATION",
  "course_number": "MUED 592",
  "credits": "3",
  "description": "Design and construct a comprehensive music education curriculum grounded in current research, the National Standards for Arts Education and Oregon's Common Curriculum Goals.",
  "prerequisites": []
}, {
  "corequisites": [],
  "course_name": "SPECIAL STUDIES",
  "course_number": "MUED 599",
  "credits": "1-16",
  "description": "",
  "prerequisites": []
}]