[{
  "corequisites": [],
  "course_name": "INDIVIDUAL LESSONS: INTERMEDIATE PIANO",
  "course_number": "MUP 170",
  "credits": "1-2",
  "description": "",
  "prerequisites": []
}, {
  "corequisites": [],
  "course_name": "INDIVIDUAL LESSONS: KEYBOARD",
  "course_number": "MUP 190",
  "credits": "1-2",
  "description": "",
  "prerequisites": []
}, {
  "corequisites": [],
  "course_name": "INDIVIDUAL LESSONS: VOICE",
  "course_number": "MUP 191",
  "credits": "1-2",
  "description": "",
  "prerequisites": []
}, {
  "corequisites": [],
  "course_name": "INDIVIDUAL LESSONS: STRINGS",
  "course_number": "MUP 192",
  "credits": "1-2",
  "description": "",
  "prerequisites": []
}, {
  "corequisites": [],
  "course_name": "INDIVIDUAL LESSONS: WOODWINDS",
  "course_number": "MUP 193",
  "credits": "1-2",
  "description": "",
  "prerequisites": []
}, {
  "corequisites": [],
  "course_name": "INDIVIDUAL LESSONS: BRASS",
  "course_number": "MUP 194",
  "credits": "1-2",
  "description": "",
  "prerequisites": []
}, {
  "corequisites": [],
  "course_name": "INDIVIDUAL LESSONS: PERCUSSION",
  "course_number": "MUP 195",
  "credits": "1-2",
  "description": "",
  "prerequisites": []
}, {
  "corequisites": [],
  "course_name": "INDIVIDUAL LESSONS: GUITAR",
  "course_number": "MUP 196",
  "credits": "1-2",
  "description": "Private studio guitar lessons designed to explore effective practice strategies, technique, and repertoire.",
  "prerequisites": []
}, {
  "corequisites": [],
  "course_name": "INDIVIDUAL LESSONS: KEYBOARD",
  "course_number": "MUP 290",
  "credits": "1-2",
  "description": "",
  "prerequisites": []
}, {
  "corequisites": [],
  "course_name": "INDIVIDUAL LESSONS: VOICE",
  "course_number": "MUP 291",
  "credits": "1-2",
  "description": "",
  "prerequisites": []
}, {
  "corequisites": [],
  "course_name": "INDIVIDUAL LESSONS: STRINGS",
  "course_number": "MUP 292",
  "credits": "1-2",
  "description": "",
  "prerequisites": []
}, {
  "corequisites": [],
  "course_name": "INDIVIDUAL LESSONS: WOODWINDS",
  "course_number": "MUP 293",
  "credits": "1-2",
  "description": "",
  "prerequisites": []
}, {
  "corequisites": [],
  "course_name": "INDIVIDUAL LESSONS: BRASS",
  "course_number": "MUP 294",
  "credits": "1-2",
  "description": "",
  "prerequisites": []
}, {
  "corequisites": [],
  "course_name": "INDIVIDUAL LESSONS: PERCUSSION",
  "course_number": "MUP 295",
  "credits": "1-2",
  "description": "",
  "prerequisites": []
}, {
  "corequisites": [],
  "course_name": "INDIVIDUAL LESSONS: GUITAR",
  "course_number": "MUP 296",
  "credits": "1-2",
  "description": "Private studio guitar lessons designed to explore effective practice strategies, technique, and repertoire.",
  "prerequisites": []
}, {
  "corequisites": [],
  "course_name": "INDIVIDUAL LESSONS: KEYBOARD",
  "course_number": "MUP 390",
  "credits": "1-2",
  "description": "",
  "prerequisites": []
}, {
  "corequisites": [],
  "course_name": "INDIVIDUAL LESSONS: VOICE",
  "course_number": "MUP 391",
  "credits": "1-2",
  "description": "",
  "prerequisites": []
}, {
  "corequisites": [],
  "course_name": "INDIVIDUAL LESSONS: STRINGS",
  "course_number": "MUP 392",
  "credits": "1-2",
  "description": "",
  "prerequisites": []
}, {
  "corequisites": [],
  "course_name": "INDIVIDUAL LESSONS: WOODWINDS",
  "course_number": "MUP 393",
  "credits": "1-2",
  "description": "",
  "prerequisites": []
}, {
  "corequisites": [],
  "course_name": "INDIVIDUAL LESSONS: BRASS",
  "course_number": "MUP 394",
  "credits": "1-2",
  "description": "",
  "prerequisites": []
}, {
  "corequisites": [],
  "course_name": "INDIVIDUAL LESSONS: PERCUSSION",
  "course_number": "MUP 395",
  "credits": "1-2",
  "description": "",
  "prerequisites": []
}, {
  "corequisites": [],
  "course_name": "INDIVIDUAL LESSONS: GUITAR",
  "course_number": "MUP 396",
  "credits": "1-2",
  "description": "Private studio guitar lessons designed to explore effective practice strategies, technique, and repertoire.",
  "prerequisites": []
}, {
  "corequisites": [],
  "course_name": "JUNIOR RECITAL",
  "course_number": "MUP 398",
  "credits": "1",
  "description": "Time is dedicated towards the applied music project for junior music performance majors. A public recital will be given during junior-level applied study with the approval of the applied teacher.",
  "prerequisites": []
}, {
  "corequisites": [],
  "course_name": "INDIVIDUAL LESSONS: KEYBOARD",
  "course_number": "MUP 490",
  "credits": "1-2",
  "description": "",
  "prerequisites": []
}, {
  "corequisites": [],
  "course_name": "INDIVIDUAL LESSONS: VOICE",
  "course_number": "MUP 491",
  "credits": "1-2",
  "description": "",
  "prerequisites": []
}, {
  "corequisites": [],
  "course_name": "INDIVIDUAL LESSONS: STRINGS",
  "course_number": "MUP 492",
  "credits": "1-2",
  "description": "",
  "prerequisites": []
}, {
  "corequisites": [],
  "course_name": "INDIVIDUAL LESSONS: WOODWINDS",
  "course_number": "MUP 493",
  "credits": "1-2",
  "description": "",
  "prerequisites": []
}, {
  "corequisites": [],
  "course_name": "INDIVIDUAL LESSONS: BRASS",
  "course_number": "MUP 494",
  "credits": "1-2",
  "description": "",
  "prerequisites": []
}, {
  "corequisites": [],
  "course_name": "INDIVIDUAL LESSONS: PERCUSSION",
  "course_number": "MUP 495",
  "credits": "1-2",
  "description": "",
  "prerequisites": []
}, {
  "corequisites": [],
  "course_name": "INDIVIDUAL LESSONS: GUITAR",
  "course_number": "MUP 496",
  "credits": "1-2",
  "description": "Private studio guitar lessons designed to explore effective practice strategies, technique, and repertoire.",
  "prerequisites": []
}, {
  "corequisites": [],
  "course_name": "SENIOR RECITAL",
  "course_number": "MUP 498",
  "credits": "1",
  "description": "Time is dedicated towards the final applied music project for instrumental and voice music majors. A public recital will be given after the completion of junior-level applied study with the approval of the applied teacher.",
  "prerequisites": []
}, {
  "corequisites": [],
  "course_name": "INDIVIDUAL LESSONS: VOICE",
  "course_number": "MUP 591",
  "credits": "1-2",
  "description": "",
  "prerequisites": []
}, {
  "corequisites": [],
  "course_name": "INDIVIDUAL LESSONS: STRINGS",
  "course_number": "MUP 592",
  "credits": "1-2",
  "description": "",
  "prerequisites": []
}]