[{
  "corequisites": [],
  "course_name": "*MUSIC APPRECIATION I: SURVEY",
  "course_number": "MUS 101",
  "credits": "3",
  "description": "Dealing primarily with the Western classical tradition, the course focuses on developing perceptive listening skills through the study of musical forms and styles. For non-majors.",
  "prerequisites": []
}, {
  "corequisites": [],
  "course_name": "*MUSIC APPRECIATION I: SURVEY",
  "course_number": "MUS 101H",
  "credits": "3",
  "description": "Dealing primarily with the Western classical tradition, the course focuses on developing perceptive listening skills through the study of musical forms and styles. For non-majors.",
  "prerequisites": []
}, {
  "corequisites": [],
  "course_name": "*MUSIC APPRECIATION II: PERIODS AND GENRES",
  "course_number": "MUS 102",
  "credits": "3",
  "description": "A study of the masterworks of a single era (such as Baroque, classic, romantic, twentieth century) or a genre (such as orchestra, chamber, opera, musical theatre). For non-majors.",
  "prerequisites": []
}, {
  "corequisites": [],
  "course_name": "*MUSIC APPRECIATION II: PERIODS AND GENRES",
  "course_number": "MUS 102H",
  "credits": "3",
  "description": "A study of the masterworks of a single era (such as Baroque, classic, romantic, twentieth century) or a genre (such as orchestra, chamber, opera, musical theatre). For non-majors.",
  "prerequisites": []
}, {
  "corequisites": [],
  "course_name": "*MUSIC APPRECIATION III: GREAT COMPOSERS",
  "course_number": "MUS 103",
  "credits": "3",
  "description": "The life and works of one or more significant composers including Bach, Haydn, Mozart, Beethoven, and others. For non-majors.",
  "prerequisites": []
}, {
  "corequisites": [],
  "course_name": "*SURVEY OF JAZZ",
  "course_number": "MUS 104",
  "credits": "3",
  "description": "Study of jazz as a technical framework and values system for performing, composing and, experiencing music. Survey the history of jazz music up to the present to learn how this music works—from its technical musical elements to the culture that gave birth to and influenced its development. Actively listen, critique and discuss jazz, identify major artists and styles, and understand the cultural forces that shaped its development over time.",
  "prerequisites": []
}, {
  "corequisites": [],
  "course_name": "INTRODUCTION TO DIGITAL AUDIO WORKSTATIONS AND PUBLISHING",
  "course_number": "MUS 107",
  "credits": "3",
  "description": "An introduction to project based music composing applications to create original music, remixes and contemporary productions. Students build skills through weekly exercises in both Reaper and Musescore notation software.",
  "prerequisites": []
}, {
  "corequisites": [],
  "course_name": "*MUSIC CULTURES OF THE WORLD",
  "course_number": "MUS 108",
  "credits": "3",
  "description": "Survey of the world's music with attention to musical styles and cultural contexts. Included are Oceania, Indonesia, Africa, Asia, Latin America. For non-majors.",
  "prerequisites": []
}, {
  "corequisites": [],
  "course_name": "*MUSIC CULTURES OF THE WORLD",
  "course_number": "MUS 108H",
  "credits": "3",
  "description": "Survey of the world's music with attention to musical styles and cultural contexts. Included are Oceania, Indonesia, Africa, Asia, Latin America. For non-majors.",
  "prerequisites": []
}, {
  "corequisites": [],
  "course_name": "THE FUNDAMENTALS OF MUSIC TECHNOLOGY",
  "course_number": "MUS 111",
  "credits": "3",
  "description": "Covers the principles and approaches used in contemporary music technology. Lectures and demonstrations will be rooted in physics, psychoacoustics, digital and analog recording, various software and hardware platforms, composition, and audio production in order to give students greater context into the creative and technical avenues of the music technologist.",
  "prerequisites": []
}, {
  "corequisites": [],
  "course_name": "INTRODUCTION TO DIGITAL AUDIO",
  "course_number": "MUS 112",
  "credits": "3",
  "description": "Students will develop a thorough understanding of digital audio in both theory and application. Topics to be explored include common DAW operations, CD authoring, audio for web, sound design, MIDI, songwriting and composition, and digital effects. Course projects will engage students in both technical and creative capacities of digital audio production.",
  "prerequisites": [["MUS 111"]]
}, {
  "corequisites": [],
  "course_name": "AUDIO TECHNOLOGIES",
  "course_number": "MUS 113",
  "credits": "3",
  "description": "Students will gain a thorough understanding of the technical and creative potential of various audio equipment used in sound production including microphones, speakers, mixers, recording equipment, effects processors, patch bays, MIDI, and various video equipment. Through discussion and experimentation, students will pursue real-world audio problems in collaborative and individual projects.",
  "prerequisites": [["MUS 111"]]
}, {
  "corequisites": [],
  "course_name": "FOUNDATIONS: APPLIED LISTENING AND THEORY",
  "course_number": "MUS 114",
  "credits": "3",
  "description": "A general music foundation series that facilitates students with no prior formal musical background to develop contemporary music literacy using modes of listening including radio, digital music libraries, interactive tutorials and guided listenings and visual mapping.",
  "prerequisites": []
}, {
  "corequisites": [],
  "course_name": "FOUNDATIONS: APPLIED LISTENING",
  "course_number": "MUS 115",
  "credits": "THEORY",
  "description": "Part two of a general music foundation series that facilitates students with no prior formal musical background to develop contemporary music literacy using modes of listening including radio, digital music libraries, interactive tutorials and guided listenings and visual mapping.",
  "prerequisites": [["MUS 114"]]
}, {
  "corequisites": [],
  "course_name": "LITERATURE AND MATERIALS OF MUSIC I",
  "course_number": "MUS 121",
  "credits": "3",
  "description": "Covers fundamentals of music theory along with a brief introduction to Western art music. This requires students to learn to read and write all notes in treble and bass clef, and all common scales, intervals, triads and seventh chords, using key signatures. They also learn to recognize basic rhythms and write them down.",
  "prerequisites": []
}, {
  "corequisites": [],
  "course_name": "LITERATURE AND MATERIALS OF MUSIC I",
  "course_number": "MUS 122",
  "credits": "3",
  "description": "An integrated, team-taught approach to the study of Western art music, including repertory, melodic, harmonic, and rhythmic components, formal organization, and composition.",
  "prerequisites": []
}, {
  "corequisites": [],
  "course_name": "LITERATURE AND MATERIALS OF MUSIC I",
  "course_number": "MUS 123",
  "credits": "3",
  "description": "An integrated, team-taught approach to the study of Western art music, including repertory, melodic, harmonic, and rhythmic components, formal organization, and composition.",
  "prerequisites": []
}, {
  "corequisites": [],
  "course_name": "LITERATURE AND MATERIALS LAB II",
  "course_number": "MUS 126",
  "credits": "1",
  "description": "Transpose scores, harmonic idioms, harmonic progressions.",
  "prerequisites": []
}, {
  "corequisites": [["MUS 121"]],
  "course_name": "AURAL SKILLS I",
  "course_number": "MUS 134",
  "credits": "1",
  "description": "Aural comprehension of the basic melodic, rhythmic, and harmonic elements of music.",
  "prerequisites": []
}, {
  "corequisites": [],
  "course_name": "AURAL SKILLS II",
  "course_number": "MUS 135",
  "credits": "1",
  "description": "Aural comprehension of the basic melodic, rhythmic, and harmonic elements of music.",
  "prerequisites": []
}, {
  "corequisites": [],
  "course_name": "AURAL SKILLS I",
  "course_number": "MUS 136",
  "credits": "1",
  "description": "Aural comprehension of the basic melodic, rhythmic, and harmonic elements of music.",
  "prerequisites": []
}, {
  "corequisites": [],
  "course_name": "OSU CHAMBER CHOIR",
  "course_number": "MUS 140",
  "credits": "1-2",
  "description": "A select ensemble of approximately 40 mixed voices. Performances each term. Annual tours.",
  "prerequisites": []
}, {
  "corequisites": [],
  "course_name": "TREBLE CHOIR",
  "course_number": "MUS 146",
  "credits": "1-2",
  "description": "A soprano/alto ensemble designed for vocal development and exploration of treble choral literature. Performances each term.",
  "prerequisites": []
}, {
  "corequisites": [],
  "course_name": "TENOR/BASS CHOIR",
  "course_number": "MUS 147",
  "credits": "1-2",
  "description": "A tenor/bass ensemble designed for vocal development and exploration of TTBB choral literature. Performances each term.",
  "prerequisites": []
}, {
  "corequisites": [],
  "course_name": "SYMPHONIC BAND",
  "course_number": "MUS 150",
  "credits": "1",
  "description": "A select ensemble of approximately 80 wind and percussion players. Performance each term.",
  "prerequisites": []
}, {
  "corequisites": [],
  "course_name": "CAMPUS BAND",
  "course_number": "MUS 151",
  "credits": "1",
  "description": "Wind and percussion ensemble of approximately 70 players. Performance each term. Open to all students.",
  "prerequisites": []
}, {
  "corequisites": [],
  "course_name": "RHYTHM AND BEAVS PEP BAND",
  "course_number": "MUS 152",
  "credits": "1",
  "description": "An auditioned group of 12 musicians who perform at university, community, and athletic events throughout the year.",
  "prerequisites": []
}, {
  "corequisites": [],
  "course_name": "MARCHING BAND",
  "course_number": "MUS 153",
  "credits": "1-2",
  "description": "A marching and playing unit of more than 160 musicians. Performs for home football games.",
  "prerequisites": []
}, {
  "corequisites": [],
  "course_name": "BASKETBALL BAND",
  "course_number": "MUS 154",
  "credits": "1",
  "description": "An ensemble of approximately 50 players. Performs for home games.",
  "prerequisites": []
}, {
  "corequisites": [],
  "course_name": "INDOOR DRUM LINE",
  "course_number": "MUS 156",
  "credits": "1-2",
  "description": "A derivative of the Marching Band Drum Line, this ensemble performs and competes around the Pacific Northwest. Audition required.",
  "prerequisites": []
}, {
  "corequisites": [],
  "course_name": "LARGE JAZZ ENSEMBLE",
  "course_number": "MUS 158",
  "credits": "1",
  "description": "Concentration on current jazz styles. Performance each term.",
  "prerequisites": []
}, {
  "corequisites": [],
  "course_name": "UNIVERSITY SYMPHONY ORCHESTRA",
  "course_number": "MUS 160",
  "credits": "1",
  "description": "An ensemble of 65-80 players. Performance of orchestral repertoire from the eighteenth, nineteenth, and twentieth centuries. Performance each term.",
  "prerequisites": []
}, {
  "corequisites": [],
  "course_name": "CHAMBER ENSEMBLE: GUITAR",
  "course_number": "MUS 162",
  "credits": "1",
  "description": "A guitar performance group designed to explore ensemble rehearsal techniques and repertoire.",
  "prerequisites": []
}, {
  "corequisites": [],
  "course_name": "ACCOMPANYING",
  "course_number": "MUS 163",
  "credits": "1",
  "description": "Piano accompanying and chamber music skills, studio experience and weekly performance class.",
  "prerequisites": []
}, {
  "corequisites": [],
  "course_name": "CHAMBER ENSEMBLE: STRINGS",
  "course_number": "MUS 164",
  "credits": "1",
  "description": "",
  "prerequisites": []
}, {
  "corequisites": [],
  "course_name": "CHAMBER ENSEMBLE: WOODWINDS",
  "course_number": "MUS 165",
  "credits": "1",
  "description": "",
  "prerequisites": []
}, {
  "corequisites": [],
  "course_name": "CHAMBER ENSEMBLE: BRASS",
  "course_number": "MUS 166",
  "credits": "1",
  "description": "",
  "prerequisites": []
}, {
  "corequisites": [],
  "course_name": "CHAMBER ENSEMBLE: PERCUSSION",
  "course_number": "MUS 167",
  "credits": "1",
  "description": "",
  "prerequisites": []
}, {
  "corequisites": [],
  "course_name": "CHAMBER ENSEMBLE: MISCELLANEOUS",
  "course_number": "MUS 168",
  "credits": "1",
  "description": "",
  "prerequisites": []
}, {
  "corequisites": [],
  "course_name": "OPERA WORKSHOP",
  "course_number": "MUS 169",
  "credits": "1-2",
  "description": "Examines musical, linguistic, and dramatic preparation and performance of roles and scenes from the opera, operetta, and musical theatre repertory. Explores the history and literature of opera and American musical theatre, and begins to prepare students for a career in the stage industry for singer/actors (auditioning, young artist programs, etc.).",
  "prerequisites": []
}, {
  "corequisites": [],
  "course_name": "GROUP LESSONS: PIANO I",
  "course_number": "MUS 171",
  "credits": "1",
  "description": "Part 1 of the first-year group piano sequence. Group instruction in piano skills and basic theory.",
  "prerequisites": []
}, {
  "corequisites": [],
  "course_name": "GROUP PIANO II",
  "course_number": "MUS 172",
  "credits": "1",
  "description": "Part 2 of the first-year group piano sequence. A continuation of MUS 171.",
  "prerequisites": [["MUS 171"]]
}, {
  "corequisites": [],
  "course_name": "GROUP PIANO III",
  "course_number": "MUS 173",
  "credits": "1",
  "description": "Part 3 of the first-year group piano sequence. A continuation of MUS 172.",
  "prerequisites": [["MUS 172"]]
}, {
  "corequisites": [],
  "course_name": "GROUP GUITAR",
  "course_number": "MUS 186",
  "credits": "1",
  "description": "Teaches fundamentals of the guitar in a small-group setting. Emphasis on practical use of the instrument.",
  "prerequisites": []
}, {
  "corequisites": [],
  "course_name": "APPLIED MUSICIANSHIP: BEGINNER BEAT MAKING (DAW)",
  "course_number": "MUS 190",
  "credits": "2",
  "description": "Teaches the process involved in composing and constructing drum beats for any style of popular music. This course will take you through the basics of understand the roles of each individual drum on a typical drum kit, to programming on an 808 or sequenced style virtual kit. We will also explore putting together your own collection of sounds and building drum and percussion kits for your own creative applications and compositions.",
  "prerequisites": [["MUS 111"]]
}, {
  "corequisites": [],
  "course_name": "INTRODUCTION TO MUSIC PRODUCTION TECHNIQUES",
  "course_number": "MUS 191",
  "credits": "1",
  "description": "Examines principles and approaches used in contemporary music technology and production with a slant towards affordability and bedroom recording practices which incorporates low-budget technology and high reliance on post-production technique. Composes original work, edits and mixes existing audio and music projects, records audio using both low and high-budget equipment, and analyzes the effectiveness of their creative assets.",
  "prerequisites": []
}, {
  "corequisites": [],
  "course_name": "SPECIAL STUDIES",
  "course_number": "MUS 199",
  "credits": "1-3",
  "description": "",
  "prerequisites": []
}, {
  "corequisites": [],
  "course_name": "AMERICAN MUSIC TRADITION",
  "course_number": "MUS 200",
  "credits": "3",
  "description": "Explores religious, classical, folk, and pop idioms, American music is both a reflection of the nation’s rich creative elements and a defining factor of our national identity. Analyzes the history of American music and the role it plays in society today.",
  "prerequisites": []
}, {
  "corequisites": [],
  "course_name": "ENGLISH AND LATIN DICTION FOR SINGERS",
  "course_number": "MUS 201",
  "credits": "1",
  "description": "Presents the principles of lyric diction in English and Latin and provides practice in the skills needed to sing the languages accurately and expressively.",
  "prerequisites": []
}, {
  "corequisites": [],
  "course_name": "ITALIAN LYRIC DICTION FOR SINGERS",
  "course_number": "MUS 202",
  "credits": "1",
  "description": "Presents the principles of lyric diction in Italian and provides practice in the skills needed to sing the languages accurately and expressively.",
  "prerequisites": [["MUS 201"]]
}, {
  "corequisites": [],
  "course_name": "GERMAN LYRIC DICTION FOR SINGERS",
  "course_number": "MUS 203",
  "credits": "1",
  "description": "Presents the principles of German lyric diction and provides practice in the skills needed to sing the language accurately and expressively.",
  "prerequisites": [["MUS 201"]]
}, {
  "corequisites": [],
  "course_name": "FRENCH LYRIC DICTION FOR SINGERS",
  "course_number": "MUS 204",
  "credits": "1",
  "description": "Presents the principles of French lyric diction and provides practice in the skills needed to sing the language accurately and expressively.",
  "prerequisites": [["MUS 201"]]
}, {
  "corequisites": [],
  "course_name": "THE MUSIC BUSINESS",
  "course_number": "MUS 216",
  "credits": "3",
  "description": "An overview of the many elements that comprise today’s music industry, with an emphasis on the most recent entrepreneurial and creative trends in this multi-billion-dollar business.",
  "prerequisites": []
}, {
  "corequisites": [],
  "course_name": "LITERATURE AND MATERIALS OF MUSIC",
  "course_number": "MUS 221",
  "credits": "3",
  "description": "Advanced harmony, techniques of analysis, musical form, composition. Continued study of the repertory of Western music through the mid-twentieth century.",
  "prerequisites": []
}, {
  "corequisites": [],
  "course_name": "LITERATURE AND MATERIALS OF MUSIC",
  "course_number": "MUS 222",
  "credits": "3",
  "description": "Advanced harmony, techniques of analysis, musical form, composition. Continued study of the repertory of Western music through the mid-twentieth century.",
  "prerequisites": []
}, {
  "corequisites": [],
  "course_name": "LITERATURE AND MATERIALS OF MUSIC",
  "course_number": "MUS 223",
  "credits": "3",
  "description": "Advanced harmony, techniques of analysis, musical form, composition. Continued study of the repertory of Western music through the mid-twentieth century.",
  "prerequisites": []
}, {
  "corequisites": [],
  "course_name": "AURAL SKILLS II",
  "course_number": "MUS 234",
  "credits": "1",
  "description": "Sight-singing; melodic and harmonic dictation. To be taken in sequence.",
  "prerequisites": []
}, {
  "corequisites": [],
  "course_name": "AURAL SKILLS II",
  "course_number": "MUS 235",
  "credits": "1",
  "description": "Sight-singing; melodic and harmonic dictation. To be taken in sequence.",
  "prerequisites": []
}, {
  "corequisites": [],
  "course_name": "AURAL SKILLS II",
  "course_number": "MUS 236",
  "credits": "1",
  "description": "Sight-singing; melodic and harmonic dictation. To be taken in sequence.",
  "prerequisites": []
}, {
  "corequisites": [],
  "course_name": "CRITICAL STUDIES IN CONTEMPORARY & POPULAR MUSIC",
  "course_number": "MUS 237",
  "credits": "3",
  "description": "Examines Contemporary and Popular Music, not as a narrow singular approach with a unitary cultural lens, but as a complex phenomenon with vast stylistic diversity, practices, participants and methodologies. Explores plurality of sonic approaches, interdisciplinary relations, and social, racial, and gender histories and cultural practices. Introduces critical approaches surrounding construction, embodied listening, sensuality and reception, dissemination perception, fandom, popular aesthetics and taste of contemporary and popular musical forms.",
  "prerequisites": []
}, {
  "corequisites": [],
  "course_name": "INTRO TO ARTS ENTREPRENEURSHIP",
  "course_number": "MUS 251",
  "credits": "3",
  "description": "Emphasizes the importance of entrepreneurial thinking in the arts while engaging students with the fundamentals of the arts “business”. The focus of this course is the development of each student's Digital Portfolio. Each student will explore the arts industry through first-hand experiences with creative problem-solving exercises, discussion questions, collaborative projects, case studies, and hands-on activities.",
  "prerequisites": []
}, {
  "corequisites": [],
  "course_name": "INTERMEDIATE DAW AND MUSIC PUBLISHING",
  "course_number": "MUS 255",
  "credits": "3",
  "description": "Emphasizes project-based music composing application to create original music, live popular and contemporary music performance, using controllers, DJing and contemporary productions. Builds skills through weekly exercises in both Ableton and Musescore notation software.",
  "prerequisites": []
}, {
  "corequisites": [],
  "course_name": "GROUP PIANO IV",
  "course_number": "MUS 271",
  "credits": "1",
  "description": "Part of the second-year group piano sequence. Group instruction in piano skills and basic theory.",
  "prerequisites": []
}, {
  "corequisites": [],
  "course_name": "GROUP PIANO V",
  "course_number": "MUS 272",
  "credits": "1",
  "description": "Part of the second-year group piano sequence. Group instruction in piano skills and basic theory.",
  "prerequisites": [["MUS 271"]]
}, {
  "corequisites": [],
  "course_name": "GROUP PIANO VI",
  "course_number": "MUS 273",
  "credits": "1",
  "description": "Part of the second-year group piano sequence. Group instruction in piano skills and basic theory.",
  "prerequisites": [["MUS 272"]]
}, {
  "corequisites": [],
  "course_name": "INTRODUCTION TO SONGWRITING 1",
  "course_number": "MUS 279",
  "credits": "3",
  "description": "The study of songs and songwriting will be introduced, with special attention paid to the art of lyrics, melody, harmony, and structure to create songs. Songs will be analyzed and composed, and students will listen to popular American songwriting throughout modern history. Students are expected to listen critically and create and collaborate on original song lyrics and music.",
  "prerequisites": []
}, {
  "corequisites": [],
  "course_name": "SPECIAL STUDIES",
  "course_number": "MUS 299",
  "credits": "1-3",
  "description": "",
  "prerequisites": []
}, {
  "corequisites": [],
  "course_name": "SOLO VOCAL REPERTOIRE: ENGLISH",
  "course_number": "MUS 301",
  "credits": "2",
  "description": "Survey of the development of English solo vocal literature from the Renaissance period to the present.",
  "prerequisites": [["MUS 123"]]
}, {
  "corequisites": [],
  "course_name": "SOLO VOCAL REPERTOIRE: ITALIAN",
  "course_number": "MUS 302",
  "credits": "2",
  "description": "Survey of the development of Italian solo vocal literature from the Renaissance period to the present.",
  "prerequisites": [["MUS 123"]]
}, {
  "corequisites": [],
  "course_name": "SOLO VOCAL REPERTOIRE: GERMAN",
  "course_number": "MUS 303",
  "credits": "2",
  "description": "Survey of the development of German solo vocal literature from the Renaissance period to the present.",
  "prerequisites": [["MUS 123"]]
}, {
  "corequisites": [],
  "course_name": "SOLO VOCAL REPERTOIRE: FRENCH",
  "course_number": "MUS 304",
  "credits": "2",
  "description": "Survey of the development of French solo vocal literature from the 19th century to the present.",
  "prerequisites": [["MUS 123"]]
}, {
  "corequisites": [],
  "course_name": "*WOMEN IN WESTERN MUSIC",
  "course_number": "MUS 309",
  "credits": "3",
  "description": "Explores the powerful roles women have played in both Western classical and popular music, from the Medieval Era to the present day. Drawing on historical, contemporary, and cross-cultural ideas and repertoire, the course will identify contributions women have made as composers, performers, patrons, educators, and consumers, and will examine why women's contributions were ignored in the past.",
  "prerequisites": []
}, {
  "corequisites": [],
  "course_name": "SOUND SYNTHESIS",
  "course_number": "MUS 313",
  "credits": "3",
  "description": "Examines the various forms of synthesis used in modern electronic music and audio production. Throughout the course of the term, students will cultivate listening, programming, and analytical skills through the study of analog and digital synthesis. Emphasis will be placed on practical applications of synthesis through original creative projects.",
  "prerequisites": []
}, {
  "corequisites": [],
  "course_name": "INTRODUCTION TO CONDUCTING",
  "course_number": "MUS 315",
  "credits": "2",
  "description": "Basic terminology, beat patterns, and baton technique. Introduction to score preparation. Philosophy and history of conducting are also addressed.",
  "prerequisites": []
}, {
  "corequisites": [],
  "course_name": "CHORAL CONDUCTING",
  "course_number": "MUS 316",
  "credits": "2",
  "description": "Continuation of MUS 315. Hand gesture technique, score reading, and score preparation of literature from all major historical periods. Focus upon principles of developing choral excellence. Includes conducting practice with a campus ensemble. To be taken in sequence.",
  "prerequisites": []
}, {
  "corequisites": [],
  "course_name": "CHORAL CONDUCTING",
  "course_number": "MUS 317",
  "credits": "2",
  "description": "Continuation of MUS 315. Hand gesture technique, score reading, and score preparation of literature from all major historical periods. Focus upon principles of developing choral excellence. To be taken in sequence.",
  "prerequisites": []
}, {
  "corequisites": [],
  "course_name": "INSTRUMENTAL CONDUCTING",
  "course_number": "MUS 318",
  "credits": "2",
  "description": "Continuation of MUS 315, including types of instrumental groups, seating arrangements, score preparation, and instrumental transposition and ranges. Advanced baton technique. To be taken in sequence.",
  "prerequisites": []
}, {
  "corequisites": [],
  "course_name": "INSTRUMENTAL CONDUCTING",
  "course_number": "MUS 319",
  "credits": "2",
  "description": "Continuation of MUS 315, including types of instrumental groups, seating arrangements, score preparation, and instrumental transposition and ranges. Advanced baton technique. To be taken in sequence.",
  "prerequisites": []
}, {
  "corequisites": [],
  "course_name": "HISTORY OF WESTERN MUSIC",
  "course_number": "MUS 324",
  "credits": "3",
  "description": "Chronological survey of the Euro-American traditions in music to be taken in sequence.",
  "prerequisites": [["MUS 123"]]
}, {
  "corequisites": [],
  "course_name": "HISTORY OF WESTERN MUSIC",
  "course_number": "MUS 325",
  "credits": "3",
  "description": "Traces the development of Western music history from the early Classic period through the end of the 19th century. Explores major trends in orchestral, solo, chamber and vocal music through lectures, readings, research, discussion, score studies, and intensive writing assignments.",
  "prerequisites": [["MUS 123"]]
}, {
  "corequisites": [],
  "course_name": "HISTORY OF WESTERN MUSIC",
  "course_number": "MUS 326",
  "credits": "3",
  "description": "Chronological survey of the Euro-American traditions in music to be taken in sequence.",
  "prerequisites": [["MUS 123"]]
}, {
  "corequisites": [],
  "course_name": "*GENRE STUDIES: POPULAR MUSIC AND CULTURE IN LATIN AMERICA",
  "course_number": "MUS 331",
  "credits": "3",
  "description": "Explores traditional and popular musical practices in Spanish-speaking Latin America. Focusing on the rich mixture of African, European, and indigenous cultures that characterize this region, the class will examine technical aspects of music itself, cultural contexts of musical creation and performance, and the historical development of particular musical styles. Case studies, explored through listening and reading, will highlight various local and national musical traditions and their presence in transnational migrant communities and emerging world music markets.",
  "prerequisites": []
}, {
  "corequisites": [],
  "course_name": "CONTEMPORARY MUSIC TECHNIQUE & PRACTICE",
  "course_number": "MUS 334",
  "credits": "4",
  "description": "Creates individual and community-based musics from a variety of popular and contemporary music genres, techniques and practices. Valuable to those that require personalized feedback and want to develop the ability to imitate favorite hits, workshop new ideas, and generate original approaches to music making through improvisation, charts, audio recordings, experimentation and collective music practices. Focuses on making music through improvised means, real-time music practices as well as utilizing previous collected knowledges both through ear training, notation, or digital renderings to foster a personal voice.",
  "prerequisites": []
}, {
  "corequisites": [],
  "course_name": "APPLIED MUSICIANSHIP: GROUP GUITAR",
  "course_number": "MUS 338",
  "credits": "2",
  "description": "Focuses on learning the architecture of the guitar, its styles, and functionality in a contemporary music-making context. Provides a basic understanding of the fretboard through weekly practices that center on improvising and composing with simple scales, modes and chords. Applies skills to learning iconic guitar repertoire with an emphasis on learning by ear, the blues tradition, funk, rock and pop styles and trends. Emphasizes participatory practice required to incorporate chordal blocks and stylistic practice.",
  "prerequisites": []
}, {
  "corequisites": [],
  "course_name": "OSU CHAMBER CHOIR",
  "course_number": "MUS 340",
  "credits": "1-2",
  "description": "A select ensemble of approximately 40 mixed voices. Performance each term. Annual tours.",
  "prerequisites": []
}, {
  "corequisites": [],
  "course_name": "VOCAL PEDAGOGY I",
  "course_number": "MUS 341",
  "credits": "2",
  "description": "Provides an understanding of the singing voice and establishes guidelines for teaching vocal techniques. Explores the anatomical, physiological and acoustic elements of singing, providing students with a working knowledge of the vocal mechanism.",
  "prerequisites": [["MUP 291"]]
}, {
  "corequisites": [],
  "course_name": "VOCAL PEDAGOGY II",
  "course_number": "MUS 342",
  "credits": "2",
  "description": "Provides a clear understanding of the singing voice as it progresses through the stages of maturation. Emphasizes appropriate repertoire selection for each voice classification. Provides theoretical framework and practical application of vocal pedagogy.",
  "prerequisites": [["MUS 341"]]
}, {
  "corequisites": [],
  "course_name": "VOCAL PEDAGOGY PRACTICUM",
  "course_number": "MUS 343X",
  "credits": "2",
  "description": "Provides practical application of MUS 341 and MUS 342 through planning and implementation of vocal instruction. Emphasizes vocal tone building.",
  "prerequisites": [["MUS 341"], ["MUS 342"]]
}, {
  "corequisites": [],
  "course_name": "INSTRUMENTAL PEDAGOGY AND REPERTOIRE",
  "course_number": "MUS 344",
  "credits": "3",
  "description": "This course is directed towards the student who anticipates a career as a professional musician in a performance group, soloist, or as an instrumental studio instructor.",
  "prerequisites": []
}, {
  "corequisites": [],
  "course_name": "TREBLE CHOIR",
  "course_number": "MUS 346",
  "credits": "1-2",
  "description": "A soprano/alto ensemble designed for vocal development and exploration of treble choral literature. Performances each term.",
  "prerequisites": []
}, {
  "corequisites": [],
  "course_name": "TENOR/BASS CHOIR",
  "course_number": "MUS 347",
  "credits": "1-2",
  "description": "A tenor/bass ensemble designed for vocal development and exploration of TTBB choral literature. Performances each term.",
  "prerequisites": []
}, {
  "corequisites": [],
  "course_name": "SYMPHONIC BAND",
  "course_number": "MUS 350",
  "credits": "1",
  "description": "A select ensemble of approximately 80 wind and percussion players. Performance winter and spring terms.",
  "prerequisites": []
}, {
  "corequisites": [],
  "course_name": "CAMPUS BAND",
  "course_number": "MUS 351",
  "credits": "1",
  "description": "Wind and percussion ensemble of approximately 70 players. Performance each term. Open to all students.",
  "prerequisites": []
}, {
  "corequisites": [],
  "course_name": "RHYTHM AND BEAVS PEP BAND",
  "course_number": "MUS 352",
  "credits": "1",
  "description": "An auditioned group of 12 musicians who perform at university, community, and athletic events throughout the year.",
  "prerequisites": []
}, {
  "corequisites": [],
  "course_name": "MARCHING BAND",
  "course_number": "MUS 353",
  "credits": "1-2",
  "description": "A marching and playing unit of more than 160 musicians. Performs for home football games; one trip each year to an off-campus game.",
  "prerequisites": []
}, {
  "corequisites": [],
  "course_name": "BASKETBALL BAND",
  "course_number": "MUS 354",
  "credits": "1",
  "description": "An ensemble of approximately 50 players. Performs for home games. Students must have two years college-level experience.",
  "prerequisites": []
}, {
  "corequisites": [],
  "course_name": "INDOOR DRUM LINE",
  "course_number": "MUS 356",
  "credits": "1-2",
  "description": "A derivative of the Marching Band Drum Line, this ensemble performs and competes around the Pacific Northwest during winter term. Audition required.",
  "prerequisites": []
}, {
  "corequisites": [],
  "course_name": "LARGE JAZZ ENSEMBLE",
  "course_number": "MUS 358",
  "credits": "1",
  "description": "Concentration on current jazz styles. Performance each term.",
  "prerequisites": []
}, {
  "corequisites": [],
  "course_name": "UNIVERSITY SYMPHONY ORCHESTRA",
  "course_number": "MUS 360",
  "credits": "1",
  "description": "An ensemble of 65-80 players. Performance of orchestral repertoire from the 18th, 19th, and 20th centuries. Performance each term.",
  "prerequisites": []
}, {
  "corequisites": [],
  "course_name": "CHAMBER ENSEMBLE: GUITAR",
  "course_number": "MUS 362",
  "credits": "1",
  "description": "A guitar performance group designed to explore ensemble rehearsal techniques and repertoire.",
  "prerequisites": []
}, {
  "corequisites": [],
  "course_name": "ACCOMPANYING",
  "course_number": "MUS 363",
  "credits": "1",
  "description": "Piano accompanying and chamber music skills, studio experience, and weekly performance class.",
  "prerequisites": []
}, {
  "corequisites": [],
  "course_name": "CHAMBER ENSEMBLE: STRINGS",
  "course_number": "MUS 364",
  "credits": "1",
  "description": "",
  "prerequisites": []
}, {
  "corequisites": [],
  "course_name": "CHAMBER ENSEMBLE: WOODWINDS",
  "course_number": "MUS 365",
  "credits": "1",
  "description": "",
  "prerequisites": []
}, {
  "corequisites": [],
  "course_name": "CHAMBER ENSEMBLE: BRASS",
  "course_number": "MUS 366",
  "credits": "1",
  "description": "",
  "prerequisites": []
}, {
  "corequisites": [],
  "course_name": "CHAMBER ENSEMBLE: PERCUSSION",
  "course_number": "MUS 367",
  "credits": "1",
  "description": "",
  "prerequisites": []
}, {
  "corequisites": [],
  "course_name": "CHAMBER ENSEMBLE: MISCELLANEOUS",
  "course_number": "MUS 368",
  "credits": "1",
  "description": "",
  "prerequisites": []
}, {
  "corequisites": [],
  "course_name": "OPERA WORKSHOP",
  "course_number": "MUS 369",
  "credits": "1-2",
  "description": "Examines musical, linguistic, and dramatic preparation and performance of roles and scenes from the opera, operetta, and musical theatre repertory. Explores the history and literature of opera and American musical theatre, and begins to prepare students for a career in the stage industry for singer/actors (auditioning, young artist programs, etc.).",
  "prerequisites": []
}, {
  "corequisites": [],
  "course_name": "GROUP PIANO VII",
  "course_number": "MUS 371",
  "credits": "1",
  "description": "Part of the third-year group piano sequence. Group instruction in piano skills and basic theory.",
  "prerequisites": []
}, {
  "corequisites": [],
  "course_name": "GROUP PIANO VIII",
  "course_number": "MUS 372",
  "credits": "1",
  "description": "Part of the third-year group piano sequence. Group instruction in piano skills and basic theory.",
  "prerequisites": [["MUS 371"]]
}, {
  "corequisites": [],
  "course_name": "GROUP PIANO IX",
  "course_number": "MUS 373",
  "credits": "1",
  "description": "Part of the third-year group piano sequence. Group instruction in piano skills and basic theory.",
  "prerequisites": [["MUS 372"]]
}, {
  "corequisites": [],
  "course_name": "SPECIAL STUDIES",
  "course_number": "MUS 399",
  "credits": "1-3",
  "description": "",
  "prerequisites": []
}, {
  "corequisites": [],
  "course_name": "^STUDIES IN WRITING ABOUT MUSIC",
  "course_number": "MUS 400",
  "credits": "3",
  "description": "Students will read relevant literature pertaining to a selected topic. These readings will be discussed during the class period, serve as a basis of knowledge for the writing assignments throughout the quarter, and promote critical thinking about the topic. A large portion of the term will be devoted to learning various genres of writing about music, including formal writing and informal, low-stakes writing. Students will be introduced to a variety of ways of writing about music through the course readings and will learn how to tailor one’s writing style towards a genre’s particular audience.",
  "prerequisites": [["MUS 325"]]
}, {
  "corequisites": [],
  "course_name": "RESEARCH AND SCHOLARSHIP",
  "course_number": "MUS 401",
  "credits": "1-6",
  "description": "",
  "prerequisites": []
}, {
  "corequisites": [],
  "course_name": "INDEPENDENT STUDY",
  "course_number": "MUS 402",
  "credits": "1-6",
  "description": "",
  "prerequisites": []
}, {
  "corequisites": [],
  "course_name": "THESIS",
  "course_number": "MUS 403",
  "credits": "1-6",
  "description": "",
  "prerequisites": []
}, {
  "corequisites": [],
  "course_name": "READING AND CONFERENCE",
  "course_number": "MUS 405",
  "credits": "1-6",
  "description": "",
  "prerequisites": []
}, {
  "corequisites": [],
  "course_name": "PROJECTS",
  "course_number": "MUS 406",
  "credits": "1-6",
  "description": "",
  "prerequisites": []
}, {
  "corequisites": [],
  "course_name": "SEMINAR",
  "course_number": "MUS 407",
  "credits": "1-6",
  "description": "",
  "prerequisites": []
}, {
  "corequisites": [],
  "course_name": "WORKSHOP",
  "course_number": "MUS 408",
  "credits": "1-6",
  "description": "",
  "prerequisites": []
}, {
  "corequisites": [["MUS 446", "MUS 447"]],
  "course_name": "PIANO PEDAGOGY PRACTICUM",
  "course_number": "MUS 409",
  "credits": "2",
  "description": "A practical application course offering experiential learning and supervised teaching experiences to piano pedagogy students. Serves as a practicum co-requisite for the final two terms of Piano Pedagogy (MUS 446 and MUS 447).",
  "prerequisites": []
}, {
  "corequisites": [],
  "course_name": "INTERNSHIP",
  "course_number": "MUS 410",
  "credits": "3",
  "description": "Provides experience in field settings, opportunity to develop personal and professional skills. See school for details.",
  "prerequisites": []
}, {
  "corequisites": [],
  "course_name": "SCORING VISUAL MEDIA I",
  "course_number": "MUS 415",
  "credits": "3",
  "description": "Introduce film scoring techniques. Gain proficiency at working with visual media, understanding stylistic and creative approaches and acquire technical skills to run Logic X. Cover range of sound solutions used in silent films, independent films, mainstream and international films. Create a mock up, work quickly and efficiently and develop a simple reel as well as use techniques such as leitmotif building, layering, contour mapping, temporal building and be familiar with various sample libraries, and introductory MIDI orchestration.",
  "prerequisites": []
}, {
  "corequisites": [],
  "course_name": "SENIOR PROJECT",
  "course_number": "MUS 428",
  "credits": "4",
  "description": "Develop, project manage and execute an independent and original creative, performative or research-based final project that is appropriate to their main professional interests.",
  "prerequisites": []
}, {
  "corequisites": [],
  "course_name": "SONIC ARTS",
  "course_number": "MUS 439",
  "credits": "2",
  "description": "Create experimental sonic art projects using analog and digital technologies to make natural, artificial, and curated sound installations within an arts, design, or communication context. Apply the iterative design process to ideate, prototype, implement, reflect and then re-imagine the sound art project. Develop collaborative skills by working with people from other disciplines. Demonstrate competency through describing and applying sound art concepts including those that involve active listening practices. Explore the breadth and range of sonic-art from a historical and contemporary art practice. CROSSLISTED as ART 439/GD 439/MUS 439/NMC 439/TA 439 and ART 539/MUS 539.",
  "prerequisites": []
}, {
  "corequisites": [],
  "course_name": "GENRE STUDIES",
  "course_number": "MUS 442",
  "credits": "3",
  "description": "Intensive study of selected genres, such as orchestra, chamber music, keyboard literature, vocal literature, music theatre and opera.",
  "prerequisites": []
}, {
  "corequisites": [],
  "course_name": "THEORY AND COMPOSITION STUDIES",
  "course_number": "MUS 443",
  "credits": "3",
  "description": "Intensive study of selected subjects, such as analysis, composition, choral arranging, band arranging, and orchestration.",
  "prerequisites": []
}, {
  "corequisites": [],
  "course_name": "PIANO PEDAGOGY I: BEGINNING AND ELEMENTARY STUDENTS",
  "course_number": "MUS 445",
  "credits": "3",
  "description": "Introduces basic foundational ideas of piano instruction at the beginning and elementary levels. Students will engage with topics surrounding methodology, materials, and the techniques of teaching piano to the beginning and elementary student.",
  "prerequisites": []
}, {
  "corequisites": [],
  "course_name": "INTRODUCTION TO ARTS ENTREPRENEURSHIP",
  "course_number": "MUS 451",
  "credits": "3",
  "description": "Survey of the business strategies behind a successful career in the arts. Emphasizes the importance of entrepreneurial thinking, engages students with the fundamentals of the arts \"business\", and explores ways to influence and shape the industry's future. CROSSLISTED as ART 451/MUS 451/TA 451.",
  "prerequisites": []
}, {
  "corequisites": [],
  "course_name": "OFF THE SCREEN - VIDEO INSTALLATION ART",
  "course_number": "MUS 457",
  "credits": "2",
  "description": "Create experimental video-art installations within an arts, design, or communication context. Apply the iterative design process to ideate, prototype, implement, reflect and then re-imagine the video art project. Explore the breath and range of experimental approaches to video installations, multi-screen projections, immersive visual and sound environments, and projection-mapping from a historical and contemporary art perspective. Develop collaborative skills by working with people from other disciplines. CROSSLISTED as ART 457/GD 457/MUS 457/ NMC 457/TA 457 and ART 557/MUS 557.",
  "prerequisites": []
}, {
  "corequisites": [],
  "course_name": "ITALIAN AND LATIN DICTION FOR SINGERS",
  "course_number": "MUS 472",
  "credits": "2",
  "description": "Presents the principles of lyric diction in Italian and liturgical Latin and provides practice in the skills needed to sing the languages accurately and expressively.",
  "prerequisites": []
}, {
  "corequisites": [],
  "course_name": "^CREATIVITY AND THE CONTEMPORARY MUSICAL IMAGINATION",
  "course_number": "MUS 475",
  "credits": "3",
  "description": "Examines both the theory and practice of creativity. Explores how musical thinking, and real-time sonic practices, in particular can be applied to those seeking new ways to discover and develop innovative and generative works. Utilizes an interdisciplinary framework in order to focus, apply and connect those ideas to musical outcomes through production and performativity and practice. Examines a variety of writings on creativity and synthesize ideas about creativity from various fields through both reflective and critical writing.",
  "prerequisites": []
}, {
  "corequisites": [],
  "course_name": "PIANO LITERATURE I: 18TH THROUGH EARLY 19TH CENTURIES",
  "course_number": "MUS 481",
  "credits": "3",
  "description": "Examines the evolution of piano literature from the Baroque period through the early 19th Century. Examines individual styles and composers' works in the context of the surrounding cultural and social history, beginning with the birth of the piano and continuing with the piano’s growing popularity in Western European society. An emphasis will be placed on listening experience and the aural identification of landmark piano works. Students to gain familiarity with a rich body of piano repertoire in the historical and social context in which it was composed.",
  "prerequisites": []
}, {
  "corequisites": [],
  "course_name": "PIANO LITERATURE II: 19TH AND 20TH CENTURIES",
  "course_number": "MUS 482",
  "credits": "3",
  "description": "Examines the evolution of piano literature in the 19th and 20th centuries. Students will learn about individual styles and composers’ works in the context of the surrounding cultural and social history of the piano. An emphasis will be placed on listening experience and the aural identification of landmark piano works. The overall objective of the course is for students to gain familiarity with a rich body of piano repertoire in the historical and social context in which it was composed.",
  "prerequisites": []
}, {
  "corequisites": [],
  "course_name": "SENSOR TECHNOLOGIES AND THE ARTS",
  "course_number": "MUS 488",
  "credits": "2",
  "description": "Create interactive arts, design, or communication projects using sensor technologies in combination with sound, video, lights, video games, and generative digital art. Translate gestures of the physical world into interactive control using plug and play wireless sensors. Apply the iterative design process to ideate, prototype, implement, reflect and then re-imagine the sensor technologies project. Explore the breadth and range of interactive art from a historical and contemporary art practice. CROSSLISTED as ART 488/GD 488/MUS 488/NMC 488/TA 488 and ART 588/MUS 588.",
  "prerequisites": []
}, {
  "corequisites": [],
  "course_name": "BASIC RECORDING TECHNIQUES",
  "course_number": "MUS 493",
  "credits": "3",
  "description": "The first of a three-term sequence on analog and digital recording and editing techniques. The first term deals with issues such as signal processing, microphone design and placement, and an introduction to Digidesign Pro-Tools.",
  "prerequisites": []
}, {
  "corequisites": [],
  "course_name": "INTERMEDIATE RECORDING TECHNIQUES",
  "course_number": "MUS 494",
  "credits": "3",
  "description": "The second of a three-term sequence on analog and digital recording and editing techniques. The second term deals with multi-track recording, MIDI interfacing and recording, advanced microphone placement, intermediate Pro-tools, and an introduction to E-magic Logic.",
  "prerequisites": []
}, {
  "corequisites": [],
  "course_name": "ADVANCED RECORDING TECHNIQUES",
  "course_number": "MUS 495",
  "credits": "3",
  "description": "The third of a three-part sequence on analog and digital recording and editing techniques. The third term deals with advanced multi-track recording, sampling MIDI interfacing and recording, mixing and mastering using Waveburner, advanced Pro-Tools, advanced use of E-magic Logic recording and editing and portable ADAT recording and editing.",
  "prerequisites": []
}, {
  "corequisites": [],
  "course_name": "SPECIAL STUDIES",
  "course_number": "MUS 499",
  "credits": "1-16",
  "description": "",
  "prerequisites": []
}, {
  "corequisites": [],
  "course_name": "RESEARCH AND SCHOLARSHIP",
  "course_number": "MUS 501",
  "credits": "1-6",
  "description": "",
  "prerequisites": []
}, {
  "corequisites": [],
  "course_name": "INDEPENDENT STUDY",
  "course_number": "MUS 502",
  "credits": "1-6",
  "description": "",
  "prerequisites": []
}, {
  "corequisites": [],
  "course_name": "THESIS",
  "course_number": "MUS 503",
  "credits": "1-6",
  "description": "",
  "prerequisites": []
}, {
  "corequisites": [],
  "course_name": "READING AND CONFERENCE",
  "course_number": "MUS 505",
  "credits": "1-6",
  "description": "",
  "prerequisites": []
}, {
  "corequisites": [],
  "course_name": "PROJECTS",
  "course_number": "MUS 506",
  "credits": "1-6",
  "description": "",
  "prerequisites": []
}, {
  "corequisites": [],
  "course_name": "SEMINAR",
  "course_number": "MUS 507",
  "credits": "1-6",
  "description": "",
  "prerequisites": []
}, {
  "corequisites": [],
  "course_name": "WORKSHOP",
  "course_number": "MUS 508",
  "credits": "1-6",
  "description": "",
  "prerequisites": []
}, {
  "corequisites": [],
  "course_name": "INTERNSHIP",
  "course_number": "MUS 510",
  "credits": "3",
  "description": "Provides experience in field settings, opportunity to develop personal and professional skills. See school for details.",
  "prerequisites": []
}, {
  "corequisites": [],
  "course_name": "ADVANCED CONDUCTING: CHORAL",
  "course_number": "MUS 516",
  "credits": "3",
  "description": "Baton technique, interpretation and the study of major choral scores.",
  "prerequisites": []
}, {
  "corequisites": [],
  "course_name": "ADVANCED CONDUCTING: INSTRUMENTAL",
  "course_number": "MUS 518",
  "credits": "3",
  "description": "Baton technique, interpretation and the study of major instrumental scores.",
  "prerequisites": []
}, {
  "corequisites": [],
  "course_name": "ADVANCED CONDUCTING: INSTRUMENTAL",
  "course_number": "MUS 519",
  "credits": "3",
  "description": "Baton technique, interpretation and the study of major instrumental scores.",
  "prerequisites": []
}, {
  "corequisites": [],
  "course_name": "SONIC ARTS",
  "course_number": "MUS 539",
  "credits": "2",
  "description": "Create experimental sonic art projects using analog and digital technologies to make natural, artificial, and curated sound installations within an arts, design, or communication context. Apply the iterative design process to ideate, prototype, implement, reflect and then re-imagine the sound art project. Develop collaborative skills by working with people from other disciplines. Demonstrate competency through describing and applying sound art concepts including those that involve active listening practices. Explore the breadth and range of sonic-art from a historical and contemporary art practice. CROSSLISTED as ART 439/GD 439/MUS 439/NMC 439/TA 439 and ART 539/MUS 539.",
  "prerequisites": []
}, {
  "corequisites": [],
  "course_name": "OSU CHAMBER CHOIR",
  "course_number": "MUS 540",
  "credits": "1-2",
  "description": "A select ensemble of approximately 40 mixed voices. Performance each term. Annual tours.",
  "prerequisites": []
}, {
  "corequisites": [],
  "course_name": "THEORY AND COMPOSITION STUDIES",
  "course_number": "MUS 543",
  "credits": "3",
  "description": "Intensive study of selected subjects, such as analysis, composition, choral arranging, band arranging, and orchestration.",
  "prerequisites": []
}, {
  "corequisites": [],
  "course_name": "TREBLE CHOIR",
  "course_number": "MUS 546",
  "credits": "1-2",
  "description": "A soprano/alto ensemble designed for vocal development and exploration of treble choral literature. Performances each term.",
  "prerequisites": []
}, {
  "corequisites": [],
  "course_name": "TENOR/BASS CHOIR",
  "course_number": "MUS 547",
  "credits": "1-2",
  "description": "A tenor/bass ensemble designed for vocal development and exploration of TTBB choral literature. Performances each term.",
  "prerequisites": []
}, {
  "corequisites": [],
  "course_name": "SYMPHONIC BAND",
  "course_number": "MUS 550",
  "credits": "1",
  "description": "A select ensemble of approximately 80 wind and percussion players. Performance winter and spring terms.",
  "prerequisites": []
}, {
  "corequisites": [],
  "course_name": "OFF THE SCREEN - VIDEO INSTALLATION ART",
  "course_number": "MUS 557",
  "credits": "2",
  "description": "Create experimental video-art installations within an arts, design, or communication context. Apply the iterative design process to ideate, prototype, implement, reflect and then re-imagine the video art project. Explore the breath and range of experimental approaches to video installations, multi-screen projections, immersive visual and sound environments, and projection-mapping from a historical and contemporary art perspective. Develop collaborative skills by working with people from other disciplines. CROSSLISTED as ART 457/GD 457/MUS 457/ NMC 457/TA 457 and ART 557/MUS 557.",
  "prerequisites": []
}, {
  "corequisites": [],
  "course_name": "UNIVERSITY SYMPHONY ORCHESTRA",
  "course_number": "MUS 560",
  "credits": "1",
  "description": "An ensemble of 65-80 players. Performance of orchestral repertoire from the 18th, 19th, and 20th centuries. Performance each term.",
  "prerequisites": []
}, {
  "corequisites": [],
  "course_name": "SENSOR TECHNOLOGIES AND THE ARTS",
  "course_number": "MUS 588",
  "credits": "2",
  "description": "Create interactive arts, design, or communication projects using sensor technologies in combination with sound, video, lights, video games, and generative digital art. Translate gestures of the physical world into interactive control using plug and play wireless sensors. Apply the iterative design process to ideate, prototype, implement, reflect and then re-imagine the sensor technologies project. Explore the breadth and range of interactive art from a historical and contemporary art practice. CROSSLISTED as ART 488/GD 488/MUS 488/NMC 488/TA 488 and ART 588/MUS 588.",
  "prerequisites": []
}, {
  "corequisites": [],
  "course_name": "SPECIAL STUDIES",
  "course_number": "MUS 599",
  "credits": "1-16",
  "description": "",
  "prerequisites": []
}]