[{
  "corequisites": [],
  "course_name": "MANAGING NATURAL RESOURCES FOR THE FUTURE",
  "course_number": "NR 201",
  "credits": "3",
  "description": "Overview of the complexities involved in managing natural resources of the Pacific Northwest. Exposure to major natural resource issues of the region. Development of critical thinking skills useful in seeking solutions.",
  "prerequisites": []
}, {
  "corequisites": [],
  "course_name": "NATURAL RESOURCE PROBLEMS AND SOLUTIONS",
  "course_number": "NR 202",
  "credits": "3",
  "description": "Exploration of the multiple components (ecological, social, political, ethical) of selected natural resource problems. Uses case studies to illustrate how social and biophysical characteristics of environmental problems influence the methods used to try to solve these problems and their potential for success.",
  "prerequisites": []
}, {
  "corequisites": [],
  "course_name": "CRITICAL THINKING FOR NATURAL RESOURCE CHALLENGES",
  "course_number": "NR 312",
  "credits": "3",
  "description": "Provides an introduction to critical thinking as it applies to issues and problems in natural resources. Attention is given to formal argument analysis, fallacies of argumentation, and critical scientific and philosophical concepts.",
  "prerequisites": []
}, {
  "corequisites": [],
  "course_name": "SCIENTIFIC METHODS FOR ANALYZING NATURAL RESOURCE PROBLEMS",
  "course_number": "NR 325",
  "credits": "3",
  "description": "Approaches to disciplinary and interdisciplinary problem analysis in natural resources. Introduces systems thinking and the benefits and limitations of different tools used to integrate information from multiple disciplines and stakeholders. Applications of alternative analysis tools are illustrated through selected forest-related case studies.",
  "prerequisites": [["MTH 111", "MTH 111Z"]]
}, {
  "corequisites": [],
  "course_name": "*WHEN SCIENCE ESCAPES THE LAB: SCIENCE AND RESOURCE MANAGEMENT",
  "course_number": "NR 351",
  "credits": "3",
  "description": "Role of science in solving natural resource problems. Selecting the \"best available science.\" How science is portrayed, filtered, and used by the media and interests groups to affect policy and management. Analysis of case studies on use of science in natural resource decision making. (Bacc Core Course)",
  "prerequisites": []
}, {
  "corequisites": [],
  "course_name": "NATURE IN STORYTELLING OVER THE CENTURIES",
  "course_number": "NR 380",
  "credits": "3",
  "description": "Examines the historic tendency across cultures to mythologize elements of the natural world, resulting in celebrated myths, fables, and stories. The course examines nature-based folklore from past centuries, uncovering early perceptions of landscapes, creatures, and plants held by societies and cultures. Focus then shifts to exploration of how elements of the natural world have been portrayed in contemporary film, television, and advertising, revealing how perceptions of nature have evolved over the past century. Connections between contemporary popular culture and old-world myths, fables, and stories will thus be revealed.",
  "prerequisites": []
}, {
  "corequisites": [],
  "course_name": "SPECIAL TOPICS",
  "course_number": "NR 399",
  "credits": "1-16",
  "description": "",
  "prerequisites": []
}, {
  "corequisites": [],
  "course_name": "RESEARCH AND SCHOLARSHIP",
  "course_number": "NR 401",
  "credits": "1-16",
  "description": "",
  "prerequisites": []
}, {
  "corequisites": [],
  "course_name": "THESIS",
  "course_number": "NR 403",
  "credits": "1-16",
  "description": "",
  "prerequisites": []
}, {
  "corequisites": [],
  "course_name": "READING AND CONFERENCE",
  "course_number": "NR 405",
  "credits": "1-9",
  "description": "",
  "prerequisites": []
}, {
  "corequisites": [],
  "course_name": "PROJECTS",
  "course_number": "NR 406",
  "credits": "1-9",
  "description": "",
  "prerequisites": []
}, {
  "corequisites": [],
  "course_name": "SEMINAR",
  "course_number": "NR 407",
  "credits": "1-9",
  "description": "",
  "prerequisites": []
}, {
  "corequisites": [],
  "course_name": "INTERNSHIP",
  "course_number": "NR 410",
  "credits": "1-6",
  "description": "",
  "prerequisites": []
}, {
  "corequisites": [],
  "course_name": "NATURAL RESOURCE DECISION MAKING",
  "course_number": "NR 455",
  "credits": "4",
  "description": "Students will participate on collaborative planning teams that effectively engage stakeholders in the decision making process, and offer sound natural resource decisions that are supported by multiple interests.",
  "prerequisites": [["FES 485"], ["BI 371", "BI 373", "ENSC 479", "ENSC 321", "FE 460", "FES 486", "FOR 460", "FW 435", "FW 439", "FW 454", "FW 497", "GEOG 323", "HORT 318", "SOIL 395", "WR 462"]]
}, {
  "corequisites": [],
  "course_name": "*AGROFORESTRY",
  "course_number": "NR 477",
  "credits": "3",
  "description": "Theory and worldwide practice of multiple-crop low input sustainable systems involving concurrent production of tree and agricultural products. Biological, economic, social, and political factors that underlie the application of agroforestry technology. CROSSLISTED as FES 477/NR 477 and FES 577.",
  "prerequisites": []
}, {
  "corequisites": [],
  "course_name": "SPECIAL TOPICS",
  "course_number": "NR 499",
  "credits": "1-16",
  "description": "",
  "prerequisites": []
}, {
  "corequisites": [],
  "course_name": "SPECIAL TOPICS",
  "course_number": "NR 499H",
  "credits": "1-16",
  "description": "",
  "prerequisites": []
}]