[{
  "corequisites": [],
  "course_name": "ORIENTATION TO THE NUTRITION MAJOR",
  "course_number": "NUTR 104",
  "credits": "1",
  "description": "Discuss and explore the academic and professional requirements for successful entry into professional careers in dietetics, foodservice systems management, and human nutrition sciences majors. Identify professional resources, career opportunities, markets and trends in these OSU Nutrition major options.",
  "prerequisites": []
}, {
  "corequisites": [],
  "course_name": "IMPERFECT & THRIVING",
  "course_number": "NUTR 111",
  "credits": "2",
  "description": "Explores information and opportunities consistent with a positive transition to OSU in general, and the College of Health in particular. Emphasizes principles of health and wellness, enhancing a sense of belonging and engagement, resources that contribute to student success, as well as personal growth and development. CROSSLISTED as H 111/HDFS 111/KIN 111/NUTR 111.",
  "prerequisites": []
}, {
  "corequisites": [],
  "course_name": "FOOD FOR ALL: YOU",
  "course_number": "NUTR 150",
  "credits": "US",
  "description": "Explores popular nutrition topics and relevant, compelling new findings, across the expanding field of nutritional science. Identifies evidence-based tools, resources and critical thinking strategies to support sound food choices for best health. Explores topics such as eating well on a budget; eating sustainably; and eating for optimal health, well-being, disease prevention and sports performance for you and greater communities.",
  "prerequisites": []
}, {
  "corequisites": [],
  "course_name": "SPECIAL TOPICS",
  "course_number": "NUTR 199",
  "credits": "1-16",
  "description": "",
  "prerequisites": []
}, {
  "corequisites": [],
  "course_name": "RESEARCH AND SCHOLARSHIP",
  "course_number": "NUTR 201",
  "credits": "1-16",
  "description": "",
  "prerequisites": []
}, {
  "corequisites": [],
  "course_name": "*FOOD AND CULTURE",
  "course_number": "NUTR 216",
  "credits": "3",
  "description": "Explores how history has shaped cultural food patterns around the world. Identifies cultural determinants influencing humans’ food habits and the interrelationship between eating patterns, sociocultural, ecological, psychological and economic factors in cross-cultural settings.",
  "prerequisites": []
}, {
  "corequisites": [],
  "course_name": "GENERAL HUMAN NUTRITION",
  "course_number": "NUTR 225",
  "credits": "3",
  "description": "The relationship of food, its nutrients and other components to the promotion of health and fitness with emphasis on the young adult. Current health concerns on a national and international level. This course is for non-majors; NES majors and those in the health sciences should take NUTR 240.",
  "prerequisites": []
}, {
  "corequisites": [],
  "course_name": "PLANNING & PREPARING HEALTHY MEALS",
  "course_number": "NUTR 230",
  "credits": "3",
  "description": "Applies food knowledge, preparation principles, and dietary guidelines to the planning and preparation of a healthy diet reflecting the importance of dietary variety, moderation, balance, and energy/nutrient density. Develops practical healthy meal planning skills through extensive experiential learning strategies. Explores nutrition misinformation and psychosocial and environmental determinants of eating behaviors.",
  "prerequisites": [["HHS 231", "HHS 231H"], ["NUTR 240"], ["NUTR 241"]]
}, {
  "corequisites": [],
  "course_name": "SCIENCE OF FOODS",
  "course_number": "NUTR 235",
  "credits": "5",
  "description": "Composition, functional properties, and structure of foods, including modified ingredients. Principles underlying preparation of food products of standard quality.",
  "prerequisites": [["CH 123", "CH 223", "CH 263", "CH 263H", "CH 273"], ["CH 233", "CH 233H"]]
}, {
  "corequisites": [],
  "course_name": "HUMAN NUTRITION",
  "course_number": "NUTR 240",
  "credits": "3",
  "description": "An introductory nutrition course for exercise science, nutrition, dietetics, food science, and health science majors who have taken general chemistry. Concepts of nutrient metabolism and utilization, nutrient deficiencies and toxicities and their relationship to disease prevention and treatment.",
  "prerequisites": [["CH 121", "CH 231", "CH 231H"]]
}, {
  "corequisites": [],
  "course_name": "APPLIED FOOD AND NUTRITION",
  "course_number": "NUTR 241",
  "credits": "1",
  "description": "Applies nutrition theory from NUTR 240 using a dietary project and hands-on activities. Assesses individual's diet and activity pattern. Investigates lifestyle-related chronic diseases and identifies key cultural, diet and activity-related risk factors. Applies basic nutrition knowledge to the selection or planning of an adequate whole foods diet and to the evaluation of consumer concerns related to nutrition and food: food labeling; current food and diet fads, food claims and consumer-level information.",
  "prerequisites": [["NUTR 240"], ["CH 121"]]
}, {
  "corequisites": [],
  "course_name": "SPECIAL TOPICS",
  "course_number": "NUTR 299",
  "credits": "1-16",
  "description": "",
  "prerequisites": []
}, {
  "corequisites": [],
  "course_name": "SEMINAR",
  "course_number": "NUTR 307",
  "credits": "1-16",
  "description": "",
  "prerequisites": []
}, {
  "corequisites": [],
  "course_name": "FOODSERVICE PRODUCTION AND PURCHASING",
  "course_number": "NUTR 311",
  "credits": "4",
  "description": "Food production, purchasing, facility and materials management in foodservice operations. Quantity production styles, safety and sanitation, service methods and equipment.",
  "prerequisites": [["NUTR 235"]]
}, {
  "corequisites": [],
  "course_name": "NUTRITION AND SOCIAL MARKETING",
  "course_number": "NUTR 319",
  "credits": "3",
  "description": "Emphasizes strategies in promoting products, services or ideas; negotiating, advertising, public policy, consumer service, social marketing, market research, trends and strategies.",
  "prerequisites": [["NUTR 240"], ["NUTR 241"]]
}, {
  "corequisites": [],
  "course_name": "NUTRITION ACROSS THE LIFESPAN",
  "course_number": "NUTR 325",
  "credits": "3",
  "description": "Identify the nutritional needs and concerns in pregnancy/lactation, infancy, childhood, adolescence, adulthood, and the later years. Explain how the degree or direction of physiological change influences nutrient needs compared to other stages of life.",
  "prerequisites": [["NUTR 240", "NUTR 225"]]
}, {
  "corequisites": [],
  "course_name": "NUTRITION FOR EXERCISE",
  "course_number": "NUTR 341",
  "credits": "4",
  "description": "Review of the interrelationship between nutrition and exercise, including macronutrient, micronutrient and fluid needs for active individuals. CROSSLISTED as KIN 341/NUTR 341.",
  "prerequisites": [["KIN 324"], ["NUTR 240"]]
}, {
  "corequisites": [],
  "course_name": "SPECIAL TOPICS",
  "course_number": "NUTR 399",
  "credits": "1-16",
  "description": "",
  "prerequisites": []
}, {
  "corequisites": [],
  "course_name": "RESEARCH",
  "course_number": "NUTR 401",
  "credits": "1-16",
  "description": "",
  "prerequisites": []
}, {
  "corequisites": [],
  "course_name": "THESIS",
  "course_number": "NUTR 403",
  "credits": "1-16",
  "description": "",
  "prerequisites": []
}, {
  "corequisites": [],
  "course_name": "READING AND CONFERENCE",
  "course_number": "NUTR 405",
  "credits": "1-16",
  "description": "",
  "prerequisites": []
}, {
  "corequisites": [],
  "course_name": "SPECIAL PROBLEMS; PROJECTS",
  "course_number": "NUTR 406",
  "credits": "1-16",
  "description": "",
  "prerequisites": []
}, {
  "corequisites": [],
  "course_name": "SEMINAR",
  "course_number": "NUTR 407",
  "credits": "1-16",
  "description": "",
  "prerequisites": []
}, {
  "corequisites": [],
  "course_name": "WORKSHOP",
  "course_number": "NUTR 408",
  "credits": "1-16",
  "description": "",
  "prerequisites": []
}, {
  "corequisites": [],
  "course_name": "PRACTICUM",
  "course_number": "NUTR 409",
  "credits": "1-16",
  "description": "",
  "prerequisites": []
}, {
  "corequisites": [],
  "course_name": "FIELD EXPERIENCE",
  "course_number": "NUTR 410",
  "credits": "1-15",
  "description": "Supervised work experience with professional-level responsibilities in community agency or business firm. Supplementary conferences, readings, reports. Supervised by agency/firm and instructor. For advanced students. Applications made and approved term preceding enrollment.",
  "prerequisites": []
}, {
  "corequisites": [],
  "course_name": "^CULTURAL ASPECTS OF FOODS",
  "course_number": "NUTR 416",
  "credits": "3",
  "description": "Regional, ethnic, and religious influences on food patterns; worldwide trends in food practices. Laboratory experience with foods from several cultures.",
  "prerequisites": [["NUTR 235"]]
}, {
  "corequisites": [],
  "course_name": "HUMAN NUTRITION SCIENCE",
  "course_number": "NUTR 417",
  "credits": "4",
  "description": "Examines macronutrient biochemistry and nutritional physiology. Reviews the digestion, absorption, transport, storage, metabolism, excretion and functions of carbohydrates, protein, lipids, water and ethanol in humans.",
  "prerequisites": [["BB 350", "BB 450"], ["BB 451"]]
}, {
  "corequisites": [],
  "course_name": "HUMAN NUTRITION SCIENCE",
  "course_number": "NUTR 418",
  "credits": "4",
  "description": "Examines the nutritional role of vitamins and minerals in human biochemistry and physiology. Explores digestion, absorption, transport, storage, excretion, functional role and dietary needs of key micronutrients.",
  "prerequisites": [["BB 350", "BB 450"], ["BB 451", "BB 492"]]
}, {
  "corequisites": [],
  "course_name": "COMMUNITY NUTRITION",
  "course_number": "NUTR 423",
  "credits": "4",
  "description": "Meeting nutritional needs in community settings; nutritional status of individuals and groups; programs of public and private agencies and industry; intervention techniques. Roles of community nutritionist.",
  "prerequisites": [["NUTR 325"]]
}, {
  "corequisites": [],
  "course_name": "MEDICAL NUTRITION THERAPY I",
  "course_number": "NUTR 430",
  "credits": "4",
  "description": "Principles and practices related to implementation and documentation of the nutrition care process in dietetics. Diet-related conditions are addressed during the three-course sequence using lecture, case studies and assessment recitation sessions.",
  "prerequisites": [["BB 350", "BB 450"], ["BB 451"], ["BI 233", "BI 332"], ["BI 242", "BI 342"], ["BI 233", "BI 333"], ["BI 243", "BI 343"], ["NUTR 417"], ["NUTR 439"]]
}, {
  "corequisites": [],
  "course_name": "MEDICAL NUTRITION THERAPY 2",
  "course_number": "NUTR 431",
  "credits": "4",
  "description": "Principles and practices related to implementation and documentation of the nutrition care process in dietetics. Diet-related conditions are addressed during the three-course sequence using lecture, case studies and assessment recitation sessions.",
  "prerequisites": [["NUTR 430"]]
}, {
  "corequisites": [],
  "course_name": "MEDICAL NUTRITION THERAPY 3",
  "course_number": "NUTR 432",
  "credits": "3",
  "description": "Principles and practices related to implementation and documentation of the nutrition care process in dietetics. Diet-related conditions are addressed during the three-course sequence using lecture, case studies and assessment recitation sessions.",
  "prerequisites": [["NUTR 431"]]
}, {
  "corequisites": [],
  "course_name": "^COMMUNICATIONS IN DIETETICS",
  "course_number": "NUTR 439",
  "credits": "3",
  "description": "Theory and practice in food and nutrition communications in dietetics. Experience in nutritional counseling and interviewing, employee training and nutritional education materials development, public speaking, and media presentation strategies.",
  "prerequisites": [["NUTR 325"]]
}, {
  "corequisites": [],
  "course_name": "MANAGING FOOD AND NUTRITION SERVICES",
  "course_number": "NUTR 446",
  "credits": "4",
  "description": "Overview of organizational structure, functions of managers in food and nutrition service organizations: human and financial resources, regulatory influences, health care organizations, current issues in operations.",
  "prerequisites": [["NUTR 311"]]
}, {
  "corequisites": [],
  "course_name": "MANAGEMENT OF FOOD SYSTEMS LABORATORY",
  "course_number": "NUTR 447",
  "credits": "3",
  "description": "Application of theory in managing a university food service as part of a student team: planning, production, projecting resource needs, evaluation of outcomes and financial goals.",
  "prerequisites": []
}, {
  "corequisites": [],
  "course_name": "SPECIAL TOPICS IN DIETETICS",
  "course_number": "NUTR 499",
  "credits": "1-16",
  "description": "",
  "prerequisites": []
}, {
  "corequisites": [],
  "course_name": "RESEARCH",
  "course_number": "NUTR 501",
  "credits": "1-16",
  "description": "",
  "prerequisites": []
}, {
  "corequisites": [],
  "course_name": "INDEPENDENT STUDY",
  "course_number": "NUTR 502",
  "credits": "1-16",
  "description": "",
  "prerequisites": []
}, {
  "corequisites": [],
  "course_name": "THESIS",
  "course_number": "NUTR 503",
  "credits": "1-16",
  "description": "",
  "prerequisites": []
}, {
  "corequisites": [],
  "course_name": "READING AND CONFERENCE",
  "course_number": "NUTR 505",
  "credits": "1-16",
  "description": "",
  "prerequisites": []
}, {
  "corequisites": [],
  "course_name": "SPECIAL PROBLEMS; PROJECTS",
  "course_number": "NUTR 506",
  "credits": "1-16",
  "description": "",
  "prerequisites": []
}, {
  "corequisites": [],
  "course_name": "SEMINAR",
  "course_number": "NUTR 507",
  "credits": "1-16",
  "description": "",
  "prerequisites": []
}, {
  "corequisites": [],
  "course_name": "WORKSHOP",
  "course_number": "NUTR 508",
  "credits": "1-16",
  "description": "",
  "prerequisites": []
}, {
  "corequisites": [],
  "course_name": "PRACTICUM",
  "course_number": "NUTR 509",
  "credits": "1-16",
  "description": "",
  "prerequisites": []
}, {
  "corequisites": [],
  "course_name": "FIELD EXPERIENCE: INTERNSHIP",
  "course_number": "NUTR 510",
  "credits": "1-16",
  "description": "Supervised work experience with professional-level responsibilities in community agency or business firm. Supplementary conferences, readings, reports. Supervised by agency/firm and instructor. Limited to students admitted to degree program. Application made and approved in the term preceding enrollment. No more than 6 credits may be applied to a master's degree program.",
  "prerequisites": []
}, {
  "corequisites": [],
  "course_name": "HUMAN NUTRITION SCIENCE",
  "course_number": "NUTR 517",
  "credits": "4",
  "description": "Examines macronutrient biochemistry and nutritional physiology. Reviews the digestion, absorption, transport, storage, metabolism, excretion and functions of carbohydrates, protein, lipids, water and ethanol in humans.",
  "prerequisites": []
}, {
  "corequisites": [],
  "course_name": "HUMAN NUTRITION SCIENCE",
  "course_number": "NUTR 518",
  "credits": "4",
  "description": "Examines the nutritional role of vitamins and minerals in human biochemistry and physiology. Explores digestion, absorption, transport, storage, excretion, functional role and dietary needs of key micronutrients.",
  "prerequisites": []
}, {
  "corequisites": [],
  "course_name": "COMMUNITY NUTRITION",
  "course_number": "NUTR 523",
  "credits": "4",
  "description": "Meeting nutritional needs in community settings; nutritional status of individuals and groups; programs of public and private agencies and industry; intervention techniques. Roles of community nutritionist.",
  "prerequisites": []
}, {
  "corequisites": [],
  "course_name": "ORGANIC FOOD AND HEALTH: EVIDENCE AND CONSUMER PERCEPTIONS",
  "course_number": "NUTR 525",
  "credits": "3",
  "description": "Overview of organic food including an understanding of the definition, certifications and labeling; basic production comparisons with conventional foods, evidence for comparisons between organic and conventionally produced foods; consumer attitudes and perceptions regarding organic foods.",
  "prerequisites": []
}, {
  "corequisites": [],
  "course_name": "MEDICAL NUTRITION THERAPY I",
  "course_number": "NUTR 530",
  "credits": "4",
  "description": "Principles and practices related to implementation and documentation of the nutrition care process in dietetics. Diet-related conditions are addressed during the three-course sequence using lecture, case studies and assessment recitation sessions.",
  "prerequisites": []
}, {
  "corequisites": [],
  "course_name": "MEDICAL NUTRITION THERAPY 2",
  "course_number": "NUTR 531",
  "credits": "4",
  "description": "Principles and practices related to implementation and documentation of the nutrition care process in dietetics. Diet-related conditions are addressed during the three-course sequence using lecture, case studies and assessment recitation sessions.",
  "prerequisites": []
}, {
  "corequisites": [],
  "course_name": "MEDICAL NUTRITION THERAPY 3",
  "course_number": "NUTR 532",
  "credits": "3",
  "description": "Principles and practices related to implementation and documentation of the nutrition care process in dietetics. Diet-related conditions addressed during the three-course sequence using lecture, case studies and assessment recitation sessions.",
  "prerequisites": []
}, {
  "corequisites": [],
  "course_name": "COMMUNICATIONS IN DIETETICS",
  "course_number": "NUTR 539",
  "credits": "3",
  "description": "Theory and practice of food and nutrition communications in dietetics. Experience in nutritional counseling and interviewing, employee training and nutritional education materials development, public speaking, and media presentation strategies.",
  "prerequisites": []
}, {
  "corequisites": [],
  "course_name": "RESEARCH IN NUTRITION & DIETETICS",
  "course_number": "NUTR 547",
  "credits": "3",
  "description": "Examines research designs and methods including definition of research problems, development of research questions or objectives, critical evaluation of quantitative and qualitative research, and ethical considerations. Emphasizes research in nutrition and dietetics practice. Facilitates development of a capstone research project question or objective to support advancement of the capstone project proposal.",
  "prerequisites": []
}, {
  "corequisites": [],
  "course_name": "CAPSTONE LITERATURE REVIEW",
  "course_number": "NUTR 548",
  "credits": "1",
  "description": "Explores and examines research literature related to nutrition and dietetics practice. Facilitates development of the literature review to support advancement of the capstone research project proposal.",
  "prerequisites": [["NUTR 547"]]
}, {
  "corequisites": [],
  "course_name": "CAPSTONE PROPOSAL",
  "course_number": "NUTR 549",
  "credits": "1",
  "description": "Explores methods for the capstone research project. Focuses on development and presentation of the capstone research project proposal.",
  "prerequisites": [["NUTR 548"]]
}, {
  "corequisites": [],
  "course_name": "ADVANCED MEDICAL NUTRITION THERAPY",
  "course_number": "NUTR 551",
  "credits": "4",
  "description": "This advanced course includes evidence-based practices and standards of care available to address complex scenarios for which medical nutrition therapy is an integral part of patient care. students will build on prior assessment, nutritional diagnostic, implementation, monitoring, evaluation and documentation skills relevant to dietetics practice. Lecture, readings, case studies including professional documentation and expert guests will be used to illustrate medical nutrition therapy addressing topics such as as domestic malnutrition, nutrition support, pediatric nutrition, eating disorders, diabetes and geriatric nutrition.",
  "prerequisites": []
}, {
  "corequisites": [],
  "course_name": "FOOD AND NUTRITION PROGRAM MANAGEMENT AND EVALUATION",
  "course_number": "NUTR 552",
  "credits": "4",
  "description": "Introduction to the evaluation of outcomes and impacts of food/nutrition-related systems, performance, interventions, programs and/or policies. Application of methods used to appraise problems or activities, as well to conceptualize, create, implement and administer evaluations in order to make decisions regarding their outcomes, impacts, efficiency and cost effectiveness. A case study approach across a range of food and nutrition-related public, government and private organizations will introduce the breadth of approaches in such evaluations.",
  "prerequisites": []
}, {
  "corequisites": [],
  "course_name": "DIETARY BEHAVIOR AND COUNSELING",
  "course_number": "NUTR 553",
  "credits": "4",
  "description": "Strategies for navigating dietary behavior using collaborative, patient centered, goal-oriented approaches. Introduces the theoretical framework around dietary behavior and motivational interviewing with methods regarding the language of change and creating client/patient interest in change. Guided practice and focus on development of skills.",
  "prerequisites": []
}, {
  "corequisites": [],
  "course_name": "SPECIAL TOPICS IN NUTRITION",
  "course_number": "NUTR 599",
  "credits": "1-16",
  "description": "",
  "prerequisites": []
}, {
  "corequisites": [],
  "course_name": "RESEARCH",
  "course_number": "NUTR 601",
  "credits": "1-16",
  "description": "",
  "prerequisites": []
}, {
  "corequisites": [],
  "course_name": "INDEPENDENT STUDY",
  "course_number": "NUTR 602",
  "credits": "1-16",
  "description": "",
  "prerequisites": []
}, {
  "corequisites": [],
  "course_name": "THESIS",
  "course_number": "NUTR 603",
  "credits": "1-16",
  "description": "",
  "prerequisites": []
}, {
  "corequisites": [],
  "course_name": "READING AND CONFERENCE",
  "course_number": "NUTR 605",
  "credits": "1-16",
  "description": "",
  "prerequisites": []
}, {
  "corequisites": [],
  "course_name": "SEMINAR",
  "course_number": "NUTR 607",
  "credits": "1-16",
  "description": "",
  "prerequisites": []
}, {
  "corequisites": [],
  "course_name": "PRACTICUM",
  "course_number": "NUTR 609",
  "credits": "1-16",
  "description": "",
  "prerequisites": []
}, {
  "corequisites": [],
  "course_name": "INTERNSHIP",
  "course_number": "NUTR 610",
  "credits": "1-16",
  "description": "",
  "prerequisites": []
}, {
  "corequisites": [],
  "course_name": "ADVANCED MACRONUTRIENT METABOLISM",
  "course_number": "NUTR 617",
  "credits": "3",
  "description": "Focuses on human macronutrient metabolism. Macronutrient topics include water, carbohydrate, lipid, amino acid/protein, lipid and carbohydrate and energy metabolism. Emphasis is placed on the integration of metabolism at the molecular, biochemical and physiological level. Examines contemporary issues relevant to macronutrient metabolism and human disease.",
  "prerequisites": []
}, {
  "corequisites": [],
  "course_name": "ADVANCED MICRONUTRIENT METABOLISM",
  "course_number": "NUTR 618",
  "credits": "3",
  "description": "Focus is on human micronutrient metabolism. Topics include micronutrients (vitamins and minerals), phytochemicals and mammalian metabolism. Emphasis will be placed on the integration of micronutrient/phytochemical metabolism at the molecular, biochemical and physiological level. Moreover, the class examines contemporary issues relevant to micronutrient/phytochemical metabolism and human disease.",
  "prerequisites": []
}, {
  "corequisites": [],
  "course_name": "PERSONALIZED NUTRITION FOR DISEASE MANAGEMENT",
  "course_number": "NUTR 675",
  "credits": "3",
  "description": "Explores personalized nutrition options for prevention and management of various diseases, including kidney, diabetes, liver, bone, oncology and more. Examines recent literature findings relevant to these organ systems. Provides opportunities for choosing topics of a particular interest for a deeper dive. CROSSLISTED as NUTR 675/VMB 675.",
  "prerequisites": []
}, {
  "corequisites": [],
  "course_name": "SPECIAL TOPICS IN NUTRITION RESEARCH",
  "course_number": "NUTR 699",
  "credits": "1-16",
  "description": "",
  "prerequisites": []
}]