[{
  "corequisites": [],
  "course_name": "SPECIAL TOPICS",
  "course_number": "PAX 199",
  "credits": "1-16",
  "description": "",
  "prerequisites": []
}, {
  "corequisites": [],
  "course_name": "STUDY OF PEACE AND THE CAUSES OF CONFLICT",
  "course_number": "PAX 201",
  "credits": "3",
  "description": "Examination of the causes of personal, social, and institutional conflict and peaceful, constructive means of dealing with conflict. The history and current status of peace movements within and outside governments; prospects for world peace. Case studies in peace and conflict. CROSSLISTED as PAX 201/REL 201. (H)",
  "prerequisites": []
}, {
  "corequisites": [],
  "course_name": "*PEACE STRATEGIES",
  "course_number": "PAX 301",
  "credits": "4",
  "description": "Investigates the relationship between science, peace and justice on personal, community and global scales. Applies peace literacy skills to understand the historical foundations of complex issues today. Emphasis on how students can contribute to solving current scientific and social problems.",
  "prerequisites": []
}, {
  "corequisites": [],
  "course_name": "INDEPENDENT STUDY",
  "course_number": "PAX 402",
  "credits": "1-16",
  "description": "Individual basic and applied study projects on peace-related issues, designed in consultation with the Peace Studies Program director or a member of the Peace Studies faculty.",
  "prerequisites": []
}, {
  "corequisites": [],
  "course_name": "READING AND CONFERENCE",
  "course_number": "PAX 405",
  "credits": "1-16",
  "description": "Study supervised and directed by members of the Peace Studies Program committee or approved faculty, as arranged by the student and Peace Studies Program director.",
  "prerequisites": []
}, {
  "corequisites": [],
  "course_name": "SEMINAR",
  "course_number": "PAX 407",
  "credits": "1-16",
  "description": "Close examination of peace-related topics, including theory, method, research, and application. May be taken more than one time as topics vary.",
  "prerequisites": []
}, {
  "corequisites": [],
  "course_name": "PEACE STUDIES INTERNSHIP",
  "course_number": "PAX 410",
  "credits": "1-16",
  "description": "Directed, supervised, and evaluated field work, to supplement the student's classroom work, arranged one term in advance.",
  "prerequisites": []
}, {
  "corequisites": [],
  "course_name": "TOPICS IN PEACE STUDIES",
  "course_number": "PAX 415",
  "credits": "1-16",
  "description": "",
  "prerequisites": []
}, {
  "corequisites": [],
  "course_name": "TOPICS IN PEACE STUDIES",
  "course_number": "PAX 415H",
  "credits": "1-16",
  "description": "",
  "prerequisites": []
}, {
  "corequisites": [],
  "course_name": "SCIENCE",
  "course_number": "PAX 481",
  "credits": "POLITICS",
  "description": "Utilizes philosophical and historical tools to examine epistemic bubbles and echo chambers in relation to contentious science policy in times of heightened political polarization. Interactively prepares Peace Literacy comprehension and skill, in order to increase objectivity, communication, and connection in polarized science debates. CROSSLISTED as HSTS 481/PAX 481/PHL 481 and HSTS 581/PAX 581/PHL 581.",
  "prerequisites": []
}, {
  "corequisites": [],
  "course_name": "TOPICS IN PEACE STUDIES",
  "course_number": "PAX 499",
  "credits": "1-4",
  "description": "Examination of the work of a particular nonviolence theorist or of a specific problem; e.g., pacifism and humanitarian intervention, nonviolence and gender. Course may be repeated as appropriate. Not offered every year.",
  "prerequisites": []
}, {
  "corequisites": [],
  "course_name": "INDEPENDENT STUDY",
  "course_number": "PAX 502",
  "credits": "1-16",
  "description": "Individual basic and applied study projects on peace-related issues, designed in consultation with the Peace Studies Program director or a member of the Peace Studies faculty.",
  "prerequisites": []
}, {
  "corequisites": [],
  "course_name": "READING AND CONFERENCE",
  "course_number": "PAX 505",
  "credits": "1-16",
  "description": "Study supervised and directed by members of the Peace Studies Program committee or approved faculty, as arranged by the student and Peace Studies Program director.",
  "prerequisites": []
}, {
  "corequisites": [],
  "course_name": "SEMINAR",
  "course_number": "PAX 507",
  "credits": "1-16",
  "description": "Close examination of peace-related topics, including theory, method, research, and application. May be taken more than one time as topics vary.",
  "prerequisites": []
}, {
  "corequisites": [],
  "course_name": "PEACE STUDIES INTERNSHIP",
  "course_number": "PAX 510",
  "credits": "1-16",
  "description": "Directed, supervised, and evaluated field work, to supplement the student's classroom work, arranged one term in advance.",
  "prerequisites": []
}, {
  "corequisites": [],
  "course_name": "TOPICS IN PEACE STUDIES",
  "course_number": "PAX 515",
  "credits": "1-16",
  "description": "",
  "prerequisites": []
}, {
  "corequisites": [],
  "course_name": "SCIENCE",
  "course_number": "PAX 581",
  "credits": "POLITICS",
  "description": "Utilizes philosophical and historical tools to examine epistemic bubbles and echo chambers in relation to contentious science policy in times of heightened political polarization. Interactively prepares Peace Literacy comprehension and skill, in order to increase objectivity, communication, and connection in polarized science debates. CROSSLISTED as HSTS 481/PAX 481/PHL 481 and HSTS 581/PAX 581/PHL 581.",
  "prerequisites": []
}, {
  "corequisites": [],
  "course_name": "TOPICS IN PEACE STUDIES",
  "course_number": "PAX 599",
  "credits": "1-4",
  "description": "Examination of the work of a particular nonviolence theorist or of a specific problem; e.g., pacifism and humanitarian intervention, nonviolence and gender. Course may be repeated as appropriate. Not offered every year.",
  "prerequisites": []
}]