[{
  "corequisites": [],
  "course_name": "SPECIAL TOPICS",
  "course_number": "PBG 199",
  "credits": "1-16",
  "description": "",
  "prerequisites": []
}, {
  "corequisites": [],
  "course_name": "SPECIAL TOPICS",
  "course_number": "PBG 199H",
  "credits": "1-16",
  "description": "",
  "prerequisites": []
}, {
  "corequisites": [],
  "course_name": "SPECIAL TOPICS",
  "course_number": "PBG 299",
  "credits": "1-16",
  "description": "",
  "prerequisites": []
}, {
  "corequisites": [],
  "course_name": "SPECIAL TOPICS",
  "course_number": "PBG 299H",
  "credits": "1-16",
  "description": "",
  "prerequisites": []
}, {
  "corequisites": [],
  "course_name": "SPECIAL TOPICS",
  "course_number": "PBG 399",
  "credits": "1-16",
  "description": "",
  "prerequisites": []
}, {
  "corequisites": [],
  "course_name": "RESEARCH",
  "course_number": "PBG 401",
  "credits": "1-16",
  "description": "",
  "prerequisites": []
}, {
  "corequisites": [],
  "course_name": "THESIS",
  "course_number": "PBG 403",
  "credits": "1-16",
  "description": "",
  "prerequisites": []
}, {
  "corequisites": [],
  "course_name": "READING AND CONFERENCE",
  "course_number": "PBG 405",
  "credits": "1-16",
  "description": "",
  "prerequisites": []
}, {
  "corequisites": [],
  "course_name": "READING AND CONFERENCE",
  "course_number": "PBG 405H",
  "credits": "1-16",
  "description": "",
  "prerequisites": []
}, {
  "corequisites": [],
  "course_name": "SEMINAR",
  "course_number": "PBG 407",
  "credits": "1-16",
  "description": "",
  "prerequisites": []
}, {
  "corequisites": [],
  "course_name": "TEACHING PRACTICUM",
  "course_number": "PBG 409",
  "credits": "1-16",
  "description": "",
  "prerequisites": []
}, {
  "corequisites": [],
  "course_name": "INTERNSHIP",
  "course_number": "PBG 410",
  "credits": "1-12",
  "description": "Offered via Ecampus only.",
  "prerequisites": []
}, {
  "corequisites": [],
  "course_name": "PLANT GENETICS",
  "course_number": "PBG 430",
  "credits": "3",
  "description": "Introduction to the principles of plant genetics with an emphasis on the structure and function of economically important plant genomes.",
  "prerequisites": []
}, {
  "corequisites": [],
  "course_name": "PLANT GENETICS RECITATION",
  "course_number": "PBG 431",
  "credits": "1",
  "description": "Review and demonstration of plant genetics principles.",
  "prerequisites": []
}, {
  "corequisites": [],
  "course_name": "PRINCIPLES OF PLANT TISSUE CULTURE",
  "course_number": "PBG 440",
  "credits": "3",
  "description": "Explores principles of plant tissue culture including explant source, environment, and aseptic techniques. Examines techniques and culture methods including callus, somatic embryogenesis, and micropropagation. Contextualizes modern biotechnology techniques rooted in tissue culture, emphasizing themes of plant genetics and physiology as they pertain to successful tissue culture.",
  "prerequisites": []
}, {
  "corequisites": [],
  "course_name": "PLANT TISSUE CULTURE",
  "course_number": "PBG 441",
  "credits": "4",
  "description": "Principles, methods, and applications of plant tissue culture. Laboratory is important part of course. Topics include callus culture, regeneration, somaclonal variation, micropropagation, anther culture, somatic hybridization, and transformation.",
  "prerequisites": []
}, {
  "corequisites": [],
  "course_name": "PLANT TISSUE CULTURE LABORATORY",
  "course_number": "PBG 442",
  "credits": "1",
  "description": "Practice and develop skills pertinent to various tissue culture techniques. Employ aseptic technique with a variety of culture types and categorize different potential sources of contamination. Interpret lab results in the context of theories and topics explored in PBG 440/PBG 540.",
  "prerequisites": [["PBG 440"]]
}, {
  "corequisites": [],
  "course_name": "PLANT BREEDING",
  "course_number": "PBG 450",
  "credits": "4",
  "description": "An introduction to the genetic improvement of self-pollinated, cross-pollinated, and asexually propagated species and the genetic principles on which breeding methods are based. Examples are drawn from a wide range of crops, including cereal grains, grasses, fruits, nuts, and vegetables; guest lecturers discuss their breeding programs. Additional topics include crop evaluation, germplasm preservation, disease resistance, and biotechnology.",
  "prerequisites": [["PBG 430"]]
}, {
  "corequisites": [],
  "course_name": "SPECIAL TOPICS",
  "course_number": "PBG 499",
  "credits": "1-16",
  "description": "",
  "prerequisites": []
}, {
  "corequisites": [],
  "course_name": "SPECIAL TOPICS",
  "course_number": "PBG 499H",
  "credits": "1-16",
  "description": "",
  "prerequisites": []
}, {
  "corequisites": [],
  "course_name": "RESEARCH",
  "course_number": "PBG 501",
  "credits": "1-16",
  "description": "",
  "prerequisites": []
}, {
  "corequisites": [],
  "course_name": "THESIS",
  "course_number": "PBG 503",
  "credits": "1-16",
  "description": "",
  "prerequisites": []
}, {
  "corequisites": [],
  "course_name": "READING AND CONFERENCE",
  "course_number": "PBG 505",
  "credits": "1-16",
  "description": "",
  "prerequisites": []
}, {
  "corequisites": [],
  "course_name": "PROJECTS",
  "course_number": "PBG 506",
  "credits": "1-16",
  "description": "",
  "prerequisites": []
}, {
  "corequisites": [],
  "course_name": "SEMINAR",
  "course_number": "PBG 507",
  "credits": "1-16",
  "description": "",
  "prerequisites": []
}, {
  "corequisites": [],
  "course_name": "WORKSHOP",
  "course_number": "PBG 508",
  "credits": "1-16",
  "description": "",
  "prerequisites": []
}, {
  "corequisites": [],
  "course_name": "PRACTICUM IN TEACHING",
  "course_number": "PBG 509",
  "credits": "1-3",
  "description": "Developing skills and competence in teaching under staff supervision; organization and presentation of instructional material by assisting in laboratory, recitation, and lectures. CROSSLISTED as CROP 509/ENT 509/PBG 509/SOIL 509.",
  "prerequisites": []
}, {
  "corequisites": [],
  "course_name": "INTERNSHIP",
  "course_number": "PBG 510",
  "credits": "4",
  "description": "Offered via Ecampus only.",
  "prerequisites": []
}, {
  "corequisites": [],
  "course_name": "PLANT GENETIC ENGINEERING",
  "course_number": "PBG 513",
  "credits": "3",
  "description": "Principles, methods, and recent developments in the genetic engineering of higher plants.",
  "prerequisites": []
}, {
  "corequisites": [],
  "course_name": "CURRENT TOPICS IN PLANT BREEDING AND GENETICS",
  "course_number": "PBG 519",
  "credits": "2",
  "description": "Provides an advanced understanding of plant breeding and genetics and their relationship to other disciplines through critical analysis of the scientific literature. Practice synthesizing information and presenting findings to peers. Instructors, topics, and specific learning objectives vary from term to term. CROSSLISTED as HORT 519/PBG 519.",
  "prerequisites": []
}, {
  "corequisites": [],
  "course_name": "PLANT GENETICS",
  "course_number": "PBG 530",
  "credits": "3",
  "description": "Introduction to the principles of plant genetics with an emphasis on the structure and function of economically important plant genomes.",
  "prerequisites": []
}, {
  "corequisites": [],
  "course_name": "PRINCIPLES OF PLANT TISSUE CULTURE",
  "course_number": "PBG 540",
  "credits": "3",
  "description": "Explores principles of plant tissue culture including explant source, environment, and aseptic techniques. Examines techniques and culture methods including callus, somatic embryogenesis, and micropropagation. Contextualizes modern biotechnology techniques rooted in tissue culture, emphasizing themes of plant genetics and physiology as they pertain to successful tissue culture.",
  "prerequisites": []
}, {
  "corequisites": [],
  "course_name": "PLANT TISSUE CULTURE",
  "course_number": "PBG 541",
  "credits": "4",
  "description": "Principles, methods, and applications of plant tissue culture. Laboratory is important part of course. Topics include callus culture, regeneration, somaclonal variation, micropropagation, anther culture, somatic hybridization, and transformation.",
  "prerequisites": []
}, {
  "corequisites": [],
  "course_name": "PLANT TISSUE CULTURE LABORATORY",
  "course_number": "PBG 542",
  "credits": "1",
  "description": "Practice and develop skills pertinent to various tissue culture techniques. Employ aseptic technique with a variety of culture types and categorize different potential sources of contamination. Interpret lab results in the context of theories and topics explored in PBG 440/PBG 540.",
  "prerequisites": [["PBG 540"]]
}, {
  "corequisites": [],
  "course_name": "PLANT BREEDING",
  "course_number": "PBG 550",
  "credits": "4",
  "description": "An introduction to the genetic improvement of self-pollinated, cross-pollinated, and asexually propagated species and the genetic principles on which breeding methods are based. Example are drawn from a wide range of crops, including cereal grains, grasses, fruits, nuts, and vegetables; guest lecturers discuss their breeding programs. Additional topics include crop evaluation, germplasm preservation, disease resistance, and biotechnology.",
  "prerequisites": []
}, {
  "corequisites": [],
  "course_name": "BREEDING CLONAL CROPS",
  "course_number": "PBG 551",
  "credits": "1",
  "description": "The overall goal of the course is to gain fundamental knowledge of breeding methods for clonal crops; these methods are different from those used for seed-propagated crops. Specific examples from a wide array of plant species (tree fruits, berries, tree nuts, potato, sweet potato, cassava, cacao) will be provided to illustrate application of the fundamental knowledge.",
  "prerequisites": [["PBG 450", "PBG 550"]]
}, {
  "corequisites": [],
  "course_name": "PLANT BREEDING AND SEED PRODUCTION IN ORGANIC SYSTEMS",
  "course_number": "PBG 552",
  "credits": "3",
  "description": "Genetic improvement and seed propagation of self-pollinated and cross-pollinated crops bred for and used in organic production. The philosophical basis for organic agriculture will be reviewed in the context of what breeding technologies are allowed and why. Important traits for adaptation to organic production will be described. Models for organic plant breeding and examples of such programs are provided.",
  "prerequisites": [["PBG 530"]]
}, {
  "corequisites": [],
  "course_name": "CROP PLANT DOMESTICATION",
  "course_number": "PBG 556",
  "credits": "2",
  "description": "Learning is based on discussion of the contemporary literature on crop plant origins and domestication. The major agronomic and horticultural crops will be covered. Topics include primary centers of domestication, traits altered by domestication, effect of genetic architecture and local ecology on domestication, and importance of genetic diversity to current plant improvement efforts.",
  "prerequisites": []
}, {
  "corequisites": [],
  "course_name": "PLANTS AND PATENTS",
  "course_number": "PBG 557",
  "credits": "2",
  "description": "Learn about different methods of intellectual property protection in agriculture with a focus on plant patents, plant variety protection and utility patents. The rights, current issues and restrictions that different types of patents allow will be presented through reading the current literature.",
  "prerequisites": []
}, {
  "corequisites": [],
  "course_name": "SPECIAL TOPICS",
  "course_number": "PBG 599",
  "credits": "1-16",
  "description": "",
  "prerequisites": []
}, {
  "corequisites": [],
  "course_name": "RESEARCH",
  "course_number": "PBG 601",
  "credits": "1-16",
  "description": "",
  "prerequisites": []
}, {
  "corequisites": [],
  "course_name": "DISSERTATION",
  "course_number": "PBG 603",
  "credits": "1-16",
  "description": "",
  "prerequisites": []
}, {
  "corequisites": [],
  "course_name": "READING AND CONFERENCE",
  "course_number": "PBG 605",
  "credits": "1-16",
  "description": "",
  "prerequisites": []
}, {
  "corequisites": [],
  "course_name": "SEMINAR",
  "course_number": "PBG 607",
  "credits": "1-16",
  "description": "",
  "prerequisites": []
}, {
  "corequisites": [],
  "course_name": "PRACTICUM IN TEACHING",
  "course_number": "PBG 609",
  "credits": "1-3",
  "description": "Developing skills and competence in teaching under staff supervision; organization and presentation of instructional material by assisting in laboratory, recitation, and lectures.",
  "prerequisites": []
}, {
  "corequisites": [],
  "course_name": "INTRODUCTION TO MOLECULAR MARKERS",
  "course_number": "PBG 620",
  "credits": "2",
  "description": "Principles and methods for molecular marker discovery and analysis.",
  "prerequisites": []
}, {
  "corequisites": [],
  "course_name": "GENETIC MAPPING AND ASSOCIATION",
  "course_number": "PBG 621",
  "credits": "2",
  "description": "Principles and methods for genetic map construction and genome-wide association studies.",
  "prerequisites": []
}, {
  "corequisites": [],
  "course_name": "SPECIAL TOPICS",
  "course_number": "PBG 699",
  "credits": "1-16",
  "description": "",
  "prerequisites": []
}]