[{
  "corequisites": [],
  "course_name": "+*DESCRIPTIVE ASTRONOMY",
  "course_number": "PH 104",
  "credits": "4",
  "description": "Introduces basic astronomy and discusses the nature of science and physics concepts required to understand how we know what we know about the Universe. Examines planets of the Solar System, asteroids, comets, the Sun and other stars – their lifecycles, galaxies, pulsars, black holes, dark energy, dark matter, and fundamentals of cosmology. Presents a brief history of astronomy, including historical figures and the cultural context of significant astronomical discoveries. Provides demonstrations, experiments, and hands-on activities through an accompanying laboratory.",
  "prerequisites": []
}, {
  "corequisites": [],
  "course_name": "+*DESCRIPTIVE ASTRONOMY",
  "course_number": "PH 104H",
  "credits": "4",
  "description": "Introduces basic astronomy and discusses the nature of science and physics concepts required to understand how we know what we know about the Universe. Examines planets of the Solar System, asteroids, comets, the Sun and other stars – their lifecycles, galaxies, pulsars, black holes, dark energy, dark matter, and fundamentals of cosmology. Presents a brief history of astronomy, including historical figures and the cultural context of significant astronomical discoveries. Provides demonstrations, experiments, and hands-on activities through an accompanying laboratory.",
  "prerequisites": []
}, {
  "corequisites": [],
  "course_name": "*DESCRIPTIVE ASTRONOMY: STARS AND THE UNIVERSE",
  "course_number": "PH 107",
  "credits": "4",
  "description": "Examines the structure and lifecycle of the Sun and other stars, and how stars evolve to form white dwarfs, neutron stars, and black holes. Explores galaxies and cosmology, as well as the roles of dark matter and dark energy. Reviews and integrates the basic physics concepts and mathematics required to understand how we have learned what we know about the Universe.",
  "prerequisites": []
}, {
  "corequisites": [],
  "course_name": "*INQUIRING INTO PHYSICAL PHENOMENA",
  "course_number": "PH 111",
  "credits": "4",
  "description": "Investigates the physical processes related to global climate through observation and experiments, including reflection/refraction of light, thermal properties of materials, heat transfer, and planetary orbit. Focuses on building scientific explanations, with a special emphasis on communicating and exploring these phenomena with elementary and middle school students.",
  "prerequisites": [["MTH 111", "MTH 111Z"], ["MTH 112", "MTH 112Z", "MTH 211"], ["MTH 212"]]
}, {
  "corequisites": [],
  "course_name": "FIRST-YEAR ORIENTATION",
  "course_number": "PH 198",
  "credits": "1",
  "description": "Introduction to the Physics Department including educational, research, and career opportunities. Recommended for all freshman and transfer physics majors, but open to all students interested in learning about opportunities in Physics.",
  "prerequisites": []
}, {
  "corequisites": [],
  "course_name": "SPECIAL STUDIES",
  "course_number": "PH 199",
  "credits": "1-16",
  "description": "",
  "prerequisites": []
}, {
  "corequisites": [],
  "course_name": "*GENERAL PHYSICS",
  "course_number": "PH 201",
  "credits": "5",
  "description": "Introductory survey course covering a broad spectrum of classical and modern physics with applications. Topics include dynamics, vibrations and waves, electricity and magnetism, optics, and modern physics. Mathematical preparation should include college algebra and trigonometry.",
  "prerequisites": []
}, {
  "corequisites": [],
  "course_name": "*GENERAL PHYSICS",
  "course_number": "PH 202",
  "credits": "5",
  "description": "Introductory survey course covering broad spectrum of classical and modern physics with applications. Topics include dynamics, vibrations and waves, electricity and magnetism, optics, and modern physics. Mathematical preparation should include college algebra and trigonometry.",
  "prerequisites": []
}, {
  "corequisites": [],
  "course_name": "*GENERAL PHYSICS",
  "course_number": "PH 203",
  "credits": "5",
  "description": "Introductory survey course covering broad spectrum of classical and modern physics with applications. Topics include dynamics, vibrations and waves, electricity and magnetism, optics, and modern physics. Mathematical preparation should include college algebra and trigonometry.",
  "prerequisites": []
}, {
  "corequisites": [],
  "course_name": "*SOLAR SYSTEM ASTRONOMY",
  "course_number": "PH 205",
  "credits": "4",
  "description": "History, laws, and tools of astronomy. Composition, motion, and origin of the sun, planets, moons, asteroids, and comets. An accompanying laboratory is used for demonstrations, experiments, and projects, as well as for outdoor observations. The courses in the astronomy sequence (PH 205, PH 206, PH 207) can be taken in any order. Lec/lab. (Bacc Core Course)",
  "prerequisites": []
}, {
  "corequisites": [],
  "course_name": "*STARS AND STELLAR EVOLUTION",
  "course_number": "PH 206",
  "credits": "4",
  "description": "Properties of stars; star formation, evolution, and death; supernovae, pulsars, and black holes. An accompanying laboratory is used for demonstrations, experiments, and projects, as well as for outdoor observations. The courses in the astronomy sequence (PH 205, PH 206, PH 207) can be taken in any order. Lec/lab. (Bacc Core Course)",
  "prerequisites": []
}, {
  "corequisites": [],
  "course_name": "*GALAXIES",
  "course_number": "PH 207",
  "credits": "COSMOLOGY",
  "description": "Nature and content of galaxies, properties of quasars, and the cosmic background radiation. Emphasis on the Big-Bang model and its features. An accompanying laboratory is used for demonstrations, experiments, and projects, as well as for outdoor observations. The courses in the astronomy sequence (PH 205, PH 206, PH 207) can be taken in any order. (Bacc Core Course)",
  "prerequisites": []
}, {
  "corequisites": [],
  "course_name": "*GENERAL PHYSICS WITH CALCULUS",
  "course_number": "PH 211",
  "credits": "4",
  "description": "A comprehensive introductory survey course intended primarily for students in the sciences and engineering. Topics include mechanics, wave motion, thermal physics, electromagnetism, and optics. Elementary calculus is used.",
  "prerequisites": []
}, {
  "corequisites": [],
  "course_name": "*GENERAL PHYSICS WITH CALCULUS",
  "course_number": "PH 211H",
  "credits": "4",
  "description": "A comprehensive introductory survey course intended primarily for students in the sciences and engineering. Topics include mechanics, wave motion, thermal physics, electromagnetism, and optics. Elementary calculus is used.",
  "prerequisites": []
}, {
  "corequisites": [],
  "course_name": "*GENERAL PHYSICS WITH CALCULUS",
  "course_number": "PH 212",
  "credits": "4",
  "description": "A comprehensive introductory survey course intended primarily for students in the sciences and engineering. Topics include mechanics, wave motion, thermal physics, electromagnetism, and optics. Elementary calculus is used.",
  "prerequisites": [["PH 211", "PH 211H"]]
}, {
  "corequisites": [],
  "course_name": "*GENERAL PHYSICS WITH CALCULUS",
  "course_number": "PH 212H",
  "credits": "4",
  "description": "A comprehensive introductory survey course intended primarily for students in the sciences and engineering. Topics include mechanics, wave motion, thermal physics, electromagnetism, and optics. Elementary calculus is used.",
  "prerequisites": [["PH 211", "PH 211H"]]
}, {
  "corequisites": [],
  "course_name": "*GENERAL PHYSICS WITH CALCULUS",
  "course_number": "PH 213",
  "credits": "4",
  "description": "A comprehensive introductory survey course intended primarily for students in the sciences and engineering. Topics include mechanics, wave motion, thermal physics, electromagnetism, and optics. Elementary calculus is used.",
  "prerequisites": []
}, {
  "corequisites": [],
  "course_name": "*GENERAL PHYSICS WITH CALCULUS",
  "course_number": "PH 213H",
  "credits": "4",
  "description": "A comprehensive introductory survey course intended primarily for students in the sciences and engineering. Topics include mechanics, wave motion, thermal physics, electromagnetism, and optics. Elementary calculus is used.",
  "prerequisites": []
}, {
  "corequisites": [],
  "course_name": "RECITATION FOR PHYSICS 211",
  "course_number": "PH 221",
  "credits": "1",
  "description": "One-hour weekly session for the development of problem-solving skills in calculus-based general physics.",
  "prerequisites": [["PH 211", "PH 211H"]]
}, {
  "corequisites": [],
  "course_name": "RECITATION FOR PHYSICS 211",
  "course_number": "PH 221H",
  "credits": "1",
  "description": "One-hour weekly session for the development of problem-solving skills in calculus-based general physics.",
  "prerequisites": [["PH 211", "PH 211H"]]
}, {
  "corequisites": [],
  "course_name": "RECITATION FOR PHYSICS 212",
  "course_number": "PH 222",
  "credits": "1",
  "description": "One-hour weekly session for the development of problem-solving skills in calculus-based general physics.",
  "prerequisites": [["PH 212", "PH 212H"]]
}, {
  "corequisites": [],
  "course_name": "RECITATION FOR PHYSICS 212",
  "course_number": "PH 222H",
  "credits": "1",
  "description": "One-hour weekly session for the development of problem-solving skills in calculus-based general physics.",
  "prerequisites": [["PH 212", "PH 212H"]]
}, {
  "corequisites": [],
  "course_name": "RECITATION FOR PHYSICS 213",
  "course_number": "PH 223",
  "credits": "1",
  "description": "One-hour weekly session for the development of problem-solving skills in calculus-based general physics.",
  "prerequisites": [["PH 213", "PH 213H"]]
}, {
  "corequisites": [],
  "course_name": "RECITATION FOR PHYSICS 213",
  "course_number": "PH 223H",
  "credits": "1",
  "description": "One-hour weekly session for the development of problem-solving skills in calculus-based general physics.",
  "prerequisites": [["PH 213", "PH 213H"]]
}, {
  "corequisites": [],
  "course_name": "SPECIAL TOPICS",
  "course_number": "PH 299",
  "credits": "1-16",
  "description": "",
  "prerequisites": []
}, {
  "corequisites": [],
  "course_name": "*ENERGY ALTERNATIVES",
  "course_number": "PH 313",
  "credits": "3",
  "description": "Exploration of the challenges and opportunities posed by dwindling resources; physical and technological basis of our current energy alternatives; new or controversial technologies such as nuclear or solar power; overview of resource availability, patterns of energy consumption, and current governmental policies. (Bacc Core Course)",
  "prerequisites": []
}, {
  "corequisites": [],
  "course_name": "*ENERGY ALTERNATIVES",
  "course_number": "PH 313H",
  "credits": "3",
  "description": "Exploration of the challenges and opportunities posed by dwindling resources; physical and technological basis of our current energy alternatives; new or controversial technologies such as nuclear or solar power; overview of resource availability, patterns of energy consumption, and current governmental policies. (Bacc Core Course)",
  "prerequisites": []
}, {
  "corequisites": [],
  "course_name": "PHYSICS OF CONTEMPORARY CHALLENGES",
  "course_number": "PH 315",
  "credits": "3",
  "description": "An introduction to thermal and quantum physics in the context of contemporary challenges faced by our society, such as power generation, energy efficiency, and global warming.",
  "prerequisites": []
}, {
  "corequisites": [],
  "course_name": "^EXPERIMENTAL PHYSICS",
  "course_number": "PH 317",
  "credits": "3",
  "description": "Conducting experiments, understanding equipment, modeling physical phenomena, analyzing and presenting data, sources of variation and uncertainty.",
  "prerequisites": [["PH 213", "PH 213H"], ["PH 315"], ["PH 335"]]
}, {
  "corequisites": [],
  "course_name": "TECHNIQUES OF THEORETICAL MECHANICS",
  "course_number": "PH 335",
  "credits": "3",
  "description": "Newtonian, Lagrangian, and Hamiltonian classical mechanics. Special relativity with relativistic mechanics.",
  "prerequisites": []
}, {
  "corequisites": [],
  "course_name": "COMPUTATIONAL PHYSICS LAB",
  "course_number": "PH 365",
  "credits": "1",
  "description": "A project-driven laboratory experience in computational physics. Includes the use of basic mathematical and numerical techniques in computer calculations leading to solutions for typical physical problems. Topics to be covered will coordinate with the Paradigms in Physics course sequence.",
  "prerequisites": [["PH 213", "PH 213H"]]
}, {
  "corequisites": [],
  "course_name": "COMPUTATIONAL PHYSICS LAB",
  "course_number": "PH 366",
  "credits": "1",
  "description": "A project-driven laboratory experience in computational physics. Includes the use of basic mathematical and numerical techniques in computer calculations leading to solutions for typical physical problems. Topics to be covered will coordinate with the Paradigms in Physics course sequence.",
  "prerequisites": [["PH 213", "PH 213H"]]
}, {
  "corequisites": [],
  "course_name": "COMPUTATIONAL PHYSICS LAB",
  "course_number": "PH 367",
  "credits": "1",
  "description": "A project-driven laboratory experience in computational physics. Includes the use of basic mathematical and numerical techniques in computer calculations leading to solutions for typical physical problems. Topics to be covered will coordinate with the Paradigms in Physics course sequence.",
  "prerequisites": [["PH 213", "PH 213H"]]
}, {
  "corequisites": [],
  "course_name": "SPECIAL TOPICS",
  "course_number": "PH 399",
  "credits": "1-16",
  "description": "",
  "prerequisites": []
}, {
  "corequisites": [],
  "course_name": "SPECIAL TOPICS",
  "course_number": "PH 399H",
  "credits": "1-16",
  "description": "",
  "prerequisites": []
}, {
  "corequisites": [],
  "course_name": "RESEARCH",
  "course_number": "PH 401",
  "credits": "1-16",
  "description": "A research project under the supervision of a faculty member, whose approval must be arranged by the student in advance of registration.",
  "prerequisites": []
}, {
  "corequisites": [],
  "course_name": "^THESIS",
  "course_number": "PH 403",
  "credits": "1-16",
  "description": "A research project leading to a thesis under the supervision of a faculty member, whose approval must be arranged by the student in advance of registration.",
  "prerequisites": []
}, {
  "corequisites": [],
  "course_name": "READING AND CONFERENCE",
  "course_number": "PH 405",
  "credits": "1-16",
  "description": "An independent study project under the supervision of a faculty member, whose approval must be arranged by the student in advance of registration.",
  "prerequisites": []
}, {
  "corequisites": [],
  "course_name": "SEMINAR",
  "course_number": "PH 407",
  "credits": "1-16",
  "description": "Departmental seminars or colloquium. Graded P/N.",
  "prerequisites": []
}, {
  "corequisites": [],
  "course_name": "SEMINAR",
  "course_number": "PH 407H",
  "credits": "1-16",
  "description": "Departmental seminars or colloquium.",
  "prerequisites": []
}, {
  "corequisites": [],
  "course_name": "PHYSICS TEACHING PRACTICUM",
  "course_number": "PH 409",
  "credits": "1-6",
  "description": "Physics practicum experience for students assisting in Physics courses. Includes training in course content and development of instructional materials. Admission is by application. See the department office in Weniger 301 for details.",
  "prerequisites": []
}, {
  "corequisites": [],
  "course_name": "INTERNSHIP",
  "course_number": "PH 410",
  "credits": "1-16",
  "description": "",
  "prerequisites": []
}, {
  "corequisites": [],
  "course_name": "ELECTRONICS",
  "course_number": "PH 411",
  "credits": "3",
  "description": "Covers how to build and analyze basic circuits. Topics include passive dc and ac circuits including filters, complex impedance, Fourier analysis, operational amplifiers, semiconductor diodes, and transistors.",
  "prerequisites": []
}, {
  "corequisites": [],
  "course_name": "COMPUTER INTERFACING AND INSTRUMENTATION",
  "course_number": "PH 415",
  "credits": "3",
  "description": "Applications of computers as scientific instruments, with emphasis on hardware and instrumentation, online data acquisition, and computer control of experiments.",
  "prerequisites": []
}, {
  "corequisites": [],
  "course_name": "PARADIGMS IN PHYSICS: STATIC FIELDS",
  "course_number": "PH 422",
  "credits": "3",
  "description": "Theory of static electric, magnetic, and gravitational potentials and fields using the techniques of vector calculus in three dimensions.",
  "prerequisites": []
}, {
  "corequisites": [],
  "course_name": "PARADIGMS IN PHYSICS: ENERGY AND ENTROPY",
  "course_number": "PH 423",
  "credits": "3",
  "description": "Thermodynamics and canonical statistical mechanics.",
  "prerequisites": []
}, {
  "corequisites": [],
  "course_name": "PARADIGMS IN PHYSICS: OSCILLATIONS AND WAVES",
  "course_number": "PH 424",
  "credits": "3",
  "description": "Dynamics of mechanical and electrical oscillation using Fourier series and integrals; time and frequency representations for driven damped oscillators, resonance; one-dimensional waves in classical mechanics and electromagnetism; normal modes.",
  "prerequisites": []
}, {
  "corequisites": [],
  "course_name": "PARADIGMS IN PHYSICS: QUANTUM FUNDAMENTALS",
  "course_number": "PH 425",
  "credits": "3",
  "description": "Introduction to quantum mechanics through Stern-Gerlach spin measurements. Probability, eigenvalues, operators, measurement, state reduction, Dirac notation, matrix mechanics, time evolution. Quantum behavior of a one-dimensional well.",
  "prerequisites": []
}, {
  "corequisites": [],
  "course_name": "PARADIGMS IN PHYSICS: CENTRAL FORCES",
  "course_number": "PH 426",
  "credits": "3",
  "description": "Gravitational and electrostatic forces; angular momentum and spherical harmonics, separation of variables in classical and quantum mechanics, hydrogen atom.",
  "prerequisites": []
}, {
  "corequisites": [],
  "course_name": "PARADIGMS IN PHYSICS: PERIODIC SYSTEMS",
  "course_number": "PH 427",
  "credits": "3",
  "description": "Quantum waves in position and momentum space; Bloch waves in one-dimensional periodic systems, and the reciprocal lattice; coupled harmonic oscillators; phonons.",
  "prerequisites": []
}, {
  "corequisites": [],
  "course_name": "CAPSTONES IN PHYSICS: ELECTROMAGNETISM",
  "course_number": "PH 431",
  "credits": "3",
  "description": "Static electric and magnetic fields in matter, electrodynamics, Maxwell equations, electromagnetic waves, wave guides, dipole radiation.",
  "prerequisites": []
}, {
  "corequisites": [],
  "course_name": "CAPSTONES IN PHYSICS: THERMAL AND STATISTICAL PHYSICS",
  "course_number": "PH 441",
  "credits": "3",
  "description": "Entropy and quantum mechanics; canonical Gibbs probability; ideal gas; thermal radiation; Einstein and Debye lattices; grand canonical Gibbs probability; ideal Fermi and Bose gases; chemical reactions and phase transformations.",
  "prerequisites": []
}, {
  "corequisites": [],
  "course_name": "CAPSTONES IN PHYSICS: QUANTUM MECHANICS",
  "course_number": "PH 451",
  "credits": "3",
  "description": "Wave mechanics, Schroedinger equation, operators, harmonic oscillator, identical particles, atomic fine structure, approximation methods and applications.",
  "prerequisites": []
}, {
  "corequisites": [],
  "course_name": "ASTROPHYSICS",
  "course_number": "PH 455",
  "credits": "3",
  "description": "Physics of stars and the cosmos.",
  "prerequisites": []
}, {
  "corequisites": [],
  "course_name": "SCIENTIFIC COMPUTING II",
  "course_number": "PH 464",
  "credits": "3",
  "description": "Mathematical, numerical, and conceptual elements forming foundations of scientific computing: computer hardware, algorithms, precision, efficiency, verification, numerical analysis, algorithm scaling, profiling, and tuning.",
  "prerequisites": []
}, {
  "corequisites": [],
  "course_name": "PHYSICAL OPTICS",
  "course_number": "PH 481",
  "credits": "4",
  "description": "Wave propagation, polarization, interference, diffraction, and selected topics in modern optics.",
  "prerequisites": []
}, {
  "corequisites": [],
  "course_name": "OPTICAL ELECTRONIC SYSTEMS",
  "course_number": "PH 482",
  "credits": "4",
  "description": "Photodetectors, laser theory, and laser systems. CROSSLISTED as ECE 482/PH 482 and ECE 582/PH 582.",
  "prerequisites": []
}, {
  "corequisites": [],
  "course_name": "GUIDED WAVE OPTICS",
  "course_number": "PH 483",
  "credits": "4",
  "description": "Optical fibers, fiber mode structure and polarization effects, fiber interferometry, fiber sensors, optical communication systems. CROSSLISTED as ECE 483/PH 483 and ECE 583/PH 583.",
  "prerequisites": [["ECE 391", "PH 481"]]
}, {
  "corequisites": [],
  "course_name": "INTRODUCTION TO PARTICLE AND NUCLEAR PHYSICS",
  "course_number": "PH 495",
  "credits": "3",
  "description": "Elementary particles and forces, nuclear structure and reactions.",
  "prerequisites": []
}, {
  "corequisites": [],
  "course_name": "SPECIAL TOPICS",
  "course_number": "PH 499",
  "credits": "1-16",
  "description": "Topics vary from year to year. May be repeated for credit. Not offered every year.",
  "prerequisites": []
}, {
  "corequisites": [],
  "course_name": "RESEARCH",
  "course_number": "PH 501",
  "credits": "1-16",
  "description": "",
  "prerequisites": []
}, {
  "corequisites": [],
  "course_name": "THESIS",
  "course_number": "PH 503",
  "credits": "1-16",
  "description": "",
  "prerequisites": []
}, {
  "corequisites": [],
  "course_name": "READING AND CONFERENCE",
  "course_number": "PH 505",
  "credits": "1-16",
  "description": "",
  "prerequisites": []
}, {
  "corequisites": [],
  "course_name": "SEMINAR",
  "course_number": "PH 507",
  "credits": "1-16",
  "description": "Section 1: Departmental Colloquium. Section 3: Nuclear and Particle Physics. Section 5: Atomic, Molecular, and Optical Physics. Section 7: Solid State Physics. Section 9: Computational Physics.",
  "prerequisites": []
}, {
  "corequisites": [],
  "course_name": "INTERNSHIP",
  "course_number": "PH 510",
  "credits": "1-16",
  "description": "",
  "prerequisites": []
}, {
  "corequisites": [],
  "course_name": "ELECTRONICS",
  "course_number": "PH 511",
  "credits": "3",
  "description": "Covers how to build and analyze basic circuits. Topics include passive dc and ac circuits including filters, complex impedance, Fourier analysis, operational amplifiers, semiconductor diodes, and transistors.",
  "prerequisites": []
}, {
  "corequisites": [],
  "course_name": "COMPUTER INTERFACING AND INSTRUMENTATION",
  "course_number": "PH 515",
  "credits": "3",
  "description": "Applications of computers as scientific instruments, with emphasis on hardware and instrumentation, online data acquisition, and computer control of experiments.",
  "prerequisites": []
}, {
  "corequisites": [],
  "course_name": "CAPSTONES IN PHYSICS: ELECTROMAGNETISM",
  "course_number": "PH 531",
  "credits": "3",
  "description": "Static electric and magnetic fields in matter, electrodynamics, Maxwell equations, electromagnetic waves, wave guides, dipole radiation.",
  "prerequisites": []
}, {
  "corequisites": [],
  "course_name": "CAPSTONES IN PHYSICS: THERMAL AND STATISTICAL PHYSICS",
  "course_number": "PH 541",
  "credits": "3",
  "description": "Entropy and quantum mechanics; canonical Gibbs probability; ideal gas; thermal radiation; Einstein and Debye lattices; grand canonical Gibbs probability; ideal Fermi and Bose gases; chemical reactions and phase transformations.",
  "prerequisites": []
}, {
  "corequisites": [],
  "course_name": "CAPSTONES IN PHYSICS: QUANTUM MECHANICS",
  "course_number": "PH 551",
  "credits": "3",
  "description": "Wave mechanics, Schroedinger equation, operators, harmonic oscillator, identical particles, atomic fine structure, approximation methods and applications.",
  "prerequisites": []
}, {
  "corequisites": [],
  "course_name": "ASTROPHYSICS",
  "course_number": "PH 555",
  "credits": "3",
  "description": "Physics of stars and the cosmos.",
  "prerequisites": []
}, {
  "corequisites": [],
  "course_name": "MATHEMATICAL PHYSICS",
  "course_number": "PH 562",
  "credits": "3",
  "description": "Fundamental mathematical techniques needed for graduate students in physics. Topics include vector spaces and operators; fourier series, integrals, and transforms; partial differential equations; special functions, distributions, and delta functions; Green's functions; complex analysis.",
  "prerequisites": []
}, {
  "corequisites": [],
  "course_name": "SCIENTIFIC COMPUTING II",
  "course_number": "PH 564",
  "credits": "3",
  "description": "Mathematical, numerical, and conceptual elements forming foundations of scientific computing: computer hardware, algorithms, precision, efficiency, verification, numerical analysis, algorithm scaling, profiling, and tuning.",
  "prerequisites": []
}, {
  "corequisites": [],
  "course_name": "INTRODUCTION TO SOLID STATE PHYSICS",
  "course_number": "PH 575",
  "credits": "3",
  "description": "Introduction to condensed matter physics for majors in physics, chemistry, and engineering. Topics include band structure, free electron behavior, optical properties, magnetism, and lattice excitations.",
  "prerequisites": []
}, {
  "corequisites": [],
  "course_name": "PHYSICAL OPTICS",
  "course_number": "PH 581",
  "credits": "4",
  "description": "Wave propagation, polarization, interference, diffraction, and selected topics in modern optics.",
  "prerequisites": []
}, {
  "corequisites": [],
  "course_name": "OPTICAL ELECTRONIC SYSTEMS",
  "course_number": "PH 582",
  "credits": "4",
  "description": "Photodetectors, laser theory, and laser systems. CROSSLISTED as ECE 482/PH 482 and ECE 582/PH 582.",
  "prerequisites": []
}, {
  "corequisites": [],
  "course_name": "GUIDED WAVE OPTICS",
  "course_number": "PH 583",
  "credits": "4",
  "description": "Optical fibers, fiber mode structure and polarization effects, fiber interferometry, fiber sensors, optical communication systems. CROSSLISTED as ECE 483/PH 483 and ECE 583/PH 583.",
  "prerequisites": []
}, {
  "corequisites": [],
  "course_name": "ATOMIC",
  "course_number": "PH 585",
  "credits": "MOLECULAR",
  "description": "Introduction to atomic structure, interaction with electromagnetic fields, atomic physics and modern quantum optics. Applications are made to spectroscopic techniques and to explain the principles of quantum computing and logic.",
  "prerequisites": []
}, {
  "corequisites": [],
  "course_name": "BIOLOGICAL PHYSICS",
  "course_number": "PH 591",
  "credits": "3",
  "description": "Basic physics principles applied to the kinetics and dynamics of molecular and cellular processes. Ion channels, two-state systems, dynamics of molecular motors, cell signalling, and multicellular phenomena.",
  "prerequisites": []
}, {
  "corequisites": [],
  "course_name": "INTRODUCTION TO PARTICLE AND NUCLEAR PHYSICS",
  "course_number": "PH 595",
  "credits": "3",
  "description": "Elementary particles and forces, nuclear structure and reactions.",
  "prerequisites": []
}, {
  "corequisites": [],
  "course_name": "SPECIAL TOPICS",
  "course_number": "PH 599",
  "credits": "1-16",
  "description": "(See PH 499 for description.)",
  "prerequisites": []
}, {
  "corequisites": [],
  "course_name": "RESEARCH",
  "course_number": "PH 601",
  "credits": "1-16",
  "description": "",
  "prerequisites": []
}, {
  "corequisites": [],
  "course_name": "THESIS",
  "course_number": "PH 603",
  "credits": "1-16",
  "description": "",
  "prerequisites": []
}, {
  "corequisites": [],
  "course_name": "READING AND CONFERENCE",
  "course_number": "PH 605",
  "credits": "1-16",
  "description": "",
  "prerequisites": []
}, {
  "corequisites": [],
  "course_name": "SEMINAR",
  "course_number": "PH 607",
  "credits": "1-16",
  "description": "Section 1: Departmental Colloquium. Section 3: Nuclear and Particle Physics. Section 5: Atomic, Molecular, and Optical Physics. Section 7: Solid State Physics. Section 9: Computational Physics.",
  "prerequisites": []
}, {
  "corequisites": [],
  "course_name": "PRACTICUM IN TEACHING",
  "course_number": "PH 609",
  "credits": "1-6",
  "description": "",
  "prerequisites": []
}, {
  "corequisites": [],
  "course_name": "DYNAMICS OF SINGLE- AND MULTI-PARTICLE SYSTEMS",
  "course_number": "PH 621",
  "credits": "3",
  "description": "Introduction to theory of non-linear systems. Chaos in Hamiltonian and dissipative systems. Lyapunov exponents, fractal geometries.",
  "prerequisites": []
}, {
  "corequisites": [],
  "course_name": "MATERIALS AND SURFACE CHARACTERIZATION",
  "course_number": "PH 625",
  "credits": "3",
  "description": "Covers scientific principles of surface and structural characterization techniques. Explores methods to study both macro- and nano-scale properties. Emphasizes surface and interfacial analysis of metals, semiconductors, and dielectric materials. Applies basic knowledge of chemistry, physics, and engineering to understand scientific fundamentals and operating principles of spectroscopy and microscopy-based techniques. Covers a range of experimental methods for determining surface structure, elemental composition, and chemical states. Topics including X-ray photoelectron spectroscopy, Auger electron spectroscopy, X-ray absorption spectroscopy, low energy electron diffraction, scanning tunneling microscopy, low energy ion scattering, and ultraviolet photoelectron spectroscopy. CROSSLISTED as CH 625/CHE 625/MATS 625/PH 625.",
  "prerequisites": []
}, {
  "corequisites": [],
  "course_name": "ELECTROMAGNETIC THEORY",
  "course_number": "PH 631",
  "credits": "3",
  "description": "Electrostatics; multipole expansion; magnetostatics; radiation fields; dynamics of relativistic particles and electromagnetic fields.",
  "prerequisites": []
}, {
  "corequisites": [],
  "course_name": "ELECTROMAGNETIC THEORY",
  "course_number": "PH 632",
  "credits": "3",
  "description": "Electrostatics; multipole expansion; magnetostatics; radiation fields; dynamics of relativistic particles and electromagnetic fields.",
  "prerequisites": []
}, {
  "corequisites": [],
  "course_name": "STATISTICAL THERMOPHYSICS",
  "course_number": "PH 641",
  "credits": "3",
  "description": "Macroscopic thermodynamics and kinetic theory. Classical and quantal statistical ensembles; partition functions. Applications to atoms and molecules, clustering, solids, radiation.",
  "prerequisites": []
}, {
  "corequisites": [],
  "course_name": "STATISTICAL THERMOPHYSICS",
  "course_number": "PH 642",
  "credits": "3",
  "description": "Macroscopic thermodynamics and kinetic theory. Classical and quantal statistical ensembles; partition functions. Applications to atoms and molecules, clustering, solids, radiation.",
  "prerequisites": []
}, {
  "corequisites": [],
  "course_name": "QUANTUM MECHANICS",
  "course_number": "PH 651",
  "credits": "3",
  "description": "Basic principles of nonrelativistic quantum theory and applications. Schroedinger theory, quantum theory of angular momentum, matrix mechanics, perturbation theory, identical particles, scattering.",
  "prerequisites": []
}, {
  "corequisites": [],
  "course_name": "QUANTUM MECHANICS",
  "course_number": "PH 652",
  "credits": "3",
  "description": "Basic principles of nonrelativistic quantum theory and applications. Schroedinger theory, quantum theory of angular momentum, matrix mechanics, perturbation theory, identical particles, scattering.",
  "prerequisites": []
}, {
  "corequisites": [],
  "course_name": "QUANTUM MECHANICS",
  "course_number": "PH 653",
  "credits": "3",
  "description": "Basic principles of nonrelativistic quantum theory and applications. Schroedinger theory, quantum theory of angular momentum, matrix mechanics, perturbation theory, identical particles, scattering.",
  "prerequisites": []
}, {
  "corequisites": [],
  "course_name": "ADVANCED QUANTUM THEORY",
  "course_number": "PH 654",
  "credits": "3",
  "description": "Scattering theory, second quantization and many body theory, relativistic quantum mechanics, quantization of fields, quantum electrodynamics, and elementary particles.",
  "prerequisites": []
}, {
  "corequisites": [],
  "course_name": "ADVANCED QUANTUM THEORY",
  "course_number": "PH 655X",
  "credits": "3",
  "description": "Covers scattering theory, second quantization and many body theory, relativistic quantum mechanics, quantization of fields, quantum electrodynamics, and elementary particles.",
  "prerequisites": [["PH 654"]]
}, {
  "corequisites": [],
  "course_name": "SOLID STATE PHYSICS",
  "course_number": "PH 673",
  "credits": "NANOSCIENCE",
  "description": "Introduction to nanoscience and nanotechnology; semiconductor quantum wells, wires, and dots; bulk metals vs nanoparticles; molecular ensembles vs single molecules; fabrication of nanoparticles and nanostructured materials; scanning probe microscopy; advanced optical imaging and manipulation. Not offered every year.",
  "prerequisites": []
}, {
  "corequisites": [],
  "course_name": "ATOMIC",
  "course_number": "PH 681",
  "credits": "MOLECULAR",
  "description": "Maxwell's equations in matter; refraction, phase and group indices; material and geometry dispersion; effective-medium regime. Not offered every year.",
  "prerequisites": []
}, {
  "corequisites": [],
  "course_name": "ATOMIC",
  "course_number": "PH 683",
  "credits": "MOLECULAR",
  "description": "Coherent nonlinear electromagnetic phenomena; harmonic generation and parametric mixing; quantum mechanical description of multi-photon interactions; incoherent multi-photon interactions; coherent nonlinear optical phenomena and spectroscopies. Not offered every year.",
  "prerequisites": []
}, {
  "corequisites": [],
  "course_name": "SPECIAL TOPICS: BIOLOGICAL PHYSICS",
  "course_number": "PH 699",
  "credits": "3",
  "description": "Topics vary from year to year. Not offered every year.",
  "prerequisites": []
}]