[{
  "corequisites": [],
  "course_name": "LEADERSHIP",
  "course_number": "PPOL 002",
  "credits": "0",
  "description": "Provides students with basic personal and interpersonal leadership skills that can be used within and outside of a work setting. Through practice, the leadership experience help students explore motivation, decision-making, time management, power, team building, conflict, ethics, dealing with change, communication skills, and diversity issues.",
  "prerequisites": []
}, {
  "corequisites": [],
  "course_name": "SPECIAL TOPICS",
  "course_number": "PPOL 199",
  "credits": "1-16",
  "description": "",
  "prerequisites": []
}, {
  "corequisites": [],
  "course_name": "INTRODUCTION TO PUBLIC POLICY",
  "course_number": "PPOL 201",
  "credits": "4",
  "description": "Examines the policy making process(es) and implications for the conduct of policy analysis. Reviews the policy implementation process(es) and implications for the conduct of policy analysis. Focuses upon specific quantitative and qualitative policy analysis/program evaluation techniques.",
  "prerequisites": []
}, {
  "corequisites": [],
  "course_name": "PUBLIC POLICY PROBLEMS",
  "course_number": "PPOL 371",
  "credits": "4",
  "description": "The content and the politics of adoption and application of such policy areas as defense, poverty and welfare, macroeconomics, and regulation.",
  "prerequisites": []
}, {
  "corequisites": [],
  "course_name": "PUBLIC ADMINISTRATION",
  "course_number": "PPOL 372",
  "credits": "4",
  "description": "The workings of the modern administrative state, processes and procedures through which government acts, and the balance between powerful government, democratic and accountable government, and efficient government.",
  "prerequisites": []
}, {
  "corequisites": [],
  "course_name": "SPECIAL TOPICS",
  "course_number": "PPOL 399",
  "credits": "1-2",
  "description": "",
  "prerequisites": []
}, {
  "corequisites": [],
  "course_name": "SPECIAL TOPICS",
  "course_number": "PPOL 399H",
  "credits": "1-2",
  "description": "",
  "prerequisites": []
}, {
  "corequisites": [],
  "course_name": "INDEPENDENT STUDY",
  "course_number": "PPOL 402",
  "credits": "1-4",
  "description": "",
  "prerequisites": []
}, {
  "corequisites": [],
  "course_name": "READING AND CONFERENCE",
  "course_number": "PPOL 405",
  "credits": "1-16",
  "description": "",
  "prerequisites": []
}, {
  "corequisites": [],
  "course_name": "SPECIAL PROJECTS",
  "course_number": "PPOL 406",
  "credits": "1-12",
  "description": "Associated with the internship for which credit is given in PPOL 410.",
  "prerequisites": []
}, {
  "corequisites": [],
  "course_name": "SEMINAR",
  "course_number": "PPOL 407",
  "credits": "1-6",
  "description": "",
  "prerequisites": []
}, {
  "corequisites": [],
  "course_name": "PRACTICUM/CLINICAL EXPERIENCE",
  "course_number": "PPOL 409",
  "credits": "2",
  "description": "This discussion-based course will cover topics in public policy based on assigned readings.",
  "prerequisites": []
}, {
  "corequisites": [],
  "course_name": "INTERNSHIP/WORK EXPERIENCE",
  "course_number": "PPOL 410",
  "credits": "1-12",
  "description": "Supervised work experience in public policy-related programs, government, or organizations. Reports and appraisals required. Only 5 credits may be applied to the major.",
  "prerequisites": []
}, {
  "corequisites": [],
  "course_name": "ETHICS IN PUBLIC POLICY",
  "course_number": "PPOL 413",
  "credits": "4",
  "description": "Examines ethical dilemmas in public policy, and provides the opportunity to study the ethical theories of Hobbes, Kant, Mill, and Rawls. CROSSLISTED as PPOL 413/PS 413.",
  "prerequisites": []
}, {
  "corequisites": [],
  "course_name": "PROFESSIONAL DEVELOPMENT SEMINAR",
  "course_number": "PPOL 415",
  "credits": "2",
  "description": "Introduces the public policy profession and begins to prepare students for working together as a cohort. Focuses on research ethics, public service ethics, career opportunities, professional development, and orientation for their course of study.",
  "prerequisites": []
}, {
  "corequisites": [],
  "course_name": "INTRODUCTION TO POLICY RESEARCH",
  "course_number": "PPOL 421",
  "credits": "4",
  "description": "Explores research methods and policy analysis as part of a two course sequence on policy research and analysis. Introduces students to qualitative and quantitative research methods, including research design, research paradigms, and ethical considerations. Reviews responsibilities as a researcher through selected modules of the on-line CITI Responsible Conduct of Research training. Prepares students for the material and assignments used in PPOL 422.",
  "prerequisites": []
}, {
  "corequisites": [],
  "course_name": "^POLICY ANALYSIS",
  "course_number": "PPOL 422",
  "credits": "4",
  "description": "Overview of common policy analysis approaches, methods and tools used to identify, assess, present and select public policy. Assignments include reading, reflection, exercises and a multi-stage policy analysis memo project using analyses conducted in PPOL 421.",
  "prerequisites": [["PPOL 421"]]
}, {
  "corequisites": [],
  "course_name": "*ENERGY",
  "course_number": "PPOL 441",
  "credits": "CLIMATE",
  "description": "Explores the complex interrelationships between humans and energy, emphasizing the role of energy in critical social issues, including but not limited to: domestic and international conflict, poverty, social change, inter-generational equity, energy transitions and environmental justice. CROSSLISTED as PPOL 441/SOC 482.",
  "prerequisites": []
}, {
  "corequisites": [],
  "course_name": "THE POLICY AND LAW OF U.S. COASTAL GOVERNANCE",
  "course_number": "PPOL 446",
  "credits": "4",
  "description": "Examines federal and state policy, legislative and judicial protections of public beach access; ownership and use of tide and submerged lands, including the public trust doctrine; wetland conservation; and the Federal Coastal Zone Management Act. This course is intended to equip future environmental and natural resource professionals with a foundation in US coastal management, especially areas where new professionals will be very involved (coastal development, offshore/alternative energy, and sea level rise/storm hazards). The format includes reading, discussion, and student presentations. Readings will be drawn from the textbook; additional readings will be posted on Canvas.",
  "prerequisites": []
}, {
  "corequisites": [],
  "course_name": "INTEGRATED POLICY: FOOD",
  "course_number": "PPOL 447",
  "credits": "ENERGY",
  "description": "Environmental decisions include trade-offs. Policy choices for sustainably providing Earth's eight billion people with food, energy, and water are urgently needed. Policy sectors (such as food) risk outcomes that are not beneficial, and impose long-term costs and potential catastrophic climate burdens. This transdisciplinary course examines emerging integrated policies concerning provision of food, energy, and water and their relationship to climate.",
  "prerequisites": []
}, {
  "corequisites": [],
  "course_name": "MARINE POLICY IN THE UNITED STATES",
  "course_number": "PPOL 448",
  "credits": "4",
  "description": "Introduces students to the history, rationale, achievements, and gaps in American ocean policy. Students will acquire foundational tools of policy analysis and problem solving, and will synthesize and apply their knowledge creatively in order to propose integrated policy solutions to specific contemporary marine issues.",
  "prerequisites": []
}, {
  "corequisites": [],
  "course_name": "LEADERSHIP LESSONS FROM HIGHER EDUCATION",
  "course_number": "PPOL 450",
  "credits": "4",
  "description": "Analyze leadership theories based on traits, skills, authenticity, situational, servant, inclusive, and transformational leadership models. Examine case studies, empirical evidence and problem sets addressing leadership challenges.",
  "prerequisites": []
}, {
  "corequisites": [],
  "course_name": "INTERNATIONAL DEVELOPMENT POLICY",
  "course_number": "PPOL 453",
  "credits": "4",
  "description": "Explores the challenges, debates and policy mechanisms related to effective economic development and humanitarian aid for developing countries. CROSSLISTED as PPOL 453/PS 453 and PPOL 553/PS 553.",
  "prerequisites": []
}, {
  "corequisites": [],
  "course_name": "HOUSING POLICY",
  "course_number": "PPOL 455",
  "credits": "4",
  "description": "Analyzes U.S. federal, state, and local housing policies, and policies that impact housing. Draws broadly from multiple social science disciplines, focusing on consequences, intended and unintended, of policies, while examining promising policy developments aimed at improving housing adequacy, equality, and accessibility. Provides insights on rural v. urban and international comparisons, employing theory and multiple methodologies.",
  "prerequisites": [["WR 121", "WR 121H", "WR 121Z", "WR 121H"]]
}, {
  "corequisites": [],
  "course_name": "PROTESTS AND SOCIAL CHANGE",
  "course_number": "PPOL 471",
  "credits": "4",
  "description": "Introduces core theoretical and methodological issues related to social movements in the US and abroad. Emphasizes social forces giving rise to movements, tactics employed by movements, and impacts of them on society. CROSSLISTED as PPOL 471/SOC 471 and PPOL 571/SOC 571.",
  "prerequisites": []
}, {
  "corequisites": [],
  "course_name": "INTERNATIONAL ENERGY POLITICS AND POLICY",
  "course_number": "PPOL 474",
  "credits": "4",
  "description": "Addresses international energy policies and politics, including trends and socio-political challenges impacting the diversity of global energy sources. CROSSLISTED as PPOL 474/PS 474.",
  "prerequisites": []
}, {
  "corequisites": [],
  "course_name": "SPECIAL TOPICS",
  "course_number": "PPOL 499",
  "credits": "1-4",
  "description": "",
  "prerequisites": []
}, {
  "corequisites": [],
  "course_name": "RESEARCH AND SCHOLARSHIP",
  "course_number": "PPOL 501",
  "credits": "1-12",
  "description": "",
  "prerequisites": []
}, {
  "corequisites": [],
  "course_name": "THESIS",
  "course_number": "PPOL 503",
  "credits": "1-16",
  "description": "",
  "prerequisites": []
}, {
  "corequisites": [],
  "course_name": "READING AND CONFERENCE",
  "course_number": "PPOL 505",
  "credits": "1-10",
  "description": "",
  "prerequisites": []
}, {
  "corequisites": [],
  "course_name": "SEMINAR",
  "course_number": "PPOL 507",
  "credits": "1-4",
  "description": "",
  "prerequisites": []
}, {
  "corequisites": [],
  "course_name": "INTERNSHIP",
  "course_number": "PPOL 510",
  "credits": "1-12",
  "description": "Supervised work experience in government, public policy, public affairs or non-profit organizations. Reports and appraisals required.",
  "prerequisites": []
}, {
  "corequisites": [],
  "course_name": "PUBLIC ORGANIZATIONS AND LEADERSHIP",
  "course_number": "PPOL 511",
  "credits": "4",
  "description": "Provides an historical overview of developments in, and theories associated with, the organization and control of public organizations. Students will critically examine various influential models of bureaucracy, while also learning about the strengths and weaknesses of emergent forms of bureaucratic organization, including networks, public-private partnerships, collaboration, and governance. The course also explores different theories of leadership, assisting students in the development of their own authentic leadership style, and thinking through the application of such theories and styles to the real world of public organization leadership, especially in the fragmented, decentralized, complex, and uncertain contemporary environment of networks, partnerships, and governance.",
  "prerequisites": []
}, {
  "corequisites": [],
  "course_name": "PUBLIC POLICY THEORY",
  "course_number": "PPOL 512",
  "credits": "4",
  "description": "Theoretical approaches to the study of the policy process, policy elements, policy tools, (e.g., regulation), and policy typologies.",
  "prerequisites": []
}, {
  "corequisites": [],
  "course_name": "UNDERSTANDING SOCIAL RESEARCH",
  "course_number": "PPOL 521",
  "credits": "4",
  "description": "Study of basic concepts and principles of qualitative and quantitative social research, including selection of general strategies and specific designs, conceptual and operational measurement, sample selection, data collection, data processing and analysis techniques, interpretation and reporting. Utilizes reports of social research in scholarly journals, popular media, and agency documents. Emphasis on critical evaluation and interpretation.",
  "prerequisites": []
}, {
  "corequisites": [],
  "course_name": "QUANTITATIVE METHODS FOR PUBLIC POLICY ANALYSIS",
  "course_number": "PPOL 522",
  "credits": "4",
  "description": "Covers a variety of techniques for analyzing quantitative data, including linear regression, logistic regression, and other techniques. Emphasis is placed on working with data and software to answer research questions. Prior knowledge of hypothesis testing and descriptive statistics is assumed.",
  "prerequisites": [["PPOL 521"], ["ECON 524"]]
}, {
  "corequisites": [],
  "course_name": "QUALITATIVE RESEARCH METHODS",
  "course_number": "PPOL 523",
  "credits": "4",
  "description": "An introduction to the theory and methods of qualitative research. Students will be exposed to various qualitative research methods through practical field exercises. These include ethnographic field observation, content analysis, interviewing, focus groups and unobtrusive measures. Other commonly used methods of collecting qualitative data are also examined.",
  "prerequisites": []
}, {
  "corequisites": [],
  "course_name": "APPLIED RESEARCH METHODS",
  "course_number": "PPOL 524",
  "credits": "4",
  "description": "Application of sociological theory, concepts, and methods. Topics vary but may include program evaluation, social impact assessment, policy analysis, focus group research, survey research, among others.",
  "prerequisites": []
}, {
  "corequisites": [],
  "course_name": "ENERGY",
  "course_number": "PPOL 541",
  "credits": "CLIMATE",
  "description": "Explores the complex interrelationships between humans and energy, emphasizing the role of energy in critical social issues, including but not limited to: domestic and international conflict, poverty, social change, inter-generational equity, energy transitions and environmental justice. CROSSLISTED as PPOL 541/SOC 582.",
  "prerequisites": []
}, {
  "corequisites": [],
  "course_name": "COLLABORATIVE GOVERNANCE",
  "course_number": "PPOL 544",
  "credits": "4",
  "description": "Explores and develops the norms, rules, institutional design, decision-making dynamic, and politics of collaborative governance arrangements for complex natural resource problem settings. Designed to bring together traditional adversaries, government agencies, and citizens to resolve and improve management of collective public problems, collaborative governance for natural resources is now an important problem-solving tool that is employed in thousands of communities, watersheds, and landscapes around the world.",
  "prerequisites": []
}, {
  "corequisites": [],
  "course_name": "THE POLICY AND LAW OF UNITED STATES COASTAL GOVERNANCE",
  "course_number": "PPOL 546",
  "credits": "4",
  "description": "Examines federal and state policy, legislative and judicial protections of public beach access; ownership and use of tide and submerged lands, including the public trust doctrine; wetland conservation; and the Federal Coastal Zone Management Act. This course is intended to equip future environmental and natural resource professionals with a foundation in US coastal management, especially areas where new professionals will be very involved (coastal development, offshore/alternative energy, and sea level rise/storm hazards). The format includes reading, discussion, and student presentations. Readings will be drawn from the textbook; additional readings will be posted on Canvas.",
  "prerequisites": []
}, {
  "corequisites": [],
  "course_name": "INTEGRATED POLICY: FOOD",
  "course_number": "PPOL 547",
  "credits": "ENERGY",
  "description": "Environmental decisions include trade-offs. Policy choices for sustainably providing Earth's eight billion people with food, energy, and water are urgently needed. Policy sectors (such as food) risk outcomes that are not beneficial, and impose long-term costs and potential catastrophic climate burdens. This transdisciplinary course examines emerging integrated policies concerning provision of food, energy, and water and their relationship to climate.",
  "prerequisites": []
}, {
  "corequisites": [],
  "course_name": "MARINE POLICY IN THE UNITED STATES",
  "course_number": "PPOL 548",
  "credits": "4",
  "description": "Introduces students to the history, rationale, achievements, and gaps in American ocean and coastal policy. Students will acquire foundational tools of policy problem solving, critique, and analysis, and will synthesize and apply their knowledge creatively to propose integrated policy solutions to specific contemporary marine issues.",
  "prerequisites": []
}, {
  "corequisites": [],
  "course_name": "LEADERSHIP LESSONS FROM HIGHER EDUCATION",
  "course_number": "PPOL 550",
  "credits": "4",
  "description": "Analyze leadership theories based on traits, skills, authenticity, situational, servant, inclusive, and transformational leadership models. Examine case studies, empirical evidence and problem sets addressing leadership challenges.",
  "prerequisites": []
}, {
  "corequisites": [],
  "course_name": "INTERNATIONAL COMPARATIVE RURAL POLICY",
  "course_number": "PPOL 552",
  "credits": "4",
  "description": "Examines and compares the role of rural policy in different cultural, political and administrative contexts at the international, national, state, regional and local levels. The course also provides the opportunity to study the nature and implications of new forms of governance in rural contexts in North America and Europe.",
  "prerequisites": []
}, {
  "corequisites": [],
  "course_name": "INTERNATIONAL DEVELOPMENT POLICY",
  "course_number": "PPOL 553",
  "credits": "4",
  "description": "Explores the challenges, debates and policy mechanisms related to effective economic development and humanitarian aid for developing countries. CROSSLISTED as PPOL 453/PS 453 and PPOL 553/PS 553.",
  "prerequisites": []
}, {
  "corequisites": [],
  "course_name": "PUBLIC POLICY THROUGH THE LENS OF DIVERSITY",
  "course_number": "PPOL 554",
  "credits": "EQUITY",
  "description": "Examines complex identities and social groups and highlights how they face unique challenges due to the systems of power at work, both in current and past political, economic, and social frameworks. Encourages students to bring their own perspectives and lived experiences to the course and leaves them with a broader understanding of how the public service sector interacts with these identities.",
  "prerequisites": []
}, {
  "corequisites": [],
  "course_name": "HOUSING POLICY",
  "course_number": "PPOL 555",
  "credits": "4",
  "description": "Analyzes U.S. federal, state, and local housing policies, and policies that impact housing. Draws broadly from multiple social science disciplines, focusing on consequences, intended and unintended, of policies, while examining promising policy developments aimed at improving housing adequacy, equality, and accessibility. Provides insights on rural v. urban and international comparisons, employing theory and multiple methodologies.",
  "prerequisites": []
}, {
  "corequisites": [],
  "course_name": "PROTESTS AND SOCIAL CHANGE",
  "course_number": "PPOL 571",
  "credits": "4",
  "description": "Introduces core theoretical and methodological issues related to social movements in the US and abroad. Emphasizes social forces giving rise to movements, tactics employed by movements, and impacts of them on society. CROSSLISTED as PPOL 471/SOC 471 and PPOL 571/SOC 571.",
  "prerequisites": []
}, {
  "corequisites": [],
  "course_name": "INTERNATIONAL ENERGY POLITICS AND POLICY",
  "course_number": "PPOL 574",
  "credits": "4",
  "description": "Addresses international energy policies and politics, including trends and socio-political challenges impacting the diversity of global energy sources. CROSSLISTED as PPOL 574/PS 574.",
  "prerequisites": []
}, {
  "corequisites": [],
  "course_name": "SPECIAL TOPICS",
  "course_number": "PPOL 599",
  "credits": "1-4",
  "description": "",
  "prerequisites": []
}, {
  "corequisites": [],
  "course_name": "INDEPENDENT STUDY",
  "course_number": "PPOL 602",
  "credits": "1-4",
  "description": "",
  "prerequisites": []
}, {
  "corequisites": [],
  "course_name": "THESIS",
  "course_number": "PPOL 603",
  "credits": "1-12",
  "description": "",
  "prerequisites": []
}, {
  "corequisites": [],
  "course_name": "SEMINAR",
  "course_number": "PPOL 607",
  "credits": "1-4",
  "description": "",
  "prerequisites": []
}, {
  "corequisites": [],
  "course_name": "PRACTICUM",
  "course_number": "PPOL 609",
  "credits": "1-12",
  "description": "",
  "prerequisites": []
}, {
  "corequisites": [],
  "course_name": "ADVANCED POLICY THEORY I",
  "course_number": "PPOL 613",
  "credits": "4",
  "description": "First of two-class series introducing a comprehensive review of public policy theory focused on examining theoretical approaches to understanding the complex and contentious assumptions and premises that pose challenges to the way we conduct public policy.",
  "prerequisites": []
}, {
  "corequisites": [],
  "course_name": "ADVANCED POLICY THEORY II",
  "course_number": "PPOL 614",
  "credits": "4",
  "description": "Second course in a two-course series providing a comprehensive review of public policy theory. The course examines theoretical approaches to understanding the complex and contentious assumptions and premises that pose challenges to the way we conduct public policy.",
  "prerequisites": []
}, {
  "corequisites": [],
  "course_name": "ADVANCED QUANTITATIVE METHODS",
  "course_number": "PPOL 621",
  "credits": "4",
  "description": "Methods used in research in the social sciences, focused on causal inference in public policy contexts. Covers methods used at the frontier of research to estimate the causal effect of policies on outcomes, including instrumental variables, regression discontinuity, and difference-in-differences estimation.",
  "prerequisites": []
}, {
  "corequisites": [],
  "course_name": "ADVANCED POLICY ANALYSIS",
  "course_number": "PPOL 622",
  "credits": "4",
  "description": "Introduction to advanced quantitative modeling used in policy analysis, with an emphasis on the application of modeling techniques to research papers. Focus is predominantly on counts and zero-truncated modeling, time series, and panel regression.",
  "prerequisites": [["ECON 524"], ["PPOL 522", "PPOL 621", "AEC 523"], ["AEC 525"]]
}, {
  "corequisites": [],
  "course_name": "ADVANCED QUALITATIVE METHODS",
  "course_number": "PPOL 628",
  "credits": "4",
  "description": "Focus on epistemological approaches, research design, data analysis techniques and critiques of qualitative research, with emphasis on participant observation and interviewing. Culminates in the written and oral presentation of a qualitative research proposal, including preliminary results from fieldwork conducted during the course.",
  "prerequisites": [["ANTH 591", "HDFS 538", "PPOL 523", "SOC 518"]]
}, {
  "corequisites": [],
  "course_name": "SPECIAL TOPICS",
  "course_number": "PPOL 699",
  "credits": "1-16",
  "description": "",
  "prerequisites": []
}]