[{
  "corequisites": [],
  "course_name": "*INTRODUCTION TO QUEER STUDIES",
  "course_number": "QS 262",
  "credits": "3",
  "description": "Centering itself on activism and scholarship, this course examines homophobia's and transphobia's relationship with racism, colonialism, sexism, ableism, classism and other forms of oppression. Introduces key concepts, histories, and political frameworks within Lesbian, Gay, Bisexual, Transgender, and Queer political movements. CROSSLISTED as QS 262/WGSS 262. (Bacc Core Course)",
  "prerequisites": []
}, {
  "corequisites": [],
  "course_name": "*INTRODUCTION TO QUEER STUDIES",
  "course_number": "QS 262H",
  "credits": "3",
  "description": "Centering itself on activism and scholarship, this course examines homophobia's and transphobia's relationship with racism, colonialism, sexism, ableism, classism and other forms of oppression. Introduces key concepts, histories, and political frameworks within Lesbian, Gay, Bisexual, Transgender, and Queer political movements. CROSSLISTED as QS 262/WGSS 262. (Bacc Core Course).",
  "prerequisites": []
}, {
  "corequisites": [],
  "course_name": "SPECIAL TOPICS",
  "course_number": "QS 299",
  "credits": "3",
  "description": "",
  "prerequisites": []
}, {
  "corequisites": [],
  "course_name": "*QUEER POP CULTURE",
  "course_number": "QS 321",
  "credits": "3",
  "description": "Examines the concept of Queer popular culture through film, music, TV, image, and other mediums. Seeks to disrupt dominant discourses around gender and sexuality by centralizing women of color feminisms and queer of color critiques to analyze popular representations of gender, sexuality, race, class, disability, and other social locations. CROSSLISTED as QS 321/WGSS 321. (Bacc Core Course)",
  "prerequisites": []
}, {
  "corequisites": [],
  "course_name": "*SERVING LGBTQ+ COMMUNITIES",
  "course_number": "QS 362",
  "credits": "3",
  "description": "Engages the ethics and responsibilities involved in serving LGBTQ+ communities in fields such as education, health, law, and social services for those entering and/or continuing professions in fields that historically underserve LGBTQ+ people. Topics include LGBTQ+ youth; LGBTQ+ elders; issues affecting LGBTQ+ people across their lifespans; approaches to cultural competency; violence against LGBTQ+ people, forms of oppression including heterosexism, homophobia, and transphobia; and LGBTQ+ community resilience. CROSSLISTED as QS 362/WGSS 362. (Bacc Core Course)",
  "prerequisites": []
}, {
  "corequisites": [],
  "course_name": "*TRANSGENDER POLITICS",
  "course_number": "QS 364",
  "credits": "3",
  "description": "Addresses transgender politics--including non-binary and gender non-conforming issues--through feminist and intersectional approaches by analyzing transgender theories, arts, and activism. CROSSLISTED as QS 364/WGSS 364.",
  "prerequisites": []
}, {
  "corequisites": [],
  "course_name": "*TRANSGENDER POLITICS",
  "course_number": "QS 364H",
  "credits": "3",
  "description": "Addresses transgender politics--including non-binary and gender non-conforming issues--through feminist and intersectional approaches by analyzing transgender theories, arts, and activism. CROSSLISTED as QS 364/WGSS 364.",
  "prerequisites": []
}, {
  "corequisites": [],
  "course_name": "*ARTS AND SOCIAL JUSTICE",
  "course_number": "QS 375",
  "credits": "4",
  "description": "Explores concepts of structural inequality, difference, power, and discrimination through a critical survey of arts activism. Think critically about artwork and artists which address a number of social issues in the United States, including race, ethnicity, class, gender, sexuality, immigration, and indigeneity. CROSSLISTED as ES 375/QS 375/WGSS 375.",
  "prerequisites": []
}, {
  "corequisites": [],
  "course_name": "SPECIAL TOPICS IN QUEER STUDIES",
  "course_number": "QS 399",
  "credits": "3",
  "description": "",
  "prerequisites": []
}, {
  "corequisites": [],
  "course_name": "PRACTICUM: PROJECTS IN QUEER STUDIES",
  "course_number": "QS 409",
  "credits": "1-12",
  "description": "Capstone projects bring theory into practice through research, design, and implementation of a project that synthesizes and demonstrates learning in the Queer Studies program.",
  "prerequisites": []
}, {
  "corequisites": [],
  "course_name": "*QUEER OF COLOR CRITIQUES",
  "course_number": "QS 431",
  "credits": "4",
  "description": "\"Queer of color critiques\" refers to political theories and activism that emerge from LGBTQ people of color to examine the intersections between race, sexuality and gender. Addresses these intersections through theory, history, and activism. CROSSLISTED as ES 431/QS 431/WGSS 431 and ES 531/QS 531/WGSS 531.",
  "prerequisites": []
}, {
  "corequisites": [],
  "course_name": "*GENDER",
  "course_number": "QS 432",
  "credits": "SEXUALITY",
  "description": "A creative and discussion-based course focusing on ways in which photography can and has addressed issues of gender and sexuality. An introduction to key concepts and intersections in Women's, Gender and Sexuality Studies; Queer Studies and photography theory. Create written and photographic responses to artworks, texts, personal experience and pop-culture. CROSSLISTED as ART 432/QS 432/WGSS 432 and ART 532/QS 532.",
  "prerequisites": []
}, {
  "corequisites": [],
  "course_name": "INDIGENOUS FEMINISMS",
  "course_number": "QS 449",
  "credits": "4",
  "description": "Explores Indigenous feminisms as well as some of the issues facing Indigenous women in the Americas and Pacific Islands. Relates Indigenous feminisms to the complexity of federal law and policies as well as land struggles between Indigenous communities and contemporary settler colonial nations. Raises awareness of current Indigenous struggles as well as Indigenous feminist responses and resistance to these same struggles.",
  "prerequisites": []
}, {
  "corequisites": [],
  "course_name": "*QUEER THEORIES",
  "course_number": "QS 462",
  "credits": "4",
  "description": "Engages key themes and critical frameworks in queer theories. Topics include histories of sexuality; forms of oppression, including heterosexism, homophobia, and transphobia; resistance to oppression; violence against LGBTQ people; queer activism; diverse experiences of sexuality; and representations in literature, art, and popular media. CROSSLISTED as QS 462/WGSS 462 and QS 562/WGSS 562.",
  "prerequisites": []
}, {
  "corequisites": [],
  "course_name": "^INDIGENOUS TWO-SPIRIT AND QUEER STUDIES",
  "course_number": "QS 472",
  "credits": "4",
  "description": "\"Two-spirit\" refers to North American indigenous genders outside of European male/female binaries. Two-spirit communities argue for decolonization as a central political struggle, calling all people to unlearn settler colonial gender/sexuality on Native land. Addresses indigenous two-spirit/GLBTQ issues through theory, literature, activism, and art. CROSSLISTED as QS 472/WGSS 472.",
  "prerequisites": []
}, {
  "corequisites": [],
  "course_name": "TRANSGENDER LIVES",
  "course_number": "QS 473",
  "credits": "4",
  "description": "With a particular focus on transgender people of color and transnational constructions of gender, engages issues in the lives of Transgender people through autobiography, memoir, biography, poetry, and documentary film. CROSSLISTED as QS 473/WGSS 473 and QS 573/WGSS 573.",
  "prerequisites": []
}, {
  "corequisites": [],
  "course_name": "*TRANSNATIONAL SEXUALITIES",
  "course_number": "QS 476",
  "credits": "4",
  "description": "Explores contemporary experiences of sexualities within transnational contexts. Analyzes themes including queer and LGBTQI organizing, same-sex desires, queer transnational immigration and labor flows, sex industries and discourses of trafficking, sex tourism, and reproductive justice, using feminist, queer, and postcolonial theoretical frameworks. CROSSLISTED as QS 476/WGSS 476 and QS 576/WGSS 576.",
  "prerequisites": [["QS 262", "QS 262H", "WGSS 262", "WGSS 262H"]]
}, {
  "corequisites": [],
  "course_name": "QUEER/TRANS PEOPLE OF COLOR ARTS AND ACTIVISM",
  "course_number": "QS 477",
  "credits": "4",
  "description": "LGBTQ people of color often engage struggles for social justice through artistic movements. Focuses on arts by LGBTQ people of color and the way these artistic movements contribute to activism that interrupts interlocking systems of oppression. CROSSLISTED as ES 477/QS 477/WGSS 477 and ES 577/QS 577/WGSS 577.",
  "prerequisites": []
}, {
  "corequisites": [],
  "course_name": "SPECIAL TOPICS IN QUEER STUDIES",
  "course_number": "QS 499",
  "credits": "4",
  "description": "Topics in gay, lesbian, bisexual, transgender, and queer issues and scholarship. May be repeated for credit when topic varies.",
  "prerequisites": []
}, {
  "corequisites": [],
  "course_name": "TRANS/GENDER POLITICS",
  "course_number": "QS 524",
  "credits": "4",
  "description": "Addresses transgender politics--including transsexual, genderqueer, and gender non-conforming issues--through feminist and intersectional approaches by analyzing transgender theories, arts, and activism. CROSSLISTED as QS 524/WGSS 524.",
  "prerequisites": []
}, {
  "corequisites": [],
  "course_name": "QUEER OF COLOR CRITIQUES",
  "course_number": "QS 531",
  "credits": "4",
  "description": "\"Queer of color critiques\" refers to political theories and activism that emerge from LGBTQ people of color to examine the intersections between race, sexuality and gender. Addresses these intersections through theory, history, and activism. CROSSLISTED as ES 431/QS 431/WGSS 431 and ES 531/QS 531/WGSS 531.",
  "prerequisites": []
}, {
  "corequisites": [],
  "course_name": "GENDER",
  "course_number": "QS 532",
  "credits": "SEXUALITY",
  "description": "A creative and discussion-based course focusing on ways in which photography can and has addressed issues of gender and sexuality. An introduction to key concepts and intersections in Women's, Gender and Sexuality Studies; Queer Studies and photography theory. Create written and photographic responses to artworks, texts, personal experience and pop-culture. CROSSLISTED as ART 432/QS 432/WGSS 432 and ART 532/QS 532.",
  "prerequisites": []
}, {
  "corequisites": [],
  "course_name": "INDIGENOUS FEMINISMS",
  "course_number": "QS 549",
  "credits": "4",
  "description": "Explores Indigenous feminisms as well as some of the issues facing Indigenous women in the Americas and Pacific Islands. Relates Indigenous feminisms to the complexity of federal law and policies as well as land struggles between Indigenous communities and contemporary settler colonial nations. Raises awareness of current Indigenous struggles as well as Indigenous feminist responses and resistance to these same struggles.",
  "prerequisites": []
}, {
  "corequisites": [],
  "course_name": "QUEER THEORIES",
  "course_number": "QS 562",
  "credits": "4",
  "description": "Engages key themes and critical frameworks in queer theories. Topics include histories of sexuality; forms of oppression, including heterosexism, homophobia, and transphobia; resistance to oppression; violence against LGBTQ people; queer activism; diverse experiences of sexuality; and representations in literature, art, and popular media. CROSSLISTED as QS 462/WGSS 462 and QS 562/WGSS 562.",
  "prerequisites": []
}, {
  "corequisites": [],
  "course_name": "INDIGENOUS TWO-SPIRIT AND QUEER STUDIES",
  "course_number": "QS 572",
  "credits": "4",
  "description": "\"Two-spirit\" refers to North American indigenous genders outside of European male/female binaries. Two-spirit communities argue for decolonization as a central political struggle, calling all people to unlearn settler colonial gender/sexuality on Native land. Addresses indigenous two-spirit/GLBTQ issues through theory, literature, activism, and art. CROSSLISTED as QS 472/WGSS 472 and QS 572/WGSS 572.",
  "prerequisites": []
}, {
  "corequisites": [],
  "course_name": "TRANSGENDER LIVES",
  "course_number": "QS 573",
  "credits": "4",
  "description": "With a particular focus on transgender people of color and transnational constructions of gender, engages issues in the lives of Transgender people through autobiography, memoir, biography, poetry, and documentary film. CROSSLISTED as QS 473/WGSS 473 and QS 573/WGSS 573.",
  "prerequisites": []
}, {
  "corequisites": [],
  "course_name": "TRANSNATIONAL SEXUALITIES",
  "course_number": "QS 576",
  "credits": "4",
  "description": "Explores contemporary experiences of sexualities within transnational contexts. Analyzes themes including queer and LGBTQI organizing, same-sex desires, queer transnational immigration and labor flows, sex industries and discourses of trafficking, sex tourism, and reproductive justice, using feminist, queer, and postcolonial theoretical frameworks. CROSSLISTED as QS 476/WGSS 476 and QS 576/WGSS 576.",
  "prerequisites": []
}, {
  "corequisites": [],
  "course_name": "QUEER/TRANS PEOPLE OF COLOR ARTS AND ACTIVISM",
  "course_number": "QS 577",
  "credits": "4",
  "description": "LGBTQ people of color often engage struggles for social justice through artistic movements. Focuses on arts by LGBTQ people of color and the way these artistic movements contribute to activism that interrupts interlocking systems of oppression. CROSSLISTED as ES 477/QS 477/WGSS 477 and ES 577/QS 577/WGSS 577.",
  "prerequisites": []
}, {
  "corequisites": [],
  "course_name": "SPECIAL TOPICS IN QUEER STUDIES",
  "course_number": "QS 599",
  "credits": "4",
  "description": "Topics in gay, lesbian, bisexual, transgender, and queer issues and scholarship. May be repeated for credit when topic varies.",
  "prerequisites": []
}]