[{
  "corequisites": [],
  "course_name": "SPECIAL TOPICS",
  "course_number": "SE 199",
  "credits": "0-16",
  "description": "",
  "prerequisites": []
}, {
  "corequisites": [],
  "course_name": "SOFTWARE DEVELOPMENT I",
  "course_number": "SE 201",
  "credits": "4",
  "description": "Introduces collaborative software development of larger, object-oriented systems. Explores software architecture, and the tools, principles, and practice of modern software development.",
  "prerequisites": [["CS 162", "CS 162H"]]
}, {
  "corequisites": [],
  "course_name": "SPECIAL TOPICS",
  "course_number": "SE 299",
  "credits": "0-16",
  "description": "",
  "prerequisites": []
}, {
  "corequisites": [],
  "course_name": "SOFTWARE ENGINEERING III",
  "course_number": "SE 303",
  "credits": "4",
  "description": "Introduction to refactoring techniques and improving the quality and maintainability of software. Applying continuous integration and deployment tools; containers and virtual development environments.",
  "prerequisites": [["CS 362", "CS 362H"]]
}, {
  "corequisites": [],
  "course_name": "SPECIAL TOPICS",
  "course_number": "SE 399",
  "credits": "0-16",
  "description": "",
  "prerequisites": []
}, {
  "corequisites": [],
  "course_name": "BUSINESS OF SOFTWARE II",
  "course_number": "SE 467",
  "credits": "4",
  "description": "Become an entrepreneur. Start a real software business, from ideation to sales. Real-world, hands-on learning in a fast-paced startup environment. Development of product ideas, hypotheses, and business models to discover customers. Teamwork, management, and positioning for investment.",
  "prerequisites": [["CS 466"]]
}, {
  "corequisites": [],
  "course_name": "SPECIAL TOPICS",
  "course_number": "SE 499",
  "credits": "0-16",
  "description": "",
  "prerequisites": []
}]