[{
  "corequisites": [],
  "course_name": "RESEARCH",
  "course_number": "SED 401",
  "credits": "1-16",
  "description": "",
  "prerequisites": []
}, {
  "corequisites": [],
  "course_name": "READING AND CONFERENCE",
  "course_number": "SED 405",
  "credits": "1-16",
  "description": "",
  "prerequisites": []
}, {
  "corequisites": [],
  "course_name": "PROJECTS",
  "course_number": "SED 406",
  "credits": "1-16",
  "description": "",
  "prerequisites": []
}, {
  "corequisites": [],
  "course_name": "SEMINAR",
  "course_number": "SED 407",
  "credits": "1-16",
  "description": "",
  "prerequisites": []
}, {
  "corequisites": [],
  "course_name": "FIELD PRACTICUM: SCIENCE AND MATHEMATICS",
  "course_number": "SED 409",
  "credits": "3",
  "description": "",
  "prerequisites": []
}, {
  "corequisites": [],
  "course_name": "INQUIRY IN SCIENCE AND SCIENCE EDUCATION",
  "course_number": "SED 413",
  "credits": "3",
  "description": "Investigates inquiry and the nature of inquiry in science as it relates to science education. Examines issues relating to integrating scientific understandings and practice into K-12 instruction.",
  "prerequisites": []
}, {
  "corequisites": [],
  "course_name": "INQUIRY IN MATHEMATICS AND MATHEMATICS EDUCATION",
  "course_number": "SED 414",
  "credits": "3",
  "description": "Investigation of mathematics as it relates to mathematics education. Students will examine issues related to integrating mathematical understanding, mathematics standards/curricula, and mathematics-specific strategies in K-12 instruction.",
  "prerequisites": []
}, {
  "corequisites": [],
  "course_name": "STRATEGIES FOR TEACHING MATHEMATICS",
  "course_number": "SED 452",
  "credits": "3",
  "description": "Explores the teaching of mathematics in multiple-subjects classrooms in a manner consistent with current research and standards. Utilizes an investigative approach to learn about planning, implementing, and creating linguistically and culturally sustaining mathematical learning for all students.",
  "prerequisites": []
}, {
  "corequisites": [],
  "course_name": "STRATEGIES FOR TEACHING SCIENCE",
  "course_number": "SED 453",
  "credits": "3",
  "description": "Explores the teaching of science in multiple-subjects classrooms in a manner consistent with current research and standards. Utilizes an investigative approach to learn about planning, implementing, and creating linguistically and culturally sustaining scientific learning for all students.",
  "prerequisites": []
}, {
  "corequisites": [],
  "course_name": "SCIENCE AND THE NATURE OF INQUIRY",
  "course_number": "SED 459",
  "credits": "3",
  "description": "Focuses on inquiry approaches to the teaching and learning of science. Development of teaching strategies including materials and resources for teaching science using an inquiry approach as well as more teacher-directed approaches.",
  "prerequisites": []
}, {
  "corequisites": [],
  "course_name": "SPECIAL TOPICS",
  "course_number": "SED 499",
  "credits": "3",
  "description": "",
  "prerequisites": []
}, {
  "corequisites": [],
  "course_name": "RESEARCH",
  "course_number": "SED 501",
  "credits": "1-16",
  "description": "",
  "prerequisites": []
}, {
  "corequisites": [],
  "course_name": "THESIS",
  "course_number": "SED 503",
  "credits": "1-16",
  "description": "",
  "prerequisites": []
}, {
  "corequisites": [],
  "course_name": "READING AND CONFERENCE",
  "course_number": "SED 505",
  "credits": "1-16",
  "description": "",
  "prerequisites": []
}, {
  "corequisites": [],
  "course_name": "PROJECTS",
  "course_number": "SED 506",
  "credits": "1-16",
  "description": "",
  "prerequisites": []
}, {
  "corequisites": [],
  "course_name": "SEMINAR",
  "course_number": "SED 507",
  "credits": "1-16",
  "description": "",
  "prerequisites": []
}, {
  "corequisites": [],
  "course_name": "WORKSHOP",
  "course_number": "SED 508",
  "credits": "1-16",
  "description": "",
  "prerequisites": []
}, {
  "corequisites": [],
  "course_name": "PRACTICUM",
  "course_number": "SED 509",
  "credits": "1-16",
  "description": "",
  "prerequisites": []
}, {
  "corequisites": [],
  "course_name": "PROFESSIONAL INTERNSHIP: SCIENCE OR MATHEMATICS EDUCATION",
  "course_number": "SED 510",
  "credits": "1-16",
  "description": "",
  "prerequisites": []
}, {
  "corequisites": [],
  "course_name": "ASSESSMENT FOR LEARNING",
  "course_number": "SED 511",
  "credits": "3",
  "description": "Develops pedagogical content knowledge for planning, supporting and administering assessment of and for learning and equity in science/mathematics classrooms (grades 6-12).",
  "prerequisites": []
}, {
  "corequisites": [],
  "course_name": "INQUIRY IN SCIENCE AND MATHEMATICS EDUCATION",
  "course_number": "SED 516",
  "credits": "3",
  "description": "Investigates inquiry and the nature of inquiry in science and mathematics as it relates to education. Examines issues relating to integrating scientific and mathematical understandings and practices in K-12 education.",
  "prerequisites": []
}, {
  "corequisites": [],
  "course_name": "STRATEGIES FOR TEACHING MATHEMATICS",
  "course_number": "SED 552",
  "credits": "3",
  "description": "Explores the teaching of mathematics in multiple-subjects classrooms in a manner consistent with current research and standards. Utilizes an investigative approach to learn about planning, implementing, and creating linguistically and culturally sustaining mathematical learning for all students.",
  "prerequisites": []
}, {
  "corequisites": [],
  "course_name": "STRATEGIES FOR TEACHING SCIENCE",
  "course_number": "SED 553",
  "credits": "3",
  "description": "Explores the teaching of science in multiple-subjects classrooms in a manner consistent with current research and standards. Utilizes an investigative approach to learn about planning, implementing, and creating linguistically and culturally sustaining scientific learning for all students.",
  "prerequisites": []
}, {
  "corequisites": [],
  "course_name": "SCIENCE PEDAGOGY AND TECHNOLOGY I",
  "course_number": "SED 573",
  "credits": "4",
  "description": "Develops pedagogical content knowledge for supporting grades 6-12 science instruction in the following areas: equitable and ambitious science teaching, learning theories, nature of science, language of science, and technology integration.",
  "prerequisites": []
}, {
  "corequisites": [],
  "course_name": "MATHEMATICS PEDAGOGY AND TECHNOLOGY I",
  "course_number": "SED 574",
  "credits": "4",
  "description": "Develops knowledge, skills, and dispositions for teaching diverse youth in grades 6-12 mathematics. Supports imagining and enacting ways that schooling and instruction can disrupt inequality. Interrogates ways that schooling and mathematics instruction has perpetuated educational injustices. Infuses investigation of multiple forms of knowledge creation through research-practice multi-media.",
  "prerequisites": []
}, {
  "corequisites": [],
  "course_name": "MATHEMATICS PEDAGOGY AND TECHNOLOGY II",
  "course_number": "SED 576",
  "credits": "4",
  "description": "Continues to develop pedagogical content knowledge, skills, and dispositions for teaching diverse youth in grades 6-12 mathematics. Shifts from applying and synthesizing ideas in SED 574 to evaluating and justifying critical teaching and learning goals in SED 576. Interrogates how mathematics instruction has perpetuated educational injustices through course core readings. Continues to support creating and enacting ways that schooling and instruction can disrupt inequality using research-practice multi-media.",
  "prerequisites": [["SED 574"]]
}, {
  "corequisites": [],
  "course_name": "SCIENCE PEDAGOGY AND TECHNOLOGY II",
  "course_number": "SED 577",
  "credits": "4",
  "description": "Develops pedagogical content knowledge for supporting grades 6-12 science instruction. Explores equitable and ambitious science teaching, learning theory, nature of science, and technology integration.",
  "prerequisites": [["SED 573"]]
}, {
  "corequisites": [],
  "course_name": "TOPICS IN SCIENCE EDUCATION",
  "course_number": "SED 599",
  "credits": "3",
  "description": "",
  "prerequisites": []
}, {
  "corequisites": [],
  "course_name": "RESEARCH",
  "course_number": "SED 601",
  "credits": "1-16",
  "description": "",
  "prerequisites": []
}, {
  "corequisites": [],
  "course_name": "DISSERTATION",
  "course_number": "SED 603",
  "credits": "1-16",
  "description": "",
  "prerequisites": []
}, {
  "corequisites": [],
  "course_name": "READING AND CONFERENCE",
  "course_number": "SED 605",
  "credits": "1-16",
  "description": "",
  "prerequisites": []
}, {
  "corequisites": [],
  "course_name": "PROJECTS",
  "course_number": "SED 606",
  "credits": "1-16",
  "description": "",
  "prerequisites": []
}, {
  "corequisites": [],
  "course_name": "SEMINAR",
  "course_number": "SED 607",
  "credits": "1-16",
  "description": "",
  "prerequisites": []
}, {
  "corequisites": [],
  "course_name": "WORKSHOP",
  "course_number": "SED 608",
  "credits": "1-16",
  "description": "",
  "prerequisites": []
}, {
  "corequisites": [],
  "course_name": "SURVEY OF RESEARCH ON TEACHING",
  "course_number": "SED 611",
  "credits": "3",
  "description": "Critical analysis of perspectives of research in science/math education with a focus on teaching as the unit of analysis.",
  "prerequisites": [["SED 580", "ED 620"]]
}, {
  "corequisites": [],
  "course_name": "LEARNING THEORY",
  "course_number": "SED 613",
  "credits": "3",
  "description": "Provides a critical overview and analysis of current theories of learning and development, beginning with a discussion about what learning is, how it has been viewed and studied over time, and how seminal theories inform an understanding of lifelong learning and its facilitation.",
  "prerequisites": [["SED 580", "ED 620"]]
}, {
  "corequisites": [],
  "course_name": "PRACTICUM IN MATHEMATICS/SCIENCE IN COLLEGE TEACHING",
  "course_number": "SED 615",
  "credits": "3",
  "description": "Supervised field practicum in college mathematics/science teaching.",
  "prerequisites": []
}, {
  "corequisites": [],
  "course_name": "SURVEY OF RESEARCH ON LEARNING",
  "course_number": "SED 621",
  "credits": "3",
  "description": "Critical analysis of perspectives on student thinking and learning in science/math education.",
  "prerequisites": [["SED 580", "ED 620"]]
}, {
  "corequisites": [],
  "course_name": "CURRICULUM THEORY",
  "course_number": "SED 623",
  "credits": "3",
  "description": "Establishes theoretical grounding of curriculum. Includes theoretical background, practical knowledge, and skills related to science and mathematics curriculum, including the history, curriculum theory and practice.",
  "prerequisites": [["SED 580", "ED 620"]]
}, {
  "corequisites": [],
  "course_name": "CRITICAL PEDAGOGY",
  "course_number": "SED 625",
  "credits": "3",
  "description": "Builds a foundation in critical pedagogy theory and practice. Includes reading of classic and contemporary literature by recognized thinkers in the fields of critical pedagogical studies, requiring careful evaluation of empirical research and synthesis to develop a coherent point of view. Develops methodologies for analyzing data using critical pedagogical theories and intersectional perspectives.",
  "prerequisites": []
}, {
  "corequisites": [],
  "course_name": "SPECIAL TOPICS",
  "course_number": "SED 699",
  "credits": "1-16",
  "description": "",
  "prerequisites": []
}, {
  "corequisites": [],
  "course_name": "WORKSHOP",
  "course_number": "SED 808",
  "credits": "1-16",
  "description": "",
  "prerequisites": []
}]