[{
  "corequisites": [],
  "course_name": "INTRODUCTION TO CROP",
  "course_number": "SOIL 101",
  "credits": "SOIL",
  "description": "Introduces students with interests in crop, soil, and insect sciences to educational and professional opportunities in these disciplines. Speakers will discuss opportunities in research and academia as well as in the applied professional job market. CROSSLISTED as CROP 101/ENT 101/SOIL 101.",
  "prerequisites": []
}, {
  "corequisites": [],
  "course_name": "SPECIAL TOPICS",
  "course_number": "SOIL 199",
  "credits": "1-16",
  "description": "",
  "prerequisites": []
}, {
  "corequisites": [],
  "course_name": "SPECIAL TOPICS",
  "course_number": "SOIL 199H",
  "credits": "1-16",
  "description": "",
  "prerequisites": []
}, {
  "corequisites": [],
  "course_name": "SOIL SCIENCE",
  "course_number": "SOIL 205",
  "credits": "3",
  "description": "Introduction to the chemical, physical and biological nature of soils. Examines how soils function in terms of plant growth, nutrient supply, the global carbon cycle, ecological habitat, and water purification. Community-based learning projects provide hands-on experience with fundamental soil science principles and the impact of human activities on soil quality and sustainability. (Bacc Core Course if taken with SOIL 206 or FOR 206)",
  "prerequisites": [["SOIL 206", "SOIL 206H", "FOR 206"]]
}, {
  "corequisites": [],
  "course_name": "SOIL SCIENCE",
  "course_number": "SOIL 205H",
  "credits": "3",
  "description": "Introduction to the chemical, physical and biological nature of soils. Examines how soils function in terms of plant growth, nutrient supply, the global carbon cycle, ecological habitat, and water purification. Community-based learning projects provide hands-on experience with fundamental soil science principles and the impact of human activities on soil quality and sustainability. (Bacc Core Course if taken with SOIL 206 or FOR 206)",
  "prerequisites": [["SOIL 206", "SOIL 206H", "FOR 206"]]
}, {
  "corequisites": [["SOIL 205"]],
  "course_name": "*SOIL SCIENCE LABORATORY FOR SOIL 205",
  "course_number": "SOIL 206",
  "credits": "1",
  "description": "Students will gain hands-on experience with soil science concepts and applications. Laboratory exercises and field trips will help students develop proficiency in the methods/tools for analyzing soil chemistry, biology, morphology, physical properties, and soil forming factors. Skills will be taught in the context of soils' social, economic, and environmental importance. (Bacc Core Course if taken with SOIL 205)",
  "prerequisites": []
}, {
  "corequisites": [["SOIL 205H"]],
  "course_name": "*SOIL SCIENCE LABORATORY FOR SOIL 205",
  "course_number": "SOIL 206H",
  "credits": "1",
  "description": "Students will gain hands-on experience with soil science concepts and applications. Laboratory exercises and field trips will help students develop proficiency in the methods/tools for analyzing soil chemistry, biology, morphology, physical properties, and soil forming factors. Skills will be taught in the context of soils' social, economic, and environmental importance. (Bacc Core Course if taken with SOIL 205)",
  "prerequisites": []
}, {
  "corequisites": [],
  "course_name": "SPECIAL TOPICS",
  "course_number": "SOIL 299",
  "credits": "1-16",
  "description": "",
  "prerequisites": []
}, {
  "corequisites": [],
  "course_name": "SPECIAL TOPICS",
  "course_number": "SOIL 299H",
  "credits": "1-16",
  "description": "",
  "prerequisites": []
}, {
  "corequisites": [],
  "course_name": "NUTRIENT CYCLING IN AGROECOSYSTEMS",
  "course_number": "SOIL 316",
  "credits": "4",
  "description": "Nutrient forms, transformations, and cycling. Diagnosis and correction of nutrient deficiencies, pH and salinity. Impact of nutrient management practices on crop production, soil health, nutrient use efficiency, and environmental quality. Organic and inorganic fertilization. Labs include soil sampling and testing procedures, data collection on soil and plants, computer applications for soil fertility management, and field trips.",
  "prerequisites": [["CH 121", "CH 231", "CH 231H"], ["SOIL 205", "SOIL 205H", "CSS 205", "CSS 305"]]
}, {
  "corequisites": [],
  "course_name": "^AG AND ENVIRONMENTAL PREDICAMENTS: A CASE STUDY APPROACH",
  "course_number": "SOIL 325",
  "credits": "3",
  "description": "Analyze controversial agricultural and environmental issues, synthesize information from diverse sources, and apply scientific knowledge to recommend specific courses of action to solve real world problems. Develop oral and written communication skills through individual and group work. CROSSLISTED as CROP 325/SOIL 325/SUS 325.",
  "prerequisites": []
}, {
  "corequisites": [],
  "course_name": "SOIL MANAGEMENT FOR ORGANIC PRODUCTION",
  "course_number": "SOIL 360",
  "credits": "3",
  "description": "This is a skills-based soil management course that is part lecture and part student-centered learning. Significant class time will be devoted to making field-scale management decisions. The course includes individual and group work, presentation, and discussion. The intent is to prepare students for real-world application of soil management decisions in certified organic systems. Using the National Organic Program as a starting point as well as farm system descriptions with extensive long-term data sets, we will interpret soil nutrient analyses, cover cropping systems, and organic amendments, to design soil management plans for two model cropping systems (annual and perennial).",
  "prerequisites": [["CSS 205", "CSS 305", "SOIL 205", "SOIL 205H"], ["SOIL 206", "SOIL 206H", "FOR 206"]]
}, {
  "corequisites": [],
  "course_name": "ECOSYSTEMS OF WILDLAND SOILS",
  "course_number": "SOIL 366",
  "credits": "3",
  "description": "Focuses on soils that occur in relatively undisturbed ecosystems such as forests and rangelands. Topics covered include properties and processes specific to understanding and managing the soil resource in these areas. An overview of US Soil Taxonomy will also be given.",
  "prerequisites": [["SOIL 205", "SOIL 205H", "CSS 205", "CSS 305"]]
}, {
  "corequisites": [],
  "course_name": "SOIL SYSTEMS AND PLANT GROWTH",
  "course_number": "SOIL 388",
  "credits": "4",
  "description": "Introduces soils as providers of critical resources for plant growth. Explains how soils supply water, air, thermal energy and nutrients to plants. Shows that sustainable management of soil resources requires substantial understanding of their role in the functioning of natural, forest, and agricultural systems. Explains controls on stocks and availabilities of individual soil resources and mechanisms making these resources plant-available.",
  "prerequisites": [["SOIL 205", "SOIL 205H"], ["SOIL 206", "SOIL 206H", "FOR 206", "CSS 205"], ["CH 121", "CH 231", "CH 231H"], ["BOT 220", "BI 204", "BI 205", "BI 206", "BI 211", "BI 212", "BI 213", "BI 211H", "BI 212H", "BI 213H", "BI 221", "BI 222", "BI 223", "BI 221H", "BI 222H", "BI 223H"]]
}, {
  "corequisites": [],
  "course_name": "^WORLD SOIL RESOURCES",
  "course_number": "SOIL 395",
  "credits": "3",
  "description": "The properties, global distribution, and agricultural productivity of major world soil groups are described. Potentials for human-accelerated soil degradation are introduced for each soil group, and reasons for conflicting assessments of degradation are discussed.",
  "prerequisites": [["CH 121", "CH 122", "CH 123", "CH 201", "CH 202", "CH 231", "CH 231H", "CH 232", "CH 232H", "CH 233", "CH 233H"]]
}, {
  "corequisites": [],
  "course_name": "SPECIAL TOPICS",
  "course_number": "SOIL 399",
  "credits": "1-16",
  "description": "",
  "prerequisites": []
}, {
  "corequisites": [],
  "course_name": "RESEARCH",
  "course_number": "SOIL 401",
  "credits": "1-16",
  "description": "",
  "prerequisites": []
}, {
  "corequisites": [],
  "course_name": "THESIS",
  "course_number": "SOIL 403",
  "credits": "1-16",
  "description": "Independent, original study and preparation of a senior thesis.",
  "prerequisites": []
}, {
  "corequisites": [],
  "course_name": "READING AND CONFERENCE",
  "course_number": "SOIL 405",
  "credits": "1-16",
  "description": "",
  "prerequisites": []
}, {
  "corequisites": [],
  "course_name": "READING AND CONFERENCE",
  "course_number": "SOIL 405H",
  "credits": "1-16",
  "description": "",
  "prerequisites": []
}, {
  "corequisites": [],
  "course_name": "SEMINAR",
  "course_number": "SOIL 407",
  "credits": "1",
  "description": "",
  "prerequisites": []
}, {
  "corequisites": [],
  "course_name": "WORKSHOP",
  "course_number": "SOIL 408",
  "credits": "1-16",
  "description": "Evaluation and judging of soils in Oregon and other states; directed studies of soil morphology, soil survey, soil fertility, soil physics, soil chemistry, soil biology, and soil information systems.",
  "prerequisites": []
}, {
  "corequisites": [],
  "course_name": "PRACTICUM",
  "course_number": "SOIL 409",
  "credits": "1-16",
  "description": "",
  "prerequisites": []
}, {
  "corequisites": [],
  "course_name": "INTERNSHIP",
  "course_number": "SOIL 410",
  "credits": "1-6",
  "description": "Professional work experience previously approved and supervised by the department, written report required.",
  "prerequisites": []
}, {
  "corequisites": [],
  "course_name": "ORGANIC SOIL AND CROP MANAGEMENT",
  "course_number": "SOIL 430",
  "credits": "3",
  "description": "Explores organic soil and crop management, organic soil system management, soil microbiology under organic systems, cropping systems, organic cereal production systems, organic forage production system, organic horticultural systems management, organic field and horticulture cropping systems. CROSSLISTED as CROP 430/SOIL 430.",
  "prerequisites": []
}, {
  "corequisites": [],
  "course_name": "ENVIRONMENTAL SOIL PHYSICS",
  "course_number": "SOIL 435",
  "credits": "3",
  "description": "Covers principles of soil physical properties and processes as they relate to agricultural, hydrological and environmental problems.",
  "prerequisites": [["CSS 205", "CSS 305", "SOIL 205", "SOIL 205H"]]
}, {
  "corequisites": [],
  "course_name": "ENVIRONMENTAL SOIL CHEMISTRY",
  "course_number": "SOIL 445",
  "credits": "3",
  "description": "Emphasizes structural chemistry of clay minerals and organic matter, cation and anion exchange, and soil solution equilibria of soils. Ion exchange, mineral-solution equilibria, and adsorption reactions of silicate clays, oxides, and organic matter are emphasized. Covers the sorption behavior of environmental contaminants and the weathering reactions that govern the transport of reactive solutes through soils.",
  "prerequisites": [["CSS 205", "CSS 305", "SOIL 205", "SOIL 205H"], ["SOIL 206", "SOIL 206H", "FOR 206"], ["CH 122", "CH 202", "CH 232", "CH 232H"], ["CH 262", "CH 262H", "CH 272"]]
}, {
  "corequisites": [],
  "course_name": "BIOLOGY OF SOIL ECOSYSTEMS",
  "course_number": "SOIL 455",
  "credits": "4",
  "description": "Provides a detailed study of the organisms that live in the soil and their activities in the soil ecosystems, soil as a habitat for organisms, taxonomy and biology of soil organisms, fundamentals of nutrient cycles, special topics in soil biology, review basis of soil microbial and ecological principles.",
  "prerequisites": [["CSS 205", "CSS 305", "SOIL 205", "SOIL 205H"], ["SOIL 206", "SOIL 206H", "FOR 206"], ["BI 211", "BI 211H"], ["BI 212", "BI 212H"], ["BI 213", "BI 213H", "BI 221", "BI 221H"], ["BI 222", "BI 222H"], ["BI 223", "BI 223H", "BI 204"], ["BI 205"], ["BI 206"], ["CH 122", "CH 202", "CH 232", "CH 232H"], ["CH 262", "CH 262H", "CH 272"]]
}, {
  "corequisites": [],
  "course_name": "SOIL MORPHOLOGY AND CLASSIFICATION",
  "course_number": "SOIL 466",
  "credits": "4",
  "description": "Observation and description of soil properties in the field; writing soil profile descriptions; evaluating criteria that define features used to classify soils; using soil classification keys.",
  "prerequisites": [["SOIL 205", "SOIL 205H", "CSS 205", "CSS 305"]]
}, {
  "corequisites": [],
  "course_name": "SOIL LANDSCAPE ANALYSIS",
  "course_number": "SOIL 468",
  "credits": "4",
  "description": "Principles of soil geomorphology, soil stratigraphy, and surficial processes as applied to understanding the soil system and landscape scales. Emphasis on field observations of soils, geomorphic surfaces, and environment. Field project entails design of soil survey map units, field mapping and GIS cartographic techniques.",
  "prerequisites": [["SOIL 466", "CSS 466"]]
}, {
  "corequisites": [],
  "course_name": "SPECIAL TOPICS",
  "course_number": "SOIL 499",
  "credits": "1-16",
  "description": "",
  "prerequisites": []
}, {
  "corequisites": [],
  "course_name": "SPECIAL TOPICS",
  "course_number": "SOIL 499H",
  "credits": "1-16",
  "description": "",
  "prerequisites": []
}, {
  "corequisites": [],
  "course_name": "RESEARCH AND SCHOLARSHIP",
  "course_number": "SOIL 501",
  "credits": "1-16",
  "description": "",
  "prerequisites": []
}, {
  "corequisites": [],
  "course_name": "THESIS/DISSERTATION",
  "course_number": "SOIL 503",
  "credits": "1-16",
  "description": "",
  "prerequisites": []
}, {
  "corequisites": [],
  "course_name": "READING AND CONFERENCE",
  "course_number": "SOIL 505",
  "credits": "1-16",
  "description": "",
  "prerequisites": []
}, {
  "corequisites": [],
  "course_name": "PROJECTS",
  "course_number": "SOIL 506",
  "credits": "1-16",
  "description": "",
  "prerequisites": []
}, {
  "corequisites": [],
  "course_name": "SEMINAR",
  "course_number": "SOIL 507",
  "credits": "1-16",
  "description": "",
  "prerequisites": []
}, {
  "corequisites": [],
  "course_name": "WORKSHOP",
  "course_number": "SOIL 508",
  "credits": "1-16",
  "description": "Evaluation and judging of soils in Oregon and other states; directed studies of soil morphology, soil survey, soil fertility, soil physics, soil chemistry, soil biology, and soil information systems.",
  "prerequisites": []
}, {
  "corequisites": [],
  "course_name": "PRACTICUM IN TEACHING",
  "course_number": "SOIL 509",
  "credits": "1-3",
  "description": "Developing skills and competence in teaching under staff supervision; organization and presentation of instructional material by assisting in laboratory, recitation, and lectures. CROSSLISTED as CROP 509/ENT 509/PBG 509/SOIL 509.",
  "prerequisites": []
}, {
  "corequisites": [],
  "course_name": "INTERNSHIP",
  "course_number": "SOIL 510",
  "credits": "1-6",
  "description": "Professional work experience previously approved and supervised by the department, written report required.",
  "prerequisites": []
}, {
  "corequisites": [],
  "course_name": "SOIL: A NATURAL AND SOCIETAL RESOURCE",
  "course_number": "SOIL 511",
  "credits": "3",
  "description": "Serves degree- and non-degree-seeking graduate learners wanting soil science knowledge but having minimal science background. Understanding soil physical, chemical, and biological properties promotes informed soil management while supporting individual to global societal values. Established curriculum facilitates graduate degrees or certificates, continuing education, professional certification, and self-improvement goals. A highly interactive social media framework supports weekly student-student and instructor-student learning interactions.",
  "prerequisites": []
}, {
  "corequisites": [],
  "course_name": "METHODS OF SOIL ANALYSIS - FIELD",
  "course_number": "SOIL 512",
  "credits": "1",
  "description": "Recognition and quantitative description of soil properties in agroecosystems. Assessments of soil environments used for crop production in Oregon. Demonstration and practice of volumetric and bulk soil sampling techniques as well as the application of pedotransfer functions. Each participant will be responsible for analyzing at least one soil sample in the chemical level. Five-day duration with four overnight stays at campgrounds. Participants will use their own or borrowed camping equipment.",
  "prerequisites": []
}, {
  "corequisites": [],
  "course_name": "METHODS OF SOIL ANALYSIS - LABORATORY",
  "course_number": "SOIL 514",
  "credits": "2",
  "description": "Provide the theoretical background, as well as practical experience needed to plan, select, execute, and interpret soil chemical and physical analyses such as those typically used for nutrient management recommendations. Individual and group activities involve classroom presentations, as well as hands-on work in a teaching laboratory. Samples processed are those collected in SOIL 512, Methods of Soil Analysis - Field. Duration is five full work days.",
  "prerequisites": [["SOIL 512"]]
}, {
  "corequisites": [],
  "course_name": "SOIL FERTILITY MANAGEMENT",
  "course_number": "SOIL 515",
  "credits": "3",
  "description": "Management of plant nutrients in agronomic systems; diagnosis of nutrient availability and prediction of crop response to fertilizers; interactions between nutrient response and chemical, physical and biological properties of soils.",
  "prerequisites": []
}, {
  "corequisites": [],
  "course_name": "MINERAL-ORGANIC MATTER INTERACTIONS",
  "course_number": "SOIL 525",
  "credits": "3",
  "description": "Studies the fundamental properties of the mineral-organic interface and the mechanisms of interaction between mineral and organic soil properties.",
  "prerequisites": []
}, {
  "corequisites": [],
  "course_name": "ORGANIC SOIL AND CROP MANAGEMENT",
  "course_number": "SOIL 530",
  "credits": "3",
  "description": "Explores organic soil and crop management, organic soil system management, soil microbiology under organic systems, cropping systems, organic cereal production systems, organic forage production system, organic horticultural systems management, organic field and horticulture cropping systems. CROSSLISTED as CROP 530/SOIL 530.",
  "prerequisites": []
}, {
  "corequisites": [],
  "course_name": "SOIL PHYSICS",
  "course_number": "SOIL 535",
  "credits": "3",
  "description": "Theoretical elements of soil physical properties and processes related to agricultural, hydrological and environmental problems.",
  "prerequisites": []
}, {
  "corequisites": [],
  "course_name": "ENVIRONMENTAL SOIL CHEMISTRY",
  "course_number": "SOIL 545",
  "credits": "3",
  "description": "Emphasizes structural chemistry of clay minerals and organic matter, cation and anion exchange, and soil solution equilibria of soils. Ion exchange, mineral-solution equilibria, and adsorption reactions of silicate clays, oxides, and organic matter are emphasized. Covers the sorption behavior of environmental contaminants and the weathering reactions that govern the transport of reactive solutes through soils.",
  "prerequisites": []
}, {
  "corequisites": [],
  "course_name": "BIOLOGY OF SOIL ECOSYSTEMS",
  "course_number": "SOIL 555",
  "credits": "4",
  "description": "Provides a detailed study of the organisms that live in the soil and their activities in the soil ecosystems, soil as a habitat for organisms, taxonomy and biology of soil organisms, fundamentals of nutrient cycles, special topics in soil biology, review basis of soil microbial and ecological principles.",
  "prerequisites": []
}, {
  "corequisites": [],
  "course_name": "SOIL FOR EDUCATORS",
  "course_number": "SOIL 560",
  "credits": "3",
  "description": "Explores soil, its properties, and the use of soil as a medium for teaching broader concepts in science, math, and other subjects. Integrates curriculum development activities with opportunities to practice delivering soil-based lessons to diverse audiences.",
  "prerequisites": []
}, {
  "corequisites": [],
  "course_name": "SOIL MORPHOLOGY AND CLASSIFICATION",
  "course_number": "SOIL 566",
  "credits": "4",
  "description": "Observation and description of soil properties in the field; writing soil profile descriptions; evaluating criteria that define features used to classify soils; using soil classification keys.",
  "prerequisites": []
}, {
  "corequisites": [],
  "course_name": "SOIL LANDSCAPE ANALYSIS",
  "course_number": "SOIL 568",
  "credits": "4",
  "description": "Principles of soil geomorphology, soil stratigraphy, and surficial processes as applied to understanding the soil system at landscape scales. Emphasis on field observations of soils, geomorphic surfaces, and environment. Field project entails design of soil survey map units, field mapping and GIS cartographic techniques.",
  "prerequisites": [["CSS 566", "SOIL 566"]]
}, {
  "corequisites": [],
  "course_name": "SPECIAL TOPICS",
  "course_number": "SOIL 599",
  "credits": "1-16",
  "description": "",
  "prerequisites": []
}, {
  "corequisites": [],
  "course_name": "RESEARCH",
  "course_number": "SOIL 601",
  "credits": "1-16",
  "description": "",
  "prerequisites": []
}, {
  "corequisites": [],
  "course_name": "THESIS/DISSERTATION",
  "course_number": "SOIL 603",
  "credits": "1-16",
  "description": "",
  "prerequisites": []
}, {
  "corequisites": [],
  "course_name": "READING AND CONFERENCE",
  "course_number": "SOIL 605",
  "credits": "1-16",
  "description": "",
  "prerequisites": []
}, {
  "corequisites": [],
  "course_name": "PROJECTS",
  "course_number": "SOIL 606",
  "credits": "1-16",
  "description": "",
  "prerequisites": []
}, {
  "corequisites": [],
  "course_name": "SEMINAR",
  "course_number": "SOIL 607",
  "credits": "1-16",
  "description": "",
  "prerequisites": []
}, {
  "corequisites": [],
  "course_name": "WORKSHOP",
  "course_number": "SOIL 608",
  "credits": "1-16",
  "description": "",
  "prerequisites": []
}, {
  "corequisites": [],
  "course_name": "PRACTICUM IN TEACHING",
  "course_number": "SOIL 609",
  "credits": "1-3",
  "description": "Developing skills and competence in teaching under staff supervision; organization and presentation of instructional material by assisting in laboratory, recitation, and lectures.",
  "prerequisites": []
}, {
  "corequisites": [],
  "course_name": "SOIL MICROBIAL ECOLOGY",
  "course_number": "SOIL 645",
  "credits": "3",
  "description": "An advanced treatment of current topics in soil microbiology, with an emphasis on the ecology of soil microorganisms. Topics include the size, composition, diversity, and activity of soil microbial communities, linkage of microbial community structure to ecosystem functions, and applications of molecular biology to soil microbiology. Offered even years.",
  "prerequisites": []
}, {
  "corequisites": [],
  "course_name": "GLOBAL BIOGEOCHEMICAL CYCLES",
  "course_number": "SOIL 684",
  "credits": "4",
  "description": "An in-depth treatment of global biogeochemical cycles, focusing on cycles of carbon, oxygen, nitrogen, phosphorus, and sulfur in the atmosphere, hydrosphere, and lithosphere. CROSSLISTED as GEO 684/SOIL 684.",
  "prerequisites": []
}, {
  "corequisites": [],
  "course_name": "SPECIAL TOPICS",
  "course_number": "SOIL 699",
  "credits": "1-16",
  "description": "",
  "prerequisites": []
}]