[{
  "corequisites": [],
  "course_name": "FIRST-YEAR SPANISH",
  "course_number": "SPAN 111",
  "credits": "4",
  "description": "Develops novice level listening comprehension, speaking, reading, and writing skills in Spanish as guided by the national standards, known as the five Cs: Communication, Culture, Connections, Comparisons, and Context. Incorporates interpretive, interpersonal, and presentational elements. Taught in Spanish.",
  "prerequisites": []
}, {
  "corequisites": [],
  "course_name": "FIRST-YEAR SPANISH",
  "course_number": "SPAN 112",
  "credits": "4",
  "description": "Develops novice level listening comprehension, speaking, reading, and writing skills in Spanish as guided by the national standards, known as the five Cs: Communication, Culture, Connections, Comparisons, and Context. Incorporates interpretive, interpersonal, and presentational elements. Taught in Spanish.",
  "prerequisites": [["SPAN 111"]]
}, {
  "corequisites": [],
  "course_name": "FIRST-YEAR SPANISH",
  "course_number": "SPAN 113",
  "credits": "4",
  "description": "Develops novice level listening comprehension, speaking, reading, and writing skills in Spanish as guided by the national standards, known as the five Cs: Communication, Culture, Connections, Comparisons, and Context. Incorporates interpretive, interpersonal, and presentational elements. Taught in Spanish.",
  "prerequisites": [["SPAN 112"]]
}, {
  "corequisites": [],
  "course_name": "FIRST-YEAR SPANISH-COMPLETE SEQUENCE",
  "course_number": "SPAN 117",
  "credits": "12",
  "description": "Introduction to Spanish. Listening, speaking, reading, and writing skills developed. Students must take all twelve credits. Entire first-year sequence in eight weeks.",
  "prerequisites": []
}, {
  "corequisites": [],
  "course_name": "SPECIAL STUDIES",
  "course_number": "SPAN 199",
  "credits": "1-3",
  "description": "May be repeated for a maximum of 3 credits.",
  "prerequisites": []
}, {
  "corequisites": [],
  "course_name": "SECOND-YEAR SPANISH",
  "course_number": "SPAN 211",
  "credits": "4",
  "description": "Develops intermediate level proficiency through further development of listening comprehension, speaking, reading, and writing skills in Spanish as guided by the national standards, known as the five Cs: Communication, Culture, Connections, Comparisons, and Context. Incorporates interpretive, interpersonal, and presentational elements. Taught in Spanish.",
  "prerequisites": [["SPAN 113"]]
}, {
  "corequisites": [],
  "course_name": "SECOND-YEAR SPANISH",
  "course_number": "SPAN 212",
  "credits": "4",
  "description": "Develops intermediate level proficiency through further development of listening comprehension, speaking, reading, and writing skills in Spanish as guided by the national standards, known as the five Cs: Communication, Culture, Connections, Comparisons, and Context. Incorporates interpretive, interpersonal, and presentational elements. Taught in Spanish.",
  "prerequisites": [["SPAN 211"]]
}, {
  "corequisites": [],
  "course_name": "SECOND-YEAR SPANISH",
  "course_number": "SPAN 213",
  "credits": "4",
  "description": "Develops intermediate level proficiency through further development of listening comprehension, speaking, reading, and writing skills in Spanish as guided by the national standards, known as the five Cs: Communication, Culture, Connections, Comparisons, and Context. Incorporates interpretive, interpersonal, and presentational elements. Taught in Spanish.",
  "prerequisites": [["SPAN 212"]]
}, {
  "corequisites": [],
  "course_name": "SECOND-YEAR SPANISH-COMPLETE SEQUENCE",
  "course_number": "SPAN 217",
  "credits": "12",
  "description": "Intermediate Spanish. Listening, speaking, reading, and writing skills developed. Students must take all 12 credits. Entire second-year sequence in eight weeks.",
  "prerequisites": []
}, {
  "corequisites": [],
  "course_name": "SPANISH FOR MEDICAL PROFESSIONS I",
  "course_number": "SPAN 221",
  "credits": "3",
  "description": "SPAN 221 and SPAN 222 is a two-part series focusing on development of listening comprehension, speaking, reading and writing skills. SPAN 221 focuses on building an ACTFL intermediate mid-level grammar base, in preparation for SPAN 222 which will deepen grammar structures, guiding students to ACTFL intermediate high-level. Focuses on healthcare and medical topics, specifically human body systems, including related illnesses and Latino-Hispanic healthcare issues. Designed for students studying health sciences, pre-professional related fields or those that are currently healthcare professionals. Provides cultural learning and competency needed to serve Latino populations. Conducted in Spanish.",
  "prerequisites": []
}, {
  "corequisites": [],
  "course_name": "SPANISH FOR MEDICAL PROFESSIONS II",
  "course_number": "SPAN 222",
  "credits": "3",
  "description": "SPAN 221 and SPAN 222 is a two-part series focusing on development of listening, comprehension, vocabulary, speaking, reading and writing skills. SPAN 222 builds on concepts learned in SPAN 221, deepening the grammar base up to ACTFL intermediate high-level. Focuses on healthcare topics related to micro-systems of the human body and diseases not discussed in SPAN 221. Designed for students studying health sciences, pre-professional related fields or those that are currently healthcare professionals. Provides cultural learning and competency needed to serve Latino populations. Conducted in Spanish.",
  "prerequisites": [["SPAN 221"]]
}, {
  "corequisites": [],
  "course_name": "SPECIAL STUDIES",
  "course_number": "SPAN 299",
  "credits": "1-3",
  "description": "",
  "prerequisites": []
}, {
  "corequisites": [],
  "course_name": "THIRD YEAR SPANISH",
  "course_number": "SPAN 311",
  "credits": "3",
  "description": "Focuses on reading, writing, oral production, listening comprehension and the acquisition of skills related to inter-cultural communication. Enables further development of the language skills acquired in earlier courses while studying the more complex aspects of the language. Spanish classes at OSU are guided by the national standards, known as the five Cs: Communication, Culture, Connections, Comparisons, and Community.",
  "prerequisites": [["SPAN 213"]]
}, {
  "corequisites": [],
  "course_name": "THIRD YEAR SPANISH",
  "course_number": "SPAN 312",
  "credits": "3",
  "description": "Focuses on reading, writing, oral production, listening comprehension and the acquisition of skills related to inter-cultural communication. Enables further development of the language skills acquired in earlier courses while studying the more complex aspects of the language. Spanish classes at OSU are guided by the national standards, known as the five Cs: Communication, Culture, Connections, Comparisons, and Community.",
  "prerequisites": [["SPAN 213", "SPAN 311"]]
}, {
  "corequisites": [],
  "course_name": "THIRD YEAR SPANISH",
  "course_number": "SPAN 313",
  "credits": "3",
  "description": "Focuses on reading, writing, oral production, listening comprehension and the acquisition of skills related to inter-cultural communication. Spanish classes at OSU are guided by the national standards, known as the five Cs: Communication, Culture, Connections, Comparisons, and Community.",
  "prerequisites": [["SPAN 213", "SPAN 311", "SPAN 312"]]
}, {
  "corequisites": [],
  "course_name": "THIRD-YEAR SPANISH FOR HERITAGE LANGUAGE LEARNERS",
  "course_number": "SPAN 314",
  "credits": "3",
  "description": "Extensive practice in reading, writing, and speaking. Refinement of spelling, grammar, and vocabulary within a relevant cultural context. Students cannot receive credit for both SPAN 311 and SPAN 314.",
  "prerequisites": []
}, {
  "corequisites": [],
  "course_name": "THIRD-YEAR SPANISH FOR HERITAGE LANGUAGE LEARNERS",
  "course_number": "SPAN 315",
  "credits": "3",
  "description": "Extensive practice in reading, writing, and speaking. Refinement of spelling, grammar, and vocabulary within a relevant cultural context. Students cannot receive credit for both SPAN 312 and SPAN 315.",
  "prerequisites": []
}, {
  "corequisites": [],
  "course_name": "THIRD-YEAR SPANISH FOR HERITAGE LANGUAGE LEARNERS",
  "course_number": "SPAN 316",
  "credits": "3",
  "description": "Extensive practice in reading, writing, and speaking. Refinement of spelling, grammar, and vocabulary within a relevant cultural context. Students cannot receive credit for both SPAN 313 and SPAN 316.",
  "prerequisites": []
}, {
  "corequisites": [],
  "course_name": "DIRECTED READING AND WRITING IN SPANISH",
  "course_number": "SPAN 317",
  "credits": "3",
  "description": "Emphasizes reading comprehension and improving writing ability. Builds on language skills and cultural awareness using different forms of literary expression from the Spanish-speaking world.",
  "prerequisites": [["SPAN 311"], ["SPAN 312"], ["SPAN 313", "SPAN 314"], ["SPAN 315"], ["SPAN 316"]]
}, {
  "corequisites": [],
  "course_name": "INTRODUCTION TO SPANISH LANGUAGE LITERATURE",
  "course_number": "SPAN 318",
  "credits": "3",
  "description": "Provides the literary background and analytical tools for students to discuss Spanish language literature with some depth and prepares students for more advanced literature courses. Some discussion of Latin American and Spanish history, politics and culture will provide a context for the readings.",
  "prerequisites": []
}, {
  "corequisites": [],
  "course_name": "SPANISH FOR BUSINESS",
  "course_number": "SPAN 319",
  "credits": "3",
  "description": "Introduction to the Spanish business world and commercial language. Development of business vocabulary, discussion, practice in writing resumes, business letters and reports. Conducted in Spanish. May not be offered every year.",
  "prerequisites": []
}, {
  "corequisites": [],
  "course_name": "SPANISH CONVERSATION",
  "course_number": "SPAN 320",
  "credits": "3",
  "description": "Facilitates extensive interpretive, interpersonal and presentational practice in Spanish. Emphasizes confident, creative and spontaneous communication in Spanish through a student-directed learning community. Taught in Spanish.",
  "prerequisites": [["SPAN 311"], ["SPAN 312"], ["SPAN 313", "SPAN 314"], ["SPAN 315"], ["SPAN 316"]]
}, {
  "corequisites": [],
  "course_name": "MEXICAN-AMERICAN LITERATURE AND COMPOSITION FOR SPANISH HERITAGE LANGUAGE LEARNERS",
  "course_number": "SPAN 327",
  "credits": "3",
  "description": "Combines the study of fiction, drama, and poetry in Spanish language produced by people of Mexican origin in what is today the United States, with intensive practice in the writing of formal Spanish. Students are encouraged to develop their independent thinking and analytical ability. Designed for students from a Spanish-speaking background.",
  "prerequisites": []
}, {
  "corequisites": [],
  "course_name": "*THE CULTURES OF SPAIN AND PORTUGAL",
  "course_number": "SPAN 331",
  "credits": "3",
  "description": "Historical development of the cultures and societies of the Iberian Peninsula. Taught in Spanish. (H) (Bacc Core Course)",
  "prerequisites": []
}, {
  "corequisites": [],
  "course_name": "*THE CULTURES OF SPAIN AND PORTUGAL",
  "course_number": "SPAN 332",
  "credits": "3",
  "description": "Historical development of the cultures and societies of the Iberian Peninsula. Taught in Spanish. (H) (Bacc Core Course)",
  "prerequisites": []
}, {
  "corequisites": [],
  "course_name": "CULTURES OF SPAIN AND PORTUGAL",
  "course_number": "SPAN 333",
  "credits": "3",
  "description": "Historical development of the cultures and societies of today's Iberian Peninsula. Taught in Spanish.",
  "prerequisites": []
}, {
  "corequisites": [],
  "course_name": "TEXTOS Y NARRATIVAS DEL MUNDO HISPANOHABLANTE: TEXTS AND NARRATIVES OF THE SPANISH-SPEAKING WORLD",
  "course_number": "SPAN 336",
  "credits": "3",
  "description": "Emphasizes literary and artistic expressions in the diverse cultures of Spanish-speaking communities across Latin America and Europe. Explores events and developments across the regions using a variety of Spanish language texts to develop perspectives, make connections and build understanding of contemporary Spanish-speaking cultures.",
  "prerequisites": [["SPAN 311"], ["SPAN 312"], ["SPAN 313"]]
}, {
  "corequisites": [],
  "course_name": "TEXTOS Y NARRATIVAS DEL MUNDO HISPANOHABLANTE: TEXTS AND NARRATIVES OF THE SPANISH-SPEAKING WORLD",
  "course_number": "SPAN 337",
  "credits": "3",
  "description": "Emphasizes literary and artistic expressions in the diverse cultures of Spanish-speaking communities across Latin America and Europe from the post-independence period to the present. Explores events and developments across the regions using a variety of Spanish language texts to develop perspectives, make connections and build understanding of contemporary Spanish-speaking cultures.",
  "prerequisites": [["SPAN 311"], ["SPAN 312"], ["SPAN 313"]]
}, {
  "corequisites": [],
  "course_name": "TEXTOS Y NARRATIVAS DEL MUNDO HISPANOHABLANTE: TEXTS AND NARRATIVES OF THE SPANISH-SPEAKING WORLD",
  "course_number": "SPAN 338",
  "credits": "3",
  "description": "Emphasizes literary and artistic expressions in the diverse cultures of Spanish-speaking communities across Latin America and Europe from the post-independence period to the present. Explores events and developments across the regions using a variety of Spanish language texts to develop perspectives, make connections and build understanding of contemporary Spanish-speaking cultures.",
  "prerequisites": [["SPAN 311"], ["SPAN 312"], ["SPAN 313"]]
}, {
  "corequisites": [],
  "course_name": "MEXICAN IMMIGRANT EXPERIENCE IN THE UNITED STATES",
  "course_number": "SPAN 339",
  "credits": "3",
  "description": "Examines the historical, economic, and social determinants of Mexican migration to the United States. Analyzes the social, ethnic, linguistic, political and economic consequences for migrant families and communities on both sides of the Río Grande, through readings, movies, radio programs and music from various disciplines such as history, sociology, economics, ethnography, and creative literature. Taught in Spanish.",
  "prerequisites": [["SPAN 311"], ["SPAN 312"], ["SPAN 313"], ["SPAN 336", "SPAN 337"]]
}, {
  "corequisites": [],
  "course_name": "PHONETICS AND PRONUNCIATION",
  "course_number": "SPAN 350",
  "credits": "3",
  "description": "An exploration of the organs of speech and hearing, acoustic analysis, and transcription of native and learner Spanish speech samples.",
  "prerequisites": []
}, {
  "corequisites": [],
  "course_name": "HISPANIC LINGUISTICS",
  "course_number": "SPAN 351",
  "credits": "3",
  "description": "Explores scientific approach to the structure of the Spanish language: syntax, phonology, word formation, dialectal differences. Taught in Spanish.",
  "prerequisites": [["LING 201"], ["SPAN 311"], ["SPAN 312"], ["SPAN 313", "SPAN 314"], ["SPAN 315"], ["SPAN 316"]]
}, {
  "corequisites": [],
  "course_name": "INTRODUCTION TO SPANISH TRANSLATION",
  "course_number": "SPAN 355",
  "credits": "3",
  "description": "Combines beginning translation theory with hands-on practice using a variety of activities from several areas of professional specialization. Introduces the uses and limits of automatic translators. Includes a brief introduction to simultaneous interpretation as it is done in professional conference settings. Taught in English and Spanish; participants must be proficient in both.",
  "prerequisites": [["SPAN 311", "SPAN 314"]]
}, {
  "corequisites": [],
  "course_name": "PROCTOR EXPERIENCE",
  "course_number": "SPAN 379",
  "credits": "1",
  "description": "Supervised practicum for advanced students, with assignments as proctors or tutors in lower-division Spanish language courses.",
  "prerequisites": []
}, {
  "corequisites": [],
  "course_name": "SPECIAL TOPICS",
  "course_number": "SPAN 399",
  "credits": "1-16",
  "description": "",
  "prerequisites": []
}, {
  "corequisites": [],
  "course_name": "RESEARCH",
  "course_number": "SPAN 401",
  "credits": "1-16",
  "description": "",
  "prerequisites": []
}, {
  "corequisites": [],
  "course_name": "INDEPENDENT STUDY",
  "course_number": "SPAN 402",
  "credits": "1-16",
  "description": "",
  "prerequisites": []
}, {
  "corequisites": [],
  "course_name": "THESIS",
  "course_number": "SPAN 403",
  "credits": "1-16",
  "description": "",
  "prerequisites": []
}, {
  "corequisites": [],
  "course_name": "READING AND CONFERENCE",
  "course_number": "SPAN 405",
  "credits": "1-16",
  "description": "",
  "prerequisites": []
}, {
  "corequisites": [],
  "course_name": "SEMINAR",
  "course_number": "SPAN 407",
  "credits": "1-16",
  "description": "",
  "prerequisites": []
}, {
  "corequisites": [],
  "course_name": "INTERNSHIP",
  "course_number": "SPAN 410",
  "credits": "1-15",
  "description": "",
  "prerequisites": []
}, {
  "corequisites": [],
  "course_name": "SPECIALIZED GRAMMAR OR LINGUISTICS TOPICS",
  "course_number": "SPAN 411",
  "credits": "3",
  "description": "Students develop an in-depth knowledge of various linguistic aspects of Spanish, particularly in regard to problematic grammatical structures and the development of writing proficiency. The main focus is on integrating a thorough understanding of grammatical structures into writing using selected literary works as models. Students analyze their own linguistic progress and apply this meta-knowledge to their writing.",
  "prerequisites": []
}, {
  "corequisites": [],
  "course_name": "ADVANCED COMPOSITION",
  "course_number": "SPAN 412",
  "credits": "3",
  "description": "Emphasis on creative writing. Students will read and discuss a series of stories with the same theme, then write their own. The subjunctive and other advanced grammar topics will be reviewed and incorporated into the writing activities. Taught in Spanish.",
  "prerequisites": []
}, {
  "corequisites": [],
  "course_name": "MIGRACION Y SALUD: MIGRATION AND HEALTH",
  "course_number": "SPAN 416",
  "credits": "3",
  "description": "Introduces the major health and healthcare challenges related to immigrant communities in the United States. From a socio-ecological perspective, acquire an understanding of the theories and realities about migration and the migration-health relationship, towards developing proficiency in Spanish for public health/health services. Specific topics include assimilation and acculturation, access to care, healthy practices (the so-called Latin paradox), environmental and labor issues. Investigates relevant political and ethical issues surrounding migration and health. Conducted in Spanish.",
  "prerequisites": []
}, {
  "corequisites": [],
  "course_name": "SPECIAL TOPICS IN LATIN AMERICAN CULTURE",
  "course_number": "SPAN 435",
  "credits": "3",
  "description": "Historical and contemporary aspects of the cultures of Latin America. May include material relevant to Spain and U.S. Latinos. May be repeated for credit when topic varies.",
  "prerequisites": []
}, {
  "corequisites": [],
  "course_name": "^SELECTED TOPICS IN LUSO-HISPANIC CULTURE",
  "course_number": "SPAN 438",
  "credits": "3",
  "description": "Contemporary aspects of the cultures of Spain, Portugal, or Latin America with a cross-cultural perspective. Topics and language of instruction vary. May be repeated for credit when topic varies.",
  "prerequisites": []
}, {
  "corequisites": [],
  "course_name": "SELECTED TOPICS IN THE LITERATURE OF SPAIN",
  "course_number": "SPAN 444",
  "credits": "3",
  "description": "Representative Spanish prose, poetry, and drama, with an emphasis on the 19th and 20th centuries. Taught in Spanish. See Schedule of Classes for current term offering. May be repeated for credit when topic varies. Not offered every year.",
  "prerequisites": []
}, {
  "corequisites": [],
  "course_name": "SELECTED TOPICS IN THE LITERATURE OF LATIN AMERICA",
  "course_number": "SPAN 445",
  "credits": "3",
  "description": "Representative prose, poetry, and drama of Spanish America and/or Brazil, with an emphasis on the mid-19th century to the present. Topics and language of instruction may vary. See Schedule of Classes for current term offering. May be repeated for credit when topic varies. Not offered every year.",
  "prerequisites": []
}, {
  "corequisites": [],
  "course_name": "SPANISH IN THE UNITED STATES",
  "course_number": "SPAN 456",
  "credits": "3",
  "description": "Provides a foundation for the study of Spanish in the United States. Focuses on the diverse identities of Latino/as and Spanish speakers as they define what it means to be bilingual locally, regionally, and nationally. Spanish and Spanish-English bilingualism will be studied from critical sociolinguistic, historical and political perspectives.",
  "prerequisites": []
}, {
  "corequisites": [],
  "course_name": "SPECIAL TOPICS",
  "course_number": "SPAN 499",
  "credits": "1-16",
  "description": "May be repeated for credit when topic varies. Not offered every year.",
  "prerequisites": []
}, {
  "corequisites": [],
  "course_name": "RESEARCH",
  "course_number": "SPAN 501",
  "credits": "1-16",
  "description": "",
  "prerequisites": []
}, {
  "corequisites": [],
  "course_name": "INDEPENDENT STUDY",
  "course_number": "SPAN 502",
  "credits": "1-16",
  "description": "",
  "prerequisites": []
}, {
  "corequisites": [],
  "course_name": "THESIS",
  "course_number": "SPAN 503",
  "credits": "1-16",
  "description": "",
  "prerequisites": []
}, {
  "corequisites": [],
  "course_name": "READING AND CONFERENCE",
  "course_number": "SPAN 505",
  "credits": "1-16",
  "description": "",
  "prerequisites": []
}, {
  "corequisites": [],
  "course_name": "SPECIAL PROJECTS",
  "course_number": "SPAN 506",
  "credits": "1-16",
  "description": "",
  "prerequisites": []
}, {
  "corequisites": [],
  "course_name": "SEMINAR",
  "course_number": "SPAN 507",
  "credits": "1-16",
  "description": "",
  "prerequisites": []
}, {
  "corequisites": [],
  "course_name": "WORKSHOP",
  "course_number": "SPAN 508",
  "credits": "1-16",
  "description": "",
  "prerequisites": []
}, {
  "corequisites": [],
  "course_name": "INTERNSHIP",
  "course_number": "SPAN 510",
  "credits": "1-15",
  "description": "(See SPAN 410 for description.)",
  "prerequisites": []
}, {
  "corequisites": [],
  "course_name": "SPECIAL TOPICS IN LATIN AMERICAN CULTURE",
  "course_number": "SPAN 535",
  "credits": "3",
  "description": "Historical and contemporary aspects of the cultures of Latin America. May include material relevant to Spain and U.S. Latinos. May be repeated for credit when topic varies.",
  "prerequisites": []
}, {
  "corequisites": [],
  "course_name": "SELECTED TOPICS IN LUSO-HISPANIC CULTURE",
  "course_number": "SPAN 538",
  "credits": "3",
  "description": "Contemporary aspects of the cultures of Spain, Portugal, or Latin America with a cross-cultural perspective. Topics and language of instruction vary. Not offered every year. May be repeated for credit when topic varies.",
  "prerequisites": []
}, {
  "corequisites": [],
  "course_name": "SELECTED TOPICS IN THE LITERATURE OF SPAIN",
  "course_number": "SPAN 544",
  "credits": "3",
  "description": "Representative Spanish prose, poetry, and drama, with an emphasis on the 19th and 20th centuries. Taught in Spanish. Not offered every year. May be repeated for credit when topic varies.",
  "prerequisites": []
}, {
  "corequisites": [],
  "course_name": "SELECTED TOPICS IN THE LITERATURE OF LATIN AMERICA",
  "course_number": "SPAN 545",
  "credits": "3",
  "description": "Representative prose, poetry, and drama of Spanish America and/or Brazil, with an emphasis on the mid-19th century to the present. Topics and language of instruction may vary. Not offered every year. May be repeated for credit when topic varies.",
  "prerequisites": []
}, {
  "corequisites": [],
  "course_name": "SPECIAL TOPICS",
  "course_number": "SPAN 599",
  "credits": "1-16",
  "description": "",
  "prerequisites": []
}, {
  "corequisites": [],
  "course_name": "WORKSHOP",
  "course_number": "SPAN 808",
  "credits": "1-16",
  "description": "",
  "prerequisites": []
}]