[{
  "corequisites": [],
  "course_name": "SPECIAL TOPICS",
  "course_number": "ST 199",
  "credits": "3",
  "description": "This course can only be taken once unless instructor permission is provided.",
  "prerequisites": []
}, {
  "corequisites": [],
  "course_name": "PRINCIPLES OF STATISTICS",
  "course_number": "ST 201",
  "credits": "4",
  "description": "Study design, descriptive statistics, the use of probability in statistical arguments, sampling, hypothesis tests and confidence intervals for means and proportions. NO LONGER TAUGHT. REPLACED WITH COMMON COURSE NUMBER ST 243Z.",
  "prerequisites": []
}, {
  "corequisites": [],
  "course_name": "PRINCIPLES OF STATISTICS",
  "course_number": "ST 202",
  "credits": "4",
  "description": "Comparisons of means and proportions between two populations (t-tests, chi-square tests, nonparametric tests), simple linear regression, correlation.",
  "prerequisites": [["ST 201", "ST 243Z"]]
}, {
  "corequisites": [],
  "course_name": "ELEMENTARY STATISTICS I",
  "course_number": "ST 243Z",
  "credits": "4",
  "description": "A first course in statistics focusing on the interpretation and communication of statistical concepts. Introduces exploratory data analysis, descriptive statistics, sampling methods and distributions, point and interval estimates, hypothesis tests for means and proportions, and elements of probability and correlation. Technology will be used when appropriate.",
  "prerequisites": []
}, {
  "corequisites": [],
  "course_name": "INTRODUCTION TO STATISTICS FOR ENGINEERS",
  "course_number": "ST 314",
  "credits": "3",
  "description": "Probability, common probability distributions, sampling distributions, estimation, hypothesis testing, control charts, regression analysis, experimental design.",
  "prerequisites": [["MTH 252", "MTH 252H"]]
}, {
  "corequisites": [],
  "course_name": "INTRODUCTION TO STATISTICAL METHODS",
  "course_number": "ST 351",
  "credits": "4",
  "description": "Study designs, descriptive statistics, collecting and recording data, probability distributions, sampling distributions for means and proportions, hypothesis testing and confidence intervals for means and proportions in one- and two-sample inference, and chi-square tests. Lec/lab.",
  "prerequisites": []
}, {
  "corequisites": [],
  "course_name": "INTRODUCTION TO STATISTICAL METHODS",
  "course_number": "ST 351H",
  "credits": "4",
  "description": "Study designs, descriptive statistics, collecting and recording data, probability distributions, sampling distributions for means and proportions, hypothesis testing and confidence intervals for means and proportions in one- and two-sample inference, and chi-square tests. Lec/lab.",
  "prerequisites": []
}, {
  "corequisites": [],
  "course_name": "INTRODUCTION TO STATISTICAL METHODS",
  "course_number": "ST 352",
  "credits": "4",
  "description": "Randomization tests and other nonparametric tests for one- and two-sample inference, simple and multiple linear regression, correlation, one- and two-way analysis of variance, logistic regression. Lec/lab.",
  "prerequisites": [["ST 351", "ST 351H"]]
}, {
  "corequisites": [],
  "course_name": "READING AND CONFERENCE",
  "course_number": "ST 405",
  "credits": "1-16",
  "description": "",
  "prerequisites": []
}, {
  "corequisites": [],
  "course_name": "PROJECTS",
  "course_number": "ST 406",
  "credits": "1-16",
  "description": "Section 1: Projects. Section 2: Teaching Experience. Section 3: Directed Work.",
  "prerequisites": []
}, {
  "corequisites": [],
  "course_name": "SEMINAR",
  "course_number": "ST 407",
  "credits": "1",
  "description": "Attendance at consulting practicum.",
  "prerequisites": []
}, {
  "corequisites": [],
  "course_name": "INTERNSHIP",
  "course_number": "ST 410",
  "credits": "1-16",
  "description": "",
  "prerequisites": []
}, {
  "corequisites": [],
  "course_name": "METHODS OF DATA ANALYSIS",
  "course_number": "ST 411",
  "credits": "4",
  "description": "Graphical, parametric and nonparametric methods for comparing two samples; one-way and two-way analysis of variance; simple linear regression.",
  "prerequisites": []
}, {
  "corequisites": [],
  "course_name": "METHODS OF DATA ANALYSIS",
  "course_number": "ST 412",
  "credits": "4",
  "description": "Multiple linear regression, including model checking, dummy variables, using regression to fit analysis of variance models, analysis of covariance, variable selection methods.",
  "prerequisites": [["ST 411"]]
}, {
  "corequisites": [],
  "course_name": "METHODS OF DATA ANALYSIS",
  "course_number": "ST 413",
  "credits": "4",
  "description": "Principles of experimental design; randomized block and factorial designs; repeated measures; categorical data analysis, including comparison of proportions, tests of homogeneity and independence in cross-classified frequency tables, Mantel-Haenszel test, logistic regression, log-linear regression. Introduction to multivariate statistics.",
  "prerequisites": [["ST 412"]]
}, {
  "corequisites": [],
  "course_name": "DESIGN AND ANALYSIS OF PLANNED EXPERIMENTS",
  "course_number": "ST 415",
  "credits": "3",
  "description": "Principles of experimental design; uses, construction and analysis of completely randomized, randomized block and Latin square designs; covariates; factorial treatments, split plotting; random effects and variance components.",
  "prerequisites": [["ST 352", "ST 411"]]
}, {
  "corequisites": [],
  "course_name": "INTRODUCTION TO MATHEMATICAL STATISTICS",
  "course_number": "ST 421",
  "credits": "4",
  "description": "Probability, random variables, expectation, discrete and continuous distributions, multivariate distributions.",
  "prerequisites": []
}, {
  "corequisites": [],
  "course_name": "INTRODUCTION TO MATHEMATICAL STATISTICS",
  "course_number": "ST 422",
  "credits": "4",
  "description": "Sampling distributions, Central Limit Theorem, estimation, confidence intervals, properties of estimators, and hypothesis testing.",
  "prerequisites": [["ST 421"]]
}, {
  "corequisites": [],
  "course_name": "SAMPLING METHODS",
  "course_number": "ST 431",
  "credits": "3",
  "description": "Estimation of means, totals and proportions; sampling designs including simple random, stratified, cluster, systematic, multistage and double sampling; ratio and regression estimators; sources of errors in surveys; capture-recapture methods.",
  "prerequisites": []
}, {
  "corequisites": [],
  "course_name": "R PROGRAMMING FOR DATA",
  "course_number": "ST 436",
  "credits": "3",
  "description": "Focus on R programming from a data science perspective. Combine tools from the tidyverse set of packages to import, clean, prepare, and visualize data. Master basic data types, writing functions, automating repetitive tasks, and good practices for producing readable, reusable, and efficient R code.",
  "prerequisites": []
}, {
  "corequisites": [],
  "course_name": "SURVEY METHODS",
  "course_number": "ST 439",
  "credits": "3",
  "description": "Discusses survey design, survey administration, and modes of survey data collection. Emphasizes development of the questionnaire including survey question structures, questionnaire flow, and question formulation. Designs survey using Qualtrics given a specific population. Discusses recommended timings of survey delivery and accompanying letters to recruit participants.",
  "prerequisites": [["ST 201", "ST 243Z", "ST 351", "ST 351H"]]
}, {
  "corequisites": [],
  "course_name": "PROBABILITY",
  "course_number": "ST 441",
  "credits": "COMPUTING",
  "description": "Review of probability, including univariate distributions and limit theorems. Random-number generation and simulation of statistical distributions. Bootstrap estimates of standard error. Variance reduction techniques. Emphasis on the use of computation in statistics using the MATLAB programming language.",
  "prerequisites": [["ST 422"]]
}, {
  "corequisites": [],
  "course_name": "APPLIED STOCHASTIC MODELS",
  "course_number": "ST 443",
  "credits": "3",
  "description": "Development of stochastic models commonly arising in statistics and operations research, such as Poisson processes, birth-and-death processes, discrete-time and continuous-time Markov chains, renewal and Markov renewal processes. Analysis of stochastic models by simulation and other computational techniques.",
  "prerequisites": [["ST 421"]]
}, {
  "corequisites": [],
  "course_name": "SPECIAL TOPICS",
  "course_number": "ST 499",
  "credits": "1-4",
  "description": "",
  "prerequisites": []
}, {
  "corequisites": [],
  "course_name": "RESEARCH",
  "course_number": "ST 501",
  "credits": "1-16",
  "description": "",
  "prerequisites": []
}, {
  "corequisites": [],
  "course_name": "THESIS",
  "course_number": "ST 503",
  "credits": "1-16",
  "description": "",
  "prerequisites": []
}, {
  "corequisites": [],
  "course_name": "READING AND CONFERENCE",
  "course_number": "ST 505",
  "credits": "1-16",
  "description": "",
  "prerequisites": []
}, {
  "corequisites": [],
  "course_name": "PROJECTS",
  "course_number": "ST 506",
  "credits": "1-16",
  "description": "Section 1: Projects. Section 2: Teaching Experience. Section 3: Directed Work.",
  "prerequisites": []
}, {
  "corequisites": [],
  "course_name": "SEMINAR",
  "course_number": "ST 507",
  "credits": "1",
  "description": "",
  "prerequisites": []
}, {
  "corequisites": [],
  "course_name": "CONSULTING PRACTICUM",
  "course_number": "ST 509",
  "credits": "2",
  "description": "The student provides statistical advice, under faculty guidance, on university-related research projects.",
  "prerequisites": []
}, {
  "corequisites": [],
  "course_name": "INTERNSHIP",
  "course_number": "ST 510",
  "credits": "1-16",
  "description": "",
  "prerequisites": []
}, {
  "corequisites": [],
  "course_name": "METHODS OF DATA ANALYSIS",
  "course_number": "ST 511",
  "credits": "4",
  "description": "Graphical, parametric and nonparametric methods for comparing two samples; one-way and two-way analysis of variance; simple linear regression.",
  "prerequisites": []
}, {
  "corequisites": [],
  "course_name": "METHODS OF DATA ANALYSIS",
  "course_number": "ST 512",
  "credits": "4",
  "description": "Multiple linear regression, including model checking, dummy variables, using regression to fit analysis of variance models, analysis of covariance, variable selection methods.",
  "prerequisites": [["ST 511"]]
}, {
  "corequisites": [],
  "course_name": "METHODS OF DATA ANALYSIS",
  "course_number": "ST 513",
  "credits": "4",
  "description": "Principles of experimental design; randomized block and factorial designs; repeated measures; categorical data analysis, including comparison of proportions, tests of homogeneity and independence in cross-classified frequency tables, Mantel-Haenszel test, logistic regression, log-linear regression. Introduction to multivariate statistics.",
  "prerequisites": [["ST 512"]]
}, {
  "corequisites": [],
  "course_name": "DESIGN AND ANALYSIS OF PLANNED EXPERIMENTS",
  "course_number": "ST 515",
  "credits": "3",
  "description": "Principles of experimental design; uses, construction and analysis of completely randomized, randomized block and Latin square designs; covariates; factorial treatments, split plotting; random effects and variance components.",
  "prerequisites": []
}, {
  "corequisites": [],
  "course_name": "FOUNDATIONS OF DATA ANALYTICS",
  "course_number": "ST 516",
  "credits": "4",
  "description": "Foundations of estimation and hypothesis testing; desirable properties of estimators; maximum likelihood; one- and two-sample problems; theoretical results are explored through simulations and analysis using R. Offered via Ecampus only.",
  "prerequisites": []
}, {
  "corequisites": [],
  "course_name": "DATA ANALYTICS I",
  "course_number": "ST 517",
  "credits": "4",
  "description": "Methods for modeling quantitative data and statistical learning--simple and multiple linear regression; linear mixed effects models; data imputation; prediction and cross-validation; scaling up to large datasets. Simulations and data analysis using R. Offered via Ecampus only.",
  "prerequisites": [["ST 516"]]
}, {
  "corequisites": [],
  "course_name": "DATA ANALYTICS II",
  "course_number": "ST 518",
  "credits": "4",
  "description": "Statistical methods and data analysis techniques for count data. Topics include tests for tables of counts, logistic regression, log-linear regression, generalized linear mixed models, and issues for large datasets. Data analysis in R.",
  "prerequisites": [["ST 517"]]
}, {
  "corequisites": [],
  "course_name": "INTRODUCTION TO MATHEMATICAL STATISTICS",
  "course_number": "ST 521",
  "credits": "4",
  "description": "Probability, random variables, expectation, discrete and continuous distributions, multivariate distributions.",
  "prerequisites": []
}, {
  "corequisites": [],
  "course_name": "INTRODUCTION TO MATHEMATICAL STATISTICS",
  "course_number": "ST 522",
  "credits": "4",
  "description": "Sampling distributions, Central Limit Theorem, estimation, confidence intervals, properties of estimators, and hypothesis testing.",
  "prerequisites": [["ST 521"]]
}, {
  "corequisites": [],
  "course_name": "APPLIED SURVIVAL ANALYSIS",
  "course_number": "ST 525",
  "credits": "3",
  "description": "Statistical methods for analyzing survival data or time-to-event data, which may be censored and/or truncated. Specific topics can vary term to term, and could include Kaplan-Meier estimator; K-sample hypothesis tests for survival data; Accelerated failure time model; Cox proportional hazard regression model.",
  "prerequisites": [["ST 516"], ["ST 517"], ["ST 518"]]
}, {
  "corequisites": [],
  "course_name": "SAMPLING METHODS",
  "course_number": "ST 531",
  "credits": "3",
  "description": "Estimation of means, totals and proportions; sampling designs including simple random, stratified, cluster, systematic, multistage and double sampling; ratio and regression estimators; sources of errors in surveys; capture-recapture methods.",
  "prerequisites": []
}, {
  "corequisites": [],
  "course_name": "R PROGRAMMING FOR DATA",
  "course_number": "ST 536",
  "credits": "3",
  "description": "Focus on R programming from a data science perspective. Combine tools from the tidyverse set of packages to import, clean, prepare, and visualize data. Master basic data types, writing functions, automating repetitive tasks, and good practices for producing readable, reusable, and efficient R code.",
  "prerequisites": []
}, {
  "corequisites": [],
  "course_name": "DATA VISUALIZATION",
  "course_number": "ST 537",
  "credits": "3",
  "description": "Perceptual principles for displaying data; critique and improvement of data visualizations; use of color in visualization; principles of tidy data; strategies for data exploration; select special topics.",
  "prerequisites": [["ST 512", "ST 517", "ST 552"]]
}, {
  "corequisites": [],
  "course_name": "MODERN STATISTICAL METHODS FOR LARGE AND COMPLEX DATA SETS",
  "course_number": "ST 538",
  "credits": "3",
  "description": "Provides students with the tools and experience to analyze big and messy data and work effectively in a data science team. Covers the tools to handle big data and answer statistical questions based on the data. Includes three big data analysis projects that students work on in groups. Focuses on proper use of modern data analysis techniques related to regression, classification and clustering for data coming from a variety of application fields. R will be the lingua franca.",
  "prerequisites": [["ST 512", "ST 517", "ST 552", "ST 412"]]
}, {
  "corequisites": [],
  "course_name": "SURVEY METHODS",
  "course_number": "ST 539",
  "credits": "3",
  "description": "Discusses survey design, survey administration, and modes of survey data collection. Emphasizes development of the questionnaire including survey question structures, questionnaire flow, and question formulation. Designs survey using Qualtrics given a specific population. Discusses recommended timings of survey delivery and accompanying letters to recruit participants.",
  "prerequisites": []
}, {
  "corequisites": [],
  "course_name": "PROBABILITY",
  "course_number": "ST 541",
  "credits": "COMPUTING",
  "description": "Review of probability, including univariate distributions and limit theorems. Random-number generation and simulation of statistical distributions. Bootstrap estimates of standard error. Variance reduction techniques. Emphasis on the use of computation in statistics using the S-Plus or MATLAB programming language.",
  "prerequisites": []
}, {
  "corequisites": [],
  "course_name": "APPLIED STOCHASTIC MODELS",
  "course_number": "ST 543",
  "credits": "3",
  "description": "Development of stochastic models commonly arising in statistics and operations research, such as Poisson processes, birth-and-death processes, discrete-time and continuous-time Markov chains, renewal and Markov renewal processes. Analysis of stochastic models by simulation and other computational techniques.",
  "prerequisites": []
}, {
  "corequisites": [],
  "course_name": "STATISTICAL METHODS",
  "course_number": "ST 551",
  "credits": "4",
  "description": "Properties of t, chi-square and F tests; randomized experiments; sampling distributions and standard errors of estimators, delta method, comparison of several groups of measurements; two-way tables of measurements.",
  "prerequisites": []
}, {
  "corequisites": [],
  "course_name": "STATISTICAL METHODS",
  "course_number": "ST 552",
  "credits": "4",
  "description": "Simple and multiple linear regression including polynomial regression, indicator variables, weighted regression, and influence statistics, nonlinear regression and linear models for binary data.",
  "prerequisites": [["ST 551"]]
}, {
  "corequisites": [],
  "course_name": "STATISTICAL METHODS",
  "course_number": "ST 553",
  "credits": "4",
  "description": "Principles and analysis of designed experiments, including factorial experiments, analysis of covariance, random and mixed effect models. Lec/lab.",
  "prerequisites": [["ST 552"]]
}, {
  "corequisites": [],
  "course_name": "ADVANCED EXPERIMENTAL DESIGN",
  "course_number": "ST 555",
  "credits": "3",
  "description": "Designs leading to mixed models including split plots, repeated measures, crossovers and incomplete blocks. Introduction to experimental design in industry including confounding, fractional factorials and response surface methodology. Analysis of unbalanced data.",
  "prerequisites": [["ST 553"]]
}, {
  "corequisites": [],
  "course_name": "APPLIED MULTIVARIATE ANALYSIS",
  "course_number": "ST 557",
  "credits": "3",
  "description": "Multivariate data structures, linear combinations; principal components, factor and latent structure analysis, canonical correlations, discriminant analysis; cluster analysis, multidimensional scaling. Not offered every year.",
  "prerequisites": []
}, {
  "corequisites": [],
  "course_name": "MULTIVARIATE ANALYTICS",
  "course_number": "ST 558",
  "credits": "3",
  "description": "Basics of matrix algebra, principal components analysis, cluster analysis, factor analysis, multidimensional scaling.",
  "prerequisites": [["ST 518"]]
}, {
  "corequisites": [],
  "course_name": "BAYESIAN STATISTICS",
  "course_number": "ST 559",
  "credits": "3",
  "description": "Bayesian statistics for data analysis. Characterizations of probability; comparative (Bayesian versus frequentist) inference; prior, posterior and predictive distributions; hierarchical modeling. Computational methods include Markov Chain Monte Carlo for posterior simulation.",
  "prerequisites": []
}, {
  "corequisites": [],
  "course_name": "THEORY OF STATISTICS",
  "course_number": "ST 561",
  "credits": "4",
  "description": "Distributions of functions of random variables, joint and conditional distributions, sampling distributions, convergence concepts, order statistics.",
  "prerequisites": []
}, {
  "corequisites": [],
  "course_name": "THEORY OF STATISTICS",
  "course_number": "ST 562",
  "credits": "4",
  "description": "Sufficiency, exponential families, location and scale families; point estimation: maximum likelihood, Bayes, and unbiased estimators; asymptotic distributions of maximum likelihood estimators; Taylor series approximations.",
  "prerequisites": [["ST 561"]]
}, {
  "corequisites": [],
  "course_name": "THEORY OF STATISTICS",
  "course_number": "ST 563",
  "credits": "4",
  "description": "Hypothesis testing: likelihood ratio, Bayesian, and uniformly most powerful tests; similar tests in exponential families; asymptotic distributions of likelihood ratio test statistics; confidence intervals.",
  "prerequisites": [["ST 562"]]
}, {
  "corequisites": [],
  "course_name": "TIME SERIES",
  "course_number": "ST 565",
  "credits": "3",
  "description": "Analysis of serially correlated data in both time and frequency domains. Autocorrelation and partial autocorrelation functions, autoregressive integrated moving average models, model building, forecasting; filtering, smoothing, spectral analysis, frequency response studies, Offered winter term in even years.",
  "prerequisites": []
}, {
  "corequisites": [],
  "course_name": "TIME SERIES ANALYTICS",
  "course_number": "ST 566",
  "credits": "3",
  "description": "Focuses on statistical and analytical tools for analyzing data that are observed sequentially over time. Specific topics can vary term to term, and could include methods for exploratory time series analysis, linear time series models (ARMA, ARIMA), forecasting, spectral analysis and state-space models. The focus will be on applied problems, though some mathematical statistics is necessary for a solid understanding of the statistical issues. This course is designed for students in Data Analytics MS and Certificate programs.",
  "prerequisites": [["ST 516"], ["ST 517"], ["ST 518"]]
}, {
  "corequisites": [],
  "course_name": "SPATIAL STATISTICS",
  "course_number": "ST 567",
  "credits": "3",
  "description": "The analysis of spatial data. Graphical tools for exploring spatial data, geostatistics, variogram estimation, kriging, areal models, hierarchical spatial models, and spatio-temporal modelling. Offered winter term in odd years.",
  "prerequisites": []
}, {
  "corequisites": [],
  "course_name": "INTRODUCTION TO QUANTITATIVE GENOMICS",
  "course_number": "ST 591",
  "credits": "3",
  "description": "Provides an overview of how genomic data is generated and analyzed. It focuses on the underlying biological motivation, theoretical concepts, and analytical challenges associated with genomic research, especially the generation of statistics that summarize genomic data. The class is organized as a combination of lectures and group literature review discussions. Students are expected to actively participate in the class. Students from diverse backgrounds, including quantitative, biological, and computations sciences, are encouraged to enroll.",
  "prerequisites": []
}, {
  "corequisites": [],
  "course_name": "STATISTICAL METHODS FOR GENOMICS RESEARCH",
  "course_number": "ST 592",
  "credits": "3",
  "description": "Lectures include an overview of statistical methods commonly applied in genomics research. Specific methods can vary term to term, and could include cluster analysis, decision trees, dimension reduction tools, regression models, multiple testing adjustment, variable selection methods, etc. Journal clubs include team-based review and presentations of landmark papers in both statistical methodology and genomics research. Research experience includes whole-term collaboration between students from statistics and other disciplines on real projects.",
  "prerequisites": []
}, {
  "corequisites": [],
  "course_name": "CAPSTONE PROJECT",
  "course_number": "ST 595",
  "credits": "3",
  "description": "Integrates and applies the analytics skills learned in the MS in Data Analytics program to solve real-world problems and interpret and communicate results. Engages student teams in the entire process of solving data science projects in realistic settings, from placing the problem into appropriate statistical framework to applying suitable analytic methods to the problem. Emphasizes problem solving, written and oral communication skills.",
  "prerequisites": [["ST 516"], ["ST 517"], ["ST 518"], ["ST 558"]]
}, {
  "corequisites": [],
  "course_name": "SPECIAL TOPICS",
  "course_number": "ST 599",
  "credits": "1-4",
  "description": "",
  "prerequisites": []
}, {
  "corequisites": [],
  "course_name": "RESEARCH",
  "course_number": "ST 601",
  "credits": "1-16",
  "description": "",
  "prerequisites": []
}, {
  "corequisites": [],
  "course_name": "THESIS",
  "course_number": "ST 603",
  "credits": "1-16",
  "description": "",
  "prerequisites": []
}, {
  "corequisites": [],
  "course_name": "PROJECTS",
  "course_number": "ST 606",
  "credits": "1-16",
  "description": "Section 1: Projects; Section 2: Teaching Experience; Section 3: Directed Work.",
  "prerequisites": []
}, {
  "corequisites": [],
  "course_name": "GENERALIZED REGRESSION MODELS",
  "course_number": "ST 623",
  "credits": "3",
  "description": "Maximum likelihood analysis for frequency data; regression-type models for binomial and Poisson data; iterative weighted least squares and maximum likelihood; analysis of deviance and residuals; over-dispersion and quasilikelihood models; log-linear models for multidimensional contingency tables.",
  "prerequisites": [["ST 553"], ["ST 563"]]
}, {
  "corequisites": [],
  "course_name": "SURVIVAL ANALYSIS",
  "course_number": "ST 625",
  "credits": "3",
  "description": "Prepares students to understand and analyze survival data. Concepts to be discussed include: hazard function (failure rate function); nonparametric likelihood; empirical processes; empirical distribution function; censoring (mostly right independent censoring); Kaplan-Meier estimator; Bias of the KM estimator; Cox proportional hazards model; Accelerated Failure Time Model; Partial Likelihood; log-rank test.",
  "prerequisites": [["ST 553", "ST 563"]]
}, {
  "corequisites": [],
  "course_name": "LINEAR MODEL THEORY",
  "course_number": "ST 651",
  "credits": "3",
  "description": "Least squares estimation, best linear unbiased estimation, parameterizations, multivariate normal distributions, distributions of quadratic forms, testing linear hypotheses, simultaneous confidence intervals. Offered alternate years.",
  "prerequisites": []
}, {
  "corequisites": [],
  "course_name": "LINEAR MODEL THEORY",
  "course_number": "ST 652",
  "credits": "3",
  "description": "Explores advanced topics in linear and generalized linear mixed models: estimation, tests, confidence intervals, prediction, model diagnostics, model selection.",
  "prerequisites": [["ST 651"]]
}, {
  "corequisites": [],
  "course_name": "ADVANCED THEORY OF STATISTICS",
  "course_number": "ST 661",
  "credits": "3",
  "description": "Exponential families, sufficient statistics; unbiased, equivariant, Bayes, and admissible estimation. Offered alternate years.",
  "prerequisites": []
}, {
  "corequisites": [],
  "course_name": "ADVANCED THEORY OF STATISTICS",
  "course_number": "ST 662",
  "credits": "3",
  "description": "Uniformly most powerful, unbiased, similar, and invariant tests. Offered alternate years.",
  "prerequisites": [["ST 661"]]
}, {
  "corequisites": [],
  "course_name": "ADVANCED THEORY OF STATISTICS",
  "course_number": "ST 663",
  "credits": "3",
  "description": "First-order and higher-order asymptotics; likelihood ratio, score, and Wald tests; Edgeworth and saddlepoint approximations. Offered alternate years.",
  "prerequisites": [["ST 662"]]
}]