[{
  "corequisites": [],
  "course_name": "ORAL INTERPRETATION I",
  "course_number": "TA 121",
  "credits": "3",
  "description": "Analysis and presentation of literature. Exploration of emotional reactions, expressive vocal and physical responses, and performing techniques for effective communication.",
  "prerequisites": []
}, {
  "corequisites": [],
  "course_name": "PLAYREADING",
  "course_number": "TA 144",
  "credits": "1",
  "description": "Reading/discussion/examination of plays from world theatre of past and present from the perspective of production and theatre history.",
  "prerequisites": []
}, {
  "corequisites": [],
  "course_name": "*INTRODUCTION TO THE THEATRE",
  "course_number": "TA 147",
  "credits": "3",
  "description": "Origins, history, nature, elements, and style of theatre production; function of artists and craftspersons of the theatre.",
  "prerequisites": []
}, {
  "corequisites": [],
  "course_name": "*INTRODUCTION TO THE THEATRE",
  "course_number": "TA 147H",
  "credits": "3",
  "description": "Origins, history, nature, elements, and style of theatre production; function of artists and craftspersons of the theatre.",
  "prerequisites": []
}, {
  "corequisites": [],
  "course_name": "SPECIAL TOPICS",
  "course_number": "TA 199",
  "credits": "1-16",
  "description": "",
  "prerequisites": []
}, {
  "corequisites": [],
  "course_name": "VISUAL PRINCIPLES OF THEATRE",
  "course_number": "TA 242",
  "credits": "3",
  "description": "An introduction to visual creativity, creative thinking, and visual problem solving as applied to theatre arts as a whole, and to scene and costume design.",
  "prerequisites": []
}, {
  "corequisites": [],
  "course_name": "PRINCIPLES OF COSTUMING FOR THE STAGE",
  "course_number": "TA 243",
  "credits": "3",
  "description": "Principles and techniques of costume construction; practical application in the costume shop on theatre production.",
  "prerequisites": []
}, {
  "corequisites": [],
  "course_name": "SCENE CRAFTS",
  "course_number": "TA 244",
  "credits": "3",
  "description": "Constructing scenery and stage properties; practical experience in backstage procedures and scene painting.",
  "prerequisites": []
}, {
  "corequisites": [],
  "course_name": "STAGE LIGHTING",
  "course_number": "TA 245",
  "credits": "3",
  "description": "Fundamentals of electricity as used in stage lighting; color and light, lighting instruments and control systems, theory and practice of lighting stage production.",
  "prerequisites": []
}, {
  "corequisites": [],
  "course_name": "STAGE MAKEUP",
  "course_number": "TA 247",
  "credits": "3",
  "description": "Basic principles and theory with laboratory experience in most-used applications of theatrical makeup.",
  "prerequisites": []
}, {
  "corequisites": [],
  "course_name": "FUNDAMENTALS OF ACTING I",
  "course_number": "TA 248",
  "credits": "3",
  "description": "Examination of basic principles and techniques of acting. Exploration of relaxation/focus, personal vocal/physical awareness, the actor's craft, and the performance process.",
  "prerequisites": []
}, {
  "corequisites": [],
  "course_name": "FUNDAMENTALS OF ACTING II",
  "course_number": "TA 249",
  "credits": "3",
  "description": "Continued work in the basic principles and techniques of acting. Emphasis on improvisation, character analysis, and creation, the balance between truth and technique.",
  "prerequisites": [["TA 248"]]
}, {
  "corequisites": [],
  "course_name": "WORKSHOP: THEATRE ARTS",
  "course_number": "TA 250",
  "credits": "1-3",
  "description": "Practical experience in performance, technical theatre, or design.",
  "prerequisites": []
}, {
  "corequisites": [],
  "course_name": "WORKSHOP: THEATRE ARTS",
  "course_number": "TA 250H",
  "credits": "1-3",
  "description": "Practical experience in performance, technical theatre, or design.",
  "prerequisites": []
}, {
  "corequisites": [],
  "course_name": "SPECIAL TOPICS",
  "course_number": "TA 299",
  "credits": "1-16",
  "description": "",
  "prerequisites": []
}, {
  "corequisites": [],
  "course_name": "ADVANCED ORAL INTERPRETATION",
  "course_number": "TA 321",
  "credits": "3",
  "description": "Interpretative theory; programming, adapting materials for oral interpretation, reader's theatre, chamber theatre experimentation in presentational forms.",
  "prerequisites": [["TA 121"]]
}, {
  "corequisites": [],
  "course_name": "*HISTORY OF THE THEATRE",
  "course_number": "TA 330",
  "credits": "3",
  "description": "The rise and development of the composite arts of the theatre in their cultural and social context. Origins to 1500.",
  "prerequisites": []
}, {
  "corequisites": [],
  "course_name": "*HISTORY OF THE THEATRE",
  "course_number": "TA 331",
  "credits": "3",
  "description": "The rise and development of the composite arts of the theatre in their cultural and social context. 1500 to 1870.",
  "prerequisites": []
}, {
  "corequisites": [],
  "course_name": "*HISTORY OF THE THEATRE",
  "course_number": "TA 332",
  "credits": "3",
  "description": "The rise and development of the composite arts of the theatre in their cultural and social context. 1870 to present.",
  "prerequisites": []
}, {
  "corequisites": [],
  "course_name": "PLAYSCRIPT ANALYSIS",
  "course_number": "TA 344",
  "credits": "3",
  "description": "Study of major approaches to playscript analysis and detailed application of these systems to the theatrical production process.",
  "prerequisites": [["TA 147"]]
}, {
  "corequisites": [],
  "course_name": "SCENE AND STAGE DESIGN",
  "course_number": "TA 346",
  "credits": "3",
  "description": "Designs for stage productions including elements of color, mass, line, and lighting for various types of theatre architecture and plays.",
  "prerequisites": [["TA 244"]]
}, {
  "corequisites": [],
  "course_name": "ADVANCED ACTING: REALISM",
  "course_number": "TA 348",
  "credits": "3",
  "description": "Discussion, research, rehearsal, performance, and criticism of scenes from realistic drama. Emphasis on the craft of acting, emotional availability/honesty, personal awareness.",
  "prerequisites": [["TA 248"]]
}, {
  "corequisites": [],
  "course_name": "ADVANCED ACTING: STYLES",
  "course_number": "TA 349",
  "credits": "3",
  "description": "Discussion, research, rehearsal, performance, and criticism of scenes from a range of period and genre styles.",
  "prerequisites": [["TA 248"]]
}, {
  "corequisites": [],
  "course_name": "WORKSHOP: THEATRE ARTS",
  "course_number": "TA 350",
  "credits": "1-3",
  "description": "Advanced work in acting, directing or technical theatre in dramatic productions; laboratory experience.",
  "prerequisites": []
}, {
  "corequisites": [],
  "course_name": "PRINCIPLES OF PLAYWRITING",
  "course_number": "TA 351",
  "credits": "3",
  "description": "Basic principles and techniques of playwriting.",
  "prerequisites": []
}, {
  "corequisites": [],
  "course_name": "PLAYWRITING WORKSHOP",
  "course_number": "TA 352",
  "credits": "3",
  "description": "Intensive work on student playscripts generated in TA 351, through re-writes, revision and rehearsals.",
  "prerequisites": []
}, {
  "corequisites": [],
  "course_name": "FUNDS PLAY DIRECTION",
  "course_number": "TA 354",
  "credits": "3",
  "description": "History, theories and techniques of stage direction. Script analysis, study of the audience, staging, working with actors and designers, the production process. Emphasis on practical exploration and application.",
  "prerequisites": []
}, {
  "corequisites": [],
  "course_name": "*MULTICULTURAL AMERICAN THEATRE",
  "course_number": "TA 360",
  "credits": "3",
  "description": "Examines the rich panorama of multicultural-American theatre (e.g., African-American, gay and lesbian, Hispanic, Asian American).",
  "prerequisites": []
}, {
  "corequisites": [],
  "course_name": "*MULTICULTURAL AMERICAN THEATRE",
  "course_number": "TA 360H",
  "credits": "3",
  "description": "Examines the rich panorama of multicultural-American theatre (e.g., African-American, gay and lesbian, Hispanic, Asian American).",
  "prerequisites": []
}, {
  "corequisites": [],
  "course_name": "SPECIAL TOPICS",
  "course_number": "TA 399",
  "credits": "1-16",
  "description": "",
  "prerequisites": []
}, {
  "corequisites": [],
  "course_name": "RESEARCH",
  "course_number": "TA 401",
  "credits": "1-16",
  "description": "",
  "prerequisites": []
}, {
  "corequisites": [],
  "course_name": "INDEPENDENT STUDY",
  "course_number": "TA 402",
  "credits": "1-16",
  "description": "",
  "prerequisites": []
}, {
  "corequisites": [],
  "course_name": "THESIS",
  "course_number": "TA 403",
  "credits": "1-16",
  "description": "",
  "prerequisites": []
}, {
  "corequisites": [],
  "course_name": "READING AND CONFERENCE",
  "course_number": "TA 405",
  "credits": "1-16",
  "description": "",
  "prerequisites": []
}, {
  "corequisites": [],
  "course_name": "PROJECTS",
  "course_number": "TA 406",
  "credits": "1-16",
  "description": "",
  "prerequisites": []
}, {
  "corequisites": [],
  "course_name": "SEMINAR",
  "course_number": "TA 407",
  "credits": "1-16",
  "description": "",
  "prerequisites": []
}, {
  "corequisites": [],
  "course_name": "SEMINAR",
  "course_number": "TA 407H",
  "credits": "1-16",
  "description": "",
  "prerequisites": []
}, {
  "corequisites": [],
  "course_name": "WORKSHOP",
  "course_number": "TA 408",
  "credits": "1-16",
  "description": "",
  "prerequisites": []
}, {
  "corequisites": [],
  "course_name": "THEATRE ARTS INTERNSHIP",
  "course_number": "TA 410",
  "credits": "1-16",
  "description": "One- to three-term residency in a producing theatre, for a maximum allowable total of 15 credits. Student works in a department of the theatre and in related production activities, according to areas of interest or specialization. Work supervised and evaluated by agency staff; academic evaluation by supervising department faculty member(s). Available to upper-division theatre arts majors and graduate students approved by faculty and selected by intern agency.",
  "prerequisites": []
}, {
  "corequisites": [],
  "course_name": "TOPICS IN THEATRE ARTS",
  "course_number": "TA 416",
  "credits": "3",
  "description": "Lectures and explorations of theories, issues, methods, problems, and applications in theatre arts. Concentrated work in a variety of selected theatre topics. Offered as demand and staffing allow.",
  "prerequisites": []
}, {
  "corequisites": [],
  "course_name": "TOPICS IN THEATRE ARTS",
  "course_number": "TA 416H",
  "credits": "3",
  "description": "Lectures and explorations of theories, issues, methods, problems, and applications in theatre arts. Concentrated work in a variety of selected theatre topics. Offered as demand and staffing allow.",
  "prerequisites": []
}, {
  "corequisites": [],
  "course_name": "SONIC ARTS",
  "course_number": "TA 439",
  "credits": "2",
  "description": "Create experimental sonic art projects using analog and digital technologies to make natural, artificial, and curated sound installations within an arts, design, or communication context. Apply the iterative design process to ideate, prototype, implement, reflect and then re-imagine the sound art project. Develop collaborative skills by working with people from other disciplines. Demonstrate competency through describing and applying sound art concepts including those that involve active listening practices. Explore the breadth and range of sonic-art from a historical and contemporary art practice. CROSSLISTED as ART 439/GD 439/MUS 439/NMC 439/TA 439 and ART 539/MUS 539.",
  "prerequisites": []
}, {
  "corequisites": [],
  "course_name": "COSTUME DESIGN",
  "course_number": "TA 443",
  "credits": "3",
  "description": "Theory and practice of designing costumes for a theatrical production.",
  "prerequisites": []
}, {
  "corequisites": [],
  "course_name": "^THEORY AND CRITICISM OF THEATRE ARTS",
  "course_number": "TA 444",
  "credits": "3",
  "description": "Major theories that have influenced and motivated theatre practice in Western civilization throughout its development.",
  "prerequisites": []
}, {
  "corequisites": [],
  "course_name": "STUDIO: THEATRE ARTS",
  "course_number": "TA 450",
  "credits": "3-6",
  "description": "Advanced individual study on approved projects in one of the arts of the theatre: acting, directing or scene/costume/lighting design; or in stage or theatre management.",
  "prerequisites": []
}, {
  "corequisites": [],
  "course_name": "INTRODUCTION TO ARTS ENTREPRENEURSHIP",
  "course_number": "TA 451",
  "credits": "3",
  "description": "Survey of the business strategies behind a successful career in the arts. Emphasizes the importance of entrepreneurial thinking, engages students with the fundamentals of the arts \"business\", and explores ways to influence and shape the industry's future. CROSSLISTED as ART 451/MUS 451/TA 451.",
  "prerequisites": []
}, {
  "corequisites": [],
  "course_name": "ADVANCED PLAY DIRECTION",
  "course_number": "TA 454",
  "credits": "3",
  "description": "Expanded exploration of directing theories and techniques. Practical application through the production of a one-act play in a laboratory theatre.",
  "prerequisites": [["TA 354"]]
}, {
  "corequisites": [],
  "course_name": "OFF THE SCREEN - VIDEO INSTALLATION ART",
  "course_number": "TA 457",
  "credits": "2",
  "description": "Create experimental video-art installations within an arts, design, or communication context. Apply the iterative design process to ideate, prototype, implement, reflect and then re-imagine the video art project. Explore the breath and range of experimental approaches to video installations, multi-screen projections, immersive visual and sound environments, and projection-mapping from a historical and contemporary art perspective. Develop collaborative skills by working with people from other disciplines. CROSSLISTED as ART 457/GD 457/MUS 457/ NMC 457/TA 457 and ART 557/MUS 557.",
  "prerequisites": []
}, {
  "corequisites": [],
  "course_name": "SENSOR TECHNOLOGIES AND THE ARTS",
  "course_number": "TA 488",
  "credits": "2",
  "description": "Create interactive arts, design, or communication projects using sensor technologies in combination with sound, video, lights, video games, and generative digital art. Translate gestures of the physical world into interactive control using plug and play wireless sensors. Apply the iterative design process to ideate, prototype, implement, reflect and then re-imagine the sensor technologies project. Explore the breadth and range of interactive art from a historical and contemporary art practice. CROSSLISTED as ART 488/GD 488/MUS 488/NMC 488/TA 488 and ART 588/MUS 588.",
  "prerequisites": []
}, {
  "corequisites": [],
  "course_name": "SPECIAL TOPICS",
  "course_number": "TA 499",
  "credits": "1-16",
  "description": "",
  "prerequisites": []
}, {
  "corequisites": [],
  "course_name": "INDEPENDENT STUDY",
  "course_number": "TA 502",
  "credits": "1-16",
  "description": "",
  "prerequisites": []
}, {
  "corequisites": [],
  "course_name": "THESIS",
  "course_number": "TA 503",
  "credits": "1-16",
  "description": "",
  "prerequisites": []
}, {
  "corequisites": [],
  "course_name": "READING AND CONFERENCE",
  "course_number": "TA 505",
  "credits": "1-16",
  "description": "",
  "prerequisites": []
}, {
  "corequisites": [],
  "course_name": "PROJECTS",
  "course_number": "TA 506",
  "credits": "1-16",
  "description": "",
  "prerequisites": []
}, {
  "corequisites": [],
  "course_name": "SEMINAR",
  "course_number": "TA 507",
  "credits": "1-16",
  "description": "",
  "prerequisites": []
}, {
  "corequisites": [],
  "course_name": "WORKSHOP",
  "course_number": "TA 508",
  "credits": "1-16",
  "description": "",
  "prerequisites": []
}, {
  "corequisites": [],
  "course_name": "THEATRE ARTS INTERNSHIP",
  "course_number": "TA 510",
  "credits": "6-15",
  "description": "One- to three-term residency in a producing theatre, for a maximum allowable total of 15 credits. Student works in a department of the theatre and in related production activities, according to areas of interest or specialization. Work supervised and evaluated by agency staff; academic evaluation by supervising department faculty member(s). Available to upper-division theatre arts majors and graduate students approved by faculty and selected by intern agency.",
  "prerequisites": []
}]