[{
  "corequisites": [],
  "course_name": "UNDERGRADUATE RESEARCH",
  "course_number": "TOX 003",
  "credits": "0",
  "description": "Students engage in research activities appropriate to their discipline; and through the research experience, to acquire skills, techniques, and knowledge relevant to their field of study. In consultation with a faculty mentor, students will engage in research activity, and make and execute a plan for a project.",
  "prerequisites": []
}, {
  "corequisites": [],
  "course_name": "*THE WORLD OF POISONS",
  "course_number": "TOX 360",
  "credits": "3",
  "description": "Provides a basic understanding of how we are exposed and respond to chemicals, examples of human diseases associated with toxic insult, the role of technology and the interface of society and toxicology in risk perception and legislation.",
  "prerequisites": []
}, {
  "corequisites": [],
  "course_name": "RESEARCH",
  "course_number": "TOX 401",
  "credits": "1-16",
  "description": "",
  "prerequisites": []
}, {
  "corequisites": [],
  "course_name": "READING AND CONFERENCE",
  "course_number": "TOX 405",
  "credits": "1-16",
  "description": "",
  "prerequisites": []
}, {
  "corequisites": [],
  "course_name": "FUNDAMENTALS OF TOXICOLOGY",
  "course_number": "TOX 411",
  "credits": "3",
  "description": "Introduction to the discipline of toxicology. Examination of the basic concepts that define how chemicals are absorbed, distributed, metabolized, and eliminated by the body. Overview of associated dose/response relations.",
  "prerequisites": [["BB 350", "BB 450", "BB 490"]]
}, {
  "corequisites": [],
  "course_name": "ENVIRONMENTAL TOXICOLOGY AND RISK ASSESSMENT",
  "course_number": "TOX 413",
  "credits": "3",
  "description": "Procedures for defining exposure and the use of toxicological data in defining risk assessment. Recent application of mechanistic concepts are reviewed.",
  "prerequisites": [["TOX 411"]]
}, {
  "corequisites": [],
  "course_name": "TOXIC SUBSTANCES IN FOOD",
  "course_number": "TOX 429",
  "credits": "3",
  "description": "Toxicology and epidemiology of human exposures to pesticides and food toxicants.",
  "prerequisites": [["BB 350", "BB 450", "BB 490"]]
}, {
  "corequisites": [],
  "course_name": "CHEMICAL BEHAVIOR IN THE ENVIRONMENT",
  "course_number": "TOX 430",
  "credits": "3",
  "description": "Applications of chemical concepts in the definition and solution of pollution problems; analytical considerations, thermodynamic factors influencing movement of chemicals, physical and metabolic transformations occurring in the environment.",
  "prerequisites": [["CH 123", "CH 331"]]
}, {
  "corequisites": [],
  "course_name": "*GENES AND CHEMICALS IN AGRICULTURE: VALUE AND RISK",
  "course_number": "TOX 435",
  "credits": "3",
  "description": "A multidisciplinary course that examines the scientific, social, political, economic, environmental, and ethical controversies surrounding agricultural and natural resource biotechnologies. CROSSLISTED as FES 435/TOX 435.",
  "prerequisites": []
}, {
  "corequisites": [],
  "course_name": "*GENES AND CHEMICALS IN AGRICULTURE: VALUE AND RISK",
  "course_number": "TOX 435H",
  "credits": "3",
  "description": "A multidisciplinary course that examines the scientific, social, political, economic, environmental, and ethical controversies surrounding agricultural and natural resource biotechnologies. CROSSLISTED as FES 435/TOX 435.",
  "prerequisites": []
}, {
  "corequisites": [],
  "course_name": "ECOTOXICOLOGY: AQUATIC ECOSYSTEMS",
  "course_number": "TOX 455",
  "credits": "3",
  "description": "Focuses on transport, fate, and effects of toxic substances in freshwater ecosystems. There is special emphasis on impacts on fish.",
  "prerequisites": [["CH 331"]]
}, {
  "corequisites": [],
  "course_name": "COMPUTATIONAL TOXICOLOGY AND RISK ASSESSMENT",
  "course_number": "TOX 480",
  "credits": "3",
  "description": "Provides an in-depth understanding of the current systems biology paradigm for chemical risk and drug safety assessment. Learn about novel technologies in computational chemistry, molecular biology and systems biology used to develop methods for risk assessment, including approaches for chemical prioritization for screening and testing, predictive models for high-throughput hazard identification and utilization of “big data” to determine chemical mechanisms of action and toxicity pathways. Apply these approaches to specific case studies in risk analysis, environmental health and toxicology.",
  "prerequisites": []
}, {
  "corequisites": [],
  "course_name": "ENVIRONMENTAL FORENSIC CHEMISTRY",
  "course_number": "TOX 490",
  "credits": "3",
  "description": "Principles of Good Laboratory Practice Standards, methodology, utility and limitations of chemical forensic methods as applied to real investigations.",
  "prerequisites": []
}, {
  "corequisites": [],
  "course_name": "SPECIAL TOPICS",
  "course_number": "TOX 499",
  "credits": "1-16",
  "description": "",
  "prerequisites": []
}, {
  "corequisites": [],
  "course_name": "RESEARCH",
  "course_number": "TOX 501",
  "credits": "1-16",
  "description": "",
  "prerequisites": []
}, {
  "corequisites": [],
  "course_name": "THESIS",
  "course_number": "TOX 503",
  "credits": "1-16",
  "description": "",
  "prerequisites": []
}, {
  "corequisites": [],
  "course_name": "READING AND CONFERENCE",
  "course_number": "TOX 505",
  "credits": "1-16",
  "description": "",
  "prerequisites": []
}, {
  "corequisites": [],
  "course_name": "SEMINAR",
  "course_number": "TOX 507",
  "credits": "1-16",
  "description": "",
  "prerequisites": []
}, {
  "corequisites": [],
  "course_name": "FUNDAMENTALS OF TOXICOLOGY",
  "course_number": "TOX 511",
  "credits": "3",
  "description": "Introduction to the discipline of toxicology. Examination of the basic concepts that define how chemicals are absorbed, distributed, metabolized, and eliminated by the body. Overview of associated dose/response relations.",
  "prerequisites": [["BB 550", "BB 590"]]
}, {
  "corequisites": [],
  "course_name": "TARGET ORGAN TOXICOLOGY",
  "course_number": "TOX 512",
  "credits": "3",
  "description": "Examination of toxicological effects of chemicals at organ level. Normal physiology of the organ system is received.",
  "prerequisites": [["TOX 511"]]
}, {
  "corequisites": [],
  "course_name": "ENVIRONMENTAL TOXICOLOGY AND RISK ASSESSMENT",
  "course_number": "TOX 513",
  "credits": "3",
  "description": "Procedures for defining exposure and the use of toxicological data in defining risk assessment. Recent application of mechanistic concepts are reviewed.",
  "prerequisites": [["TOX 511"]]
}, {
  "corequisites": [],
  "course_name": "TOXIC SUBSTANCES IN FOOD",
  "course_number": "TOX 529",
  "credits": "3",
  "description": "Toxicology and epidemiology of human exposures to pesticides and food toxicants.",
  "prerequisites": []
}, {
  "corequisites": [],
  "course_name": "CHEMICAL BEHAVIOR IN THE ENVIRONMENT",
  "course_number": "TOX 530",
  "credits": "3",
  "description": "Applications of chemical concepts in the definition and solution of pollution problems; analytical considerations, thermodynamic factors influencing movement of chemicals, physical and metabolic transformations occurring in the environment.",
  "prerequisites": []
}, {
  "corequisites": [],
  "course_name": "GENES AND CHEMICALS IN AGRICULTURE: VALUE AND RISK",
  "course_number": "TOX 535",
  "credits": "3",
  "description": "A multidisciplinary course that examines the scientific, social, political, economic, environmental, and ethical controversies surrounding agricultural and natural resource biotechnologies. CROSSLISTED as FES 535/TOX 535.",
  "prerequisites": []
}, {
  "corequisites": [],
  "course_name": "ECOTOXICOLOGY: AQUATIC ECOSYSTEMS",
  "course_number": "TOX 555",
  "credits": "3",
  "description": "Focuses on transport, fate, and effects of toxic substances in freshwater ecosystems. There is special emphasis on impacts on fish.",
  "prerequisites": []
}, {
  "corequisites": [],
  "course_name": "SCIENTIFIC SKILLS AND ETHICS",
  "course_number": "TOX 557",
  "credits": "3",
  "description": "Acquire a multitude of skills to launch and maintain productive extramurally funded careers as research scientists. Explore the ethical practices, data sharing approaches, and compliance requirements needed to conduct research. Examine the ethical use of human subjects and animals in research. Explore the changing landscape of intellectual property and commercialization policies for scientists. Introduces communication strategies for effective interactions with scientific peers, the general public and research sponsors.",
  "prerequisites": []
}, {
  "corequisites": [],
  "course_name": "ADVANCED XENOBIOTIC METABOLISM AND DISPOSITION",
  "course_number": "TOX 575",
  "credits": "2",
  "description": "Focuses on structure, function and regulation of specific proteins that function in uptake, distribution, metabolism, and excretion of drugs and other chemicals that are foreign to the body (xenobiotics). Focuses on proteins which are termed Phase I and Phase II xenobiotic metabolizing enzymes and xenobiotic transporters. Emphasizes Cytochrome P450 enzymes and hepatic and renal xenobiotic transporter proteins and their key roles in xenobiotic metabolism and excretion.",
  "prerequisites": []
}, {
  "corequisites": [],
  "course_name": "COMPUTATIONAL TOXICOLOGY AND RISK ASSESSMENT",
  "course_number": "TOX 580",
  "credits": "3",
  "description": "Provides an in-depth understanding of the current systems biology paradigm for chemical risk and drug safety assessment. Learn about novel technologies in computational chemistry, molecular biology and systems biology used to develop methods for risk assessment, including approaches for chemical prioritization for screening and testing, predictive models for high-throughput hazard identification and utilization of “big data” to determine chemical mechanisms of action and toxicity pathways. Apply these approaches to specific case studies in risk analysis, environmental health and toxicology.",
  "prerequisites": []
}, {
  "corequisites": [],
  "course_name": "ENVIRONMENTAL FORENSIC CHEMISTRY",
  "course_number": "TOX 590",
  "credits": "3",
  "description": "Principles of Good Laboratory Practice Standards, methodology, utility and limitations of chemical forensic methods as applied to real investigations.",
  "prerequisites": []
}, {
  "corequisites": [],
  "course_name": "SPECIAL TOPICS",
  "course_number": "TOX 599",
  "credits": "1-16",
  "description": "",
  "prerequisites": []
}, {
  "corequisites": [],
  "course_name": "RESEARCH",
  "course_number": "TOX 601",
  "credits": "1-16",
  "description": "",
  "prerequisites": []
}, {
  "corequisites": [],
  "course_name": "THESIS",
  "course_number": "TOX 603",
  "credits": "1-16",
  "description": "",
  "prerequisites": []
}, {
  "corequisites": [],
  "course_name": "READING AND CONFERENCE",
  "course_number": "TOX 605",
  "credits": "1-16",
  "description": "",
  "prerequisites": []
}, {
  "corequisites": [],
  "course_name": "SEMINAR",
  "course_number": "TOX 607",
  "credits": "1-16",
  "description": "",
  "prerequisites": []
}, {
  "corequisites": [],
  "course_name": "SPECIAL TOPICS",
  "course_number": "TOX 699",
  "credits": "1-16",
  "description": "",
  "prerequisites": []
}, {
  "corequisites": [],
  "course_name": "WORKSHOP",
  "course_number": "TOX 808",
  "credits": "1-16",
  "description": "",
  "prerequisites": []
}]