[{
  "corequisites": [],
  "course_name": "PREVETERINARY MEDICINE",
  "course_number": "VMB 110",
  "credits": "1",
  "description": "Introduction to the profession's role in society.",
  "prerequisites": []
}, {
  "corequisites": [],
  "course_name": "THE ONE HEALTH PARADIGM AND AUDIENCE CONNECTIONS",
  "course_number": "VMB 112",
  "credits": "3",
  "description": "Present, discuss and communicate current research papers and ongoing projects in concise, audience appropriate formats using techniques from entrepreneurism, grant proposal writing and Hollywood storytelling.",
  "prerequisites": []
}, {
  "corequisites": [],
  "course_name": "RESEARCH AND SCHOLARSHIP",
  "course_number": "VMB 401",
  "credits": "1-16",
  "description": "",
  "prerequisites": []
}, {
  "corequisites": [],
  "course_name": "SEMINAR",
  "course_number": "VMB 407",
  "credits": "1-2",
  "description": "",
  "prerequisites": []
}, {
  "corequisites": [],
  "course_name": "ONE HEALTH IN PRACTICE",
  "course_number": "VMB 415",
  "credits": "3",
  "description": "One health is the concept that human, animal and environmental health are all intertwined. Utilizes current one health issues such as disease outbreaks and antimicrobial resistance to encourage students from diverse fields to develop interdisciplinary collaboration and communication skills. CROSSLISTED as BHS 415/VMB 415.",
  "prerequisites": []
}, {
  "corequisites": [],
  "course_name": "SPECIAL TOPICS",
  "course_number": "VMB 499",
  "credits": "1-16",
  "description": "Special studies course to allow different instructors the ability to teach a new class or one time class.",
  "prerequisites": []
}, {
  "corequisites": [],
  "course_name": "RESEARCH",
  "course_number": "VMB 501",
  "credits": "1-16",
  "description": "",
  "prerequisites": []
}, {
  "corequisites": [],
  "course_name": "THESIS",
  "course_number": "VMB 503",
  "credits": "1-12",
  "description": "",
  "prerequisites": []
}, {
  "corequisites": [],
  "course_name": "WRITING AND CONFERENCE (NON-THESIS)",
  "course_number": "VMB 504",
  "credits": "1-9",
  "description": "",
  "prerequisites": []
}, {
  "corequisites": [],
  "course_name": "READING AND CONFERENCE",
  "course_number": "VMB 505",
  "credits": "1-16",
  "description": "",
  "prerequisites": []
}, {
  "corequisites": [],
  "course_name": "SEMINAR",
  "course_number": "VMB 507",
  "credits": "1-16",
  "description": "",
  "prerequisites": []
}, {
  "corequisites": [],
  "course_name": "THE ONE HEALTH PARADIGM AND AUDIENCE CONNECTIONS",
  "course_number": "VMB 512",
  "credits": "3",
  "description": "Present, discuss and communicate current research papers and ongoing projects in concise, audience appropriate formats using techniques from entrepreneurism, grant proposal writing and Hollywood storytelling.",
  "prerequisites": []
}, {
  "corequisites": [],
  "course_name": "VETERINARY PHYSIOLOGY",
  "course_number": "VMB 517",
  "credits": "5",
  "description": "Physiology of body fluids, muscles, membranes, intermediary metabolism, cardiovascular system, and metabolism.",
  "prerequisites": []
}, {
  "corequisites": [],
  "course_name": "VETERINARY PHYSIOLOGY",
  "course_number": "VMB 518",
  "credits": "5",
  "description": "Physiology of gastrointestinal, endocrine and reproductive systems.",
  "prerequisites": [["VMB 517"]]
}, {
  "corequisites": [],
  "course_name": "VETERINARY PHYSIOLOGY",
  "course_number": "VMB 519",
  "credits": "4",
  "description": "Physiology of respiratory and renal systems and acid-base balance.",
  "prerequisites": [["VMB 518"]]
}, {
  "corequisites": [],
  "course_name": "ZOONOSES",
  "course_number": "VMB 523",
  "credits": "3",
  "description": "Interactive examination of the molecular basis of diseases that are transmissible between animals and humans. Emphasis on bacterial, viral and parasitic pathogens of animals and humans.",
  "prerequisites": []
}, {
  "corequisites": [],
  "course_name": "RESEARCH",
  "course_number": "VMB 601",
  "credits": "1-16",
  "description": "",
  "prerequisites": []
}, {
  "corequisites": [],
  "course_name": "THESIS",
  "course_number": "VMB 603",
  "credits": "1-16",
  "description": "",
  "prerequisites": []
}, {
  "corequisites": [],
  "course_name": "WRITING AND CONFERENCE (NON-THESIS)",
  "course_number": "VMB 604",
  "credits": "1-9",
  "description": "",
  "prerequisites": []
}, {
  "corequisites": [],
  "course_name": "READING AND CONFERENCE",
  "course_number": "VMB 605",
  "credits": "1-16",
  "description": "",
  "prerequisites": []
}, {
  "corequisites": [],
  "course_name": "PROJECTS",
  "course_number": "VMB 606",
  "credits": "1-16",
  "description": "",
  "prerequisites": []
}, {
  "corequisites": [],
  "course_name": "SEMINAR",
  "course_number": "VMB 607",
  "credits": "1-16",
  "description": "",
  "prerequisites": []
}, {
  "corequisites": [],
  "course_name": "VETERINARY GROSS ANATOMY",
  "course_number": "VMB 611",
  "credits": "4",
  "description": "Systematic and topographic study and dissection of the dog, cat, horse, ruminant, pig, and chicken.",
  "prerequisites": []
}, {
  "corequisites": [],
  "course_name": "VETERINARY GROSS ANATOMY",
  "course_number": "VMB 612",
  "credits": "4",
  "description": "Systematic and topographic study and dissection of the dog, cat, horse, ruminant, pig, and chicken.",
  "prerequisites": []
}, {
  "corequisites": [],
  "course_name": "VETERINARY MICROSCOPIC ANATOMY",
  "course_number": "VMB 614",
  "credits": "4",
  "description": "Structure and development of cells, tissues, organs, and organ systems of animals.",
  "prerequisites": []
}, {
  "corequisites": [],
  "course_name": "VETERINARY NEUROSCIENCES",
  "course_number": "VMB 616",
  "credits": "4",
  "description": "Structural and functional relationships of the nervous system and organs of special sense with emphasis on general clinical application.",
  "prerequisites": []
}, {
  "corequisites": [],
  "course_name": "VETERINARY IMMUNOLOGY",
  "course_number": "VMB 620",
  "credits": "5",
  "description": "Clinical and diagnostic aspects of immunological mechanisms, serological reactions; hypersensitivity, allergy, and disorders of the immune system.",
  "prerequisites": []
}, {
  "corequisites": [],
  "course_name": "GENERAL PATHOLOGY",
  "course_number": "VMB 621",
  "credits": "4",
  "description": "General principles of pathology, cell injury and death, inflammation and tissue repair, abnormalities of cell growth, and structures and mechanisms of disease.",
  "prerequisites": []
}, {
  "corequisites": [],
  "course_name": "PATHOLOGY LABORATORY",
  "course_number": "VMB 622",
  "credits": "1",
  "description": "Laboratory instruction to complement VMB 621.",
  "prerequisites": [["VMB 611"]]
}, {
  "corequisites": [],
  "course_name": "ANTIBIOTIC STEWARDSHIP",
  "course_number": "VMB 624",
  "credits": "1",
  "description": "Elective course for students to learn about significant aspects of antibiotic resistance. Intended to become part of the “One Health Program”, resulting in the ability to create a plan for effective antibiotic stewardship as it relates to human, animal, and environmental health.",
  "prerequisites": []
}, {
  "corequisites": [],
  "course_name": "ORNAMENTAL FISH MEDICINE",
  "course_number": "VMB 627",
  "credits": "2",
  "description": "An introduction to the basic principles of ornamental fish medicine including basic husbandry, handling and clinical procedures. This is a 1-week intensive course held at the Hatfield Marine Science Center in Newport, Oregon. Graded P/N.",
  "prerequisites": []
}, {
  "corequisites": [],
  "course_name": "MECHANISMS OF DISEASE",
  "course_number": "VMB 630",
  "credits": "3",
  "description": "Cellular and molecular events that contribute to the pathogenesis of disease in animals, including humans. Host interactions with infectious agents and the environment.",
  "prerequisites": []
}, {
  "corequisites": [],
  "course_name": "MATHEMATICAL MODELING OF BIOLOGICAL SYSTEMS",
  "course_number": "VMB 631",
  "credits": "3",
  "description": "The use of mathematical modeling in biological sciences is studied. A variety of modeling techniques are covered including implementing the methods computationally.",
  "prerequisites": []
}, {
  "corequisites": [],
  "course_name": "SEMINARS IN LABORATORY ANIMAL MEDICINE",
  "course_number": "VMB 640",
  "credits": "2",
  "description": "Prepares students for careers in laboratory animal medicine. Provides a review of medical conditions, diagnosis and treatment of research animals.",
  "prerequisites": []
}, {
  "corequisites": [],
  "course_name": "SEMINARS IN LABORATORY ANIMAL MEDICINE",
  "course_number": "VMB 641",
  "credits": "2",
  "description": "Prepares students for careers in laboratory animal medicine. Provides a review of medical conditions, diagnosis and treatment for research animals.",
  "prerequisites": []
}, {
  "corequisites": [],
  "course_name": "SEMINARS IN LABORATORY ANIMAL MEDICINE",
  "course_number": "VMB 642",
  "credits": "2",
  "description": "Prepares students for careers in laboratory animal medicine. Provides a review of medical conditions, diagnosis and treatment for research animals.",
  "prerequisites": []
}, {
  "corequisites": [],
  "course_name": "SELECTED TOPICS IN VETERINARY MEDICINE",
  "course_number": "VMB 651",
  "credits": "3",
  "description": "Topics vary; check Schedule of Classes for particular topics.",
  "prerequisites": []
}, {
  "corequisites": [],
  "course_name": "CANCER SYSTEMS BIOLOGY",
  "course_number": "VMB 652",
  "credits": "3",
  "description": "Overview of systems biology approaches that are being used to study cancer, with an emphasis on omics techniques and fundamental mechanisms in the origination and progression of cancer. Discussion-based, with each class session focused on a contemporary research article in the field of cancer systems biology.",
  "prerequisites": []
}, {
  "corequisites": [],
  "course_name": "VETERINARY VIROLOGY",
  "course_number": "VMB 653",
  "credits": "4",
  "description": "Virology for the professional and graduate student.",
  "prerequisites": []
}, {
  "corequisites": [],
  "course_name": "VETERINARY BACTERIOLOGY AND MYCOLOGY",
  "course_number": "VMB 659",
  "credits": "5",
  "description": "Veterinary bacteriology and mycology for the veterinary graduate student.",
  "prerequisites": []
}, {
  "corequisites": [],
  "course_name": "VETERINARY PARASITOLOGY",
  "course_number": "VMB 660",
  "credits": "5",
  "description": "A study of the parasitic diseases of domestic animals with an emphasis on diagnosis and treatment. Fundamentals in host-parasite interactions, taxonomy and life cycle strategies are covered.",
  "prerequisites": []
}, {
  "corequisites": [],
  "course_name": "VETERINARY DIAGNOSTIC PATHOLOGY",
  "course_number": "VMB 663",
  "credits": "6",
  "description": "Practical hands-on course training students in the diagnostic pathology utilizing case material received at the OSU Veterinary Diagnostic Lab.",
  "prerequisites": []
}, {
  "corequisites": [],
  "course_name": "COMPARATIVE MICROSCOPIC PATHOLOGY",
  "course_number": "VMB 664",
  "credits": "1",
  "description": "Trains participants in the recognition, description, and pathogenesis of a wide variety of disease processes with an emphasis on microscopic features.",
  "prerequisites": []
}, {
  "corequisites": [],
  "course_name": "READINGS IN VETERINARY PATHOLOGY",
  "course_number": "VMB 665",
  "credits": "1",
  "description": "Group discussions of assigned readings central to understanding of veterinary pathology, including recent advances.",
  "prerequisites": []
}, {
  "corequisites": [],
  "course_name": "VETERINARY MEDICINE AND PUBLIC HEALTH",
  "course_number": "VMB 666",
  "credits": "3",
  "description": "Covers aspects of veterinary medicine that affect human health. An understanding of the contribution of the veterinary profession to human (public) health will enable students to play an effective role in this area, regardless of career direction.",
  "prerequisites": []
}, {
  "corequisites": [],
  "course_name": "INTRODUCTION TO GRANT PROPOSAL WRITING",
  "course_number": "VMB 669",
  "credits": "2",
  "description": "To introduce students to the fundamentals of writing grant proposals to the National Institute of Health (NIH), different funding mechanisms, as well as the grant reviewing process. CROSSLISTED as PHAR 669/VMB 669.",
  "prerequisites": []
}, {
  "corequisites": [],
  "course_name": "INTRODUCTION TO SYSTEMS BIOMEDICINE AND PHARMACOGENOMICS",
  "course_number": "VMB 670",
  "credits": "2",
  "description": "Evaluates and explains ‘next generation’ approaches used in systems biomedicine and pharmacogenomics fields, including but not limited to large scale ‘omics’ data analysis and their integration in biological networks for novel understanding of disease mechanisms, improvement of diagnosis, prognosis and therapies. CROSSLISTED as PHAR 670/VMB 670.",
  "prerequisites": []
}, {
  "corequisites": [],
  "course_name": "MOLECULAR TOOLS",
  "course_number": "VMB 671",
  "credits": "3",
  "description": "Intended for personnel with some scientific background who are seeking basic- and advanced-level molecular biology knowledge and who wish to become involved with molecular biology-related and biotechnological research.",
  "prerequisites": []
}, {
  "corequisites": [],
  "course_name": "COMPARATIVE IMMUNOLOGY",
  "course_number": "VMB 673",
  "credits": "3",
  "description": "Examines immune system function in animals other than mice and men with a focus on adapting cutting-edge technologies.",
  "prerequisites": []
}, {
  "corequisites": [],
  "course_name": "VACCINES AND NEW THERAPIES",
  "course_number": "VMB 674",
  "credits": "3",
  "description": "Provides students with a cohesive understanding of the basic research behind the discovery of new therapeutic targets and scientific advancements used in development of vaccines and new therapies.",
  "prerequisites": []
}, {
  "corequisites": [],
  "course_name": "PERSONALIZED NUTRITION FOR DISEASE MANAGEMENT",
  "course_number": "VMB 675",
  "credits": "3",
  "description": "Explores personalized nutrition options for prevention and management of various diseases, including kidney, diabetes, liver, bone, oncology and more. Examines recent literature findings relevant to these organ systems. Provides opportunities for choosing topics of a particular interest for a deeper dive. CROSSLISTED as NUTR 675/VMB 675.",
  "prerequisites": []
}, {
  "corequisites": [],
  "course_name": "SPECIAL TOPICS",
  "course_number": "VMB 699",
  "credits": "1-16",
  "description": "",
  "prerequisites": []
}, {
  "corequisites": [],
  "course_name": "RESEARCH",
  "course_number": "VMB 701",
  "credits": "1-16",
  "description": "",
  "prerequisites": []
}, {
  "corequisites": [],
  "course_name": "READING AND CONFERENCE",
  "course_number": "VMB 705",
  "credits": "1-16",
  "description": "",
  "prerequisites": []
}, {
  "corequisites": [],
  "course_name": "PROJECTS",
  "course_number": "VMB 706",
  "credits": "1-16",
  "description": "",
  "prerequisites": []
}, {
  "corequisites": [],
  "course_name": "VETERINARY GROSS ANATOMY",
  "course_number": "VMB 711",
  "credits": "4",
  "description": "Systematic and topographic study and dissection of the dog, cat, horse, ruminant, pig, and chicken.",
  "prerequisites": []
}, {
  "corequisites": [],
  "course_name": "VETERINARY GROSS ANATOMY",
  "course_number": "VMB 712",
  "credits": "4",
  "description": "Systematic and topographic study and dissection of the dog, cat, horse, ruminant, pig, and chicken.",
  "prerequisites": []
}, {
  "corequisites": [],
  "course_name": "VETERINARY GROSS ANATOMY",
  "course_number": "VMB 713",
  "credits": "4",
  "description": "Systematic and topographic study and dissection of the dog, cat, horse, ruminant, pig, and chicken. Lec/lab.",
  "prerequisites": []
}, {
  "corequisites": [],
  "course_name": "VETERINARY MICROSCOPIC ANATOMY",
  "course_number": "VMB 714",
  "credits": "4",
  "description": "Structure and development of cells, tissues, organs, and organ systems of animals.",
  "prerequisites": []
}, {
  "corequisites": [],
  "course_name": "VETERINARY NEUROSCIENCES",
  "course_number": "VMB 716",
  "credits": "4",
  "description": "Structural and functional relationships of the nervous system and organs of special sense with emphasis on general clinical application.",
  "prerequisites": []
}, {
  "corequisites": [],
  "course_name": "VETERINARY PHYSIOLOGY",
  "course_number": "VMB 717",
  "credits": "5",
  "description": "Physiology of body fluids, excretion, respiration, acid-base balance, blood, muscle, bone, cardiovascular system, digestion, metabolism, endocrine system, reproduction, and lactation.",
  "prerequisites": []
}, {
  "corequisites": [],
  "course_name": "VETERINARY PHYSIOLOGY",
  "course_number": "VMB 718",
  "credits": "5",
  "description": "Physiology of body fluids, excretion, respiration, acid-base balance, blood, muscle, bone, cardiovascular system, digestion, metabolism, endocrine system, reproduction, and lactation.",
  "prerequisites": []
}, {
  "corequisites": [],
  "course_name": "VETERINARY PHYSIOLOGY",
  "course_number": "VMB 719",
  "credits": "4",
  "description": "Physiology of body fluids, excretion, respiration, acid-base balance, blood, muscle, bone, cardiovascular system, digestion, metabolism, endocrine system, reproduction, and lactation.",
  "prerequisites": []
}, {
  "corequisites": [],
  "course_name": "VETERINARY IMMUNOLOGY",
  "course_number": "VMB 720",
  "credits": "5",
  "description": "Clinical and diagnostic aspects of immunological mechanisms, serological reactions, hypersensitivity, allergy, and disorders of the immune system.",
  "prerequisites": []
}, {
  "corequisites": [],
  "course_name": "VETERINARY PATHOLOGY",
  "course_number": "VMB 721",
  "credits": "5",
  "description": "Basic mechanisms and concepts relating to reaction of cells and tissues to disease, with emphasis on cellular and tissue degeneration, inflammatory reaction, circulatory disturbance and neoplasia.",
  "prerequisites": []
}, {
  "corequisites": [],
  "course_name": "RESEARCH READING SKILLS FOR VETERINARY STUDENTS",
  "course_number": "VMB 722",
  "credits": "1",
  "description": "Training in critical evaluation of biomedical and clinical research studies, and understanding of laboratory diagnostic methods.",
  "prerequisites": []
}, {
  "corequisites": [],
  "course_name": "ANTIBIOTIC STEWARDSHIP",
  "course_number": "VMB 724",
  "credits": "1",
  "description": "Elective course for students to learn about significant aspects of antibiotic resistance. Intended to become part of the “One Health Program”, resulting in the ability to create a plan for effective antibiotic stewardship as it relates to human, animal, and environmental health.",
  "prerequisites": []
}, {
  "corequisites": [],
  "course_name": "VETERINARY APPLIED ANATOMY",
  "course_number": "VMB 725",
  "credits": "2",
  "description": "Emphasizes clinically important anatomical structures through a body systems approach. Interactively solidifies critical microanatomy concepts and applies problem-solving skills. Emphasizes anatomical knowledge in relation to practical clinical cases in both small and large animals.",
  "prerequisites": [["VMB 711"], ["VMB 712"], ["VMB 714"]]
}, {
  "corequisites": [],
  "course_name": "PET BIRD AND SMALL MAMMAL MEDICINE AND SURGERY",
  "course_number": "VMB 726",
  "credits": "2",
  "description": "Medicine and surgery of pet birds and small animals. Graded P/N.",
  "prerequisites": []
}, {
  "corequisites": [],
  "course_name": "ORNAMENTAL FISH MEDICINE",
  "course_number": "VMB 727",
  "credits": "2",
  "description": "An introduction to the basic principles of ornamental fish medicine including basic husbandry, handling and clinical procedures.",
  "prerequisites": []
}, {
  "corequisites": [],
  "course_name": "SPECIAL ANIMAL MEDICINE",
  "course_number": "VMB 728",
  "credits": "4",
  "description": "Focuses on diagnosis, treatment, and management of special animals, including the common laboratory animals.",
  "prerequisites": []
}, {
  "corequisites": [],
  "course_name": "LAB ANIMAL/PRIMATE MEDICINE AND SURGERY",
  "course_number": "VMB 729",
  "credits": "3-12",
  "description": "Designed to provide hands-on experience with a variety of laboratory animal species including primates, rodents, ungulates, fish, and reptiles. May be repeated up to 4 times for 3, 6, 9 or 12 credits per term. 12 credits maximum apply toward graduation. Graded P/N.",
  "prerequisites": []
}, {
  "corequisites": [],
  "course_name": "FROM AIDS TO ZIKA – EPIDEMICS",
  "course_number": "VMB 733",
  "credits": "PANDEMICS",
  "description": "Explores the history of epidemics, pandemics, and the One Health paradigm. Analyses the role of animals in selected epidemics and pandemics from the past and the present, and discusses their relevance to the One Health paradigm. Compares global effects of how diseases spread and how prevention and therapy measures are put into place.",
  "prerequisites": []
}, {
  "corequisites": [],
  "course_name": "DIAGNOSTIC CLINICAL PATHOLOGY",
  "course_number": "VMB 736",
  "credits": "2",
  "description": "One week clinical experience in clinical pathology, cytology, urinalysis, clinical chemistry interpretation and hematology.",
  "prerequisites": []
}, {
  "corequisites": [],
  "course_name": "DISEASES OF WILD AND AQUACULTURE INVERTEBRATES",
  "course_number": "VMB 738",
  "credits": "3",
  "description": "Explores the most important diseases of wild and aquaculture invertebrates, including seafood borne pathogens and biotoxins. Identifies diagnostic methods, treatments and prevention measures, and environmental factors that contribute to disease. Explores the ecological and economic importance of the species and diseases discussed and regulations and policies pertaining to these issues.",
  "prerequisites": []
}, {
  "corequisites": [],
  "course_name": "COMMUNICATIONS FOR VETERINARIANS",
  "course_number": "VMB 745",
  "credits": "1",
  "description": "Communications and problem solving for the third-year veterinary student. Graded P/N.",
  "prerequisites": []
}, {
  "corequisites": [],
  "course_name": "INFECTIOUS DISEASES OF MARINE MAMMALS",
  "course_number": "VMB 746",
  "credits": "1",
  "description": "Discusses selected diseases in marine mammals. Defines marine mammals and analyzes what makes them unique from terrestrial mammals. Explores the most common diseases that infect marine mammals including viral, bacterial, fungal, and parasitic diseases. Provides common characteristics of each disease along with similarities and differences in how each disease infects different marine mammal species. Discusses the zoonotic potential of each disease and the risk these diseases pose to humans.",
  "prerequisites": []
}, {
  "corequisites": [],
  "course_name": "WILDLIFE SAFARI",
  "course_number": "VMB 749",
  "credits": "2",
  "description": "Clinical training in the care of exotic and zoo animal species. Graded P/N.",
  "prerequisites": []
}, {
  "corequisites": [],
  "course_name": "SYSTEMIC PATHOLOGY I",
  "course_number": "VMB 750",
  "credits": "4",
  "description": "Examines the principles of system and organ responses to injury and the consequent effects of these changes on the host.",
  "prerequisites": []
}, {
  "corequisites": [],
  "course_name": "SYSTEMIC PATHOLOGY II",
  "course_number": "VMB 751",
  "credits": "5",
  "description": "Examines the principles of system and organ responses to injury and the consequent effects of these changes on the host.",
  "prerequisites": []
}, {
  "corequisites": [],
  "course_name": "VETERINARY VIROLOGY",
  "course_number": "VMB 753",
  "credits": "4",
  "description": "Virology for the professional DVM student.",
  "prerequisites": []
}, {
  "corequisites": [],
  "course_name": "ADVANCED CLINICAL PATHOLOGY",
  "course_number": "VMB 756",
  "credits": "1",
  "description": "One-week rotation in advanced clinical pathology: cytology, hematology and clinical chemistry interpretation.",
  "prerequisites": [["VMB 736"]]
}, {
  "corequisites": [],
  "course_name": "VETERINARY BACTERIOLOGY AND MYCOLOGY",
  "course_number": "VMB 759",
  "credits": "5",
  "description": "Bacteriology and mycology for the professional DVM student.",
  "prerequisites": []
}, {
  "corequisites": [],
  "course_name": "VETERINARY PARASITOLOGY",
  "course_number": "VMB 760",
  "credits": "5",
  "description": "A study of the parasitic diseases of domestic animals with an emphasis on diagnosis and treatment. Fundamentals in host-parasite interactions, taxonomy and life cycle strategies are covered.",
  "prerequisites": []
}, {
  "corequisites": [],
  "course_name": "VETERINARY PHARMACOLOGY",
  "course_number": "VMB 761",
  "credits": "2",
  "description": "Fundamentals of pharmacology as related to veterinary medicine presented in a systems-oriented approach with drug therapy in domestic animals.",
  "prerequisites": []
}, {
  "corequisites": [],
  "course_name": "VETERINARY PHARMACOLOGY II",
  "course_number": "VMB 762",
  "credits": "4",
  "description": "Fundamentals of pharmacology as related to veterinary medicine presented in a systems-oriented approach with drug therapy in domestic animals.",
  "prerequisites": []
}, {
  "corequisites": [],
  "course_name": "VETERINARY CLINICAL PATHOLOGY",
  "course_number": "VMB 763",
  "credits": "4",
  "description": "Clinical pathology for the professional DVM student.",
  "prerequisites": []
}, {
  "corequisites": [],
  "course_name": "VETERINARY TOXICOLOGY",
  "course_number": "VMB 765",
  "credits": "4",
  "description": "A study of toxic agents, mechanisms of action, toxicosis and treatments, especially as related to domestic and wild animals, with principles of toxicity testing, clinical diagnosis, and identification of poisonous plants. Lec/lab.",
  "prerequisites": []
}, {
  "corequisites": [],
  "course_name": "EPIDEMIOLOGY AND PUBLIC HEALTH",
  "course_number": "VMB 766",
  "credits": "3",
  "description": "Examination of the application of epidemiology to the field of veterinary medicine and the study of important veterinary public health issues.",
  "prerequisites": []
}, {
  "corequisites": [],
  "course_name": "BASIC HISTOPATHOLOGY",
  "course_number": "VMB 768",
  "credits": "1",
  "description": "A rotation in histopathology at the Veterinary Diagnostic Laboratory. Emphasis is placed on case evaluation, diagnosis and report writing of biopsies of all species. Graded P/N.",
  "prerequisites": [["VMB 751"]]
}, {
  "corequisites": [],
  "course_name": "INTERNATIONAL VETERINARY MEDICINE",
  "course_number": "VMB 772",
  "credits": "2",
  "description": "Veterinary students work with veterinarians and domestic animals in international settings.",
  "prerequisites": []
}, {
  "corequisites": [],
  "course_name": "ADVANCED HISTOPATHOLOGY",
  "course_number": "VMB 786",
  "credits": "2",
  "description": "A rotation in histopathology at the Veterinary Diagnostic Laboratory. Emphasis is placed on case evaluation, diagnosis and report writing of biopsies of all species.",
  "prerequisites": []
}, {
  "corequisites": [],
  "course_name": "DIAGNOSTIC SERVICES",
  "course_number": "VMB 795",
  "credits": "2",
  "description": "Students will perform service duty in the necropsy area of the Veterinary Diagnostic Laboratory and will perform necropsies on delivered specimens.",
  "prerequisites": []
}]