[{
  "corequisites": [],
  "course_name": "RESEARCH",
  "course_number": "VMC 501",
  "credits": "1-16",
  "description": "",
  "prerequisites": []
}, {
  "corequisites": [],
  "course_name": "THESIS",
  "course_number": "VMC 503",
  "credits": "1-12",
  "description": "",
  "prerequisites": []
}, {
  "corequisites": [],
  "course_name": "READING AND CONFERENCE",
  "course_number": "VMC 505",
  "credits": "1-16",
  "description": "",
  "prerequisites": []
}, {
  "corequisites": [],
  "course_name": "SEMINAR",
  "course_number": "VMC 507",
  "credits": "1-16",
  "description": "",
  "prerequisites": []
}, {
  "corequisites": [],
  "course_name": "TEACHING PRACTICUM FOR VETERINARY PROFESSIONAL CURRICULUM",
  "course_number": "VMC 509",
  "credits": "1-6",
  "description": "Provides veterinary specialty residents and graduate students a mentored experience in teaching of veterinary medical students. Experience can be gained with teaching of lecture and/or laboratory courses.",
  "prerequisites": []
}, {
  "corequisites": [],
  "course_name": "RESEARCH",
  "course_number": "VMC 601",
  "credits": "1-16",
  "description": "",
  "prerequisites": []
}, {
  "corequisites": [],
  "course_name": "THESIS",
  "course_number": "VMC 603",
  "credits": "1-16",
  "description": "",
  "prerequisites": []
}, {
  "corequisites": [],
  "course_name": "READING AND CONFERENCE",
  "course_number": "VMC 605",
  "credits": "1-16",
  "description": "",
  "prerequisites": []
}, {
  "corequisites": [],
  "course_name": "PROJECTS",
  "course_number": "VMC 606",
  "credits": "1-16",
  "description": "",
  "prerequisites": []
}, {
  "corequisites": [],
  "course_name": "SEMINAR",
  "course_number": "VMC 607",
  "credits": "1-16",
  "description": "",
  "prerequisites": []
}, {
  "corequisites": [],
  "course_name": "POSTGRADUATE MEDICINE",
  "course_number": "VMC 632",
  "credits": "3-7",
  "description": "An interactive, practical course on the role of scholarship in clinical medicine, including techniques to develop and conduct research in a clinical setting.",
  "prerequisites": []
}, {
  "corequisites": [],
  "course_name": "POSTGRADUATE SURGERY",
  "course_number": "VMC 634",
  "credits": "3-7",
  "description": "An interactive, practical course on the role of scholarship in clinical surgery, including techniques to develop and conduct research in a clinical setting.",
  "prerequisites": []
}, {
  "corequisites": [],
  "course_name": "TOPICS IN INTERNAL MEDICINE",
  "course_number": "VMC 682",
  "credits": "2-4",
  "description": "In-depth investigation of important topics in physiology, pathophysiology, treatment, diagnosis, and other aspects of internal medicine through investigation of primary literature and recent reviews.",
  "prerequisites": []
}, {
  "corequisites": [],
  "course_name": "TOPICS IN SURGERY",
  "course_number": "VMC 684",
  "credits": "2-4",
  "description": "In-depth investigation of important topics in physiology, pathophysiology, treatment, diagnosis, and other aspects of surgery through investigation of primary literature and recent reviews.",
  "prerequisites": []
}, {
  "corequisites": [],
  "course_name": "RESEARCH",
  "course_number": "VMC 701",
  "credits": "1-16",
  "description": "",
  "prerequisites": []
}, {
  "corequisites": [],
  "course_name": "READING AND CONFERENCE",
  "course_number": "VMC 705",
  "credits": "1-16",
  "description": "",
  "prerequisites": []
}, {
  "corequisites": [],
  "course_name": "PROJECTS",
  "course_number": "VMC 706",
  "credits": "1-16",
  "description": "",
  "prerequisites": []
}, {
  "corequisites": [],
  "course_name": "CLINICAL CARDIOLOGY",
  "course_number": "VMC 711",
  "credits": "1-4",
  "description": "A one-week clinical elective rotation in cardiology at the Veterinary Teaching Hospital. May be repeated up to 4 times, two weeks or more is encouraged. Fourth-year standing in Veterinary Medicine required.",
  "prerequisites": []
}, {
  "corequisites": [],
  "course_name": "CLINICAL ONCOLOGY",
  "course_number": "VMC 712",
  "credits": "1-4",
  "description": "A one-week clinical elective rotation in clinical oncology at the Veterinary Teaching Hospital. May be repeated up to 4 times, two weeks or more is encouraged. Fourth-year standing in Veterinary Medicine required.",
  "prerequisites": [["VMC 778"]]
}, {
  "corequisites": [],
  "course_name": "COMPANION ANIMAL DENTISTRY",
  "course_number": "VMC 713",
  "credits": "1",
  "description": "Introduces the clinical art and practice of small animal veterinary dentistry. Builds upon the review of anatomy and pathology introduced in the prior veterinary curriculum to create understanding of the tenants of general practice companion animal veterinary dentistry: periodontics, endodontics, oral medicine, and oral surgery.",
  "prerequisites": []
}, {
  "corequisites": [],
  "course_name": "SMALL ANIMAL DENTISTRY",
  "course_number": "VMC 714",
  "credits": "1",
  "description": "A clinical course designed to provide students with hands-on training in diagnosis, treatment and prophylaxis of dental diseases of dogs and cats.",
  "prerequisites": []
}, {
  "corequisites": [],
  "course_name": "CASE STUDIES IN SMALL ANIMAL MEDICINE I",
  "course_number": "VMC 715",
  "credits": "1",
  "description": "A case-based course involving diseases and conditions of the endocrine, gastrointestinal and hepatobiliary systems as well as neoplastic and infectious diseases of small animals.",
  "prerequisites": []
}, {
  "corequisites": [],
  "course_name": "CASE STUDIES IN SMALL ANIMAL MEDICINE II",
  "course_number": "VMC 716",
  "credits": "1",
  "description": "A case-based course involving diseases and conditions of the cardiovascular, respiratory and urogenital systems as well as emergent diseases and conditions.",
  "prerequisites": []
}, {
  "corequisites": [],
  "course_name": "CASE STUDIES IN SMALL ANIMAL MEDICINE III",
  "course_number": "VMC 717",
  "credits": "1",
  "description": "A case-based course involving diseases and conditions of the dermatologic, neurologic, ophthalmalogic, and hemolymphatic systems.",
  "prerequisites": []
}, {
  "corequisites": [],
  "course_name": "SMALL ANIMAL PREVENTIVE MEDICINE",
  "course_number": "VMC 718",
  "credits": "2",
  "description": "Introductory course to basic concepts in small animal preventive medicine including vaccine immunology, vaccine strategies, internal/external parasite control, nutrition in disease prevention, and wellness programs for dogs and cats.",
  "prerequisites": []
}, {
  "corequisites": [],
  "course_name": "CLINICAL CARDIOLOGY I",
  "course_number": "VMC 719",
  "credits": "2",
  "description": "Hands-on practical experience in a clinical setting in taking a clinical history, performing a cardiovascular physical examinations, recording electrocardiograms, interpreting thoracic radiographs and echocardiograms, creating problem lists, compiling lists of differential diagnosis, formulating diagnostic and therapeutic plans, discussing treatment options, generating medical records, and discharging patients.",
  "prerequisites": []
}, {
  "corequisites": [],
  "course_name": "VETERINARY CLINICAL NUTRITION",
  "course_number": "VMC 720",
  "credits": "2",
  "description": "To examine the nutritional needs of many species of veterinary importance. Emphasis is placed on designing feeding programs to optimize health and animal performance.",
  "prerequisites": []
}, {
  "corequisites": [],
  "course_name": "SMALL ANIMAL CLINICAL NUTRITION",
  "course_number": "VMC 721",
  "credits": "1",
  "description": "Introduction to the concepts of small animal clinical nutrition and is designed for the third-year veterinary student.",
  "prerequisites": []
}, {
  "corequisites": [],
  "course_name": "CLINICAL EMERGENCY AND CRITICAL CARE",
  "course_number": "VMC 722",
  "credits": "2,3",
  "description": "Develop the knowledge, skills, and attitudes necessary to recognize patients requiring urgent or emergent care, initiate appropriate care, and become active members of the care team in the ER and ICU setting. The rotation is a mixture of supervised clinical experiences, hands-on patient care experience, deliberate practice of procedural skills, topic rounds, and case discussions.",
  "prerequisites": []
}, {
  "corequisites": [],
  "course_name": "ADVANCED FELINE MEDICINE",
  "course_number": "VMC 723",
  "credits": "2",
  "description": "A one-week elective for senior students in the DVM curriculum. The course emphasizes aspects of internal medicine specific to the domestic cat. Graded P/N.",
  "prerequisites": []
}, {
  "corequisites": [],
  "course_name": "LARGE ANIMAL SURGERY",
  "course_number": "VMC 724",
  "credits": "4",
  "description": "Familiarizes students with general surgical principles and common surgical conditions in large animal species.",
  "prerequisites": []
}, {
  "corequisites": [],
  "course_name": "PRINCIPLES OF SURGERY",
  "course_number": "VMC 725",
  "credits": "4",
  "description": "A basic course in the principles and techniques of surgery for the professional veterinary student. Lec/lab.",
  "prerequisites": []
}, {
  "corequisites": [],
  "course_name": "SMALL ANIMAL THERIOGENOLOGY",
  "course_number": "VMC 726",
  "credits": "1",
  "description": "Advanced clinical experience in small animal (canine) reproduction. Graded P/N.",
  "prerequisites": [["VMC 783"]]
}, {
  "corequisites": [],
  "course_name": "ADVANCED SMALL ANIMAL SURGERY",
  "course_number": "VMC 727",
  "credits": "2",
  "description": "Improve surgical skills and acquire more advanced knowledge of specific surgical conditions.",
  "prerequisites": []
}, {
  "corequisites": [],
  "course_name": "CLINICAL THERIOGENOLOGY",
  "course_number": "VMC 729",
  "credits": "1",
  "description": "Practical and theoretical training in reproductive management and disorders in all species; routine diagnostic and treatment procedures; clinic rounds.",
  "prerequisites": []
}, {
  "corequisites": [],
  "course_name": "LARGE ANIMAL MEDICINE AND SURGERY LABORATORY",
  "course_number": "VMC 730",
  "credits": "1",
  "description": "Covers practical laboratory that allows students to develop skills necessary for physical examination and common diagnostic and surgical procedures on domestic large animal species, primarily horses and ruminants.",
  "prerequisites": []
}, {
  "corequisites": [],
  "course_name": "SMALL ANIMAL EMERGENCY CARE-DOVE LEWIS",
  "course_number": "VMC 731",
  "credits": "3",
  "description": "A two-week clinical rotation at the Dove Lewis Memorial Emergency Clinic in Portland, OR.",
  "prerequisites": []
}, {
  "corequisites": [],
  "course_name": "CLINICAL LARGE ANIMAL MEDICINE I",
  "course_number": "VMC 732",
  "credits": "3,6",
  "description": "Clinical medicine training in diseases of food animals and horses; clinic rounds and diagnostic procedures.",
  "prerequisites": []
}, {
  "corequisites": [],
  "course_name": "LARGE ANIMAL SURGERY LABORATORY",
  "course_number": "VMC 733",
  "credits": "2",
  "description": "Apply surgery principles and common surgical procedures of large animal species",
  "prerequisites": []
}, {
  "corequisites": [],
  "course_name": "CLINICAL LARGE ANIMAL SURGERY I",
  "course_number": "VMC 734",
  "credits": "3,6",
  "description": "Clinical surgery, treatment, and care of food animals and horses; clinical rounds; training in surgery, lameness, and diagnostic procedures.",
  "prerequisites": []
}, {
  "corequisites": [],
  "course_name": "RURAL VETERINARY PRACTICE I",
  "course_number": "VMC 735",
  "credits": "3,6",
  "description": "Rural practice training in diseases of food animals and horses.",
  "prerequisites": []
}, {
  "corequisites": [],
  "course_name": "CLINICAL SKILLS IV: PROFESSIONAL COMMUNICATION AND ETHICS",
  "course_number": "VMC 736",
  "credits": "2",
  "description": "Develop communication skills and ethical reasoning for client interactions.",
  "prerequisites": []
}, {
  "corequisites": [],
  "course_name": "VETERINARY ANESTHESIOLOGY",
  "course_number": "VMC 737",
  "credits": "4",
  "description": "A three-week rotation in veterinary anesthesiology utilizing patients presented to the veterinary teaching hospital.",
  "prerequisites": []
}, {
  "corequisites": [],
  "course_name": "VETERINARY MEDICAL ETHICS",
  "course_number": "VMC 739",
  "credits": "1",
  "description": "Introduction of ethics in veterinary medicine, with specific attention to ethical theories, ethical decision making, moral status of animals, professional ethics, and practice issues.",
  "prerequisites": []
}, {
  "corequisites": [],
  "course_name": "SHEEP AND GOAT MEDICINE AND SURGERY",
  "course_number": "VMC 740",
  "credits": "3",
  "description": "Discussions of economically important sheep and goat diseases, practical surgeries, and a review of nutrition and husbandry.",
  "prerequisites": []
}, {
  "corequisites": [],
  "course_name": "CAMELID MEDICINE AND SURGERY",
  "course_number": "VMC 742",
  "credits": "4",
  "description": "Provides an in-depth introduction to camelid health care.",
  "prerequisites": []
}, {
  "corequisites": [],
  "course_name": "ADVANCED LAMENESS IN EQUINE",
  "course_number": "VMC 744",
  "credits": "3",
  "description": "Application of anatomy, lameness examination, nerve and joint anesthesia, diagnostic radiology, ultrasound and nuclear scintigraphy to diagnosis of lameness in horses.",
  "prerequisites": []
}, {
  "corequisites": [],
  "course_name": "PRACTICE MANAGEMENT",
  "course_number": "VMC 745",
  "credits": "2",
  "description": "A course in basic personal and business finances, career skills, and legal aspects of veterinary practice. Graded P/N.",
  "prerequisites": []
}, {
  "corequisites": [],
  "course_name": "VETERINARY ANESTHESIOLOGY II",
  "course_number": "VMC 747",
  "credits": "3",
  "description": "An additional two-week clinical rotation in veterinary anesthesiology utilizing patients presented to the Veterinary Teaching Hospital. Graded P/N.",
  "prerequisites": []
}, {
  "corequisites": [],
  "course_name": "EQUINE DENTISTRY",
  "course_number": "VMC 748",
  "credits": "2",
  "description": "Utilizing modern, motorized equipment, cadaver specimens, and live hospital and client horses, students will learn and perform modern methods of equine dental prophylaxis and treatment.",
  "prerequisites": []
}, {
  "corequisites": [],
  "course_name": "CLINICAL IMAGING II",
  "course_number": "VMC 749",
  "credits": "3",
  "description": "Advanced clinical course for 4th-year veterinary students in which they will assume additional responsibility for performing common radiographic procedures. Graded P/N.",
  "prerequisites": [["VMC 796"]]
}, {
  "corequisites": [],
  "course_name": "EQUINE CLINICAL NUTRITION",
  "course_number": "VMC 750",
  "credits": "1",
  "description": "A one-week course for veterinary students focusing on equine nutrition that can be used in veterinary practice. Graded P/N.",
  "prerequisites": []
}, {
  "corequisites": [],
  "course_name": "RUMINANT NUTRITION",
  "course_number": "VMC 751",
  "credits": "2",
  "description": "An advanced course in clinical ruminant nutrition dealing with nutritional problems of ruminants that might be encountered by a practicing veterinarian. Graded P/N.",
  "prerequisites": []
}, {
  "corequisites": [],
  "course_name": "CLINICAL LARGE ANIMAL MEDICINE II",
  "course_number": "VMC 752",
  "credits": "3-6",
  "description": "Additional clinical medicine training. Graded P/N.",
  "prerequisites": [["VMC 732"]]
}, {
  "corequisites": [],
  "course_name": "CLINICAL ONCOLOGY I",
  "course_number": "VMC 753",
  "credits": "2",
  "description": "Teaches students a realistic approach to the diagnosis and treatment of pets with cancer. Students will participate in rounds, case management and medical records keeping.",
  "prerequisites": []
}, {
  "corequisites": [],
  "course_name": "CLINICAL LARGE ANIMAL SURGERY II",
  "course_number": "VMC 754",
  "credits": "3,6",
  "description": "Additional clinical surgery training. Graded P/N.",
  "prerequisites": [["VMC 734"]]
}, {
  "corequisites": [],
  "course_name": "RURAL VETERINARY PRACTICE II",
  "course_number": "VMC 755",
  "credits": "3-6",
  "description": "One additional rural practice training. Graded P/N.",
  "prerequisites": [["VMC 735"]]
}, {
  "corequisites": [],
  "course_name": "CLINICAL SKILLS V: TECHNICAL SKILLS AND CLINICAL REASONING",
  "course_number": "VMC 756",
  "credits": "1",
  "description": "Development of technical and psychomotor skills and clinical reasoning in preparation for clinical coursework.",
  "prerequisites": []
}, {
  "corequisites": [],
  "course_name": "CATTLE PRODUCTION MEDICINE",
  "course_number": "VMC 758",
  "credits": "3",
  "description": "Clinical application of production medicine practices to dairy and beef cattle practice.",
  "prerequisites": [["VMC 735"]]
}, {
  "corequisites": [],
  "course_name": "LARGE ANIMAL PALPATION",
  "course_number": "VMC 759",
  "credits": "1",
  "description": "A laboratory for additional experience in rectal palpation of large animals, for third-year veterinary students. Graded P/N.",
  "prerequisites": []
}, {
  "corequisites": [],
  "course_name": "CLINICAL SKILLS I: INTRO TO ANIMAL CARE AND VETERINARY MED",
  "course_number": "VMC 760",
  "credits": "3",
  "description": "Introduction of a variety of topics relevant to veterinary clinical skills including professionalism, inclusion, ethics, and career options, In addition, animal care, handling, restraint, and physical exam skills will begin to be developed.",
  "prerequisites": []
}, {
  "corequisites": [],
  "course_name": "CLINICAL SKILLS II: PHYSICAL EXAM AND PROBLEM SOLVING SKILLS",
  "course_number": "VMC 761",
  "credits": "3",
  "description": "Introduction to problem solving and integration of clinical case and basic science in the veterinary curriculum. Development of physical exam skills on healthy animals and medical records keeping.",
  "prerequisites": []
}, {
  "corequisites": [],
  "course_name": "CLINICAL SKILLS III: REASONING AND COMMUNICATION",
  "course_number": "VMC 762",
  "credits": "2",
  "description": "Develop communication skills and clinical reasoning in preparation for client interactions and evidence-based decision-making.",
  "prerequisites": []
}, {
  "corequisites": [],
  "course_name": "ADVANCED CLINICAL CARDIOLOGY",
  "course_number": "VMC 763",
  "credits": "1",
  "description": "An elective course for junior veterinary students detailing diagnosis and management of the common congenital and acquired cardiac diseases of domestic animals.",
  "prerequisites": []
}, {
  "corequisites": [],
  "course_name": "DIAGNOSTIC IMAGING",
  "course_number": "VMC 764",
  "credits": "4",
  "description": "A lecture and laboratory course in diagnostic imaging covering physics or radiography and ultrasonography, radiation safety and image interpretation for small and large animals, presented by body systems.",
  "prerequisites": []
}, {
  "corequisites": [],
  "course_name": "ADVANCED CLINICAL RADIOLOGY",
  "course_number": "VMC 765",
  "credits": "1",
  "description": "An elective advanced radiology case-based course for Year 3 veterinary medicine students that focuses on radiographic findings of commonly encountered clinical disease.",
  "prerequisites": []
}, {
  "corequisites": [],
  "course_name": "CLINICAL SMALL ANIMAL ULTRASONOGRAPHY",
  "course_number": "VMC 766",
  "credits": "2",
  "description": "A 1-week overview of clinical small animal ultrasonography with particular emphasis on material relevant to a general or emergency practitioner. Students will be able to perform a FAST scan to identify peritoneal fluid. Students will listen to didactic lectures in the morning with practical sessions in the afternoon. At the end of the week, pairs of students will make a short presentation based on a literature search on a topic of interest.",
  "prerequisites": []
}, {
  "corequisites": [],
  "course_name": "SMALL ANIMAL ABDOMINAL ULTRASOUND",
  "course_number": "VMC 767",
  "credits": "3",
  "description": "Introductory course to provides instruction in veterinary ultrasound with an emphasis on image optimization, evaluation of the abdomen, description and interpretation of imaging findings in dogs and cats. This course is intended for students with a background in common small animal disease and imaging anatomy.",
  "prerequisites": []
}, {
  "corequisites": [],
  "course_name": "PRINCIPLES OF ANESTHESIA",
  "course_number": "VMC 768",
  "credits": "4",
  "description": "A basic course in the principles and techniques of surgery and anesthesia for the professional veterinary student. Lec/lab.",
  "prerequisites": []
}, {
  "corequisites": [],
  "course_name": "GENERAL MEDICINE",
  "course_number": "VMC 769",
  "credits": "2",
  "description": "An introduction to medicine with a discussion of the principles of medicine that would be applicable to all species. Physical examination, clinical diagnosis, pathophysiology of signs of disease in domestic animals, therapeutic principles and diagnostic procedures.",
  "prerequisites": []
}, {
  "corequisites": [],
  "course_name": "LARGE ANIMAL MEDICINE I",
  "course_number": "VMC 770",
  "credits": "4",
  "description": "The first of three courses in large animal medicine for third-year professional veterinary students covering diagnosis and treatment of domestic large animals.",
  "prerequisites": []
}, {
  "corequisites": [],
  "course_name": "LARGE ANIMAL MEDICINE II",
  "course_number": "VMC 771",
  "credits": "4",
  "description": "Diagnosis, treatment and control of diseases of large domestic animals, specifically gastrointestinal, hepatobiliary diseases, weight loss, and introduction to production medicine, and some swine diseases.",
  "prerequisites": []
}, {
  "corequisites": [],
  "course_name": "LARGE ANIMAL MEDICINE III",
  "course_number": "VMC 772",
  "credits": "4",
  "description": "Emphasizes diagnosis, treatment, and control of diseases of large, domestic animals, specifically: disorders of gastrointestinal, cardiovascular, nervous, and musculoskeletal systems & eyes, udder, skin, neonates.",
  "prerequisites": []
}, {
  "corequisites": [],
  "course_name": "MEDICINE LABORATORY I",
  "course_number": "VMC 773",
  "credits": "1",
  "description": "Laboratory experience for third-year veterinary students concurrent with the large and small animal medicine courses.",
  "prerequisites": []
}, {
  "corequisites": [],
  "course_name": "MEDICINE LABORATORY II",
  "course_number": "VMC 774",
  "credits": "1",
  "description": "Laboratory experience for third-year veterinary students concurrent with the large and small animal medicine courses.",
  "prerequisites": []
}, {
  "corequisites": [],
  "course_name": "CLINICAL SMALL SPORTS MEDICINE AND REHABILITATION",
  "course_number": "VMC 775",
  "credits": "3",
  "description": "Clinical training in small animal rehabilitation in the Veterinary Teaching Hospital.",
  "prerequisites": []
}, {
  "corequisites": [],
  "course_name": "SMALL ANIMAL MEDICINE I",
  "course_number": "VMC 776",
  "credits": "5",
  "description": "A course for veterinary students describing major topics of small animal internal medicine, using both a systems-based approach and a problem-based approach.",
  "prerequisites": []
}, {
  "corequisites": [],
  "course_name": "SMALL ANIMAL MEDICINE II",
  "course_number": "VMC 777",
  "credits": "5",
  "description": "A course for veterinary students describing major topics of small animal internal medicine, using both a systems-based approach and a problem-based approach.",
  "prerequisites": []
}, {
  "corequisites": [],
  "course_name": "SMALL ANIMAL MEDICINE III",
  "course_number": "VMC 778",
  "credits": "5",
  "description": "A course for veterinary students describing major topics of small animal internal medicine, using both a systems-based approach and a problem-based approach.",
  "prerequisites": []
}, {
  "corequisites": [],
  "course_name": "EQUINE SPORTS MEDICINE",
  "course_number": "VMC 779",
  "credits": "1",
  "description": "Encompasses basic exercise physiology, sports-related injuries, injury rehabilitation, training and nutrition of equine athletes.",
  "prerequisites": []
}, {
  "corequisites": [],
  "course_name": "VETERINARY MEDICAL PRECEPTORSHIP",
  "course_number": "VMC 780",
  "credits": "1-16",
  "description": "Theory of practice of veterinary medicine in a non-university situation. Graded P/N.",
  "prerequisites": []
}, {
  "corequisites": [],
  "course_name": "SEMINAR IN VETERINARY MEDICINE",
  "course_number": "VMC 781",
  "credits": "1-16",
  "description": "Seminars and case discussions on selected topics by students, staff, and others. Graded P/N.",
  "prerequisites": []
}, {
  "corequisites": [],
  "course_name": "EMERGENCY CARE",
  "course_number": "VMC 782",
  "credits": "1",
  "description": "Practice and instruction in caring for critically ill patients in the Veterinary Teaching Hospital.",
  "prerequisites": []
}, {
  "corequisites": [],
  "course_name": "THERIOGENOLOGY I",
  "course_number": "VMC 783",
  "credits": "4",
  "description": "To present the clinical applications of reproductive physiology, anatomy, embryology, pathology and microbiology in domesticated animals.",
  "prerequisites": []
}, {
  "corequisites": [],
  "course_name": "SMALL ANIMAL SURGERY",
  "course_number": "VMC 785",
  "credits": "7",
  "description": "A lecture and laboratory course covering the diagnosis, operative methods, and aftercare of common small animal surgical conditions.",
  "prerequisites": []
}, {
  "corequisites": [],
  "course_name": "ANIMAL BEHAVIOR",
  "course_number": "VMC 786",
  "credits": "1",
  "description": "Diagnosis and treatment of feline, canine and equine problem behaviors including aggression, anxiety, house-soiling and compulsive behaviors.",
  "prerequisites": []
}, {
  "corequisites": [],
  "course_name": "3RD YEAR CLINICS",
  "course_number": "VMC 787",
  "credits": "1",
  "description": "An introductory clinical experience for third-year veterinary students.",
  "prerequisites": []
}, {
  "corequisites": [],
  "course_name": "PET PRACTICE",
  "course_number": "VMC 789",
  "credits": "3",
  "description": "Additional clinical training in primary care pet practice at a Banfield Pet Hospital. Graded P/N.",
  "prerequisites": []
}, {
  "corequisites": [],
  "course_name": "CLINICAL EXPERIENCE",
  "course_number": "VMC 790",
  "credits": "1-16",
  "description": "One- to four-week periods. Section 1: Large Animal Clinical Experience/Topics (1-16). Section 2: Small Animal Clinical Experience/Topics (1-16). Section 3: Mixed Animal Clinical Experience/Topics (1-16). Section 4: Small Animal Private Practice (1-16). Section 5: Special Studies (1-16). Some sections graded P/N. Lec/lab.",
  "prerequisites": []
}, {
  "corequisites": [],
  "course_name": "CLINICAL SMALL ANIMAL MEDICINE",
  "course_number": "VMC 791",
  "credits": "3,6",
  "description": "A clinical rotation in small animal internal medicine at the Veterinary Teaching Hospital. Emphasis will be placed on patient evaluation, diagnosis and treatment of diseases of dogs and cats.",
  "prerequisites": []
}, {
  "corequisites": [],
  "course_name": "CLINICAL SMALL ANIMAL MEDICINE II",
  "course_number": "VMC 792",
  "credits": "3-6",
  "description": "A two-week, three-credit clinical elective rotation in small animal internal medicine at the Veterinary Teaching Hospital. Emphasis will be placed on patient evaluation, diagnosis and treatment of diseases of dogs and cats.",
  "prerequisites": []
}, {
  "corequisites": [],
  "course_name": "CLINICAL SMALL ANIMAL SURGERY",
  "course_number": "VMC 793",
  "credits": "3,6",
  "description": "Clinical training in small animal surgery in the Veterinary Teaching Hospital.",
  "prerequisites": [["VMC 725"], ["VMC 785"]]
}, {
  "corequisites": [],
  "course_name": "OHS SMALL ANIMAL PRIMARY CARE AND SURGERY",
  "course_number": "VMC 794",
  "credits": "2",
  "description": "Two-week rotation at OHS to gain experience with an emphasis on surgery, medical case workup, exam room protocol and behavior basics.",
  "prerequisites": []
}, {
  "corequisites": [],
  "course_name": "OHS COMMUNITY PRACTICE",
  "course_number": "VMC 795",
  "credits": "2-3",
  "description": "Elective rotation at Community Practice Hospital located at the Oregon Humane Society in Portland, Oregon. Emphasizes student experience as the primary clinician in small animal general medicine and develops clinical skills regarding patient wellness, outpatient services, and client communication by interactions with a diverse clientele.",
  "prerequisites": []
}, {
  "corequisites": [],
  "course_name": "CLINICAL IMAGING",
  "course_number": "VMC 796",
  "credits": "3",
  "description": "A clinical course for 4th-year veterinary students in which they will assume primary responsibility for performing common radiographic procedures.",
  "prerequisites": []
}, {
  "corequisites": [],
  "course_name": "SMALL ANIMAL CRITICAL CARE AND HOSPITAL SERVICE ROTATION",
  "course_number": "VMC 797",
  "credits": "1",
  "description": "A one-week clinical rotation in small animal critical care managing small animal cases in the intensive care unit at the Veterinary Teaching Hospital.",
  "prerequisites": []
}, {
  "corequisites": [],
  "course_name": "CLINICAL SMALL ANIMAL SURGERY II",
  "course_number": "VMC 798",
  "credits": "3-6",
  "description": "Clinical training in small animal surgery in the College of Veterinary Medicine, Lois B. Acheson Veterinary Teaching Hospital.",
  "prerequisites": []
}, {
  "corequisites": [],
  "course_name": "SPECIAL TOPICS",
  "course_number": "VMC 799",
  "credits": "1-16",
  "description": "",
  "prerequisites": []
}]