[{
  "corequisites": [],
  "course_name": "*GENDER",
  "course_number": "WGSS 110",
  "credits": "RACE",
  "description": "Introduces students to the critical analysis of mass media and representations of women, gender, sexuality, and race in popular culture. Topics vary from term to term and may include the entertainment industry, advertising, music, literature, the internet and technology. May be repeated for credit when topic varies.",
  "prerequisites": []
}, {
  "corequisites": [],
  "course_name": "*GENDER",
  "course_number": "WGSS 110H",
  "credits": "RACE",
  "description": "Introduces students to the critical analysis of mass media and representations of women, gender, sexuality, and race in popular culture. Topics vary from term to term and may include the entertainment industry, advertising, music, literature, the internet and technology. May be repeated for credit when topic varies.",
  "prerequisites": []
}, {
  "corequisites": [],
  "course_name": "*FEMINIST PERSPECTIVES ON CURRENT EVENTS",
  "course_number": "WGSS 111",
  "credits": "3",
  "description": "Introduction to feminist analysis through the examination of current events and their relation to gender, sexuality, race, ethnicity, nationality, religion, class, age, and ability. Topics vary from term to term and may include issues related to politics, social movements, education, the workplace, science and technology, the environment, globalization, arts and culture, and the media. May be repeated for credit when topic varies. (Bacc Core Course)",
  "prerequisites": []
}, {
  "corequisites": [],
  "course_name": "SPECIAL STUDIES",
  "course_number": "WGSS 199",
  "credits": "1-3",
  "description": "Special topics of contemporary relevance to research of women and gender role issues. For students who seek an elementary introduction to a specific realm of women, gender, and sexuality studies. May be repeated for credit when topic varies.",
  "prerequisites": []
}, {
  "corequisites": [],
  "course_name": "*INTRODUCTION TO WOMEN",
  "course_number": "WGSS 223",
  "credits": "GENDER",
  "description": "Multidisciplinary introduction to women, gender, and sexuality studies. Focuses on the lives and status of women in society and explores ways institutions such as family, work, media, law and religion affect different groups of women. Explores issues of gender, race, class, age, sexual orientation, size and ability.",
  "prerequisites": []
}, {
  "corequisites": [],
  "course_name": "*INTRODUCTION TO WOMEN",
  "course_number": "WGSS 223H",
  "credits": "GENDER",
  "description": "Multidisciplinary introduction to women, gender, and sexuality studies. Focuses on the lives and status of women in society and explores ways institutions such as family, work, media, law and religion affect different groups of women. Explores issues of gender, race, class, age, sexual orientation, size and ability.",
  "prerequisites": []
}, {
  "corequisites": [],
  "course_name": "*WOMEN: PERSONAL AND SOCIAL CHANGE",
  "course_number": "WGSS 224",
  "credits": "3",
  "description": "Examines the way the questioning of traditional gender roles and their accompanying power structures can lead to change in women's personal and public lives. Explores women's heritage and contributions and focuses on issues of self-growth and social movements for change.",
  "prerequisites": []
}, {
  "corequisites": [],
  "course_name": "*WOMEN IN THE MOVIES",
  "course_number": "WGSS 230",
  "credits": "3",
  "description": "Examines ways women are depicted in the movies and how those depictions are created by and create larger social constructions of women. Special attention is given to the intersections of race, class, sexual identity, and age with gender. (Bacc Core Course)",
  "prerequisites": []
}, {
  "corequisites": [],
  "course_name": "*WOMEN IN THE MOVIES",
  "course_number": "WGSS 230H",
  "credits": "3",
  "description": "Examines ways women are depicted in the movies and how those depictions are created by and create larger social constructions of women. Special attention is given to the intersections of race, class, sexual identity, and age with gender. (Bacc Core Course)",
  "prerequisites": []
}, {
  "corequisites": [],
  "course_name": "*WOMEN IN WORLD CINEMA",
  "course_number": "WGSS 235",
  "credits": "3",
  "description": "Explores constructions and practices of gender in a transnational, multi-religious, and global framework by examining a wide variety of films about women around the world. (Bacc Core Course)",
  "prerequisites": []
}, {
  "corequisites": [],
  "course_name": "*WOMEN IN WORLD CINEMA",
  "course_number": "WGSS 235H",
  "credits": "3",
  "description": "Explores constructions and practices of gender in a transnational, multi-religious, and global framework by examining a wide variety of films about women around the world. (Bacc Core Course)",
  "prerequisites": []
}, {
  "corequisites": [],
  "course_name": "*GENDER",
  "course_number": "WGSS 240",
  "credits": "RACE",
  "description": "Focuses on sport as a gendered and racialized institution. Drawing from cultural, psychosocial, and political perspectives students examine intersections of gender with race, sexual identity, social class, ability, age, and religion.",
  "prerequisites": []
}, {
  "corequisites": [],
  "course_name": "*GENDER",
  "course_number": "WGSS 240H",
  "credits": "RACE",
  "description": "Focuses on sport as a gendered and racialized institution. Drawing from cultural, psychosocial, and political perspectives students examine intersections of gender with race, sexual identity, social class, ability, age, and religion.",
  "prerequisites": []
}, {
  "corequisites": [],
  "course_name": "*INTRODUCTION TO QUEER STUDIES",
  "course_number": "WGSS 262",
  "credits": "3",
  "description": "Centering itself on activism and scholarship, this course examines homophobia's and transphobia's relationship with racism, colonialism, sexism, ableism, classism and other forms of oppression. Introduces key concepts, histories, and political frameworks within Lesbian, Gay, Bisexual, Transgender, and Queer political movements. CROSSLISTED as QS 262/WGSS 262. (Bacc Core Course)",
  "prerequisites": []
}, {
  "corequisites": [],
  "course_name": "*INTRODUCTION TO QUEER STUDIES",
  "course_number": "WGSS 262H",
  "credits": "3",
  "description": "Centering itself on activism and scholarship, this course examines homophobia's and transphobia's relationship with racism, colonialism, sexism, ableism, classism and other forms of oppression. Introduces key concepts, histories, and political frameworks within Lesbian, Gay, Bisexual, Transgender, and Queer political movements. CROSSLISTED as QS 262/WGSS 262. (Bacc Core Course)",
  "prerequisites": []
}, {
  "corequisites": [],
  "course_name": "*RESISTING GENDER VIOLENCE",
  "course_number": "WGSS 270",
  "credits": "3",
  "description": "Addresses issues of domestic violence, rape, dating violence, as well as contemporary social debates about pornography and the media's impact on violence in society, which includes a global perspective. Focuses on individual and collective practices resisting gender violence.",
  "prerequisites": []
}, {
  "corequisites": [],
  "course_name": "*WOMEN WORLDWIDE",
  "course_number": "WGSS 280",
  "credits": "3",
  "description": "Focuses on women's experiences throughout the world and examines women's issues and status cross-culturally. (Bacc Core Course)",
  "prerequisites": []
}, {
  "corequisites": [],
  "course_name": "*WOMEN WORLDWIDE",
  "course_number": "WGSS 280H",
  "credits": "3",
  "description": "Focuses on women's experiences throughout the world and examines women's issues and status cross-culturally. (Bacc Core Course)",
  "prerequisites": []
}, {
  "corequisites": [],
  "course_name": "*FEMINISM AND THE BIBLE",
  "course_number": "WGSS 295",
  "credits": "3",
  "description": "Examines feminist interpretations of the Bible and pays special attention to intersections of race, social class, sexual identity, and nation in biblical interpretation.",
  "prerequisites": []
}, {
  "corequisites": [],
  "course_name": "TOPICS IN WOMEN",
  "course_number": "WGSS 299",
  "credits": "GENDER",
  "description": "Current topics related to women, gender and sexuality. Description and analysis of different realms of knowledge about gender issues.",
  "prerequisites": []
}, {
  "corequisites": [],
  "course_name": "*GLOBAL EXPERIENCE: WESTERN CULTURE",
  "course_number": "WGSS 312",
  "credits": "3",
  "description": "Engagement in a study abroad experience in Western Europe with an emphasis on transnational, queer, and critical race feminist analysis.",
  "prerequisites": []
}, {
  "corequisites": [],
  "course_name": "*FEMINIST DECOLONIZING METHODOLOGIES: SOCIAL JUSTICE RESEARCH",
  "course_number": "WGSS 319",
  "credits": "3",
  "description": "Examines traditional scientific methods through a feminist philosophy of science lens that incorporates critiques of the racialized and gendered origins of modern science. Introduces the breadth of feminist research methods associated with social justice research.",
  "prerequisites": [["WGSS 223", "WGSS 223H"]]
}, {
  "corequisites": [],
  "course_name": "*GENDER AND TECHNOLOGY",
  "course_number": "WGSS 320",
  "credits": "3",
  "description": "Explores women's contributions and focuses in technology fields. Analyzes gendered nature of technology. Theory and practice of technologies. (Bacc Core Course)",
  "prerequisites": []
}, {
  "corequisites": [],
  "course_name": "*QUEER POP CULTURE",
  "course_number": "WGSS 321",
  "credits": "3",
  "description": "Examines the concept of Queer popular culture through film, music, TV, image, and other mediums. Seeks to disrupt dominant discourses around gender and sexuality by centralizing women of color feminisms and queer of color critiques to analyze popular representations of gender, sexuality, race, class, disability, and other social locations. CROSSLISTED as QS 321/WGSS 321. (Bacc Core Course)",
  "prerequisites": []
}, {
  "corequisites": [],
  "course_name": "*DISNEY: GENDER",
  "course_number": "WGSS 325",
  "credits": "RACE",
  "description": "Explores constructions of gender, race, class, sexuality, and nation in the animated films of Walt Disney; introduces concepts in film theory and criticism, and develops analyses of the politics of representation. (Bacc Core Course)",
  "prerequisites": []
}, {
  "corequisites": [],
  "course_name": "*DISNEY: GENDER",
  "course_number": "WGSS 325H",
  "credits": "RACE",
  "description": "Explores constructions of gender, race, class, sexuality, and nation in the animated films of Walt Disney; introduces concepts in film theory and criticism, and develops analyses of the politics of representation. (Bacc Core Course)",
  "prerequisites": []
}, {
  "corequisites": [],
  "course_name": "*GENDER AND SCIENCE",
  "course_number": "WGSS 340",
  "credits": "3",
  "description": "Analyzes the relationship between society and science by explaining technology and science as gendered practices and bodies of knowledge. Focuses on the ways the making of women and men affect the making of science and explores the roles of women in scientific pursuits. (SS) (Bacc Core Course)",
  "prerequisites": []
}, {
  "corequisites": [],
  "course_name": "*GENDER AND SCIENCE",
  "course_number": "WGSS 340H",
  "credits": "3",
  "description": "Analyzes the relationship between society and science by explaining technology and science as gendered practices and bodies of knowledge. Focuses on the ways the making of women and men affect the making of science and explores the roles of women in scientific pursuits. (SS) (Bacc Core Course)",
  "prerequisites": []
}, {
  "corequisites": [],
  "course_name": "*POLITICS OF MOTHERHOOD IN A GLOBAL CONTEXT",
  "course_number": "WGSS 350",
  "credits": "3",
  "description": "Introduces students to the politics of motherhood in global contexts, focusing on politics of transnational adoption; motherhood, surrogacy, and biotechnologies; effects of globalization on mothering across borders; mothering in the global welfare state; movements for reproductive justice; and transnational representations of motherhood.",
  "prerequisites": []
}, {
  "corequisites": [],
  "course_name": "*MEN AND MASCULINITIES IN A GLOBAL CONTEXT",
  "course_number": "WGSS 360",
  "credits": "3",
  "description": "Students will become familiar with central topics in global masculinity studies, analyze texts in diverse media, develop original arguments, and engage with issues of masculinity and representation through written and creative work. (Bacc Core Course)",
  "prerequisites": []
}, {
  "corequisites": [],
  "course_name": "*MEN AND MASCULINITIES IN A GLOBAL CONTEXT",
  "course_number": "WGSS 360H",
  "credits": "3",
  "description": "Students will become familiar with central topics in global masculinity studies, analyze texts in diverse media, develop original arguments, and engage with issues of masculinity and representation through written and creative work. (Bacc Core Course)",
  "prerequisites": []
}, {
  "corequisites": [],
  "course_name": "*SERVING LGBTQ+ COMMUNITIES",
  "course_number": "WGSS 362",
  "credits": "3",
  "description": "Engages the ethics and responsibilities involved in serving LGBTQ+ communities in fields such as education, health, law, and social services for those entering and/or continuing professions in fields that historically underserve LGBTQ+ people. Topics include LGBTQ+ youth; LGBTQ+ elders; issues affecting LGBTQ+ people across their lifespans; approaches to cultural competency; violence against LGBTQ+ people, forms of oppression including heterosexism, homophobia, and transphobia; and LGBTQ+ community resilience. CROSSLISTED as QS 362/WGSS 362. (Bacc Core Course)",
  "prerequisites": []
}, {
  "corequisites": [],
  "course_name": "*TRANSGENDER POLITICS",
  "course_number": "WGSS 364",
  "credits": "3",
  "description": "Addresses transgender politics--including non-binary and gender non-conforming issues--through feminist and intersectional approaches by analyzing transgender theories, arts, and activism. CROSSLISTED as QS 364/WGSS 364.",
  "prerequisites": []
}, {
  "corequisites": [],
  "course_name": "*TRANSGENDER POLITICS",
  "course_number": "WGSS 364H",
  "credits": "3",
  "description": "Addresses transgender politics--including non-binary and gender non-conforming issues--through feminist and intersectional approaches by analyzing transgender theories, arts, and activism. CROSSLISTED as QS 364/WGSS 364.",
  "prerequisites": []
}, {
  "corequisites": [],
  "course_name": "*ARTS AND SOCIAL JUSTICE",
  "course_number": "WGSS 375",
  "credits": "4",
  "description": "Explores concepts of structural inequality, difference, power, and discrimination through a critical survey of arts activism. Think critically about artwork and artists which address a number of social issues in the United States, including race, ethnicity, class, gender, sexuality, immigration, and indigeneity. CROSSLISTED as ES 375/QS 375/WGSS 375.",
  "prerequisites": []
}, {
  "corequisites": [],
  "course_name": "*RELIGION AND GENDER: A GLOBAL PERSPECTIVE",
  "course_number": "WGSS 378",
  "credits": "4",
  "description": "Introduces students to the academic study of religion, as well as the academic study of gender. In order to offer a global perspective, we will read a series of case studies that deal with the religion as a gendered experience. Students will produce two essays, one of which will be based on independent research. CROSSLISTED as HST 378/REL 378/WGSS 378.",
  "prerequisites": []
}, {
  "corequisites": [],
  "course_name": "*MUSLIM WOMEN",
  "course_number": "WGSS 380",
  "credits": "3",
  "description": "Examines the lives and experiences of Muslim women in Islamic communities around the world from a variety of perspectives in order to highlight issues significant for contemporary Muslim women: family, education, work, politics, health, marriage, divorce, war, and violence.",
  "prerequisites": []
}, {
  "corequisites": [],
  "course_name": "TOPICS IN WOMEN",
  "course_number": "WGSS 399",
  "credits": "GENDER",
  "description": "Current topics in women, gender, and sexuality. May be repeated for credit when topic varies.",
  "prerequisites": []
}, {
  "corequisites": [],
  "course_name": "TOPICS IN WOMEN",
  "course_number": "WGSS 399H",
  "credits": "GENDER",
  "description": "Current topics in women, gender, and sexuality. May be repeated for credit when topic varies.",
  "prerequisites": []
}, {
  "corequisites": [],
  "course_name": "INDEPENDENT STUDY",
  "course_number": "WGSS 402",
  "credits": "1-16",
  "description": "",
  "prerequisites": []
}, {
  "corequisites": [],
  "course_name": "PROJECTS",
  "course_number": "WGSS 406",
  "credits": "1-16",
  "description": "",
  "prerequisites": []
}, {
  "corequisites": [],
  "course_name": "SEMINAR",
  "course_number": "WGSS 407",
  "credits": "3",
  "description": "",
  "prerequisites": []
}, {
  "corequisites": [],
  "course_name": "PRACTICUM",
  "course_number": "WGSS 409",
  "credits": "1-12",
  "description": "",
  "prerequisites": []
}, {
  "corequisites": [],
  "course_name": "INTERNSHIP",
  "course_number": "WGSS 410",
  "credits": "1-16",
  "description": "The internship experience provides the opportunity to gain experience within an off-campus private, public, or community agency or organization which has as one of its goals the improvement of the status of women in society. Students work with an on-site mentor who guides their field experience in collaboration with the internship coordinator in the WGSS program. Only 6 credits will count toward the Women, Gender, and Sexuality Studies major.",
  "prerequisites": []
}, {
  "corequisites": [],
  "course_name": "*SYSTEMS OF OPPRESSION IN WOMEN'S LIVES",
  "course_number": "WGSS 414",
  "credits": "4",
  "description": "Explores the ways different systems of oppression and discrimination impact women's lives. Examines sexism, classism, racism, and anti-Jewish oppression, as well as discrimination against queer women, older women, and those who differ in ability and appearance. (SS) (Bacc Core Course)",
  "prerequisites": [["WGSS 223", "WGSS 223H"]]
}, {
  "corequisites": [],
  "course_name": "THEORIES OF FEMINISM",
  "course_number": "WGSS 416",
  "credits": "4",
  "description": "Explores feminist conceptions about the nature of the world, women's reality and visions for change. Analyzes major issues raised by the women's movement and the development of feminist ideas, as well as provides a critical examination of feminist thought and different theories which comprise it.",
  "prerequisites": [["WS 223", "WS 223H", "WS 224", "WGSS 223", "WGSS 223H", "WGSS 224"]]
}, {
  "corequisites": [],
  "course_name": "WOMEN OF COLOR FEMINISMS",
  "course_number": "WGSS 430",
  "credits": "4",
  "description": "Explores the contemporary experiences of women of color, as well as the theoretical and practical frameworks of women of color feminisms. Analyses key themes in women of color feminisms, including politics of representation, multiple forms of state and interpersonal violence, intersecting forms of oppression, economic justice, reproductive justice, and strategies of resistance.",
  "prerequisites": [["WS 223", "WS 223H", "WGSS 223", "WGSS 223H"]]
}, {
  "corequisites": [],
  "course_name": "*QUEER OF COLOR CRITIQUES",
  "course_number": "WGSS 431",
  "credits": "4",
  "description": "\"Queer of color critiques\" refers to political theories and activism that emerge from LGBTQ people of color to examine the intersections between race, sexuality and gender. Addresses these intersections through theory, history, and activism. CROSSLISTED as ES 431/QS 431/WGSS 431 and ES 531/QS 531/WGSS 531.",
  "prerequisites": []
}, {
  "corequisites": [],
  "course_name": "*GENDER",
  "course_number": "WGSS 432",
  "credits": "SEXUALITY",
  "description": "A creative and discussion-based course focusing on ways in which photography can and has addressed issues of gender and sexuality. An introduction to key concepts and intersections in Women's, Gender and Sexuality Studies; Queer Studies and photography theory. Create written and photographic responses to artworks, texts, personal experience and pop-culture. CROSSLISTED as ART 432/QS 432/WGSS 432 and ART 532/QS 532.",
  "prerequisites": []
}, {
  "corequisites": [],
  "course_name": "*WOMEN AND NATURAL RESOURCES",
  "course_number": "WGSS 440",
  "credits": "3",
  "description": "Explores the relationship between women and natural resources. In particular, the course examines the roles of policy, technology, culture, and management in women's use and control of natural resources. (Bacc Core Course)",
  "prerequisites": []
}, {
  "corequisites": [],
  "course_name": "*WOMEN AND NATURAL RESOURCES",
  "course_number": "WGSS 440H",
  "credits": "3",
  "description": "Explores the relationship between women and natural resources. In particular, the course examines the roles of policy, technology, culture, and management in women's use and control of natural resources. (Bacc Core Course)",
  "prerequisites": []
}, {
  "corequisites": [],
  "course_name": "INDIGENOUS FEMINISMS",
  "course_number": "WGSS 449",
  "credits": "4",
  "description": "Explores Indigenous feminisms as well as some of the issues facing Indigenous women in the Americas and Pacific Islands. Relates Indigenous feminisms to the complexity of federal law and policies as well as land struggles between Indigenous communities and contemporary settler colonial nations. Raises awareness of current Indigenous struggles as well as Indigenous feminist responses and resistance to these same struggles.",
  "prerequisites": []
}, {
  "corequisites": [],
  "course_name": "^SEXUALITIES",
  "course_number": "WGSS 460",
  "credits": "FEMINISMS",
  "description": "Explores the historical, theoretical, and political dimensions of female sexuality. Examines the basic assumptions about the meaning of gendered sexuality, how it has been shaped and controlled, and why women's sexuality has been/is a source of both women's liberation and subjugation. Incorporates Queer and Trans* theories about gendered/women's sexualities.",
  "prerequisites": [["WGSS 223", "WGSS 223H", "WGSS 224"]]
}, {
  "corequisites": [],
  "course_name": "*QUEER THEORIES",
  "course_number": "WGSS 462",
  "credits": "4",
  "description": "Engages key themes and critical frameworks in queer theories. Topics include histories of sexuality; forms of oppression, including heterosexism, homophobia, and transphobia; resistance to oppression; violence against LGBTQ people; queer activism; diverse experiences of sexuality; and representations in literature, art, and popular media. CROSSLISTED as QS 462/WGSS 462 and QS 562/WGSS 562.",
  "prerequisites": []
}, {
  "corequisites": [],
  "course_name": "^INDIGENOUS TWO-SPIRIT AND QUEER STUDIES",
  "course_number": "WGSS 472",
  "credits": "4",
  "description": "\"Two-spirit\" refers to North American indigenous genders outside of European male/female binaries. Two-spirit communities argue for decolonization as a central political struggle, calling all people to unlearn settler colonial gender/sexuality on Native land. Addresses indigenous two-spirit/GLBTQ issues through theory, literature, activism, and art. CROSSLISTED as QS 472/WGSS 472.",
  "prerequisites": []
}, {
  "corequisites": [],
  "course_name": "TRANSGENDER LIVES",
  "course_number": "WGSS 473",
  "credits": "4",
  "description": "With a particular focus on transgender people of color and transnational constructions of gender, engages issues in the lives of Transgender people through autobiography, memoir, biography, poetry, and documentary film. CROSSLISTED as QS 473/WGSS 473 and QS 573/WGSS 573.",
  "prerequisites": []
}, {
  "corequisites": [],
  "course_name": "*RACE",
  "course_number": "WGSS 475",
  "credits": "GENDER",
  "description": "Examines the sociopolitical and cultural processes that constitute coastal spaces in Oregon, including issues of race/ethnicity, immigration, labor/class, and gender, as these shape and are shaped by human interactions with the coast and the ocean. In addition to reading, writing, and discussion, engage in guided-inquiry and problem-solving projects, to explore substantive issues in Newport and other locations along the Oregon coast. Takes advantage of the Hatfield Marine Science Center and available technologies, to connect students with Newport and other coastal locations including Coos Bay, Lincoln City, and Astoria. CROSSLISTED as ES 475/WGSS 475.",
  "prerequisites": []
}, {
  "corequisites": [],
  "course_name": "*TRANSNATIONAL SEXUALITIES",
  "course_number": "WGSS 476",
  "credits": "4",
  "description": "Explores contemporary experiences of sexualities within transnational contexts. Analyzes themes including queer and LGBTQI organizing, same-sex desires, queer transnational immigration and labor flows, sex industries and discourses of trafficking, sex tourism, and reproductive justice, using feminist, queer, and postcolonial theoretical frameworks. CROSSLISTED as QS 476/WGSS 476 and QS 576/WGSS 576.",
  "prerequisites": [["QS 262", "QS 262H", "WGSS 262", "WGSS 262H"]]
}, {
  "corequisites": [],
  "course_name": "QUEER/TRANS PEOPLE OF COLOR ARTS AND ACTIVISM",
  "course_number": "WGSS 477",
  "credits": "4",
  "description": "LGBTQ people of color often engage struggles for social justice through artistic movements. Focuses on arts by LGBTQ people of color and the way these artistic movements contribute to activism that interrupts interlocking systems of oppression. CROSSLISTED as ES 477/QS 477/WGSS 477 and ES 577/QS 577/WGSS 577.",
  "prerequisites": []
}, {
  "corequisites": [],
  "course_name": "*GENDER AND TRANSNATIONAL ACTIVISMS",
  "course_number": "WGSS 480",
  "credits": "3",
  "description": "Focuses on social constructions of gender in global context. Explores the comparative realities of various gendered struggles for social justice and studies key definitions and theoretical assumptions relevant to the subject of global feminist activism.",
  "prerequisites": [["WGSS 223", "WGSS 223H", "WGSS 224"]]
}, {
  "corequisites": [],
  "course_name": "*GENDER AND TRANSNATIONAL ACTIVISMS",
  "course_number": "WGSS 480H",
  "credits": "3",
  "description": "Focuses on social constructions of gender in global context. Explores the comparative realities of various gendered struggles for social justice and studies key definitions and theoretical assumptions relevant to the subject of global feminist activism.",
  "prerequisites": [["WGSS 223", "WGSS 223H", "WGSS 224"]]
}, {
  "corequisites": [],
  "course_name": "GLOBAL PERSPECTIVES ON WOMEN'S HEALTH",
  "course_number": "WGSS 482",
  "credits": "4",
  "description": "Women's health issues are examined from a global perspective in the context of a woman's life and through a feminist political lens. Central to our discussions will be an analysis of the interplay among race, class, and gender in shaping particular health care outcomes. The course stresses the potential for women's agency and autonomy with respect to improving their health and environments.",
  "prerequisites": []
}, {
  "corequisites": [],
  "course_name": "RACE",
  "course_number": "WGSS 483",
  "credits": "GENDER",
  "description": "Based on a social justice framework, explores the intersections of race, gender, ethnicity, disability and sexuality to provide a deeper understanding of how these factors shape health inequities in diverse communities nationally and globally.",
  "prerequisites": []
}, {
  "corequisites": [],
  "course_name": "CAPSTONE IN SOCIAL JUSTICE",
  "course_number": "WGSS 485",
  "credits": "2",
  "description": "Working with an advisor from the Social Justice minor, conduct research to synthesize and extend analysis of a particular social justice issue, building on three previous papers or projects. Results are presented in a 10-15 page paper and a public poster, presentation or website. CROSSLISTED as ANTH 485/ES 485/WGSS 485.",
  "prerequisites": [["ANTH 373", "ES 373", "WGSS 373", "WLC 373"], ["ANTH 410", "ES 410", "WGSS 410", "WLC 410"]]
}, {
  "corequisites": [],
  "course_name": "FEMINIST PRACTICE",
  "course_number": "WGSS 498",
  "credits": "4",
  "description": "For graduating seniors in women, gender, and sexuality studies. Building on knowledge and experiences acquired in required and elective women, gender, and sexuality studies courses, it focuses on central questions for feminist research and activism. In particular, the course helps students develop deeper understandings of the process of generating feminist knowledge and its application in diverse forms of feminist practice.",
  "prerequisites": [["WGSS 414"], ["WGSS 416"]]
}, {
  "corequisites": [],
  "course_name": "TOPICS",
  "course_number": "WGSS 499",
  "credits": "1-6",
  "description": "Topics on contemporary research in women, gender, and sexuality studies. May be repeated for credit when topic varies.",
  "prerequisites": []
}, {
  "corequisites": [],
  "course_name": "RESEARCH AND SCHOLARSHIP",
  "course_number": "WGSS 501",
  "credits": "1-16",
  "description": "",
  "prerequisites": []
}, {
  "corequisites": [],
  "course_name": "INDEPENDENT STUDY",
  "course_number": "WGSS 502",
  "credits": "1-16",
  "description": "",
  "prerequisites": []
}, {
  "corequisites": [],
  "course_name": "THESIS",
  "course_number": "WGSS 503",
  "credits": "1-16",
  "description": "",
  "prerequisites": []
}, {
  "corequisites": [],
  "course_name": "PROJECTS",
  "course_number": "WGSS 506",
  "credits": "1-16",
  "description": "",
  "prerequisites": []
}, {
  "corequisites": [],
  "course_name": "INTERNSHIP",
  "course_number": "WGSS 510",
  "credits": "1-16",
  "description": "The internship experience provides the opportunity to gain experience within on off-campus private, public, or community agency or organization which has as one of its goals the improvement of the status of women in society. Students work with an on-site mentor who guides their field experience in collaboration with the internship coordinator in the Women, Gender, and Sexuality Studies program.",
  "prerequisites": []
}, {
  "corequisites": [],
  "course_name": "ORIENTATION AND PROFESSIONALIZATION I",
  "course_number": "WGSS 511",
  "credits": "1",
  "description": "The WGSS 511, 512, 513 sequence prepares Women, Gender, and Sexuality Studies graduate students to succeed in their courses of study and in their chosen profession. WGSS 511 provides knowledge about Women, Gender, and Sexuality Studies as a discipline and as a course of study that helps students manage the transition to graduate school.",
  "prerequisites": []
}, {
  "corequisites": [],
  "course_name": "ORIENTATION AND PROFESSIONALIZATION II",
  "course_number": "WGSS 512",
  "credits": "1",
  "description": "The WGSS 511, 512, 513 sequence prepares Women, Gender, and Sexuality Studies graduate students to succeed in their courses of study and in their chosen profession. WGSS 512 guides students in the development of an intellectual life with a focus on thriving and surviving as a scholar in Women, Gender, and Sexuality Studies.",
  "prerequisites": []
}, {
  "corequisites": [],
  "course_name": "ORIENTATION AND PROFESSIONALIZATION III",
  "course_number": "WGSS 513",
  "credits": "1",
  "description": "The WGSS 511, 512, 513 sequence prepares Women, Gender, and Sexuality Studies graduate students to succeed in their courses of study and in their chosen profession. WGSS 513 focuses on helping students shape a future that utilizes the graduate degree in Women, Gender, and Sexuality Studies. It helps students manage the transition to life after the Women, Gender, and Sexuality Studies Master's program at OSU.",
  "prerequisites": []
}, {
  "corequisites": [],
  "course_name": "SYSTEMS OF OPPRESSION: STRATEGIES FOR RESISTANCE",
  "course_number": "WGSS 514",
  "credits": "4",
  "description": "Explores the ways different systems of oppression function in society. Applies feminist intersectionality approaches to examine interlocking systems of inequality and privilege.",
  "prerequisites": []
}, {
  "corequisites": [],
  "course_name": "THEORIES OF FEMINISM",
  "course_number": "WGSS 516",
  "credits": "4",
  "description": "Explores feminist conceptions about the nature of the world, women's reality and visions for change. Analyzes major issues raised by the women's movement and the development of feminist ideas, as well as provides a critical examination of feminist thought and different theories which comprise it.",
  "prerequisites": []
}, {
  "corequisites": [],
  "course_name": "FEMINIST RESEARCH",
  "course_number": "WGSS 518",
  "credits": "4",
  "description": "Explores the socio-political and historical context out of which traditional research methodologies emerge and the relationship of gender to scientific pursuits. Teaches what it means to do emancipatory anti-sexist and participatory research.",
  "prerequisites": []
}, {
  "corequisites": [],
  "course_name": "FEMINIST LEADERSHIP",
  "course_number": "WGSS 521",
  "credits": "4",
  "description": "Examines theories of feminist leadership and applications in non-profit, governmental, and higher education institutions.",
  "prerequisites": []
}, {
  "corequisites": [],
  "course_name": "TRANS/GENDER POLITICS",
  "course_number": "WGSS 524",
  "credits": "4",
  "description": "Addresses transgender politics--including transsexual, genderqueer, and gender non-conforming issues--through feminist and intersectional approaches by analyzing transgender theories, arts, and activism. CROSSLISTED as QS 524/WGSS 524.",
  "prerequisites": []
}, {
  "corequisites": [],
  "course_name": "WOMEN OF COLOR FEMINISMS",
  "course_number": "WGSS 530",
  "credits": "4",
  "description": "Explores the contemporary experiences of women of color, as well as the theoretical and practical frameworks of women of color feminisms. Analyses key themes in women of color feminisms, including politics of representation, multiple forms of state and interpersonal violence, intersecting forms of oppression, economic justice, reproductive justice, and strategies of resistance.",
  "prerequisites": []
}, {
  "corequisites": [],
  "course_name": "QUEER OF COLOR CRITIQUES",
  "course_number": "WGSS 531",
  "credits": "4",
  "description": "\"Queer of color critiques\" refers to political theories and activism that emerge from LGBTQ people of color to examine the intersections between race, sexuality and gender. Addresses these intersections through theory, history, and activism. CROSSLISTED as ES 431/QS 431/WGSS 431 and ES 531/QS 531/WGSS 531.",
  "prerequisites": []
}, {
  "corequisites": [],
  "course_name": "FEMINIST TEACHING AND LEARNING",
  "course_number": "WGSS 535",
  "credits": "4",
  "description": "Focuses on the experiences and practices of the feminist classroom. Key components of the class include issues associated with the identity and development of the teacher, as well as the development of skills to help facilitate understanding, empowerment, and the personal and social agency of students.",
  "prerequisites": []
}, {
  "corequisites": [],
  "course_name": "THE INCLUSIVE CLASSROOM: DIFFERENCE",
  "course_number": "WGSS 542",
  "credits": "POWER",
  "description": "An examination of multidisciplinary scholarship on difference, power, and discrimination; critical pedagogies; and curriculum transformation. Discussions of theory and research are coupled with practical hands-on opportunities for students to develop and hone their teaching and course development skills. CROSSLISTED as GRAD 542/WGSS 542.",
  "prerequisites": []
}, {
  "corequisites": [],
  "course_name": "INDIGENOUS FEMINISMS",
  "course_number": "WGSS 549",
  "credits": "4",
  "description": "Explores Indigenous feminisms as well as some of the issues facing Indigenous women in the Americas and Pacific Islands. Relates Indigenous feminisms to the complexity of federal law and policies as well as land struggles between Indigenous communities and contemporary settler colonial nations. Raises awareness of current Indigenous struggles as well as Indigenous feminist responses and resistance to these same struggles.",
  "prerequisites": []
}, {
  "corequisites": [],
  "course_name": "FEMINIST TEXTUAL AND DISCOURSE ANALYSIS",
  "course_number": "WGSS 555",
  "credits": "4",
  "description": "Graduate students are introduced to current methods and modes of feminist literary, visual culture, performance, new media, and film studies with a focus on application. In doing so, the course focuses on feminist approaches to key topics within textual studies (such as form, authors, and readers) as well as distinct methodological approaches to various genres and mediums (including poems, performances, photographs, and films).",
  "prerequisites": []
}, {
  "corequisites": [],
  "course_name": "QUEER THEORIES",
  "course_number": "WGSS 562",
  "credits": "4",
  "description": "Engages key themes and critical frameworks in queer theories. Topics include histories of sexuality; forms of oppression, including heterosexism, homophobia, and transphobia; resistance to oppression; violence against LGBTQ people; queer activism; diverse experiences of sexuality; and representations in literature, art, and popular media. CROSSLISTED as QS 462/WGSS 462 and QS 562/WGSS 562.",
  "prerequisites": []
}, {
  "corequisites": [],
  "course_name": "INDIGENOUS TWO-SPIRIT AND QUEER STUDIES",
  "course_number": "WGSS 572",
  "credits": "4",
  "description": "\"Two-spirit\" refers to North American indigenous genders outside of European male/female binaries. Two-spirit communities argue for decolonization as a central political struggle, calling all people to unlearn settler colonial gender/sexuality on Native land. Addresses indigenous two-spirit/GLBTQ issues through theory, literature, activism, and art. CROSSLISTED as QS 472/WGSS 472 and QS 572/WGSS 572.",
  "prerequisites": []
}, {
  "corequisites": [],
  "course_name": "TRANSGENDER LIVES",
  "course_number": "WGSS 573",
  "credits": "4",
  "description": "With a particular focus on transgender people of color and transnational constructions of gender, engages issues in the lives of Transgender people through autobiography, memoir, biography, poetry, and documentary film. CROSSLISTED as QS 473/WGSS 473 and QS 573/WGSS 573.",
  "prerequisites": []
}, {
  "corequisites": [],
  "course_name": "CRITICAL RACE FEMINISM AND OUTSIDER JURISPRUDENCE",
  "course_number": "WGSS 575",
  "credits": "4",
  "description": "Critical exploration of critical legal justice movements and their relationship to social identities. Seminar emphasizes specific legal cases, federal and state laws, and constitutional issues that impact groups deemed outsiders in legal discourse as well as their social implications. The critical justice movement and anti-subordination struggles will be explored via case analyses that shape race, class, gender, sexuality, and disability relations. Theoretical contributions of law and society, critical race theory, LatCrit, and critical race feminism, critical white studies, critical mixed race studies, OutCrit, ClassCrit, and critical disability studies applied to historical precedent and current attempts at marginalizing/empowering communities. CROSSLISTED as ES 575/WGSS 575.",
  "prerequisites": []
}, {
  "corequisites": [],
  "course_name": "TRANSNATIONAL SEXUALITIES",
  "course_number": "WGSS 576",
  "credits": "4",
  "description": "Explores contemporary experiences of sexualities within transnational contexts. Analyzes themes including queer and LGBTQI organizing, same-sex desires, queer transnational immigration and labor flows, sex industries and discourses of trafficking, sex tourism, and reproductive justice, using feminist, queer, and postcolonial theoretical frameworks. CROSSLISTED as QS 476/WGSS 476 and QS 576/WGSS 576.",
  "prerequisites": []
}, {
  "corequisites": [],
  "course_name": "QUEER/TRANS PEOPLE OF COLOR ARTS AND ACTIVISM",
  "course_number": "WGSS 577",
  "credits": "4",
  "description": "LGBTQ people of color often engage struggles for social justice through artistic movements. Focuses on arts by LGBTQ people of color and the way these artistic movements contribute to activism that interrupts interlocking systems of oppression. CROSSLISTED as ES 477/QS 477/WGSS 477 and ES 577/QS 577/WGSS 577.",
  "prerequisites": []
}, {
  "corequisites": [],
  "course_name": "GLOBAL PERSPECTIVES ON WOMEN'S HEALTH",
  "course_number": "WGSS 582",
  "credits": "4",
  "description": "Women's health issues are examined from a global perspective in the context of a woman's life and through a feminist political lens. Central to our discussions will be an analysis of the interplay among race, class, and gender in shaping particular health care outcomes. The course stresses the potential for women's agency and autonomy with respect to improving their health and environments.",
  "prerequisites": []
}, {
  "corequisites": [],
  "course_name": "RACE",
  "course_number": "WGSS 583",
  "credits": "GENDER",
  "description": "Based on a social justice framework, explores the intersections of race, gender, ethnicity, disability and sexuality to provide a deeper understanding of how these factors shape health inequities in diverse communities nationally and globally.",
  "prerequisites": []
}, {
  "corequisites": [],
  "course_name": "TRANSNATIONAL FEMINISMS",
  "course_number": "WGSS 585",
  "credits": "4",
  "description": "Introduces students to themes and theoretical principles of transnational feminisms, with special emphasis placed on feminist movements of the global South. We will explore colonialism, globalization, nation-building, representation, global economies, militarism, human rights, and politics of gender, race, class, sexuality, and nation.",
  "prerequisites": []
}, {
  "corequisites": [],
  "course_name": "GLOBAL EXPERIENCE I",
  "course_number": "WGSS 586",
  "credits": "1",
  "description": "Prepares students to participate in a short-term study abroad experience that emphasizes volunteer experiences in women's organizations and analysis from transnational feminist perspectives.",
  "prerequisites": []
}, {
  "corequisites": [],
  "course_name": "GLOBAL EXPERIENCE II",
  "course_number": "WGSS 587",
  "credits": "1",
  "description": "Engages students in a short-term study abroad experience that emphasizes volunteer experiences in women's organizations and analysis from transnational feminist perspectives.",
  "prerequisites": []
}, {
  "corequisites": [],
  "course_name": "GLOBAL EXPERIENCE III",
  "course_number": "WGSS 588",
  "credits": "1",
  "description": "Students reflect on their short-term study abroad experience by engaging in in-depth transnational feminist analysis of particular aspects of the study abroad experience.",
  "prerequisites": []
}, {
  "corequisites": [],
  "course_name": "TOPICS",
  "course_number": "WGSS 599",
  "credits": "1-6",
  "description": "Topics on contemporary research in women, gender, and sexuality. May be repeated for credit when topic varies.",
  "prerequisites": []
}, {
  "corequisites": [],
  "course_name": "RESEARCH AND SCHOLARSHIP",
  "course_number": "WGSS 601",
  "credits": "1-16",
  "description": "Individual and collaborative research and scholarship under the supervision of faculty.",
  "prerequisites": []
}, {
  "corequisites": [],
  "course_name": "INDEPENDENT STUDY",
  "course_number": "WGSS 602",
  "credits": "1-16",
  "description": "Independent study in some field of special interest under the supervision of a faculty member.",
  "prerequisites": []
}, {
  "corequisites": [],
  "course_name": "THESIS",
  "course_number": "WGSS 603",
  "credits": "1-12",
  "description": "",
  "prerequisites": []
}, {
  "corequisites": [],
  "course_name": "READING AND CONFERENCE",
  "course_number": "WGSS 605",
  "credits": "1-16",
  "description": "Independent reading in specialized topics, guided by discussions in conference with faculty.",
  "prerequisites": []
}, {
  "corequisites": [],
  "course_name": "PROJECTS",
  "course_number": "WGSS 606",
  "credits": "1-16",
  "description": "Special project initiation and participation under the supervision of faculty.",
  "prerequisites": []
}, {
  "corequisites": [],
  "course_name": "INTERNSHIP",
  "course_number": "WGSS 610",
  "credits": "1-6",
  "description": "The internship experience provides opportunities to gain experience in a private, public, or community agency or organization, which has social justice advocacy as one of its goals. Students work with an on-site mentor who guides their field experience in collaboration with the internship coordinator in the WGSS program. One feature of graduate internships is the opportunity to shadow key personnel in order to meet internship goals.",
  "prerequisites": []
}, {
  "corequisites": [],
  "course_name": "COLLOQUIUM",
  "course_number": "WGSS 611",
  "credits": "1",
  "description": "Provides presentations of feminist research by OSU faculty and graduate students and faculty members from other institutions.",
  "prerequisites": []
}, {
  "corequisites": [],
  "course_name": "MULTIRACIAL",
  "course_number": "WGSS 616",
  "credits": "TRANSNATIONAL",
  "description": "Introduces doctoral students to foundational and emerging themes and texts in women, gender, and sexuality studies, with particular emphases on women of color feminisms, transnational feminisms, and queer feminist critiques. The first seminar in a two-part sequence (WGSS 616 and 617).",
  "prerequisites": []
}, {
  "corequisites": [],
  "course_name": "MULTIRACIAL",
  "course_number": "WGSS 617",
  "credits": "TRANSNATIONAL",
  "description": "Introduces doctoral students to foundational and emerging themes and texts in women, gender, and sexuality studies, with particular emphases on women of color feminisms, transnational feminisms, and queer feminist critiques. The second seminar in a two-part sequence (WGSS 616 and 617).",
  "prerequisites": [["WGSS 616"]]
}, {
  "corequisites": [],
  "course_name": "DECOLONIZING METHODS",
  "course_number": "WGSS 619",
  "credits": "4",
  "description": "Navigates from feminist philosophy of science interventions to postcolonial, Chicana/Latina, and critical race criticisms of methodological stances in \"normal\" science. Standpoint methodologies, racialized and gendered origins of modern statistical methods, longstanding affinity between colonial inequalities and Eurocentric scientific inquiry, and successor sciences/sciences from below constitute the main themes of the course.",
  "prerequisites": []
}, {
  "corequisites": [],
  "course_name": "SOCIAL JUSTICE THEORY AND PRACTICE",
  "course_number": "WGSS 620",
  "credits": "4",
  "description": "An examination of social justice theories and practices. Specifically engages with issues of power and privilege, systems of oppression, intersectionality, and social activism. Explores the practices of social justice movements.",
  "prerequisites": []
}]