[{
  "corequisites": [],
  "course_name": "*LANGUAGE",
  "course_number": "WLC 159",
  "credits": "RACE",
  "description": "Unpack language, race and racism--as well as the intersections between those ideas-- as cornerstones to understanding identity and society as inherently socially constructed notions. CROSSLISTED as ANTH 159/ES 159/WLC 159. (Bacc Core Course)",
  "prerequisites": []
}, {
  "corequisites": [],
  "course_name": "*FRANCE TODAY: CULTURES WITHIN AND BEYOND ITS BORDERS",
  "course_number": "WLC 230",
  "credits": "3",
  "description": "An exploratory study of French culture and society since 1945. Topics include: decolonization, immigration, Francophone intellectual currents, France's European vocation, and social conflict today. Conducted in English. (Bacc Core Course)",
  "prerequisites": []
}, {
  "corequisites": [],
  "course_name": "*FRANCE TODAY: CULTURES WITHIN AND BEYOND ITS BORDERS",
  "course_number": "WLC 230H",
  "credits": "3",
  "description": "An exploratory study of French culture and society since 1945. Topics include: decolonization, immigration, Francophone intellectual currents, France's European vocation, and social conflict today. Conducted in English. (Bacc Core Course)",
  "prerequisites": []
}, {
  "corequisites": [],
  "course_name": "*GERMAN DICTATORSHIPS: NAZIS AND COMMUNISTS",
  "course_number": "WLC 231",
  "credits": "3",
  "description": "Introduction to the two best-known dictatorships in German society, National Socialism of the Third Reich from 1933-1945 and Socialism in the German Democratic Republic from 1949-1989 via the study of visual media (feature films, documentaries, newsreels, etc.) and other primary and secondary sources. (Bacc Core Course)",
  "prerequisites": []
}, {
  "corequisites": [],
  "course_name": "*GERMAN DICTATORSHIPS: NAZIS AND COMMUNISTS",
  "course_number": "WLC 231H",
  "credits": "3",
  "description": "Introduction to the two best-known dictatorships in German society, National Socialism of the Third Reich from 1933-1945 and Socialism in the German Democratic Republic from 1949-1989 via the study of visual media (feature films, documentaries, newsreels, etc.) and other primary and secondary sources. (Bacc Core Course)",
  "prerequisites": []
}, {
  "corequisites": [],
  "course_name": "*GRIMMS' FAIRY TALES",
  "course_number": "WLC 241",
  "credits": "4",
  "description": "Read a selection of the most popular Grimms' fairy tales and consider why they have remained so popular. What is it about fairy tales that has made them such a lasting source of creative inspiration into our time? Learn to understand and critique fairy tales and their role in Western cultures through analysis of the tales and creative adaptation of a tale for a modern audience.",
  "prerequisites": []
}, {
  "corequisites": [],
  "course_name": "*GRIMMS' FAIRY TALES",
  "course_number": "WLC 241H",
  "credits": "4",
  "description": "Read a selection of the most popular Grimms' fairy tales and consider why they have remained so popular. What is it about fairy tales that has made them such a lasting source of creative inspiration into our time? Learn to understand and critique fairy tales and their role in Western cultures through analysis of the tales and creative adaptation of a tale for a modern audience.",
  "prerequisites": []
}, {
  "corequisites": [],
  "course_name": "*INTRODUCTION TO WORLD LANGUAGE AND CULTURE STUDIES",
  "course_number": "WLC 301",
  "credits": "4",
  "description": "Addresses the structure, histories, and cultures associated with world languages and presents skills for learning languages more effectively. Includes related topics such as globalization, colonialism, and language justice; language policy, linguistic diversity, and language death; immigration and migration; race and racism.",
  "prerequisites": []
}, {
  "corequisites": [],
  "course_name": "*FRANCOPHONE CULTURES IN FILM",
  "course_number": "WLC 320",
  "credits": "3-9",
  "description": "An exploration of the different cultures of France and the Francophone world through film. Students will delve into the heart of these societies and discover their socio-historical, political, economic and cultural context. Students' analytical and critical skills will be thoroughly solicited through various research and writing activities. Taught in English. (Bacc Core Course)",
  "prerequisites": []
}, {
  "corequisites": [],
  "course_name": "*FRANCOPHONE CULTURES IN FILM",
  "course_number": "WLC 320H",
  "credits": "3-9",
  "description": "An exploration of the different cultures of France and the Francophone world through film. Students will delve into the heart of these societies and discover their socio-historical, political, economic and cultural context. Students' analytical and critical skills will be thoroughly solicited through various research and writing activities. Taught in English. (Bacc Core Course)",
  "prerequisites": []
}, {
  "corequisites": [],
  "course_name": "*CHINESE CULTURE I",
  "course_number": "WLC 331",
  "credits": "3",
  "description": "Introduction to basic features of Chinese culture from ancient times to the 9th century. Topics include philosophy and religion, the Chinese language, literature and the arts, science and technology, government, family and gender, social and economic conditions, contacts with the outside world. Taught in English.",
  "prerequisites": []
}, {
  "corequisites": [],
  "course_name": "*CHINESE CULTURE II",
  "course_number": "WLC 332",
  "credits": "3",
  "description": "Introduction to basic features of Chinese culture from the 10th through the 19th centuries. Topics include philosophy and religion, literature and the arts, science and technology, government, family and gender, social and economic conditions, daily life, and contacts with the outside world. Taught in English.",
  "prerequisites": []
}, {
  "corequisites": [],
  "course_name": "*CHINESE CULTURE III",
  "course_number": "WLC 333",
  "credits": "3",
  "description": "Survey of important developments of Chinese society and culture from the early 20th century to the present. Topics include wars and revolutions, economic, political, and social conditions, the new culture movement, changing family structure and women's status, relationships within greater China (Mainland China, Taiwan, and Hong Kong). Taught in English.",
  "prerequisites": []
}, {
  "corequisites": [],
  "course_name": "FASHION AND DESIGN IN THE FRANCOPHONE WORLD",
  "course_number": "WLC 334",
  "credits": "3",
  "description": "A study of the world of French fashion and design: origins and history, what's new and exciting in French fashion today and attitudes about fashion and beauty of design that have given the French the inside track on prestige in this arena for centuries.",
  "prerequisites": []
}, {
  "corequisites": [],
  "course_name": "*JAPANESE CULTURE I",
  "course_number": "WLC 335",
  "credits": "3",
  "description": "An introductory survey of Japanese history, arts, literature, society, and traditions from the ancient to the mid-19th century. Taught in English. May not be offered every year. (NC) (Bacc Core Course)",
  "prerequisites": []
}, {
  "corequisites": [],
  "course_name": "*JAPANESE CULTURE II",
  "course_number": "WLC 336",
  "credits": "3",
  "description": "An introductory survey of Japanese history, arts, literature society, and traditions from the ancient to the mid-19th century. May not be offered every year. (NC) (Bacc Core Course)",
  "prerequisites": []
}, {
  "corequisites": [],
  "course_name": "*JAPANESE CULTURE III",
  "course_number": "WLC 337",
  "credits": "3",
  "description": "A survey of Japan from the mid-19th century to the present in areas including arts, literature, business, education, society, politics, and foreign relations. Taught in English. May not be offered every year. (NC) (Bacc Core Course)",
  "prerequisites": []
}, {
  "corequisites": [],
  "course_name": "SPECIAL TOPICS",
  "course_number": "WLC 399",
  "credits": "1-16",
  "description": "",
  "prerequisites": []
}, {
  "corequisites": [],
  "course_name": "WORLD LANGUAGE INTERNSHIP",
  "course_number": "WLC 410",
  "credits": "1-12",
  "description": "",
  "prerequisites": []
}, {
  "corequisites": [],
  "course_name": "*FRENCH SOCIETY THROUGH ITS CINEMA",
  "course_number": "WLC 429",
  "credits": "3",
  "description": "An examination of French society through its own cinema. Via the screening and study of films from the various periods of French history, students will delve into the heart of French society and will discover the socio-historical, political, economic and cultural context.",
  "prerequisites": []
}, {
  "corequisites": [],
  "course_name": "*FRENCH SOCIETY THROUGH ITS CINEMA",
  "course_number": "WLC 429H",
  "credits": "3",
  "description": "An examination of French society through its own cinema. Via the screening and study of films from the various periods of French history, students will delve into the heart of French society and will discover the socio-historical, political, economic and cultural context.",
  "prerequisites": []
}, {
  "corequisites": [],
  "course_name": "LANGUAGE",
  "course_number": "WLC 459",
  "credits": "RACE",
  "description": "Unpack language, race and racism--as well as the intersections between those ideas-- as cornerstones to understanding identity and society as inherently socially constructed ideas. Better understand how racism is produced and reproduced in talk and text (this will include symbols and signs), especially in the context of the denial of racism. Focuses on the language of racism, and more specifically, types of discourse that construct Whiteness as dominant over Color. CROSSLISTED as ANTH 459/ES 459/WLC 459.",
  "prerequisites": []
}, {
  "corequisites": [],
  "course_name": "SPECIAL TOPICS",
  "course_number": "WLC 499",
  "credits": "1-16",
  "description": "",
  "prerequisites": []
}, {
  "corequisites": [],
  "course_name": "SPECIAL TOPICS",
  "course_number": "WLC 499H",
  "credits": "1-16",
  "description": "",
  "prerequisites": []
}, {
  "corequisites": [],
  "course_name": "WORLD LANGUAGE INTERNSHIP",
  "course_number": "WLC 510",
  "credits": "1-12",
  "description": "",
  "prerequisites": []
}, {
  "corequisites": [],
  "course_name": "LANGUAGE",
  "course_number": "WLC 559",
  "credits": "RACE",
  "description": "Unpack language, race and racism--as well as the intersections between those ideas-- as cornerstones to understanding identity and society as inherently socially constructed ideas. Better understand how racism is produced and reproduced in talk and text (this will include symbols and signs), especially in the context of the denial of racism. Focuses on the language of racism, and more specifically, types of discourse that construct Whiteness as dominant over Color. CROSSLISTED as ANTH 559/ES 559/WLC 559.",
  "prerequisites": []
}, {
  "corequisites": [],
  "course_name": "SPECIAL TOPICS",
  "course_number": "WLC 599",
  "credits": "1-16",
  "description": "",
  "prerequisites": []
}]