[{
  "corequisites": [],
  "course_name": "*ENGLISH COMPOSITION",
  "course_number": "WR 121",
  "credits": "4",
  "description": "Focuses on analytical writing and rhetorical awareness. Approaches writing as a dynamic process and mode of inquiry, including acts of information literacy, research, analysis, and revision. Builds flexible strategies for using key rhetorical concepts across multiple genres and attending to issues of audience, purpose, convention, and discourse community. Emphasizes revision, particularly at the sentence- and paragraph-level, and establishing a reflective writing process. NO LONGER TAUGHT. REPLACED WITH COMMON COURSE NUMBER WR 121Z.",
  "prerequisites": []
}, {
  "corequisites": [],
  "course_name": "*ENGLISH COMPOSITION",
  "course_number": "WR 121H",
  "credits": "4",
  "description": "Focuses on analytical writing and rhetorical awareness. Approaches writing as a dynamic process and mode of inquiry, including acts of information literacy, research, analysis, and revision. Builds flexible strategies for using key rhetorical concepts across multiple genres and attending to issues of audience, purpose, convention, and discourse community. Emphasizes revision, particularly at the sentence- and paragraph-level, and establishing a reflective writing process. NO LONGER TAUGHT. REPLACED WITH COMMON COURSE NUMBER WR 121HZ.",
  "prerequisites": []
}, {
  "corequisites": [],
  "course_name": "+*COMPOSITION I",
  "course_number": "WR 121HZ",
  "credits": "4",
  "description": "Engages students in the study and practice of critical thinking, reading, and writing. Focuses on analyzing and composing across varied rhetorical situations and in multiple genres. Applies key rhetorical concepts flexibly and collaboratively throughout writing and inquiry processes.",
  "prerequisites": []
}, {
  "corequisites": [],
  "course_name": "+*COMPOSITION I",
  "course_number": "WR 121Z",
  "credits": "4",
  "description": "Engages students in the study and practice of critical thinking, reading, and writing. Focuses on analyzing and composing across varied rhetorical situations and in multiple genres. Applies key rhetorical concepts flexibly and collaboratively throughout writing and inquiry processes.",
  "prerequisites": []
}, {
  "corequisites": [],
  "course_name": "FUNDAMENTALS OF GRAMMAR",
  "course_number": "WR 130",
  "credits": "SYNTAX",
  "description": "Provides opportunities to improve writing at the sentence level. Focuses on the fundamental elements of the sentence (grammar), the principles and rules of sentence structure (syntax), and techniques for writing meaningful, compelling sentences (sentence building). Use modules, activities, and quizzes to advance understanding of grammar fundamentals and to practice writing, editing, and revising sentences. Emphasizes student questions and applying lessons to other academic writing projects.",
  "prerequisites": []
}, {
  "corequisites": [],
  "course_name": "SPECIAL STUDIES",
  "course_number": "WR 199",
  "credits": "1-16",
  "description": "",
  "prerequisites": []
}, {
  "corequisites": [],
  "course_name": "*WRITING FOR MEDIA",
  "course_number": "WR 201",
  "credits": "3",
  "description": "Introduction to newspaper style. Introduction to reporting.",
  "prerequisites": []
}, {
  "corequisites": [],
  "course_name": "*WRITING IN BUSINESS",
  "course_number": "WR 214",
  "credits": "3",
  "description": "Continued practice in writing with an emphasis on the rhetorical and critical thinking demands of writers in business and industry.",
  "prerequisites": [["WR 121", "WR 121H", "WR 121Z", "WR 121H", "WR 121"]]
}, {
  "corequisites": [],
  "course_name": "*STORIES OF THE US-MEXICO BORDER",
  "course_number": "WR 220",
  "credits": "4",
  "description": "Analyzes stories from and about the US-Mexico border. Explores and challenges conventional ideas about undocumented immigration in the US and considers immigration as a complex phenomenon with various causes. Examines historical and current causes of migration across the US-Mexico border and the difficulties experienced on the migrant trail. Analyzes discriminatory practices of dehumanization, deportation, and detention and reveals immigrant resistance to oppression.",
  "prerequisites": []
}, {
  "corequisites": [],
  "course_name": "*STORIES OF THE US-MEXICO BORDER",
  "course_number": "WR 220H",
  "credits": "4",
  "description": "Analyzes stories from and about the US-Mexico border. Explores and challenges conventional ideas about undocumented immigration in the US and considers immigration as a complex phenomenon with various causes. Examines historical and current causes of migration across the US-Mexico border and the difficulties experienced on the migrant trail. Analyzes discriminatory practices of dehumanization, deportation, and detention and reveals immigrant resistance to oppression.",
  "prerequisites": []
}, {
  "corequisites": [],
  "course_name": "*INTRODUCTION TO FICTION WRITING",
  "course_number": "WR 224",
  "credits": "3",
  "description": "Discussion workshop. Student work examined in context of contemporary published work.",
  "prerequisites": [["WR 121", "WR 121H", "WR 121Z", "WR 121H", "WR 121"]]
}, {
  "corequisites": [],
  "course_name": "*INTRODUCTION TO FICTION WRITING",
  "course_number": "WR 224H",
  "credits": "3",
  "description": "Discussion workshop. Student work examined in context of contemporary published work.",
  "prerequisites": [["WR 121", "WR 121H", "WR 121Z", "WR 121H", "WR 121"]]
}, {
  "corequisites": [],
  "course_name": "*TECHNICAL WRITING",
  "course_number": "WR 227HZ",
  "credits": "4",
  "description": "Introduces students to producing instructive, informative, and persuasive technical/professional documents aimed at well-defined and achievable outcomes. Focuses on presenting information using rhetorically appropriate style, design, vocabulary, structure, and visuals. Gathers, reads, and analyzes information and learns a variety of strategies for producing accessible, usable, reader-centered deliverable documents that are clear, concise, and ethical.",
  "prerequisites": [["WR 121Z", "WR 121H", "WR 121", "WR 121H", "WR 121"]]
}, {
  "corequisites": [],
  "course_name": "*TECHNICAL WRITING",
  "course_number": "WR 227Z",
  "credits": "4",
  "description": "Introduces students to producing instructive, informative, and persuasive technical/professional documents aimed at well-defined and achievable outcomes. Focuses on presenting information using rhetorically appropriate style, design, vocabulary, structure, and visuals. Gathers, reads, and analyzes information and learns a variety of strategies for producing accessible, usable, reader-centered deliverable documents that are clear, concise, and ethical.",
  "prerequisites": [["WR 121Z", "WR 121H", "WR 121", "WR 121H", "WR 121"]]
}, {
  "corequisites": [],
  "course_name": "*ESSENTIALS OF ENGLISH GRAMMAR",
  "course_number": "WR 230",
  "credits": "3",
  "description": "Introduces students to the structure of sentences with a focus on beginning grammar. Students in WR 230 will learn the differences between clauses and phrases, how to recognize subjects and predicates in a variety of sentence types, how to avoid the most common grammatical errors in student writing, and how to use punctuation correctly--and with intention. Students will complete readings, watch videos, participate in discussions, and demonstrate understanding through weekly quizzes. They will also challenge themselves with numerous writing activities, and complete writing analysis projects. (Bacc Core Course)",
  "prerequisites": []
}, {
  "corequisites": [],
  "course_name": "*INTRODUCTION TO NONFICTION WRITING",
  "course_number": "WR 240",
  "credits": "3",
  "description": "Discussion workshop. Student work examined in context of contemporary published work.",
  "prerequisites": [["WR 121", "WR 121H", "WR 121Z", "WR 121H"]]
}, {
  "corequisites": [],
  "course_name": "*INTRODUCTION TO POETRY WRITING",
  "course_number": "WR 241",
  "credits": "3",
  "description": "Discussion workshop. Rudiments of mechanics and some background in development of modern poetry.",
  "prerequisites": [["WR 121", "WR 121H", "WR 121Z", "WR 121H", "WR 121"]]
}, {
  "corequisites": [],
  "course_name": "*PODCAST STORYTELLING",
  "course_number": "WR 250",
  "credits": "3",
  "description": "Focuses on the skills needed to write, record, and produce informative and engaging podcasts. Students develop themes, write scripts, conduct interviews, and learn to make thoughtful editing decisions in the production of audio podcasts.",
  "prerequisites": [["WR 121", "WR 121H", "WR 121Z", "WR 121H"]]
}, {
  "corequisites": [],
  "course_name": "SPECIAL TOPICS",
  "course_number": "WR 299",
  "credits": "1-16",
  "description": "",
  "prerequisites": []
}, {
  "corequisites": [],
  "course_name": "*PUBLISHING AND EDITING",
  "course_number": "WR 301",
  "credits": "3",
  "description": "Invites students to learn about editing and copyediting techniques, broader editorial decisions, and current publishing platforms. Students will learn about scholarly publishing in the U.S. and about how social media and public relations fit into this world. Participants will also explore editing within a rhetorical dimension, considering purpose and audience, as well as conventions of grammar, mechanics, and usage. Students will review a scholarly article reporting on research in editing and/or publishing; as well as develop a publication-ready work of their own. As part of a final project, the class will work toward a collaborative publication.",
  "prerequisites": [["WR 121", "WR 121H", "WR 121Z", "WR 121H"]]
}, {
  "corequisites": [],
  "course_name": "*WRITING FOR THE WEB",
  "course_number": "WR 303",
  "credits": "3",
  "description": "Concerns the production of instructive, informative, and rhetorically savvy writing for Web-based locations and applications. Helps people find information, get things done, convey their opinions, build communities, and collaborate on complex projects.",
  "prerequisites": [["WR 121", "WR 121H", "WR 121Z", "WR 121H"]]
}, {
  "corequisites": [],
  "course_name": "WRITING THE YOUNG ADULT NOVEL",
  "course_number": "WR 310",
  "credits": "3",
  "description": "Explores the literary Young Adult (YA) novel by analyzing the plot, character, language, setting, and voice of established authors. Incorporates YA-specific craft elements to produce novelistic and literary writing. Develops and adapts an established structure and outline for a YA novel. Embarks on YA novel writing journey with rigorous revisions from peer review and instructor feedback.",
  "prerequisites": [["WR 224", "WR 224H"]]
}, {
  "corequisites": [],
  "course_name": "WRITING SCIENCE FICTION & FANTASY",
  "course_number": "WR 311",
  "credits": "4",
  "description": "Analyzes contemporary, literary, science-fiction and fantasy short stories and novels to identify and integrate writing techniques. Examines the ways in which these genres comment on our current social constructs and imagine new ones. Practices genre-specific conventions, such as rules of technology or magic. Applies concepts learned to write fiction scenes and stories.",
  "prerequisites": []
}, {
  "corequisites": [],
  "course_name": "NARRATIVE MEDICINE: BODIES",
  "course_number": "WR 320",
  "credits": "BEHAVIORS",
  "description": "Focuses on contemporary poetry and nonfiction by writers who are medical professionals, patients, and caregivers. Studies the authors’ different perspectives to consider the griefs and joys, concerns and comforts they have in common. Explores the body’s struggles and failures, recoveries and triumphs. Encourages a heightened sense of empathy and develops a practice of thoughtful self-examination through in-depth class discussions and weekly writing prompts.",
  "prerequisites": []
}, {
  "corequisites": [],
  "course_name": "*ADVANCED WRITING & ARGUMENTATION",
  "course_number": "WR 323",
  "credits": "3",
  "description": "Explores advanced argumentation and writes research-based essays to persuade specific audiences. Analyzes texts to evaluate rhetorical purpose and genre conventions. Develops advanced information literacy skills, evaluating and incorporating appropriate research sources. Applies stylistic awareness in writing through close attention to audience and rhetorical context. Crafts advanced strategies for writing processes, collaborating with peers and/or instructor to develop drafts, revise, and reflect to improve transfer to future writing contexts.",
  "prerequisites": [["WR 121Z", "WR 121H", "WR 121", "WR 121H", "WR 121"]]
}, {
  "corequisites": [],
  "course_name": "*ADVANCED WRITING & ARGUMENTATION",
  "course_number": "WR 323H",
  "credits": "3",
  "description": "Explores advanced argumentation and writes research-based essays to persuade specific audiences. Analyzes texts to evaluate rhetorical purpose and genre conventions. Develops advanced information literacy skills, evaluating and incorporating appropriate research sources. Applies stylistic awareness in writing through close attention to audience and rhetorical context. Crafts advanced strategies for writing processes, collaborating with peers and/or instructor to develop drafts, revise, and reflect to improve transfer to future writing contexts.",
  "prerequisites": [["WR 121Z", "WR 121H", "WR 121", "WR 121H", "WR 121"]]
}, {
  "corequisites": [],
  "course_name": "SHORT STORY WRITING",
  "course_number": "WR 324",
  "credits": "4",
  "description": "Study and writing of the short story. (FA)",
  "prerequisites": [["WR 224", "WR 224H"]]
}, {
  "corequisites": [],
  "course_name": "*TECHNICAL WRITING",
  "course_number": "WR 327",
  "credits": "3",
  "description": "Continued practice in writing with an emphasis on the rhetorical and critical thinking demands of writers in scientific and technological fields. NO LONGER TAUGHT. REPLACED WITH COMMON COURSE NUMBER WR 227Z.",
  "prerequisites": [["WR 121", "WR 121H", "WR 121"]]
}, {
  "corequisites": [],
  "course_name": "*UNDERSTANDING GRAMMAR",
  "course_number": "WR 330",
  "credits": "3",
  "description": "Advanced study of traditional grammatical forms and conventional grammatical terms with emphasis on the assumptions underlying the structure of traditional grammar.",
  "prerequisites": [["WR 121", "WR 121H", "WR 121Z", "WR 121H", "WR 121"]]
}, {
  "corequisites": [],
  "course_name": "CREATIVE NONFICTION WRITING",
  "course_number": "WR 340",
  "credits": "4",
  "description": "Intermediate study and writing of creative nonfiction.",
  "prerequisites": [["WR 240"]]
}, {
  "corequisites": [],
  "course_name": "POETRY WRITING",
  "course_number": "WR 341",
  "credits": "4",
  "description": "Study and writing of verse. (FA)",
  "prerequisites": [["WR 241"]]
}, {
  "corequisites": [],
  "course_name": "WRITING ABOUT PLACES",
  "course_number": "WR 353",
  "credits": "3",
  "description": "Utilizing personal experience, reading, and research, students, study, discuss, and practice the conventions of writing about place far and near, global and local, for various audiences and in a range of formats.",
  "prerequisites": [["WR 121", "WR 121H", "WR 121Z", "WR 121H"]]
}, {
  "corequisites": [],
  "course_name": "*SCIENCE WRITING",
  "course_number": "WR 362",
  "credits": "3",
  "description": "Students learn and practice the conventions for writing scientific material for a variety of audiences. Involves writing and research assignments, multimedia presentations, lecture, and in-class and online activities.",
  "prerequisites": [["WR 121", "WR 121H", "WR 121Z", "WR 121H"]]
}, {
  "corequisites": [],
  "course_name": "*SCIENCE WRITING",
  "course_number": "WR 362H",
  "credits": "3",
  "description": "Students learn and practice the conventions for writing scientific material for a variety of audiences. Involves writing and research assignments, multimedia presentations, lecture, and in-class and online activities.",
  "prerequisites": [["WR 121", "WR 121H", "WR 121Z", "WR 121H"]]
}, {
  "corequisites": [],
  "course_name": "FOOD WRITING",
  "course_number": "WR 383",
  "credits": "4",
  "description": "Focuses on the skills needed to write, edit, and publish engaging stories about food, from recipes to food magazine features. Develops story ideas, practices reporting on those ideas using journalistic techniques, and learns fundamental skills about the publishing process.",
  "prerequisites": [["WR 121", "WR 121H", "WR 121Z", "WR 121H"]]
}, {
  "corequisites": [],
  "course_name": "HABITS OF CREATIVE PRACTICE",
  "course_number": "WR 390",
  "credits": "2",
  "description": "Explores embodied practices of creative work, defined as the habits, tools, and procedures used by writers, artists, scholars, engineers, programmers, or other practitioners to shape the physical, emotional, and intellectual experience of sitting down to work on a project. Examines creative practice techniques from established practitioners in multiple genres and disciplines. Inventories material, psychological, and social conditions that influence the generation of creative work. Offers collaborative framework for student-designed experimentation with various elements of and approaches to creative practice to create individualized portfolios of adaptable habits, rituals, and strategies.",
  "prerequisites": []
}, {
  "corequisites": [],
  "course_name": "SPECIAL TOPICS",
  "course_number": "WR 399",
  "credits": "1-16",
  "description": "",
  "prerequisites": []
}, {
  "corequisites": [],
  "course_name": "SPECIAL TOPICS",
  "course_number": "WR 399H",
  "credits": "1-16",
  "description": "",
  "prerequisites": []
}, {
  "corequisites": [],
  "course_name": "RESEARCH AND SCHOLARSHIP",
  "course_number": "WR 401",
  "credits": "1-16",
  "description": "",
  "prerequisites": []
}, {
  "corequisites": [],
  "course_name": "INDEPENDENT STUDY",
  "course_number": "WR 402",
  "credits": "1-16",
  "description": "",
  "prerequisites": []
}, {
  "corequisites": [],
  "course_name": "THESIS",
  "course_number": "WR 403",
  "credits": "1-16",
  "description": "",
  "prerequisites": []
}, {
  "corequisites": [],
  "course_name": "WRITING AND CONFERENCE",
  "course_number": "WR 404",
  "credits": "1-16",
  "description": "",
  "prerequisites": []
}, {
  "corequisites": [],
  "course_name": "READING AND CONFERENCE",
  "course_number": "WR 405",
  "credits": "1-16",
  "description": "",
  "prerequisites": []
}, {
  "corequisites": [],
  "course_name": "PROJECTS",
  "course_number": "WR 406",
  "credits": "1-16",
  "description": "",
  "prerequisites": []
}, {
  "corequisites": [],
  "course_name": "SEMINAR",
  "course_number": "WR 407",
  "credits": "1-16",
  "description": "",
  "prerequisites": []
}, {
  "corequisites": [],
  "course_name": "WORKSHOP",
  "course_number": "WR 408",
  "credits": "1-16",
  "description": "",
  "prerequisites": []
}, {
  "corequisites": [],
  "course_name": "^THE TEACHING OF WRITING",
  "course_number": "WR 411",
  "credits": "4",
  "description": "Pedagogy and theory in composition; prepares teachers (secondary through college) in writing process, assignment design, evaluation, and grammar. Also focuses on students' own writing.",
  "prerequisites": []
}, {
  "corequisites": [],
  "course_name": "ADVERTISING AND PUBLIC RELATIONS WRITING",
  "course_number": "WR 414",
  "credits": "4",
  "description": "Writing news releases, annual reports, brochures, newsletters, and other PR materials. Writing advertising copy.",
  "prerequisites": [["WR 121", "WR 121H", "WR 121Z", "WR 121H"]]
}, {
  "corequisites": [],
  "course_name": "STUDIES IN WRITING",
  "course_number": "WR 420",
  "credits": "4",
  "description": "Selected topics in rhetoric and composition.",
  "prerequisites": []
}, {
  "corequisites": [],
  "course_name": "ADVANCED FICTION WRITING",
  "course_number": "WR 424",
  "credits": "4",
  "description": "Workshop. (FA)",
  "prerequisites": [["WR 324"]]
}, {
  "corequisites": [],
  "course_name": "SCIENTIFIC",
  "course_number": "WR 435",
  "credits": "TECHNICAL",
  "description": "Complete a portfolio comprised of material generated throughout previous courses in the Certificate in Scientific, Technical, and Professional Communication.",
  "prerequisites": []
}, {
  "corequisites": [],
  "course_name": "ADVANCED CREATIVE NONFICTION WRITING",
  "course_number": "WR 440",
  "credits": "4-8",
  "description": "An advanced course in creative nonfiction writing, centered around workshops of polished material.",
  "prerequisites": [["WR 340"]]
}, {
  "corequisites": [],
  "course_name": "ADVANCED POETRY WRITING",
  "course_number": "WR 441",
  "credits": "4",
  "description": "Advanced poetry workshop.",
  "prerequisites": [["WR 341"]]
}, {
  "corequisites": [],
  "course_name": "MAGAZINE ARTICLE WRITING",
  "course_number": "WR 448",
  "credits": "4",
  "description": "Writing the magazine article. Analyzing markets and writing query and cover letters, marketing manuscripts to magazines. Interviewing and researching.",
  "prerequisites": []
}, {
  "corequisites": [],
  "course_name": "CRITICAL REVIEWING",
  "course_number": "WR 449",
  "credits": "4",
  "description": "Writing critical reviews of books, television programs, movies, plays, and restaurants for newspapers and magazines. The role of criticism in popular culture.",
  "prerequisites": []
}, {
  "corequisites": [],
  "course_name": "^WRITING OF THE SEA",
  "course_number": "WR 460",
  "credits": "4",
  "description": "Introduces the traditions and modalities of writing used in marine studies disciplines, including technical, creative, analytical, and journalistic writing. Uses rhetorical structure and strategies to express personal beliefs about, responses to, and ethical commitments toward the world’s oceans.",
  "prerequisites": []
}, {
  "corequisites": [],
  "course_name": "^ENVIRONMENTAL WRITING",
  "course_number": "WR 462",
  "credits": "4",
  "description": "Writing about environmental topics from multiple perspectives. Includes science journalism, research and writing on current scientific issues and controversies, and theories of rhetoric and environmentalism.",
  "prerequisites": [["WR 121", "WR 121H", "WR 121Z", "WR 121H"]]
}, {
  "corequisites": [],
  "course_name": "^ADVANCED TECHNICAL WRITING",
  "course_number": "WR 466",
  "credits": "4",
  "description": "Introduces the texts, contexts, and concepts important to the practice of professional communication in organizational contexts, addressing practical writing skills, rhetoric, and ethics. Course readings concern what professional technical writers do and what theories govern their actions, bridging the gap between real-world problems and academic research. Emphasizes solving real-world writing and communication problems with empirical research, usability testing, and information design.",
  "prerequisites": [["WR 121", "WR 121H"]]
}, {
  "corequisites": [],
  "course_name": "RHETORICS OF RACE",
  "course_number": "WR 475",
  "credits": "4",
  "description": "By exploring the interrelated concepts of race, racialization, and racism, Rhetorics of Race problematizes race as a taken-for-granted phenomenon. Through reading, writing, and discussion, class participants study racial formations as historically specific and analyze contemporary forms of racism in the US. Readings and discussion pay close attention to how rhetoric and discourse have the power to reproduce and challenge white supremacy and race-based oppressions. Emphasizing the intersectionality of oppression—that racism necessarily takes place at intersections with other forms of subordination including sexism, homophobia, ablelism, etc.—Rhetorics of Race draws from Queer Black Feminism, Chican@ Feminism, and Critical Race Theory.",
  "prerequisites": []
}, {
  "corequisites": [],
  "course_name": "^INTRODUCTION TO LITERACY STUDIES",
  "course_number": "WR 495",
  "credits": "4",
  "description": "Literacy studies in multidisciplinary contexts. Examines historical, theoretical, and practical relationships among reading, writing, language, culture, and schooling.",
  "prerequisites": []
}, {
  "corequisites": [],
  "course_name": "DIGITAL LITERACY AND CULTURE",
  "course_number": "WR 497",
  "credits": "4",
  "description": "From pencils to pixels, telegraphs to texts, and semaphores to social networking, Digital Literacy and Culture focuses on the relationships between human expression and the technologies that provide context, meaning, and shape to those expressions.",
  "prerequisites": [["WR 121", "WR 121H", "WR 121Z", "WR 121H"]]
}, {
  "corequisites": [],
  "course_name": "SPECIAL TOPICS",
  "course_number": "WR 499",
  "credits": "1-16",
  "description": "",
  "prerequisites": []
}, {
  "corequisites": [],
  "course_name": "MFA RESIDENCY",
  "course_number": "WR 500",
  "credits": "1-20",
  "description": "Low-Residency Masters of Fine Arts Residency. Required course for graduate students in the Low-Residency Masters of Fine Arts in Creative Writing.",
  "prerequisites": []
}, {
  "corequisites": [],
  "course_name": "RESEARCH AND SCHOLARSHIP",
  "course_number": "WR 501",
  "credits": "1-16",
  "description": "",
  "prerequisites": []
}, {
  "corequisites": [],
  "course_name": "INDEPENDENT STUDY",
  "course_number": "WR 502",
  "credits": "1-16",
  "description": "",
  "prerequisites": []
}, {
  "corequisites": [],
  "course_name": "THESIS",
  "course_number": "WR 503",
  "credits": "1-16",
  "description": "",
  "prerequisites": []
}, {
  "corequisites": [],
  "course_name": "WRITING AND CONFERENCE",
  "course_number": "WR 504",
  "credits": "1-16",
  "description": "",
  "prerequisites": []
}, {
  "corequisites": [],
  "course_name": "READING AND CONFERENCE",
  "course_number": "WR 505",
  "credits": "1-16",
  "description": "",
  "prerequisites": []
}, {
  "corequisites": [],
  "course_name": "PROJECTS",
  "course_number": "WR 506",
  "credits": "1-16",
  "description": "",
  "prerequisites": []
}, {
  "corequisites": [],
  "course_name": "SEMINAR",
  "course_number": "WR 507",
  "credits": "1-16",
  "description": "",
  "prerequisites": []
}, {
  "corequisites": [],
  "course_name": "WORKSHOP",
  "course_number": "WR 508",
  "credits": "1-16",
  "description": "",
  "prerequisites": []
}, {
  "corequisites": [],
  "course_name": "PRACTICUM",
  "course_number": "WR 509",
  "credits": "1-16",
  "description": "Required practicum for graduate students teaching introduction to poetry writing.",
  "prerequisites": []
}, {
  "corequisites": [],
  "course_name": "THE TEACHING OF WRITING",
  "course_number": "WR 511",
  "credits": "4",
  "description": "Pedagogy and theory in composition; prepares teachers (secondary through college) in writing process, assignment design, evaluation, and grammar. Also focuses on student's own writing.",
  "prerequisites": []
}, {
  "corequisites": [],
  "course_name": "CURRENT COMPOSITION THEORY",
  "course_number": "WR 512",
  "credits": "4",
  "description": "Current rhetoric and composition theory and its applications for teachers and writers.",
  "prerequisites": []
}, {
  "corequisites": [],
  "course_name": "LOW-RESIDENCY MFA MENTORSHIP",
  "course_number": "WR 513",
  "credits": "5-12",
  "description": "Low-Residency Masters of Fine Arts Mentorship. Required course for graduate students in the Low-Residency Masters of Fine Arts in Creative Writing.",
  "prerequisites": []
}, {
  "corequisites": [],
  "course_name": "M.A. THESIS WRITING",
  "course_number": "WR 515",
  "credits": "1",
  "description": "Explores, evaluates, and integrates MA thesis genre conventions, strategies for drafting and revising prose, and productive and healthy writing habits specifically for graduate students in writing, literature, and film. Produces a draft of one thesis chapter.",
  "prerequisites": []
}, {
  "corequisites": [],
  "course_name": "TEACHING PRACTICUM: ENGLISH COMPOSITION",
  "course_number": "WR 517",
  "credits": "2",
  "description": "Required practicum for graduate students teaching English Composition.",
  "prerequisites": []
}, {
  "corequisites": [],
  "course_name": "TEACHING PRACTICUM: WR 222",
  "course_number": "WR 519",
  "credits": "1",
  "description": "This practicum prepares graduate teaching assistants to teach Writing 222 (Argumentation). It includes both theoretical and practical components, providing an overview of the curriculum and addressing course development, lesson planning, and pedagogical best practices. The practicum is required for SWLF graduate students with a focus in rhetoric and composition.",
  "prerequisites": []
}, {
  "corequisites": [],
  "course_name": "STUDIES IN WRITING",
  "course_number": "WR 520",
  "credits": "4",
  "description": "Selected topics in rhetoric and composition.",
  "prerequisites": []
}, {
  "corequisites": [],
  "course_name": "TEACHING PRACTICUM: FICTION WRITING",
  "course_number": "WR 521",
  "credits": "1",
  "description": "Required practicum for graduate students teaching introduction to fiction writing.",
  "prerequisites": []
}, {
  "corequisites": [],
  "course_name": "TEACHING PRACTICUM: POETRY WRITING",
  "course_number": "WR 522",
  "credits": "1",
  "description": "Required practicum for graduate students teaching introduction to poetry writing.",
  "prerequisites": []
}, {
  "corequisites": [],
  "course_name": "TEACHING PRACTICUM: NONFICTION WRITING",
  "course_number": "WR 523",
  "credits": "1",
  "description": "Required practicum for graduate students teaching introduction to nonfiction writing.",
  "prerequisites": []
}, {
  "corequisites": [],
  "course_name": "ADVANCED FICTION WRITING",
  "course_number": "WR 524",
  "credits": "4",
  "description": "Advanced fiction workshop with an emphasis on developing longer pieces.",
  "prerequisites": []
}, {
  "corequisites": [],
  "course_name": "READING FOR WRITERS",
  "course_number": "WR 526",
  "credits": "3",
  "description": "Illustrates the generative potential that revision holds for writers. Cultivates strategies for naming or creating writing opportunities and chances for discovery, practices revising a significant work of original writing.",
  "prerequisites": []
}, {
  "corequisites": [],
  "course_name": "COMPASSIONATE CRITIQUE",
  "course_number": "WR 529",
  "credits": "3",
  "description": "Conducts a close study of the unique, complicated dynamics at work in peer critique, with an emphasis on strategies for response that might challenge familiar modes of criticism and traditional workshop dynamics. Implements the basics of workshop; students practice reading and critiquing peers’ work across different genres.",
  "prerequisites": []
}, {
  "corequisites": [],
  "course_name": "INTRODUCTION TO WRITING POETRY",
  "course_number": "WR 530",
  "credits": "3",
  "description": "Practices the sharing of original work and critiquing the poetry of others. Creates an opportunity to experiment with writing in different poetics styles and forms.",
  "prerequisites": [["WR 526"], ["WR 529"]]
}, {
  "corequisites": [],
  "course_name": "INTRODUCTION TO WRITING FICTION",
  "course_number": "WR 531",
  "credits": "3",
  "description": "Introduces the craft of writing fiction through discussion of fundamental storytelling techniques such as plot design, character arcs, narrative structure and issues relating to pacing, tone and style. Discusses student work and devises specific strategies for brainstorming, troubleshooting and revising.",
  "prerequisites": [["WR 526"], ["WR 529"]]
}, {
  "corequisites": [],
  "course_name": "INTRODUCTION TO WRITING CREATIVE NONFICTION",
  "course_number": "WR 532",
  "credits": "3",
  "description": "Practices the sharing of original work and critique the work of others. Explore the freedoms and limitations inherent in this genre through supplemental readings and through in-class generative writing prompts.",
  "prerequisites": [["WR 526"], ["WR 529"]]
}, {
  "corequisites": [],
  "course_name": "ADVANCED POETRY WRITING WORKSHOP",
  "course_number": "WR 533",
  "credits": "3",
  "description": "Practices ethically engaged workshop skills and enacts a regular writing and revision process to strengthen/revise a substantial body of original work. Participate in group writing exercises.",
  "prerequisites": [["WR 526"], ["WR 529"], ["WR 530"]]
}, {
  "corequisites": [],
  "course_name": "ADVANCED FICTION WRITING WORKSHOP",
  "course_number": "WR 534",
  "credits": "3",
  "description": "Addresses advanced issues of craft, including sophisticated storytelling techniques, achieving consistency (tone, balance, rhythm), and other key elements of successful sustained narratives (character arcs, plot design, structural dynamics).",
  "prerequisites": [["WR 526"], ["WR 529"], ["WR 531"]]
}, {
  "corequisites": [],
  "course_name": "ADVANCED CREATIVE NONFICTION",
  "course_number": "WR 535",
  "credits": "3",
  "description": "Focuses on advanced issues of craft, emphasizing how life events or circumstances can be used to ground inquiry and reflect on larger social, political, and cultural domains. Includes synthesizing research artfully, achieving consistency (tone, balance, proportion), experimenting with innovative techniques, becoming more rhetorically aware, and revising intentionally.",
  "prerequisites": [["WR 526"], ["WR 529"], ["WR 532"]]
}, {
  "corequisites": [],
  "course_name": "REVISION",
  "course_number": "WR 536",
  "credits": "2",
  "description": "Focuses on the generative potential of revision. Discusses and analyzes texts by well-known writers on the value of revision and revision strategies. Identifies opportunities for expansion and/or compression in original work. Cultivates editorial strategies that students deploy in peer-evaluations and in the revision of a substantial body of original creatives work.",
  "prerequisites": [["WR 526"], ["WR 529"], ["WR 533", "WR 534", "WR 535"]]
}, {
  "corequisites": [],
  "course_name": "WRITING FOR SCIENCE AND ENGINEERING",
  "course_number": "WR 537",
  "credits": "3",
  "description": "Build graduate-level writing and rhetorical skills and identify and utilize the conventions of researched-based writing in their field with the end goal of being more confident and effective writers of academic argument. Analyze writing in their own fields, develop papers through all stages of the writing process, and work to expand graduate-level academic vocabulary and scientific and technical writing conventions.",
  "prerequisites": []
}, {
  "corequisites": [],
  "course_name": "CREATIVE WRITING PEDAGOGY",
  "course_number": "WR 538",
  "credits": "2",
  "description": "Supports participants in developing their own philosophy and approach to creative writing pedagogy. Explores points of confluence between workshop, pedagogical best practices, arts education, and social justice through practicum (designing and implementing unique Teaching Portfolios and Teaching Philosophies), as well as discussion and reflection on essays about MFA programs and teaching by field leaders. Synthesizes practicum outcomes through peer-participation and peer review.",
  "prerequisites": [["WR 526"], ["WR 529"]]
}, {
  "corequisites": [],
  "course_name": "CREATIVE WRITING WORKSHOP IN SPANISH: TALLER DE CREACIÓN LITERARIA EN ESPAÑOL",
  "course_number": "WR 539",
  "credits": "3",
  "description": "English: Critiques texts in Spanish, English and Spanglish from across the Spanish-speaking literary world, including U.S. Latinx authors. Spanish: Estudian textos en Español, Inglés, y Espanglish del mundo hispanohablante, incluyendo autores Latinx de EE.UU. Escriben y comparten obras originales en respuesta a instrucciones y comentan en las obras de sus compañeros.",
  "prerequisites": [["WR 526"], ["WR 529"]]
}, {
  "corequisites": [],
  "course_name": "ADVANCED NONFICTION WRITING",
  "course_number": "WR 540",
  "credits": "4",
  "description": "Advanced creative nonfiction workshop with an emphasis on developing longer pieces.",
  "prerequisites": []
}, {
  "corequisites": [],
  "course_name": "ADVANCED POETRY WRITING",
  "course_number": "WR 541",
  "credits": "4",
  "description": "Advanced poetry workshop.",
  "prerequisites": []
}, {
  "corequisites": [],
  "course_name": "PUBLISHING",
  "course_number": "WR 542",
  "credits": "2",
  "description": "Prepares students to participate in the literary marketplace. Topics include how to find the right “fit” for your work, writing the query letter, working with editors, when to get an agent, negotiating a contract, self-publishing and independent publishing.",
  "prerequisites": [["WR 526"], ["WR 529"]]
}, {
  "corequisites": [],
  "course_name": "POETRY FOUNDATIONS 1: PROSODY",
  "course_number": "WR 550",
  "credits": "3",
  "description": "Analyzes poetic elements, organized around the history and evolution of poetic forms, including syllable, stanza, and line; of stress, meter, rhyme, and a variety of countings, as well as contemporary explorations of fragmentation, interruption, chance and silence. Demonstrates a range of structural elements, experimental and classic. Integrates craft theory and its application in original student work.",
  "prerequisites": [["WR 526"], ["WR 529"]]
}, {
  "corequisites": [],
  "course_name": "POETRY FOUNDATIONS 2: TRANSNATIONAL TRANSLATIONS",
  "course_number": "WR 551",
  "credits": "3",
  "description": "Introduces a range of writers whose poetry travels across the borders of nation, language, and form, providing a transnational lens on poetic craft. Includes critical essays on the art of translation. Integrates craft theory and analysis and emphasizes how students may apply these techniques in their own writing.",
  "prerequisites": [["WR 526"], ["WR 529"]]
}, {
  "corequisites": [],
  "course_name": "POETRY FOUNDATIONS 3: POETICS",
  "course_number": "WR 552",
  "credits": "3",
  "description": "Explores the long tradition of the articulation of the meaning and purpose of poetry, from Aristotle to ‘undocumented poetics.’ Introduces essays and poems that give shape to aesthetic judgments and encourages students to respond in their own writing to the history of poetic ideas. Craft analysis integrates craft theory and emphasizes how students may apply these techniques in their own writing.",
  "prerequisites": [["WR 526"], ["WR 529"]]
}, {
  "corequisites": [],
  "course_name": "POETRY FOUNDATIONS 4: EXPERIMENTAL FORMS",
  "course_number": "WR 553",
  "credits": "3",
  "description": "Introduces a range of experimental poetry by writers from a variety of cultural backgrounds. Examines and interrogates the role of “identity,” “narrative,” and “the lyric I” in poetic traditions. Integrates craft theory and emphasizes how students may apply these techniques in their own writing.",
  "prerequisites": [["WR 526"], ["WR 529"]]
}, {
  "corequisites": [],
  "course_name": "FICTION FOUNDATIONS 1: NARRATIVE CONVENTIONS",
  "course_number": "WR 554",
  "credits": "3",
  "description": "Analyzes the formal elements of the craft—narrative structure, character development, point of view consistency, style, detail, imagery, and theme. Identifies specific technical strategies for achieving the writer’s intentions for the work. Considers what general principles might govern story form but also the wide latitude a writer has in addressing them.",
  "prerequisites": [["WR 526"], ["WR 529"]]
}, {
  "corequisites": [],
  "course_name": "FICTION FOUNDATIONS 2: SHORT FICTION",
  "course_number": "WR 555",
  "credits": "3",
  "description": "Tracks the development of short stories from the mid-nineteenth century to present, in English and in translation. Genres may include psychological realism, modernism, and postmodernism. Stories are contextualized historically and in terms of aesthetic tradition. Craft analysis integrates craft theory and emphasizes how students may apply these techniques in their own writing.",
  "prerequisites": [["WR 526"], ["WR 529"]]
}, {
  "corequisites": [],
  "course_name": "FICTION FOUNDATIONS 3: NARRATIVE DESIGN",
  "course_number": "WR 556",
  "credits": "3",
  "description": "Examines the design and construction of long fiction narratives with an eye toward the relationship between form and content. Craft analysis integrates craft theory and emphasizes how students may apply these techniques in their own writing.",
  "prerequisites": [["WR 526"], ["WR 529"]]
}, {
  "corequisites": [],
  "course_name": "FICTION FOUNDATIONS 4: EXPERIMENTAL FORMS",
  "course_number": "WR 557",
  "credits": "3",
  "description": "Explores experimental approaches to fictional prose, emphasizing writers who work against the conventions of narrative realism. Craft analysis integrates craft theory and emphasizes how students may apply these techniques in their own writing. Readings from various traditions, American and international, showcase discontinuous narratives, metafictional techniques, and non-narrative forms, and serve as models for students’ own writing.",
  "prerequisites": [["WR 526"], ["WR 529"]]
}, {
  "corequisites": [],
  "course_name": "CREATIVE NONFICTION FOUNDATIONS: NARRATIVE",
  "course_number": "WR 558",
  "credits": "3",
  "description": "Analyzes the formal elements that creative nonfiction borrows from fiction, including narrative, persona/voice, and characterization. Analyzes the ways nonfiction differs, including the use of double perspective and its effect on narrative structure, the ethics of characterization, and the effective management of narrative distance.",
  "prerequisites": [["WR 526"], ["WR 529"]]
}, {
  "corequisites": [],
  "course_name": "CREATIVE NONFICTION FOUNDATIONS: DOCUMENTARY",
  "course_number": "WR 559",
  "credits": "3",
  "description": "Connects documentary poetics and creative nonfiction through an analysis of style. Readings will demonstrate the use of research strategies, including oral histories, interviews, immersion, and the gathering of information from various types of sources. Uses research to ground and expand the work and experiments with various writing techniques.",
  "prerequisites": [["WR 526"], ["WR 529"]]
}, {
  "corequisites": [],
  "course_name": "CREATIVE NONFICTION FOUNDATIONS: LYRIC",
  "course_number": "WR 560",
  "credits": "3",
  "description": "Explores the formal elements that creative nonfiction borrows from poetry: imagery, figurative language, juxtaposition, collage, fragmentation, associative movement, and other nonlinear through-lines. Draws from a diverse array of both writers and styles. Explores how lyrical elements work together in an organic whole through experimentation in original student work.",
  "prerequisites": [["WR 526"], ["WR 529"]]
}, {
  "corequisites": [],
  "course_name": "CREATIVE NONFICTION FOUNDATIONS: EXPERIMENTAL FORMS",
  "course_number": "WR 561",
  "credits": "3",
  "description": "Emphasizes innovative nonfiction through investigations of non-traditional approaches such as, the segmented essay, the uses of fabrication and falsification, hypertext and digital experiments, formal innovations, and more. Practice using such boundary-pushing techniques to expand the possibilities of their own nonfiction.",
  "prerequisites": [["WR 526"], ["WR 529"]]
}, {
  "corequisites": [],
  "course_name": "ENVIRONMENTAL WRITING",
  "course_number": "WR 562",
  "credits": "4",
  "description": "Writing about environmental topics from multiple perspectives. Includes science journalism, research and writing on current scientific issues and controversies, and theories of rhetoric and environmentalism.",
  "prerequisites": []
}, {
  "corequisites": [],
  "course_name": "CRITICAL STUDIES: READING DIFFERENCE",
  "course_number": "WR 570",
  "credits": "POWER",
  "description": "Examines texts by writers from diverse communities on topics such as intersectionality, antiracism, and privilege. Discusses how difference, power, and privilege function as content and form in literary texts while writing and sharing original work.",
  "prerequisites": [["WR 526"], ["WR 529"]]
}, {
  "corequisites": [],
  "course_name": "CRITICAL STUDIES: WRITING DIFFERENCE",
  "course_number": "WR 571",
  "credits": "POWER",
  "description": "Analyzes and discusses what writing difference means for literary craft. Assesses moral and ethical dimensions of literary technique and creates original work.",
  "prerequisites": [["WR 526"], ["WR 529"], ["WR 570"]]
}, {
  "corequisites": [],
  "course_name": "CRITICAL STUDIES: COMMUNITY ENGAGEMENT",
  "course_number": "WR 572",
  "credits": "2",
  "description": "Explores blending writing practices with promoting the literary arts through community engagement and/or public facing events in traditional and non-traditional settings.",
  "prerequisites": [["WR 526"], ["WR 529"], ["WR 570"], ["WR 571"]]
}, {
  "corequisites": [],
  "course_name": "THESIS & DISSERTATION WRITING",
  "course_number": "WR 573",
  "credits": "3",
  "description": "Supports students who are in the writing stages of their thesis or dissertation. Teaches rhetorical analysis of model texts, techniques for drafting and revising texts, strategies for overcoming writing blocks, and methods of self-care for managing stress.",
  "prerequisites": []
}, {
  "corequisites": [],
  "course_name": "CRITICAL STUDIES: CRITICAL INTRODUCTION",
  "course_number": "WR 574",
  "credits": "3",
  "description": "Prepares students for the writing of the thesis, specifically the Critical Introduction. Explores protocols, terminology and discourse patterns necessary to complete the thesis. Connects program of study to students’ original writing and reflects on chosen forms and future goals.",
  "prerequisites": [["WR 526"], ["WR 529"], ["WR 570"], ["WR 571"], ["WR 572"]]
}, {
  "corequisites": [],
  "course_name": "RHETORICS OF RACE",
  "course_number": "WR 575",
  "credits": "4",
  "description": "By exploring the interrelated concepts of race, racialization, and racism, Rhetorics of Race problematizes race as a taken-for-granted phenomenon. Through reading, writing, and discussion, class participants study racial formations as historically specific and analyze contemporary forms of racism in the US. Readings and discussion pay close attention to how rhetoric and discourse have the power to reproduce and challenge white supremacy and race-based oppressions. Emphasizing the intersectionality of oppression—that racism necessarily takes place at intersections with other forms of subordination including sexism, homophobia, ablelism, etc.—Rhetorics of Race draws from Queer Black Feminism, Chican@ Feminism, and Critical Race Theory.",
  "prerequisites": []
}, {
  "corequisites": [],
  "course_name": "CONTEMPORARY RHETORIC THEORY",
  "course_number": "WR 585",
  "credits": "4",
  "description": "Familiarizes students with a range of theories that have significantly contributed to or influenced the field of modern and contemporary rhetorical research. Examines scholars, concepts, and methodologies that are central to contemporary rhetorical theory, while touching on key critical theorists who, although may be considered outside the field of rhetoric studies, impact the ways in which language, persuasion, and communication are currently understood. From this work, students develop their own perspectives and generate evidence-based arguments concerning those same issues.",
  "prerequisites": []
}, {
  "corequisites": [],
  "course_name": "THE RHETORICAL TRADITION AND THE TEACHING OF WRITING",
  "course_number": "WR 593",
  "credits": "4",
  "description": "Major past and contemporary theories of written communication, their historical context, and their impact on writing and the teaching of writing.",
  "prerequisites": []
}, {
  "corequisites": [],
  "course_name": "INTRODUCTION TO LITERACY STUDIES",
  "course_number": "WR 595",
  "credits": "4",
  "description": "Literacy studies in multidisciplinary contexts. Examines historical, theoretical, and practical relationships among reading, writing, language, culture, and schooling.",
  "prerequisites": []
}, {
  "corequisites": [],
  "course_name": "SPECIAL TOPICS",
  "course_number": "WR 599",
  "credits": "1-16",
  "description": "",
  "prerequisites": []
}]