[{
  "corequisites": [],
  "course_name": "*BIODIVERSITY: CAUSES",
  "course_number": "Z 349",
  "credits": "CONSEQUENCES",
  "description": "The earth's biodiversity is a precious inheritance that is threatened by an unprecedented extinction crisis. This course examines the evolutionary and ecological processes that have created this unique diversity of life, the importance of biodiversity in maintaining the earth's ecosystems, and methods used to conserve biodiversity for future generations. (Bacc Core Course)",
  "prerequisites": []
}, {
  "corequisites": [],
  "course_name": "ANIMAL BEHAVIOR",
  "course_number": "Z 350",
  "credits": "3",
  "description": "Concepts of behavior; sensory receptors, internal mechanisms governing responses; learning and habituation; social organization and communication.",
  "prerequisites": [["BI 211", "BI 211H"], ["BI 212", "BI 212H"], ["BI 213", "BI 213H", "BI 221", "BI 221H"], ["BI 222", "BI 222H"], ["BI 223", "BI 223H", "BI 204"], ["BI 205"], ["BI 206"]]
}, {
  "corequisites": [],
  "course_name": "INVERTEBRATE BIOLOGY",
  "course_number": "Z 361",
  "credits": "3",
  "description": "Exploration of the diversity and evolutionary relationships among major invertebrate phyla with an emphasis on morphological features, functional aspects, and life history for each phylum.",
  "prerequisites": [["BI 211", "BI 211H"], ["BI 212", "BI 212H"], ["BI 213", "BI 213H", "BI 221", "BI 221H"], ["BI 222", "BI 222H"], ["BI 223", "BI 223H", "BI 204"], ["BI 205"], ["BI 206"]]
}, {
  "corequisites": [],
  "course_name": "INVERTEBRATE BIOLOGY LABORATORY",
  "course_number": "Z 362",
  "credits": "2",
  "description": "Morphology and anatomy of representative invertebrates introduced in Z 361; diversity within phyla. Study is by dissections and both microscopic and macroscopic examination; field trip fee. Lab fee. Lec/lab.",
  "prerequisites": [["BI 211", "BI 211H"], ["BI 212", "BI 212H"], ["BI 213", "BI 213H", "BI 221", "BI 221H"], ["BI 222", "BI 222H"], ["BI 223", "BI 223H"], ["Z 361"]]
}, {
  "corequisites": [],
  "course_name": "DIVERSITY OF LIFE: INVERTEBRATES",
  "course_number": "Z 364",
  "credits": "5",
  "description": "Exploration of the diversity and evolutionary relationships among major invertebrate groups with an emphasis on building and interpreting phylogenetic trees as well as comparing and contrasting morphology, function, and life history within each group. Laboratory activities build scientific skills by exploring current hypotheses and tools for the study of invertebrate evolution.",
  "prerequisites": [["BI 211", "BI 211H"], ["BI 212", "BI 212H"], ["BI 213", "BI 213H", "BI 221", "BI 221H"], ["BI 222", "BI 222H"], ["BI 223", "BI 223H", "BI 204"], ["BI 205"], ["BI 206"]]
}, {
  "corequisites": [],
  "course_name": "BIOLOGY OF INSECTS",
  "course_number": "Z 365",
  "credits": "4",
  "description": "Introductory study of insects, focusing on the biological attributes responsible for the success and dominance of insects and their relevance to human society. Explores insect taxonomy, morphology, behavior, ecology, conservation, and coevolutionary interrelationships.",
  "prerequisites": [["BI 211", "BI 211H"], ["BI 212", "BI 212H"], ["BI 213", "BI 213H", "BI 221", "BI 221H"], ["BI 222", "BI 222H"], ["BI 223", "BI 223H", "BI 204"], ["BI 205"], ["BI 206"]]
}, {
  "corequisites": [],
  "course_name": "VERTEBRATE BIOLOGY",
  "course_number": "Z 371",
  "credits": "3",
  "description": "Overview of vertebrate origins and phylogeny integrating several disciplines (anatomy, ecology, genetics, developmental biology, physiology, behavior, and evolution) to explore the structural and functional adaptations and evolutionary history of vertebrates. Lec.",
  "prerequisites": [["BI 211", "BI 211H"], ["BI 212", "BI 212H"], ["BI 213", "BI 213H", "BI 221", "BI 221H"], ["BI 222", "BI 222H"], ["BI 223", "BI 223H", "BI 204"], ["BI 205"], ["BI 206"]]
}, {
  "corequisites": [],
  "course_name": "VERTEBRATE BIOLOGY LABORATORY",
  "course_number": "Z 372",
  "credits": "2",
  "description": "Classification, identification, and natural history of vertebrates. Includes laboratory examination of specimens and frequent field trips (fee charged) emphasizing Oregon fauna. Lab fee.",
  "prerequisites": [["BI 211", "BI 211H"], ["BI 212", "BI 212H"], ["BI 213", "BI 213H", "BI 221", "BI 221H"], ["BI 222", "BI 222H"], ["BI 223", "BI 223H", "BI 204"], ["BI 205"], ["BI 206"], ["Z 371"]]
}, {
  "corequisites": [],
  "course_name": "DIVERSITY OF LIFE: VERTEBRATES",
  "course_number": "Z 374",
  "credits": "5",
  "description": "Examination of vertebrate origins and phylogeny, integrating several disciplines (molecular biology, anatomy, behavioral ecology, and evolution). Emphasizes critical thinking and the scientific process to explore the structural/functional adaptations and evolutionary history of vertebrates. Laboratory activities build scientific skills by exploring current hypotheses and tools for the study of vertebrate evolution.",
  "prerequisites": [["BI 211", "BI 211H"], ["BI 212", "BI 212H"], ["BI 213", "BI 213H", "BI 221", "BI 221H"], ["BI 222", "BI 222H"], ["BI 223", "BI 223H", "BI 204"], ["BI 205"], ["BI 206"]]
}, {
  "corequisites": [],
  "course_name": "COMPARATIVE/FUNCTIONAL VERTEBRATE ANATOMY",
  "course_number": "Z 422",
  "credits": "5",
  "description": "Phylogenetically-based study of the form and function of vertebrate organ systems, including integumentary, musculoskeletal, cardiopulmonary, digestive, and sensory. Lab emphasizes comparative form through dissection, and function through non-invasive experimentation. Lec/lab.",
  "prerequisites": [["BI 211", "BI 211H"], ["BI 212", "BI 212H"], ["BI 213", "BI 213H", "BI 221", "BI 221H"], ["BI 222", "BI 222H"], ["BI 223", "BI 223H"], ["CH 332", "CH 335"]]
}, {
  "corequisites": [],
  "course_name": "ENVIRONMENTAL PHYSIOLOGY",
  "course_number": "Z 423",
  "credits": "3",
  "description": "Comparative environmental physiology of animals with emphasis on adaptations to such aspects of the physical environment as temperature, water, ions, and gases. Consideration given to interactions between physiology and environment that influence the local and geographic distribution of animals.",
  "prerequisites": [["BI 211", "BI 211H"], ["BI 212", "BI 212H"], ["BI 213", "BI 213H", "BI 221", "BI 221H"], ["BI 222", "BI 222H"], ["BI 223", "BI 223H", "BI 204"], ["BI 205"], ["BI 206"], ["CH 123", "CH 233", "CH 233H"], ["CH 263", "CH 263H"]]
}, {
  "corequisites": [],
  "course_name": "GENETICS AND DEVELOPMENT",
  "course_number": "Z 425",
  "credits": "4",
  "description": "Explores animal development, including humans, and examines molecular, cellular, and genetic processes shaping it. Investigates embryonic development from fertilization to birth, encompassing organ formation and birth defect origins. Examines post-embryonic development, including regeneration, metamorphosis, gametogenesis, aging, cancer, and stem cells. Analyzes the relationship between environment, evolution, and development. Utilizes molecular genetic techniques and student projects to develop experimental investigations skills.",
  "prerequisites": [["BI 311", "BI 311H"], ["BI 314", "BI 314H", "BB 314", "BB 314H"]]
}, {
  "corequisites": [],
  "course_name": "VERTEBRATE PHYSIOLOGY I",
  "course_number": "Z 431",
  "credits": "4",
  "description": "Systems/concepts covered include motor reflexes, autonomic nervous system, digestion/metabolism, renal and osmoregulatory, endocrine and reproductive systems.",
  "prerequisites": [["BI 211", "BI 211H"], ["BI 212", "BI 212H"], ["BI 213", "BI 213H", "BI 221", "BI 221H"], ["BI 222", "BI 222H"], ["BI 223", "BI 223H"], ["CH 332", "CH 335"]]
}, {
  "corequisites": [],
  "course_name": "VERTEBRATE PHYSIOLOGY II",
  "course_number": "Z 432",
  "credits": "3",
  "description": "Systems/concepts covered include blood, immune, lymphatic, cardiovascular, and pulmonary.",
  "prerequisites": [["Z 431"]]
}, {
  "corequisites": [],
  "course_name": "BEHAVIORAL NEUROBIOLOGY",
  "course_number": "Z 438",
  "credits": "3",
  "description": "An introduction to the neurobiological basis of animal behavior. Examines behavior in the context of sensory physiology, motor control, neural circuity, and cellular processes.",
  "prerequisites": [["BI 211", "BI 211H"], ["BI 212", "BI 212H"], ["BI 213", "BI 213H", "BI 221", "BI 221H"], ["BI 222", "BI 222H"], ["BI 223", "BI 223H", "BI 204"], ["BI 205"], ["BI 206"], ["CH 123", "CH 233", "CH 233H"], ["CH 263", "CH 263H"]]
}, {
  "corequisites": [],
  "course_name": "VERTEBRATE PHYSIOLOGY LABORATORY",
  "course_number": "Z 442",
  "credits": "2",
  "description": "Experiments and exercises in vertebrate physiology covering systems studied in Z 431 and Z 432. Available to Biology majors. Lab fee.",
  "prerequisites": [["Z 431"], ["Z 432"]]
}, {
  "corequisites": [],
  "course_name": "MARINE AND ESTUARINE INVERTEBRATE ZOOLOGY",
  "course_number": "Z 461",
  "credits": "4",
  "description": "Comparative survey of eight major invertebrate phyla and many lesser-known phyla. Areas of emphasis will be 1) invertebrate identification, 2) natural history (diversity, habitat, feeding, behavior), and 3) comparative anatomy (adaptive significance of morphological structures). Laboratories and field trips will strongly supplement lecture material. Lec/lab. Taught at Hatfield Marine Science Center.",
  "prerequisites": [["BI 211", "BI 211H"], ["BI 212", "BI 212H"], ["BI 213", "BI 213H", "BI 221", "BI 221H"], ["BI 222", "BI 222H"], ["BI 223", "BI 223H", "BI 204"], ["BI 205"], ["BI 206"]]
}, {
  "corequisites": [],
  "course_name": "HERPETOLOGY",
  "course_number": "Z 473",
  "credits": "4",
  "description": "Exploration of global herpetofauna focusing on taxa of the Pacific Northwest of North America. Identification and natural history of amphibians and reptiles are emphasized, along with a phylogenetic framework, to explore and discuss ideas involving their behavior, evolution, ecology, and conservation. Student projects examine important topics in the field.",
  "prerequisites": [["BI 211", "BI 211H"], ["BI 212", "BI 212H"], ["BI 213", "BI 213H", "BI 221", "BI 221H"], ["BI 222", "BI 222H"], ["BI 223", "BI 223H", "BI 204"], ["BI 205"], ["BI 206"]]
}, {
  "corequisites": [],
  "course_name": "AQUATIC ENTOMOLOGY",
  "course_number": "Z 477",
  "credits": "4",
  "description": "Biology, ecology, collection, and identification of aquatic insects. Two required Saturday field trips. Not offered every year.",
  "prerequisites": [["BI 211", "BI 211H"], ["BI 212", "BI 212H"], ["BI 213", "BI 213H", "BI 221", "BI 221H"], ["BI 222", "BI 222H"], ["BI 223", "BI 223H", "BI 204"], ["BI 205"], ["BI 206"]]
}, {
  "corequisites": [],
  "course_name": "SPECIAL TOPICS",
  "course_number": "Z 499",
  "credits": "0-16",
  "description": "",
  "prerequisites": []
}, {
  "corequisites": [],
  "course_name": "SPECIAL TOPICS",
  "course_number": "Z 499H",
  "credits": "0-16",
  "description": "",
  "prerequisites": []
}]